farm_id,pb_crop,pb_p_Rice,pb_p_Cotton,pb_p_Maize,pb_p_Bajra,pb_p_Groundnut
1,Rice,0.99989738373109,2.2893362706711582e-09,2.220112931385927e-09,0.00010123562293121677,1.3761365294583641e-06
2,Rice,0.9993628638471983,8.011810596530523e-07,1.2006358875645988e-06,0.0006092171915326287,2.5917144321703242e-05
3,Rice,0.3571364419964672,9.730731218217566e-06,1.0861892224382495e-09,7.394996992228637e-05,0.6427798762162031
4,Maize,8.604513943490952e-08,0.03486073708019709,0.9651391640670919,1.0702207436726308e-08,2.1053642332337876e-09
5,Groundnut,0.032997738770838905,0.0004128161131183351,9.943171926788158e-10,1.1133202247265667e-09,0.9665894430084052
6,Cotton,0.00011835050839025161,0.9776309434983209,0.021859506655502077,0.00020195471330841373,0.00018924462447840172
7,Bajra,0.00030278844997073696,8.462299645996905e-08,2.2634338457424616e-09,0.9996423420295305,5.478263406850442e-05
8,Groundnut,0.02966429419824305,0.00017048371874486574,0.000291262295417613,0.29098760831291814,0.6788863514746762
9,Cotton,5.7900929646971735e-06,0.9999299301159119,2.832312915457389e-05,3.2738455686940386e-08,3.5923923512846364e-05
10,Cotton,0.0003408041902757362,0.9996365537839083,1.126983547908422e-06,3.2217638682319196e-09,2.15118205042345e-05
11,Cotton,0.09796076476045776,0.8115214802586879,0.05060696507721917,0.023270643741763682,0.01664014616187164
12,Cotton,3.599801351822439e-05,0.9999287649387348,1.4010008127318634e-05,2.0884852250190886e-05,3.4218736943356097e-07
13,Rice,0.6137547467342155,0.0060690427091496255,1.5004535627439e-05,0.08426984430506984,0.29589136171593744
14,Cotton,9.866313844367785e-10,0.9999999923027163,4.711422010509157e-09,1.0000563829202356e-09,9.991740954740871e-10
15,Cotton,8.43944743509603e-05,0.9702615088716036,1.8366910701583715e-05,1.2165382549006856e-05,0.029623564360794906
16,Groundnut,9.874469203448988e-10,1.198009345755884e-09,9.939006006168266e-10,1.080899294508077e-09,0.999999995739744
17,Cotton,3.0649191827994773e-08,0.9992426382596876,9.930801279951191e-10,0.0002609828750007285,0.0004963472230397624
18,Cotton,0.009524751872390484,0.708950960374869,6.633113908974896e-07,1.0004181703507565e-09,0.2815236234409314
19,Groundnut,0.021135249745194932,0.0004274328178530851,9.436917354977791e-07,0.12312287799014698,0.8553134957550695
20,Rice,0.9997645475711678,0.00021752994773881115,1.2770319620900072e-09,2.065383301812698e-09,1.7919138678102383e-05
21,Rice,0.9999998420210315,2.65419809576235e-08,1.0065357216008084e-09,2.0656538652403046e-09,1.2836479803074762e-07
22,Cotton,0.039103577362529326,0.9608961637849273,9.9360591222022e-10,1.0005862570864331e-09,2.5685835125113324e-07
23,Bajra,6.118671542119116e-08,1.1083450859031453e-09,9.930237452555885e-10,0.9999999357127979,9.991177625413589e-10
24,Rice,0.9999995480600523,4.4695670770352645e-07,1.006535717541471e-09,2.0656534998178003e-09,1.9110508294241414e-09
25,Cotton,0.00019804133518335352,0.9651282553923116,5.487784530198765e-08,2.5884560579137233e-09,0.0346736458062036
26,Rice,0.9992900484961402,0.0005553705706326989,8.099133461734511e-07,3.8792894003804055e-05,0.00011497812587703534
27,Rice,0.9607266322431527,0.01737076479731048,0.010443320027933413,0.010090611500159413,0.001368671431443919
28,Rice,0.948078468006122,0.04719784333470896,1.928565619739786e-06,4.944648456056351e-06,0.004716815445093137
29,Rice,0.999673097383287,9.479453807203508e-06,0.00026030624494346045,5.179086762487774e-05,5.326050337413785e-06
30,Cotton,9.866313838100759e-10,0.9999999960210584,9.930797339605185e-10,1.0000563822850055e-09,9.991740948394177e-10
31,Maize,0.00028509638754119974,0.021375530949036225,0.97833337089611,5.091913288553976e-07,5.492575983523437e-06
32,Rice,0.9364820988491177,0.0006772696477428381,8.560611444865183e-05,0.06274180362545716,1.3221763233546977e-05
33,Rice,0.7821372675754513,0.21785183913853684,2.3800559822977635e-06,1.812195709873745e-09,8.511417833596454e-06
34,Rice,0.9997974817928519,5.991383746535911e-06,1.006533159858189e-09,2.065453523793071e-09,0.00019652375141486462
35,Rice,0.8957613079245937,5.9155540887991485e-05,0.09947939259241378,0.004543328975652142,0.0001568149664522939
36,Maize,0.05272975010702248,9.441576790973809e-05,0.9453115136703321,0.0018440297957821638,2.0290658953496194e-05
37,Rice,0.9966830006084824,0.002461756677164031,2.2847541144660675e-07,2.9129136865188754e-06,0.0008521013252555673
38,Rice,0.9996531799631183,5.212976422102101e-06,7.712863756797583e-08,9.536472241879443e-07,0.00034057628459795115
39,Rice,0.9862705473459881,0.013725070977562159,4.029044811843567e-08,2.0496819048718437e-09,4.33933631968175e-06
40,Rice,0.9988487537107009,0.0010389782924473258,3.0754424943654e-05,7.596086446860685e-07,8.075396326345593e-05
41,Cotton,9.866313838100759e-10,0.9999999960210584,9.930797339605185e-10,1.0000563822850055e-09,9.991740948394177e-10
42,Cotton,9.866313838100759e-10,0.9999999960210584,9.930797339605185e-10,1.0000563822850055e-09,9.991740948394177e-10
43,Rice,0.6638927289910668,0.3244098400256696,0.00024209100256242819,8.794618288883483e-06,0.011446545362412373
44,Cotton,4.011346163673537e-05,0.9998994672230154,2.2727994901527452e-05,4.959006351853024e-08,3.76417303828887e-05
45,Cotton,1.392660776818734e-06,0.9999552596955982,1.1744423687817653e-06,8.376489183102389e-08,4.2089436364410686e-05
46,Cotton,3.66895337696792e-07,0.9995970994614817,0.000390379820214938,1.6785905698920258e-08,1.213703706015971e-05
47,Cotton,2.2823774853454442e-05,0.9999728300478008,4.281956461238491e-06,1.000056722761899e-09,6.322082790162249e-08
48,Cotton,0.04119049636489694,0.9560550628385737,0.002752391835564961,6.3745276622679214e-09,2.0425864366162432e-06
49,Rice,0.9955837303369263,0.00016452611021881182,1.0064797884563481e-09,2.061275689094114e-09,0.00425174048509947
50,Cotton,7.055357191923613e-08,0.9999057501767202,9.41772704759253e-05,1.0000570406978774e-09,9.99174752671413e-10
51,Cotton,3.995720003553234e-05,0.9993648181874908,9.930807609253024e-10,1.0000574164644893e-09,0.0005952226193356057
52,Cotton,3.795690965819765e-06,0.9999246025999613,7.11819026450881e-05,1.0000569314332603e-09,4.188063709386818e-07
53,Cotton,0.008224707394576713,0.9696687661115796,0.02134657710103323,3.2504923288695894e-07,0.0007596243435774789
54,Maize,6.149845982989658e-07,0.07405712622715344,0.8769086682951369,0.04903243898951523,1.1515035959734542e-06
55,Maize,3.747897454264999e-08,0.009565919568220055,0.990433911213301,1.2960083850665513e-07,2.1386657848844406e-09
56,Rice,0.9998130635287672,2.654126735494599e-05,5.925260082490827e-09,0.00015912053280726275,1.2687458103896267e-06
57,Rice,0.9983843449337889,2.289922258265058e-09,0.0016156386773903276,1.2187459122339481e-08,1.91143938830271e-09
58,Cotton,2.6864069199046987e-05,0.9999295253873396,4.3608411369625436e-05,1.0000570515201227e-09,1.132034968524718e-09
59,Cotton,2.1542177278072104e-09,0.9999997610048849,2.3484166689766126e-07,1.0000563850971357e-09,9.99174097649067e-10
60,Cotton,0.0005922514467725893,0.7913943704300352,8.34792495745629e-06,0.11403032403182559,0.09397470616640916
61,Cotton,1.2582422024604849e-05,0.9999869436550418,6.865852200040719e-09,1.750092282639325e-08,4.495561585503914e-07
62,Cotton,3.153508496413102e-06,0.7877738726346027,0.2122229646741528,1.2042535132084737e-09,7.978494611585617e-09
63,Rice,0.9993663355233083,0.00059424263974712,4.56629624039529e-06,2.6996980415362446e-07,3.458557090002519e-05
64,Cotton,1.4958669368471976e-07,0.9999405927635229,1.1272204919861885e-05,2.959726172118024e-09,4.7982485137343515e-05
65,Rice,0.9995170581847646,0.0003573093970151943,3.837531025021967e-05,7.453230597619344e-07,8.651178491010375e-05
66,Rice,0.9999964240077089,1.778777985471753e-08,1.5946376165340162e-07,9.113146371895943e-08,3.307609285897269e-06
67,Cotton,9.866313838100759e-10,0.9999999960210584,9.930797339605185e-10,1.0000563822850055e-09,9.991740948394177e-10
68,Rice,0.7266044746804178,0.2723759964907879,0.0006364498044348048,0.00015491412345212114,0.000228164900907341
69,Cotton,1.4916605623791148e-08,0.9996440624125285,0.00035592067163035443,1.0000588640033842e-09,9.991765743683308e-10
70,Cotton,9.866314729749181e-10,0.9999871146511338,1.2882363004204219e-05,1.000056472663105e-09,9.991741851377821e-10
71,Rice,0.7378541975566134,0.01765229637459633,0.007568238302987788,0.0007628869785014322,0.23616238078730104
72,Maize,4.078526801570643e-05,0.0064012917034593905,0.9765357668419327,0.006665613917141867,0.010356542269450365
73,Maize,2.0432644488523977e-07,0.12269580502700213,0.8772107866850644,9.299451122530529e-05,2.0945026333057077e-07
74,Cotton,9.866313838100759e-10,0.9999999960210584,9.930797339605185e-10,1.0000563822850055e-09,9.991740948394177e-10
75,Cotton,0.03331292304526428,0.7122551628527056,0.1078063847771437,0.001927520096797168,0.14469800922808929
76,Cotton,0.002380383708124457,0.9932515716187419,0.00024999757620673875,3.8401726892120557e-07,0.004117663079658095
77,Cotton,0.00044732910420524995,0.7355502285077791,3.983308377082971e-07,5.024703182052788e-08,0.2640019938101463
78,Rice,0.999172127332754,3.547400543550212e-06,1.7650369815623875e-08,3.077317228291643e-08,0.0008242768431603207
79,Rice,0.9953256360794488,1.6205997268720825e-05,7.307174319554169e-06,0.00027819926948464724,0.004372651479478181
80,Rice,0.6891266424846995,8.851472904264732e-08,1.0110213248654939e-05,0.003457485877043522,0.30740567291027926
81,Maize,6.448021574707593e-06,0.01335563916698362,0.9866365378457806,2.3062861873155475e-09,1.372659374994114e-06
82,Maize,0.0017547197050309224,0.013799001545062937,0.84226821894097,0.06543400383821679,0.07674405597071939
83,Cotton,0.00012581811429102037,0.9958865739181395,1.3740335964395656e-05,4.151806648611635e-05,0.003932349565118975
84,Cotton,1.2825789589642218e-06,0.9999972787126531,1.436518100390305e-06,1.0000564109866599e-09,1.190231261909441e-09
85,Cotton,9.86631383810076e-10,0.9999999960210584,9.930797339605187e-10,1.0000563822850058e-09,9.991740948394179e-10
86,Cotton,9.866313838100759e-10,0.9999999960210584,9.930797339605185e-10,1.0000563822850055e-09,9.991740948394177e-10
87,Cotton,0.00022206300895538406,0.9995216104688356,0.00021853725375063854,1.052830362556744e-05,2.7260964832824915e-05
88,Bajra,0.12032491222455344,0.05754686052499491,3.105064618090374e-06,0.7819197466017255,0.04020537558410807
89,Rice,0.8847665309713588,0.07485533706837721,0.00043846003573573463,0.012119647019617681,0.027820024904910565
90,Cotton,0.00018636762361635365,0.9501949619154954,1.7109709853822304e-05,1.5305717543463645e-08,0.04960154544531684
91,Cotton,0.001846534665331866,0.9981223548804247,9.931046071512047e-10,1.0000814302164486e-09,3.110846105739027e-05
92,Cotton,0.0034096614961980722,0.9828412497144682,9.976379555641857e-09,1.000113951800203e-09,0.013749077812840257
93,Cotton,0.0014952334153591766,0.6458483187568955,9.933893383682102e-10,1.000368161745715e-09,0.35265644583398786
94,Cotton,8.942626724702276e-05,0.9998991628594832,9.930809473474408e-10,1.0000576041962926e-09,1.1408880131324478e-05
95,Cotton,1.488877014632419e-07,0.9999879563898666,1.1892723201365119e-05,1.0000564683278763e-09,9.991741808063782e-10
96,Cotton,2.263059750214311e-05,0.8006713867621618,0.03820937876144349,0.0006098463207120472,0.1604867575581805
97,Cotton,0.14059727726489962,0.8476036392821168,0.002082841299304409,0.0016557541834736323,0.008060487970205539
98,Cotton,9.866313848418224e-10,0.9999999369154225,3.730031046403621e-08,1.0000563833307908e-09,2.3797579394483282e-08
99,Cotton,9.866313838100759e-10,0.9999999960210584,9.930797339605185e-10,1.0000563822850055e-09,9.991740948394177e-10
100,Maize,0.000289951650953848,0.0032376448807269003,0.9962546756683691,0.0002166607156182518,1.067084331936654e-06
101,Cotton,7.626012582096338e-06,0.9968466517536301,8.374939219925906e-05,1.0000596016989157e-09,0.0030619718415288094
102,Cotton,1.92643651151824e-05,0.9996346123484524,6.303992506851089e-08,1.0000569311407149e-09,0.00034605924645056424
103,Cotton,9.866313838100759e-10,0.9999999960210584,9.930797339605185e-10,1.0000563822850055e-09,9.991740948394177e-10
104,Groundnut,0.0010353703758368648,0.025192880327198956,3.5905187420953494e-06,2.085646024750976e-05,0.9737473023179746
105,Cotton,9.866313838100759e-10,0.9999999960210584,9.930797339605185e-10,1.0000563822850055e-09,9.991740948394177e-10
106,Cotton,9.866313838100759e-10,0.9999999960210584,9.930797339605185e-10,1.0000563822850055e-09,9.991740948394177e-10
107,Cotton,4.3910687559852875e-05,0.9989037900460718,0.0010520385586585618,3.465948962217275e-09,2.572417606069931e-07
108,Cotton,9.866313838100759e-10,0.9999999960210584,9.930797339605185e-10,1.0000563822850055e-09,9.991740948394177e-10
109,Cotton,0.19204944102108146,0.7661865744796077,9.956982325458e-10,1.1331392314293536e-09,0.0417639823704735
110,Cotton,9.866313838100759e-10,0.9999999960210584,9.930797339605185e-10,1.0000563822850055e-09,9.991740948394177e-10
111,Groundnut,0.0026809351468219654,0.00020113194734828717,9.939343099142202e-10,1.083503426665873e-09,0.9971179308283922
112,Maize,0.03051049070634369,0.00019298815601364713,0.9692807359291195,1.573243236468537e-05,5.277615846690152e-08
113,Rice,0.643103253361145,0.017171258949802554,2.1275544491249905e-09,1.5041975859206014e-07,0.3397253351417394
114,Groundnut,0.002762829119848694,0.00020668902100529486,1.0237814018752788e-05,3.2565884467971725e-08,0.9970202114792428
115,Groundnut,0.000726578202857387,0.6445295783281328,8.547510553741066e-07,2.217435488051905e-09,0.3547429865005188
116,Groundnut,0.5146646231707243,0.0005177836178955344,5.903502329207619e-06,1.0170104921986797e-06,0.4848106726985589
117,Cotton,9.866313856240776e-10,0.9999998196129649,1.774011732613063e-07,1.0000563841236901e-09,9.991740966764802e-10
118,Rice,0.9889819522057616,0.0005795268073345793,0.0007857521743284741,0.0001106614150755042,0.009542107397499878
119,Cotton,1.836336357750641e-08,0.9999607011693468,3.927846805850032e-05,1.0000566574072838e-09,9.991743697189728e-10
120,Cotton,2.2936194745305785e-06,0.999918337489134,7.936632907352666e-05,1.000056967770809e-09,1.56226107277185e-09
121,Cotton,9.866313838100759e-10,0.9999999960210584,9.930797339605185e-10,1.0000563822850055e-09,9.991740948394177e-10
122,Groundnut,6.347798941127992e-05,0.0013702485861402103,6.477529053836145e-07,1.546416827232137e-05,0.9985501615032709
123,Groundnut,0.008156723276210975,0.2694170039324228,9.937825071617461e-10,1.0407994681440268e-09,0.7224262707567843
124,Maize,0.0004276204820393947,0.03279850748683667,0.8934452475842836,0.004378570610776283,0.06895005383606403
125,Rice,0.6632039257536085,0.002201011781344529,0.007724284585070379,0.00394119081399243,0.3229295870659841
126,Groundnut,0.0013668830751136847,0.0006799524891689528,1.0405820335711235e-08,1.8209577923056808e-08,0.9979531358203192
127,Groundnut,0.00023687537303771362,0.14510712542064408,1.9565953766129534e-05,0.06660133378594671,0.7880350994666053
128,Groundnut,0.014903801117286787,0.3112440214054946,0.00023848446175833555,0.11691428858739387,0.5566994044280665
129,Groundnut,8.928140558801454e-05,0.005131246430816282,0.0022847886503594163,0.008041561799799231,0.984453121713437
130,Cotton,0.0011917368392352437,0.9306804017747099,0.016096626425458085,7.635893372693463e-06,0.05202359906722407
131,Bajra,5.855540201153326e-07,0.00019377183768704936,0.0005681404309856387,0.8964635519537538,0.10277395022355347
132,Bajra,0.0014096708929426664,0.07744279772099817,1.6714986644738713e-07,0.9061503718237971,0.014996992412395532
133,Groundnut,0.0033471438245541167,0.2162632264155663,0.004374309810750074,0.03596357463591138,0.7400517453132183
134,Groundnut,0.006860756963367436,0.18026255478801245,5.274816917142637e-07,0.00039998303597265185,0.8124761777309558
135,Cotton,0.00019119306983086072,0.898966181233426,0.04060219197447258,4.564695343803334e-09,0.06024042915757505
136,Cotton,0.008606934885804694,0.9898372823420435,0.0015554337349056716,1.0001838519735894e-09,3.48037062345887e-07
137,Cotton,8.92359353793969e-08,0.9999998675640107,9.930797358978988e-10,1.0000563842359966e-09,4.120691795794176e-08
138,Cotton,6.717063612468853e-08,0.9999999298370535,9.930797354831417e-10,1.0000563838183256e-09,9.99174096371385e-10
139,Groundnut,0.0024675315831957766,0.0039693761618111185,2.554053263356366e-08,1.6664871832106014e-07,0.9935629000657422
140,Groundnut,0.00049722072967067,0.06477606737411229,9.938537110257557e-10,1.0698164864465057e-09,0.9347267098325468
141,Maize,2.575414870283893e-06,0.008328326108189035,0.9653310481526871,0.022425552060560242,0.003912498263693352
142,Groundnut,0.0001126057545529325,0.014606399789875001,0.1969002376025305,0.001774021570349289,0.7866067352826923
143,Cotton,0.0002600994347342159,0.9882522936366285,0.004111949975909894,4.72773454012884e-05,0.007328379607326166
144,Groundnut,1.3814643808697413e-06,0.0001451091673982382,9.939004994122863e-10,1.0808747318723922e-09,0.9998535072934457
145,Groundnut,0.00011089436738711055,0.09275315093702137,0.004036390081284329,0.08528107861786488,0.8178184859964424
146,Cotton,0.0012534893131442076,0.9951467385137219,4.283989069378751e-09,3.1960201934172875e-08,0.0035997359289429657
147,Cotton,9.253899839899979e-09,0.9999999877537898,9.930797347804824e-10,1.00005638311073e-09,9.991740956644135e-10
148,Cotton,0.019073347897865658,0.9490012298742996,9.933625919983455e-10,2.4920187565803855e-08,0.03192539631428463
149,Rice,0.9515048260157294,0.004239861403767372,0.036852662165740395,4.0230528030362035e-05,0.007362419886732492
150,Cotton,0.1740452605209485,0.8242151420823576,0.0006733956398546567,2.1585174429888162e-06,0.0010640432393963358
151,Cotton,4.914527460267497e-07,0.9987962787095435,0.001202236619577722,3.2021247544889842e-09,9.900160081467297e-07
152,Cotton,0.518094857168892,0.10820045263945319,4.343199453982282e-05,0.00019516276125902148,0.3734660954358558
153,Cotton,0.09830053047919139,0.800282444943999,1.4246418812839227e-07,4.460338441543292e-06,0.10141242177418006
154,Cotton,9.866313838100759e-10,0.9999999960210584,9.930797339605185e-10,1.0000563822850055e-09,9.991740948394177e-10
155,Bajra,0.0016276223381278883,0.003085949035824373,0.00018369845836133428,0.8650450197076581,0.1300577104600283
156,Groundnut,0.0012636871183162935,0.018299020828672873,0.0014604708113613396,0.0015739807864711198,0.9774028404551784
157,Groundnut,0.0011464956355935717,0.027173669355635643,3.856317412885034e-06,1.2915758312684204e-05,0.9716630629330452
158,Rice,0.9145899737751139,0.017553135665922467,0.06785573036749629,9.067109415128246e-09,1.15112435798463e-06
159,Cotton,0.031198335045872307,0.9637226213093525,0.005077429882443262,1.0005145226487644e-09,1.6127618175341025e-06
160,Cotton,3.7657690910958595e-05,0.9999092209502097,1.844350163866159e-09,1.0000569377988643e-09,5.311851447215409e-05
161,Cotton,0.004744076291204179,0.9239629316041214,2.91269454202687e-05,0.0030965285016072873,0.06816733665764692
162,Cotton,0.05532844209475161,0.9299013608704981,0.0001731126733441544,0.0016309441829589675,0.012966140178447091
163,Cotton,9.866313838100759e-10,0.9999999960210584,9.930797339605185e-10,1.0000563822850055e-09,9.991740948394177e-10
164,Cotton,1.2965086929132605e-07,0.999997555455198,2.275247028757745e-06,1.0000564012398495e-09,3.8646847591849286e-08
165,Groundnut,0.006309258222866942,0.1387397466511117,0.003979863842756447,5.008389885581528e-05,0.8509210473844092
166,Groundnut,0.00718513556673918,0.017099028668312286,0.0006164763502670733,3.691215958970173e-05,0.9750624472550917
167,Groundnut,0.05279462700711678,0.00550948971992163,1.5816473871713707e-07,2.573351821819805e-05,0.9416699915900045
168,Cotton,0.0008316643754458308,0.7771397406918885,0.009700204246067963,0.06731761353116092,0.14501077715543678
169,Maize,3.8141966688963227e-06,0.3815575570699271,0.6184386253021624,1.7823191400286062e-09,1.6489224698869506e-09
170,Groundnut,0.0033133381806374003,0.0022495742960322637,6.404441548961392e-09,1.9023277003122877e-05,0.9944180578418857
171,Cotton,0.00011018179913290431,0.9982166101975236,9.930825909508675e-10,3.5179049566278748e-09,0.0016732034923558124
172,Groundnut,0.007518044184704247,1.9233543585117714e-05,9.939955766939548e-10,1.088299289107781e-09,0.9924627201894157
173,Cotton,9.866313838100759e-10,0.9999999960210584,9.930797339605185e-10,1.0000563822850055e-09,9.991740948394177e-10
174,Cotton,9.866319718159071e-10,0.9999145594735827,8.54375405538237e-05,1.0000569782917756e-09,9.99174690320368e-10
175,Cotton,7.558852199505953e-05,0.9869111877419622,4.357204762621631e-06,0.0006902485241852144,0.012318618007094901
176,Cotton,0.0006849026435396481,0.9694610816052806,2.1844564899895944e-08,7.676306213878668e-05,0.02977723084447602
177,Cotton,0.0009255880615773267,0.9837831945270764,3.500977192507349e-05,0.0005400482891807254,0.014716159350240336
178,Cotton,1.4563766319548333e-08,0.999992361318176,2.2130142184495192e-07,1.0000563914532939e-09,7.4018165792650156e-06
179,Cotton,6.257509661572428e-07,0.9998904640003994,1.3172317487877746e-06,3.2325102168239773e-07,0.00010726976586403436
180,Bajra,9.954540184782518e-07,0.000922261770513586,3.2134210933565714e-06,0.9989003874071128,0.0001731419472616292
181,Groundnut,0.38435637003659295,0.0021858142952910697,2.049286838941197e-05,0.11126748818890743,0.5021698346108191
182,Groundnut,0.3086674777252435,4.9121732982190066e-05,6.700357494772449e-08,1.2532350274940284e-06,0.691282080303172
183,Rice,0.993593433958395,0.006373906234314926,7.681473914273018e-08,2.8120525277460695e-08,3.255487202572813e-05
184,Rice,0.982337961259822,0.0002631084361536313,1.0063123456179306e-09,2.0482142443783515e-09,0.01739892724949791
185,Cotton,0.28385816525176505,0.713620567473809,2.1764906891558232e-05,1.88770758279564e-06,0.0024976146599516537
186,Cotton,9.887468434605984e-05,0.9967321211881394,3.9585798063658664e-05,1.7334878830285994e-08,0.0031294009945720346
187,Cotton,2.366910478822314e-06,0.9974935536512648,0.001186066832666279,1.172579785850248e-05,0.0013062868077313283
188,Cotton,0.00037112372479732427,0.8348541032631819,4.282136933486988e-05,1.109636870648955e-05,0.1647208552739796
189,Cotton,3.816958050648798e-05,0.8477158807365361,0.001195643435429061,0.01608285076250671,0.1349674554850216
190,Groundnut,0.22649777342873037,0.10354968138881693,3.9877968873565664e-05,0.015021776724734415,0.6548908904888447
191,Cotton,3.83298515280624e-07,0.7707257168243626,0.1582415278297989,0.0710146598873334,1.771215998973314e-05
192,Bajra,0.08711591202365457,0.00021259427743410992,0.000590133024135274,0.8213423091467832,0.09073905152799287
193,Groundnut,0.05743780887552751,0.053897457533339556,4.6516138927085215e-05,1.8187649932150152e-05,0.8886000298022736
194,Rice,0.9982523984769903,0.0014380474949350574,1.0981850323413031e-05,1.0885136768586648e-05,0.00028768704098274184
195,Groundnut,0.017743679619582054,0.10495231536289272,9.940386426660029e-10,1.7525982594769664e-07,0.8773038287636606
196,Groundnut,2.334639954134928e-05,0.029558353617211864,8.824463424591149e-06,0.04601915834932994,0.9243903171704921
197,Bajra,0.0003368124974232482,0.0022405775428414403,0.018890848163272328,0.9649590399729593,0.013572721823503674
198,Bajra,9.623632681012519e-05,0.0047092935869897665,0.00023179335656234887,0.9687581807194342,0.02620449601020372
199,Cotton,2.6004768576379782e-05,0.9971752023451309,3.763503124289491e-07,1.0000590518592918e-09,0.0027984155359212295
200,Cotton,9.866313838100759e-10,0.9999999960210584,9.930797339605185e-10,1.0000563822850055e-09,9.991740948394177e-10
201,Groundnut,0.00721950674939252,0.046551530695848393,0.0002917203224230662,0.00013857957162524397,0.9457986626607108
202,Rice,0.999100855668392,0.0003449327367387764,1.8088300956315143e-05,1.6353830727923837e-08,0.0005361069400822181
203,Rice,0.9897691982110983,2.9144359550581224e-05,7.000300777420234e-07,4.268523631691953e-05,0.010158272162956478
204,Groundnut,0.0001594962973756951,0.0001730589695213068,2.3887565865770955e-07,0.0021151203927858545,0.9975520854646583
205,Cotton,9.866313838100759e-10,0.9999999960210584,9.930797339605185e-10,1.0000563822850055e-09,9.991740948394177e-10
206,Cotton,1.0190375102326338e-05,0.9996272731080112,1.1945478296334503e-05,1.0000568947360416e-09,0.00035059003853320523
207,Cotton,0.0004632007012500549,0.9974603866081685,9.930876718332385e-10,2.8148311104924465e-07,0.002076130214382474
208,Cotton,0.2908884980159853,0.4296901961065118,6.25525126009508e-06,0.00041743956271018165,0.27899761106353255
209,Cotton,8.752880187204196e-09,0.9999986532203885,2.7927168509892827e-07,8.26783592907946e-08,9.760766870115263e-07
210,Cotton,3.761833369197737e-06,0.9999514064023495,5.558883277850053e-08,6.760946976962565e-09,4.476941450163584e-05
211,Cotton,3.6928283697619365e-08,0.7663833710671177,0.23239657518979492,0.001212208990622704,7.807824180859844e-06
212,Rice,0.9860288876675813,0.0011008159455654204,7.1079986420769634e-06,7.893221646269218e-06,0.012855295166564954
213,Cotton,9.866313838100759e-10,0.9999999960210584,9.930797339605185e-10,1.0000563822850055e-09,9.991740948394177e-10
214,Groundnut,0.002190330988114923,0.14187195153630094,3.5640699442354754e-05,1.5852744212074014e-07,0.8559019182486998
215,Groundnut,0.016245557390566236,0.01768917966201819,9.02910841435472e-05,0.2268712125234492,0.739103759339823
216,Cotton,9.866313838100759e-10,0.9999999960210584,9.930797339605185e-10,1.0000563822850055e-09,9.991740948394177e-10
217,Maize,0.0013024451191611063,0.40786836213580324,0.3995948503355498,0.0003366429246372115,0.19089769948484864
218,Cotton,9.866313838100759e-10,0.9999999960210584,9.930797339605185e-10,1.0000563822850055e-09,9.991740948394177e-10
219,Cotton,9.866313838100759e-10,0.9999999960210584,9.930797339605185e-10,1.0000563822850055e-09,9.991740948394177e-10
220,Rice,0.9837778170777607,0.0010728216418217982,0.0027496407117506847,0.008422079713247784,0.003977640855418995
221,Rice,0.6354570995542088,0.0004839365713871499,3.6755475552912875e-06,0.004935099068066694,0.3591201892587821
222,Rice,0.9153717168341379,0.00223746025109532,3.2674203630825884e-06,0.0010451106231246336,0.08134244487127902
223,Rice,0.45776761686047857,6.517075388858773e-05,0.00015248408889055774,0.16441904291810605,0.37759568537863625
224,Rice,0.9926256821679463,0.0011304136401209257,0.004702804504186219,0.0010522967704243978,0.0004888029173221
225,Rice,0.8875434846576211,0.003589267597547512,0.10071019643174473,0.0009910201422327792,0.007166031170853839
226,Rice,0.9996353684945316,4.8523628002793236e-08,2.2979039930203137e-07,3.122164395834928e-05,0.0003331315474827469
227,Rice,0.9355641415724183,8.497158246384385e-06,1.0057215616504874e-09,3.11554547528151e-08,0.06442732910815903
228,Rice,0.9861406746267004,0.0007019109270884274,0.013156014363981668,1.3569424859535253e-06,4.313974361307909e-08
229,Groundnut,0.00036226715244344154,0.0011548906993806497,9.070110079454127e-08,0.013638164879388012,0.984844586567687
230,Cotton,9.866313838100759e-10,0.9999999960210584,9.930797339605185e-10,1.0000563822850055e-09,9.991740948394177e-10
231,Cotton,0.0665705896673915,0.14454927556357003,0.005538288531239349,0.568770149797394,0.21457169644040497
232,Cotton,0.0009219332922861301,0.9812010734003918,0.002645170352152535,0.014931595592128904,0.00030022736304075666
233,Rice,0.9999887610955083,3.9516688521486504e-07,1.582580295796701e-08,1.8286720895664894e-08,1.0809625082682043e-05
234,Groundnut,0.00021837626438479373,0.03878618349825752,1.5343374095164742e-06,0.2211275497991996,0.7398663561007486
235,Cotton,0.00029955796686039474,0.9712909479872197,0.02840949204628539,1.0002584250546331e-09,9.993759593592964e-10
236,Groundnut,0.0003082020682405548,0.001269033660323613,9.939034535364607e-10,1.0809760826711186e-09,0.9984227621965563
237,Rice,0.7545690344662591,0.237855734044369,0.000228659248334311,4.85802993131706e-06,0.007341714211106343
238,Groundnut,0.00015371713236732697,0.705217927228064,3.6707128539149136e-09,1.0003020161500293e-09,0.2946283509685537
239,Groundnut,0.013830489401530748,0.00544807875967113,9.890619009132135e-08,3.681660808912259e-05,0.9806845163245189
240,Cotton,2.0715845687724206e-05,0.9997673307412984,0.0002085220991777498,1.0000581203073181e-09,3.430313778086276e-06
241,Groundnut,0.007631180739154267,0.00039726392897909305,4.947142350191353e-05,1.8118103876840518e-05,0.9919039658044878
242,Bajra,1.2781626517336783e-05,0.003878941574265936,0.00044656807845431,0.9868243029293665,0.008837405791395974
243,Maize,8.878027220264397e-05,0.006850185823825782,0.991528989050698,0.0015005724614596569,3.1472391813945105e-05
244,Groundnut,0.0008172134378327028,0.7059111087622576,1.0471326700788915e-05,1.6958842585964673e-05,0.29324424763062285
245,Rice,0.9996146055586894,3.131399430587934e-06,4.5608668155016396e-05,0.00020540678421908883,0.00013124758950590383
246,Cotton,9.866313838100759e-10,0.9999999960210584,9.930797339605185e-10,1.0000563822850055e-09,9.991740948394177e-10
247,Cotton,9.22654889459018e-05,0.9998992943077409,6.393350265042597e-08,1.0000576412094406e-09,8.375269753046864e-06
248,Cotton,9.866313838100759e-10,0.9999999960210584,9.930797339605185e-10,1.0000563822850055e-09,9.991740948394177e-10
249,Groundnut,0.05916042210618678,0.4342143195280176,3.119014639722983e-05,0.008535534078428268,0.4980585341409702
250,Cotton,0.0005105850436958677,0.9854392502946351,7.127867729952058e-08,3.284705211357517e-09,0.014050090098286422
251,Groundnut,0.000720759092912747,0.00143479417019673,1.1926388983972694e-07,0.00015906787042634766,0.9976852596025744
252,Groundnut,0.0007128444628626653,9.068510739274733e-05,1.7478459450483243e-08,0.00023943191988753745,0.9989570210313976
253,Cotton,9.866313838100759e-10,0.9999999960210584,9.930797339605185e-10,1.0000563822850055e-09,9.991740948394177e-10
254,Groundnut,0.00022068649001162806,3.4372415215476164e-07,9.939033891874153e-10,5.438292856560244e-09,0.9997789633536399
255,Maize,0.011305621306928528,0.0015447476205518594,0.5527153115074853,0.40615113669088826,0.028283182874146013
256,Cotton,0.0005915766872207304,0.9916728558642571,2.0846817927814033e-06,0.00754940996014654,0.00018407280658278678
257,Cotton,0.00012861318230343406,0.9989370558384937,2.8176147505688e-06,2.3990914406049153e-06,0.0009291142730114854
258,Groundnut,0.001682451782255553,0.22829807600717156,3.4165641134622676e-05,0.09413876718883463,0.6758465393806036
259,Rice,0.7655770679245087,0.0017147278636377937,1.1010302392338765e-05,0.0002882241862961043,0.232408969723165
260,Groundnut,0.00025438184394514335,7.405481579946212e-06,8.664154551117835e-09,9.521516584370857e-06,0.999728682493736
261,Groundnut,9.386583997946914e-05,0.0022916278159663787,1.8368299636965864e-06,6.270193932598027e-07,0.9976120424946971
262,Groundnut,0.0011660027910988422,0.0003058024680348189,1.3224328776751582e-05,5.975273816643419e-05,0.9984552176739232
263,Maize,8.831589677256294e-08,3.013240751111295e-05,0.9999693108418437,4.638920756611562e-07,4.54267275829871e-09
264,Groundnut,0.003014847951332709,0.7105705206310357,5.589988086383524e-07,7.492451636014497e-05,0.28633914790246273
265,Cotton,8.16911178907031e-06,0.9999728696151515,2.5900105975648324e-09,1.7353055793888472e-05,1.605627255092711e-06
266,Groundnut,0.052082788444296486,0.2660070633039875,0.0972837285585835,0.043449653827863366,0.5411767658652692
267,Cotton,1.2235918443843916e-05,0.9993438824143966,9.9308042784896e-10,1.0000570810481973e-09,0.0006438796740220467
268,Cotton,9.866313838100759e-10,0.9999999960210584,9.930797339605185e-10,1.0000563822850055e-09,9.991740948394177e-10
269,Groundnut,0.009290768915258882,0.7619321171566613,0.018162901353109346,0.00023326012179927355,0.21038095245317104
270,Maize,0.022925512560074964,0.14374818901675873,0.8089497110971939,0.0012149317529160013,0.023161655573056314
271,Groundnut,0.00043424354561066256,0.001537010118293052,3.622808816951046e-07,2.365538453759076e-07,0.9980281475013693
272,Groundnut,0.01011203336843965,0.00430000487351648,2.0320046704230824e-05,0.21926045248687595,0.7663071892244638
273,Rice,0.9835912641714375,0.00041724944500322303,0.0002610053115864352,0.0021338475969667654,0.013596633475006104
274,Maize,0.0033188844968879837,0.0005965990249523233,0.9960844217344261,6.967049534600501e-08,2.5073238222946962e-08
275,Cotton,3.581775064848971e-06,0.9961251868236836,0.003384570841859153,1.4478015930620957e-05,0.00047218254346189276
276,Groundnut,0.002449576584572871,2.4051925698211946e-05,0.0002636307982138399,0.6949937333851508,0.30226900730636413
277,Groundnut,0.000412260031673555,0.005382547429866599,1.840656996581381e-05,0.0032210230854811317,0.990965762883013
278,Groundnut,0.0006298584101832644,0.7912002847559042,6.04066025036118e-06,9.439624440897596e-05,0.20806941992925318
279,Groundnut,0.14992226771733505,0.00036402889049857534,0.001944963298148444,0.0318266780089632,0.8159420620850547
280,Groundnut,0.29506569328960464,0.283431835787035,0.050887427873426025,0.03738601469282402,0.3332290283571103
281,Groundnut,0.0015232686389359499,3.0264574837513307e-05,1.4760987732600677e-09,0.004203821724043757,0.994242643586084
282,Groundnut,1.5321855316833914e-05,3.6577573817885475e-07,9.939007928781733e-10,1.6976352992240638e-06,0.9999826137397448
283,Groundnut,0.0002979499141886329,0.705226780329932,0.0015403432494798623,0.16334353180163438,0.1295913947047651
284,Groundnut,0.16920716366326263,0.03335644051056621,0.003576149003229925,0.0033624229126397844,0.7904978239103014
285,Groundnut,0.003556965037303,0.0430598649221472,7.506376914123545e-05,8.374671933211555e-05,0.9532243595520765
286,Groundnut,0.0006314788511998973,0.40325175818164716,0.0005866688487140196,3.4348726618108087e-05,0.5954957453918207
287,Cotton,9.866314176698784e-10,0.9999951586311624,4.838382975558246e-06,1.000056416605535e-09,9.991741291296684e-10
288,Cotton,3.9934711141947486e-08,0.9762218830171506,0.02365779416099251,0.00011657197671667589,3.7109104291539626e-06
289,Cotton,9.866313839727085e-10,0.999999995725614,9.930797341242138e-10,1.000056382449851e-09,1.2946184304423396e-09
290,Cotton,9.866313838100759e-10,0.9999999960210584,9.930797339605185e-10,1.0000563822850055e-09,9.991740948394177e-10
291,Cotton,2.12064924820104e-05,0.9312413099165598,0.01380274288675504,0.002533233049467591,0.05240150765473552
292,Cotton,9.866313838100759e-10,0.9999999960210584,9.930797339605185e-10,1.0000563822850055e-09,9.991740948394177e-10
293,Cotton,0.05112614890894608,0.665562792858263,0.0038769804752292344,0.1656955662887871,0.11373851146877452
294,Cotton,9.866313838100759e-10,0.9999999960210584,9.930797339605185e-10,1.0000563822850055e-09,9.991740948394177e-10
295,Groundnut,0.0010250516029510393,0.025837067184989137,5.652071631742994e-07,0.00040268765740148437,0.9727346283474952
296,Cotton,2.9356023406962157e-06,0.9996909212406422,2.9331151100930843e-08,3.637391607082924e-08,0.00030607745195009446
297,Groundnut,0.16866624970701552,0.025915465000221412,0.0021849002543012893,0.18478279843272474,0.6184505866057372
298,Bajra,0.012386107182347306,1.6213326927895006e-05,2.817736515614617e-07,0.9517135867507351,0.035883810966338074
299,Cotton,0.03908389628681577,0.8910356300439505,0.06977569159181765,4.561318396263918e-07,0.00010432594557649502
300,Cotton,1.4669899793577197e-08,0.9999971988624207,2.7844684489435075e-06,1.0000564030347832e-09,9.99174115570889e-10
301,Rice,0.8992241569097112,4.252575634864953e-06,0.00048327087611863955,0.09849367053862823,0.001794649099907053
302,Bajra,0.008021751822152595,0.014151199553592947,0.00773010137277558,0.9679830425619256,0.002113904689553358
303,Cotton,1.0491909225969129e-05,0.9990472966959523,0.0009379495000752769,2.9980443055627465e-07,3.962090316022456e-06
304,Cotton,0.002080300678281335,0.9845898588969823,3.2526148762629882e-06,6.205033140814799e-08,0.013326525759528633
305,Cotton,0.19765545931686168,0.7592500873447294,0.01748458016719095,0.0014211500388232876,0.024188723132394598
306,Cotton,4.3767007669877586e-06,0.7503900657935361,0.24881477660876172,0.00046385148085533313,0.00032692941607999755
307,Cotton,0.006120570572119652,0.8647713549013237,0.03523200972500502,0.003444551552870969,0.09043151324868061
308,Groundnut,2.970736312722883e-05,5.466197981023755e-05,5.050992577695245e-07,0.02061536470753329,0.9792997608502714
309,Groundnut,7.84691635774304e-05,2.930276769886558e-06,9.939015893601544e-10,8.843724852557853e-07,0.9999177151932659
310,Rice,0.7996185750049037,0.0010420801559599296,0.0001021338597433577,0.02794572277384567,0.17129148820554735
311,Cotton,0.00034564998561054274,0.9757826760494781,0.02386954922183102,7.476188584535776e-07,1.3771242218341716e-06
312,Bajra,1.3534580540727395e-05,0.00048647304229602195,0.15062573347029898,0.8438041103863829,0.0050701485204812545
313,Cotton,0.27893427571073276,0.709494173985667,0.003867395200527403,0.0028753791957344143,0.0048287759073383655
314,Cotton,1.7361115240320592e-07,0.995818136937386,0.004181687452172824,1.0000855274789174e-09,9.992032143203406e-10
315,Groundnut,0.03249618705660838,0.009024304626013686,4.238209651625659e-09,8.34103650448225e-06,0.9584711630426638
316,Cotton,6.091105739779852e-08,0.9999957120145949,4.219866531271301e-06,1.0000564138333997e-09,6.207760136147327e-09
317,Groundnut,0.006492557488661513,0.00016943528092470408,1.8733223973540254e-06,0.009878209321540802,0.9834579245864757
318,Maize,4.654959993735121e-07,0.000955077966722357,0.9990436360739297,8.175557506624226e-07,2.907597930305668e-09
319,Cotton,0.001008107055777796,0.8155064152929999,0.17915619397207155,2.1996073405065808e-06,0.004327084071810303
320,Cotton,9.866313838100759e-10,0.9999999960210584,9.930797339605185e-10,1.0000563822850055e-09,9.991740948394177e-10
321,Cotton,3.449357629327658e-06,0.9999314833699403,3.490451373611909e-05,1.0000566985139059e-09,3.016175863773691e-05
322,Cotton,0.0007633099667581093,0.9986581616296835,9.129836347837909e-06,1.7282429486360435e-07,0.0005692257429157836
323,Bajra,0.014373089636576082,5.290696250566034e-06,0.0246557939536989,0.9447417615939285,0.016224064119546036
324,Maize,4.0323855891748546e-08,1.1443852689790921e-05,0.9999885113469303,2.3252790018854074e-09,2.151244807315266e-09
325,Cotton,0.014337557910302678,0.5055347605499939,9.93666781418437e-10,1.0047028866691078e-09,0.4801276795413339
326,Maize,1.125694428490089e-09,9.736966206925177e-09,0.9999999459792196,4.100685992579163e-08,2.1512598210691168e-09
327,Groundnut,0.00011376192442093503,6.39135074421791e-09,4.259710465958655e-09,3.715762348569436e-05,0.9998490698010322
328,Groundnut,0.31242182207192387,8.79719622122641e-06,7.09185268156517e-07,0.015067015167707016,0.6725016563788798
329,Bajra,0.00010702763511242826,0.00010056523419180802,0.0018690871348171316,0.891368296515312,0.10655502348056665
330,Groundnut,2.4397755648982393e-06,4.199713823080896e-06,1.145410852886656e-08,1.2213453435186755e-05,0.9999811356030683
331,Groundnut,6.942252364827375e-05,2.6053828134145764e-05,7.5015772413508015e-06,0.013072352811829198,0.9868246692591469
332,Bajra,0.003126952570507317,0.08438325378152942,0.1287442030002742,0.7815061193367078,0.00223947131098139
333,Bajra,0.0005737191189846599,0.00015840407160231084,0.07383533749679791,0.9141650324254655,0.011267506887149666
334,Groundnut,0.002767773928202764,0.02445409643278852,9.939154986913122e-10,1.0792560724021665e-09,0.972778127565837
335,Bajra,0.08711670078608502,3.848722540805108e-06,4.162512873571359e-05,0.9128003306569982,3.74947056404304e-05
336,Maize,0.0016942168897974657,0.061875816293158796,0.9156673110271223,0.004789182510911867,0.01597347327900963
337,Groundnut,0.002173322870378535,0.014379705587080955,1.2896786589783179e-08,1.1503357910243257e-07,0.9834468436121748
338,Groundnut,0.004392604269079791,0.0004760661333998197,5.586471176566518e-07,3.096750368809413e-05,0.9950998034467148
339,Groundnut,1.1772109739188557e-06,1.3523597557714136e-06,9.93900613217585e-10,1.8475118616512125e-06,0.9999956219235081
340,Rice,0.9989083321058322,9.441015897412686e-07,6.451315371926117e-09,4.417056176123927e-08,0.0010906731707009253
341,Groundnut,0.12815462155326462,0.548889131420812,0.0236926004841365,0.028261976982667903,0.27100166955911903
342,Rice,0.47406275995099,0.522988346756558,0.0004524960192128131,0.00015455698281789253,0.0023418402904212
343,Rice,0.40553062442633697,0.36676767692671897,0.0019111627971634506,0.0007801018324846722,0.2250104340172959
344,Cotton,9.866313838100759e-10,0.9999999960210584,9.930797339605185e-10,1.0000563822850055e-09,9.991740948394177e-10
345,Bajra,0.021699131336837867,3.0251079120452763e-07,0.01064433497230404,0.9675371587069799,0.0001190724730868094
346,Bajra,2.6916402643177617e-05,9.520680877801289e-07,0.1982177114876697,0.8016903970552972,6.402298630216416e-05
347,Groundnut,0.00011368548572169818,8.744662516959086e-05,0.001217925863092221,0.01008828492121922,0.9884926571047973
348,Bajra,0.0012847975910690547,4.121396949178705e-06,0.016408852585271225,0.9802247616254538,0.0020774668012569428
349,Rice,0.5108768034359865,0.001437781593997899,1.1269789720105279e-05,2.8782564672145007e-05,0.48764536261562336
350,Groundnut,0.0001006649376171199,0.032487200065403364,0.022894678996218887,0.0071330270453045415,0.9373844289554562
351,Cotton,0.009164523820896971,0.7229773250182088,6.453406586178117e-05,1.5111426489601575e-06,0.26779210595238345
352,Groundnut,9.230472627354407e-05,9.065361635522292e-08,9.939017617472873e-10,6.3103999460140084e-06,0.9999012932262624
353,Groundnut,7.994733157418893e-05,0.00021488700682342388,6.462547802984966e-09,0.0025448087512929666,0.9971603504477616
354,Bajra,0.0016676742959992926,0.04798172594857051,9.950376067183011e-06,0.8308669063635913,0.11947374301577177
355,Groundnut,0.01437606752888192,0.0020265417925498627,9.940805809276103e-10,1.094694148051353e-09,0.9835973885897935
356,Groundnut,2.2907517973863636e-06,6.281581362312463e-05,4.982215069385048e-06,7.77798487344285e-05,0.9998521313707758
357,Groundnut,2.0218842956979164e-05,0.0003891755852610629,0.002078855602227589,0.16724058434315597,0.8302711656263985
358,Groundnut,0.0003012424109950973,0.13910728179319973,0.005362886287913725,0.21933075786419542,0.6358978316436961
359,Groundnut,4.045057667620604e-06,2.381126866530355e-07,9.939006519868827e-10,1.080903236529466e-09,0.9999957147548418
360,Cotton,0.0032678386217597764,0.830824296803146,0.1479243080393135,0.0027432036958691215,0.015240352839911566
361,Groundnut,9.546365263714518e-05,1.1111500420722088e-06,9.21210953196985e-06,0.00901335829419666,0.9908808547935922
362,Groundnut,2.6291577246174305e-05,6.978717600980515e-07,2.9616160044686275e-06,0.11954683685060123,0.8804232120843881
363,Cotton,5.311306719834278e-06,0.9390508171911907,0.05628670115839329,0.004359069643182138,0.0002981007005140851
364,Groundnut,0.0001428231294127948,0.5633849232861076,0.0023685479792072022,0.2340030336076172,0.2001006719976552
365,Bajra,1.536223643410231e-05,0.000930102847882006,0.0027933610840133374,0.9957253272130194,0.000535846618651076
366,Groundnut,0.05258311311112536,0.12283129932347568,2.7999258421160692e-05,0.0002880981020392055,0.8242694902049386
367,Bajra,0.00013687188495110748,0.0009771583691076315,0.19998838173215894,0.7988965436473721,1.0443664102804363e-06
368,Groundnut,0.004264135896936332,0.019948417222290644,2.3213103208446607e-05,0.00025661355794796614,0.9755076202196165
369,Cotton,1.9448270139953386e-07,0.9999846928007682,1.5070762048037862e-05,2.7297128557974816e-09,3.922476956556451e-08
370,Cotton,6.913799328123787e-07,0.9999988147844171,4.742410437819511e-07,1.0000563962839958e-09,1.8594549908183456e-08
371,Cotton,3.084186132938494e-05,0.9941262762133583,1.5782596912292017e-05,4.206582776680832e-05,0.0057850335006331246
372,Cotton,6.153387307786034e-05,0.9992774125940218,3.971441347787711e-07,4.503131645882974e-07,0.000660206075600833
373,Groundnut,5.4712588921235814e-05,9.165985125560143e-07,4.905743825731565e-06,0.009942064721527148,0.9899974003472134
374,Groundnut,0.0007161256045646698,0.0001856671795711403,3.578793690300728e-06,1.4045671839225406e-06,0.9990932238549899
375,Rice,0.9856478293182451,0.0010005932336394606,4.0923803391064674e-05,0.0011195922702230618,0.01219106137450124
376,Cotton,0.00011837457782540534,0.9973205690286847,0.0009759417651759749,3.611088816730943e-09,0.0015851110172252218
377,Rice,0.9275851272186715,0.03945837030832411,8.284380322945014e-05,0.0009280885808365886,0.0319455700889382
378,Cotton,3.2556854209200913e-06,0.9845351064718819,9.930924704105413e-10,1.0000692082119654e-09,0.015461635849535502
379,Cotton,1.8360474162361677e-06,0.8883421306258136,8.748189808417175e-06,0.1116378153435175,9.469793444084398e-06
380,Cotton,9.86631384676017e-10,0.9999999575060434,3.950809469567624e-08,1.0000563831627292e-09,9.99174095716367e-10
381,Groundnut,0.0008064731062858997,0.0002244664188743478,6.307909713277959e-08,0.005347582537778301,0.9936214148579642
382,Cotton,0.0011763268231562729,0.8725835610520153,1.6422790225939095e-06,4.286109506549894e-06,0.12623418373629927
383,Cotton,3.744227839560327e-08,0.9547321000098515,6.718024369129836e-05,0.0012061064997269146,0.043994575804451916
384,Cotton,1.3470655488213951e-06,0.8806966805443581,0.006138454937458716,0.0027444297043138803,0.11041908774832054
385,Cotton,7.34947566380311e-08,0.9458895170240107,0.0001569205010757092,0.001414243339503959,0.052539245640653126
386,Rice,0.9999999927273017,2.2894573295911693e-09,1.0065357235249087e-09,2.0656540127406484e-09,1.9110513039575686e-09
387,Rice,0.9999999927273017,2.289457329591771e-09,1.0065357235249087e-09,2.0656540127411914e-09,1.911051303958071e-09
388,Cotton,0.0010691016294257492,0.9906640257212183,9.931009064812549e-10,1.0000777035483114e-09,0.008266870656177558
389,Cotton,0.00013385125188251584,0.99689531870298,0.00014874495761858832,2.0161140449894397e-06,0.0028200689734740455
390,Cotton,9.409588999167378e-05,0.9972466039186184,9.559017499947238e-05,1.848888948602465e-06,0.002561861127441811
391,Cotton,1.8666112476421383e-07,0.9307483913764982,0.000507277624260456,0.001757945504677392,0.0669861988334392
392,Cotton,0.008524434896309805,0.7656466264857507,0.0005048271697128307,0.00498682999701211,0.22033728145121464
393,Cotton,0.008524434896309805,0.7656466264857507,0.0005048271697128307,0.00498682999701211,0.22033728145121464
394,Cotton,0.008524434896309805,0.7656466264857507,0.0005048271697128307,0.00498682999701211,0.22033728145121464
395,Cotton,0.008524434896309805,0.7656466264857507,0.0005048271697128307,0.00498682999701211,0.22033728145121464
396,Cotton,0.008524434896309805,0.7656466264857507,0.0005048271697128307,0.00498682999701211,0.22033728145121464
397,Cotton,0.008524434896309805,0.7656466264857507,0.0005048271697128307,0.00498682999701211,0.22033728145121464
398,Cotton,0.008524434896309805,0.7656466264857507,0.0005048271697128307,0.00498682999701211,0.22033728145121464
399,Cotton,0.008524434896309805,0.7656466264857507,0.0005048271697128307,0.00498682999701211,0.22033728145121464
400,Cotton,0.008524434896309805,0.7656466264857507,0.0005048271697128307,0.00498682999701211,0.22033728145121464
401,Cotton,0.008524434896309805,0.7656466264857507,0.0005048271697128307,0.00498682999701211,0.22033728145121464
402,Cotton,0.008524434896309805,0.7656466264857507,0.0005048271697128307,0.00498682999701211,0.22033728145121464
403,Cotton,0.008524434896309805,0.7656466264857507,0.0005048271697128307,0.00498682999701211,0.22033728145121464
404,Cotton,0.008524434896309805,0.7656466264857507,0.0005048271697128307,0.00498682999701211,0.22033728145121464
405,Cotton,0.008524434896309805,0.7656466264857507,0.0005048271697128307,0.00498682999701211,0.22033728145121464
406,Cotton,0.008524434896309805,0.7656466264857507,0.0005048271697128307,0.00498682999701211,0.22033728145121464
407,Cotton,0.008524434896309805,0.7656466264857507,0.0005048271697128307,0.00498682999701211,0.22033728145121464
408,Cotton,0.008524434896309805,0.7656466264857507,0.0005048271697128307,0.00498682999701211,0.22033728145121464
409,Cotton,8.394284097137301e-05,0.9973480653011801,8.283225320473507e-05,1.797725675362919e-06,0.002483361878968469
410,Cotton,0.24736007810223629,0.7526150229816208,9.893354525693946e-06,1.1900435558083045e-09,1.500437157376682e-05
411,Cotton,2.384241900976422e-07,0.9994981514762213,5.2897221700828544e-08,4.244349169060328e-07,0.0005011327674497724
412,Cotton,3.230934505693977e-06,0.8423355999316002,0.018602892471623104,0.0032924069226502543,0.13576586973962082
413,Cotton,5.936355899587659e-08,0.948860171323165,0.00011995089563199225,0.0013449169423171915,0.049674901475326785
414,Cotton,0.00025021261426107997,0.9960776361961815,0.00032609203057052506,2.3507350390188308e-06,0.003343708423947922
415,Maize,0.050361784385580415,2.537819960148552e-09,0.9326751484900473,0.016963035202394085,2.9384158266125478e-08
416,Cotton,5.364594336104057e-07,0.9080500969974722,0.0019191125777144602,0.0022383009786738494,0.08779195298670596
417,Cotton,0.008524434896309805,0.7656466264857507,0.0005048271697128307,0.00498682999701211,0.22033728145121464
418,Rice,0.9999999927273017,2.2894573298505313e-09,1.0065357235249087e-09,2.065654012974657e-09,1.911051304174063e-09
419,Cotton,2.0115812552604786e-07,0.9999980232493697,9.930797388366223e-10,1.0000563871953653e-09,1.7735993687606787e-06
420,Maize,0.0001706834644980763,0.0004755105084890259,0.8499699808798533,0.14887891228508474,0.0005049128620747701
421,Groundnut,0.0069987986658466735,1.503472243623621e-05,1.6093796531776079e-09,1.087788713018648e-09,0.9929861639145487
422,Bajra,0.00012120747819056464,0.001886099638127983,0.03967614431485246,0.9556471525635469,0.0026693960052820704
423,Maize,3.3486864096428395e-06,0.043137443392378294,0.9144902028449612,0.042364560152028045,4.444924222931482e-06
424,Groundnut,0.012275888021625126,0.473853861293126,6.072976335212902e-08,0.03157255930295491,0.4822976306525307
425,Cotton,1.7041643084130317e-09,0.9999997233880619,9.930797349102732e-10,1.0000563832414327e-09,2.7291463777073223e-07
426,Groundnut,3.975199367800769e-06,0.008115142720667348,1.023728571212519e-08,0.007904935850513809,0.9839759359921654
427,Groundnut,0.0006740614810689697,0.00018498120231068952,8.912197601145758e-06,0.05840814370035737,0.9407239014186619
428,Groundnut,9.678973372260063e-05,2.3891408579907035e-07,6.895138431964381e-08,0.0400369132749404,0.9598659891258668
429,Cotton,1.813225153940913e-05,0.9999250479466325,1.1166711957166127e-05,1.0000567448536393e-09,4.565208981428202e-05
430,Cotton,4.0111182773982136e-05,0.9218741941319936,9.931443723623662e-10,5.622787302173349e-08,0.07808563746421511
431,Cotton,0.00012404641364116762,0.9678958705298204,0.0009485706602121225,0.030946536991880037,8.4975404446361e-05
432,Bajra,8.228074533369427e-06,0.0010063239029427507,9.930610220994577e-10,0.9566636807457193,0.04232176628374358
433,Groundnut,0.00035188845272604054,8.25261497800303e-05,2.6071556430488614e-06,0.02832882381301061,0.9712341544288402
434,Cotton,5.234225799588511e-09,0.999999935203372,9.93079734781004e-10,1.0000563831112552e-09,5.7569266056049966e-08
435,Bajra,3.993901265200328e-08,0.0005249548528877852,0.0019963742946541127,0.9974163228341407,6.230807930482257e-05
436,Cotton,4.415275131513333e-06,0.9820033712651502,9.213990568873086e-08,4.0638886009495005e-05,0.017951482433803023
437,Cotton,7.016174083332118e-06,0.9458485683821002,0.002249181250493048,0.03942008542442414,0.012475148768899347
438,Cotton,4.0208300600790196e-05,0.777313765283741,0.00020707861654190794,0.21575506468960567,0.006683883109510644
439,Maize,1.0274288670120925e-08,1.7679439097723088e-05,0.9999442461509692,3.7874357208486406e-05,1.8977843601814793e-07
440,Cotton,2.9793556689623426e-05,0.9465940620185406,0.00020011316466986815,0.022847394011154685,0.030328637248945176
441,Groundnut,9.874469204016937e-10,3.9394805350545585e-09,9.939006006739928e-10,2.8468518186918715e-09,0.9999999912323201
442,Groundnut,0.00021147379240838094,0.0003528840162886899,3.7322103457952945e-05,0.2051055243177503,0.7942927957700947
443,Bajra,1.6622860294416845e-07,1.8876040421211708e-06,3.2181596288963634e-09,0.9932884663293547,0.006709476619840495
444,Rice,0.9999973983708416,5.263133521337527e-07,1.0065356903147432e-09,2.065651368448539e-09,2.0722436192985323e-06
445,Rice,0.9999999927273017,2.289457329907346e-09,1.0065357235249087e-09,2.0656540130259173e-09,1.9110513042214872e-09
446,Cotton,0.00019395029808920222,0.9998060467095927,9.930823442941598e-10,1.0000590109569325e-09,9.99176721192231e-10
447,Cotton,0.001747463677769245,0.9921376590145943,2.799250409246518e-06,2.942643317692408e-06,0.006109135413909541
448,Cotton,9.144899638215782e-09,0.9688727827347609,1.142054119867547e-05,0.0008616379978752842,0.030254149581265637
449,Cotton,1.4331159696134716e-08,0.9649169541732101,2.0085266874238764e-05,0.0009595527406121041,0.03410339348814406
450,Cotton,0.010389070312508186,0.9452884114992025,0.03540769314701542,5.6610619959237676e-06,0.008909163979277898
451,Cotton,1.6616204240260937e-07,0.9328532351688873,0.00043814778619027104,0.0017111714086140354,0.06499727947426594
452,Rice,0.9999999899673853,4.007453747667469e-09,1.0065357234886267e-09,2.065654013847092e-09,2.952971232527067e-09
453,Cotton,0.027376542701287924,0.9726234543052918,9.93448113014497e-10,1.0004273492994688e-09,9.995447345727942e-10
454,Bajra,2.8915426317290186e-05,0.0010354568466202881,0.00021986833765817073,0.8835213002677207,0.11519445912168357
455,Bajra,1.2947309075885052e-08,3.1314834144285543e-09,9.930239494650482e-10,0.9997663834334589,0.00023359949472473074
456,Cotton,2.11866312260104e-07,0.9999891433381216,6.813322479787786e-06,1.0000564371136771e-09,3.830473030130897e-06
457,Cotton,6.776408985058083e-06,0.991494034760039,1.8391675657545646e-06,1.1496150159638932e-05,0.008485853513250445
458,Cotton,0.00011070223072276022,0.9772430391964697,7.771675609230658e-09,0.00016246655905239924,0.022483784242079558
459,Rice,0.9964288944298855,1.5392807873175408e-07,1.0064906021358214e-09,2.0621373338736926e-09,0.0035709485734078472
460,Groundnut,8.487143716810849e-06,0.0010986413925754442,7.632782806940092e-05,0.06178505502758524,0.9370314886080532
461,Rice,0.9999999927273017,2.2894573295910634e-09,1.0065357235249087e-09,2.065654012740553e-09,1.9110513039574805e-09
462,Maize,0.01904931552893157,5.871442322587137e-06,0.9537769857634492,0.02715946685357874,8.360411717975752e-06
463,Rice,0.9450327823591144,1.049783474580887e-05,1.0058411974704477e-09,2.0115229214724343e-09,0.05495671678877564
464,Cotton,0.008524434896309805,0.7656466264857507,0.0005048271697128307,0.00498682999701211,0.22033728145121464
465,Cotton,0.008524434896309805,0.7656466264857507,0.0005048271697128307,0.00498682999701211,0.22033728145121464
466,Cotton,6.044451159915069e-05,0.5902922963730399,1.9232937532600292e-05,0.3985169960665485,0.01111103011127966
467,Groundnut,1.2888267754891163e-05,1.1347271952379825e-07,2.1541534868932814e-08,0.0003114231924923482,0.9996755535254984
468,Rice,0.9999999927273017,2.2894573296724584e-09,1.0065357235249087e-09,2.065654012813991e-09,1.9110513040254223e-09
469,Cotton,1.4208541059691006e-05,0.9986619761270725,6.967610793547773e-07,1.947468928448574e-08,0.001323099096098899
470,Cotton,1.6031012225604569e-06,0.8376712739869386,4.925847068202018e-06,0.16231225339819688,9.943666573704166e-06
471,Cotton,3.6635416968628556e-09,0.9999981527083988,1.8848935000646023e-07,1.5216462457008579e-09,1.653617063373688e-06
472,Cotton,2.1934020429629016e-06,0.9986601009443982,0.0003422211527887545,0.0009403372806253823,5.514722014471042e-05
473,Bajra,2.6823062219452413e-07,0.00030563529736608375,2.158430774119214e-06,0.9993129173382519,0.0003790207029855294
474,Cotton,3.573777959872307e-06,0.999939861379433,9.930798292621678e-10,1.0000564782561744e-09,5.656284947090468e-05
475,Rice,0.7411311231306641,0.09453273050504474,0.00011946016049699799,0.0009103694140160352,0.1633063167897782
476,Bajra,2.7268273910266767e-08,5.559814877156133e-07,0.00024846763979073,0.9840360432399345,0.01571490587051319
477,Bajra,4.714409163780071e-05,4.7775500243471544e-08,9.930522752240292e-10,0.9681417286339407,0.03181107850586887
478,Bajra,1.0582438523421148e-06,6.429246367818993e-05,0.0004117122711590852,0.9991499402256463,0.00037299679566426733
479,Bajra,9.71408772613445e-06,0.0019584036276996918,5.447338020827604e-06,0.9135866468635163,0.08443978808303694
480,Groundnut,0.0003918770984841092,0.026473109834855527,1.7375801873867213e-09,0.003653057649926617,0.9694819536791536
481,Bajra,6.492295337074305e-08,9.896492045618352e-05,0.0007317498145468769,0.9991670538260583,2.166515985327946e-06
482,Cotton,2.1719702497950953e-09,0.9993283963672895,9.930802859860392e-10,1.0000569381886519e-09,0.0006715994676028868
483,Maize,2.1579900657897262e-07,3.976849790040594e-06,0.9795757276015264,2.2998789222975337e-09,0.020420077449797954
484,Cotton,8.178789895632706e-06,0.9971604142817839,2.3698645582030403e-05,0.002777308830028949,3.0399452709481506e-05
485,Cotton,2.3534463721546343e-05,0.9986629415040755,4.796127617459336e-06,3.820281332701516e-05,0.0012705250912586196
486,Rice,0.9999999927273017,2.2894573295933327e-09,1.0065357235249087e-09,2.0656540127426005e-09,1.9110513039593748e-09
487,Bajra,4.809355384101935e-05,0.0055394158679673055,8.622186432988869e-08,0.8847023266809177,0.1097100776754095
488,Groundnut,4.5879100548154245e-07,1.8794515246833243e-07,8.374034711590059e-07,0.031004087736936095,0.9689944281234347
489,Bajra,9.865765065487284e-10,1.333090950788134e-07,7.600906965276623e-06,0.9991936509968193,0.0007986138005436874
490,Groundnut,0.0006877860479428783,0.0003306918487085385,9.939090175579305e-10,2.6489648089969482e-06,0.9989788721446305
491,Bajra,3.159816875529364e-06,6.900176819126109e-05,8.887113104453456e-08,0.970798724811151,0.02912902473265101
492,Cotton,5.3098887131761666e-06,0.9999164016090094,1.9443562370733092e-07,3.542091224719536e-05,4.267315440637092e-05
493,Cotton,5.739304846048844e-06,0.9453340323078134,0.0014541920209467387,0.04409137705339454,0.009114659312999266
494,Cotton,3.7785576520214704e-06,0.9472844561748042,4.988322953468129e-06,0.037566477114726125,0.015140299829864038
495,Bajra,2.9984590582417466e-05,0.01144582905635121,1.0913328304061293e-06,0.9884318972000358,9.119782020019903e-05
496,Cotton,5.61614028904817e-05,0.8995533249864972,1.6442641565551396e-05,0.08939198634908307,0.01098208461996354
497,Cotton,0.0014874986122091938,0.5258826359168833,0.00015757178415111892,0.0006728595541252967,0.471799434132631
498,Bajra,8.699591174339345e-07,0.0012821300594414691,1.617642145245789e-05,0.9869748375256749,0.011725986034313712
499,Bajra,0.00015341971034221668,1.1085262596125256e-09,5.324239531358546e-09,0.9998462257733662,3.4808352589610406e-07
500,Groundnut,1.9659386415735713e-06,0.0807871388508773,4.079782209695134e-06,0.00581426571437926,0.9133925497138922
501,Cotton,2.026427684632542e-05,0.9670479225834738,4.6665703665070275e-07,5.888178213296063e-06,0.03292545830443005
502,Cotton,0.016368761993901613,0.9047520302850922,0.0017031031821569662,0.02571879300605794,0.051457311532791324
503,Bajra,4.953882683177931e-06,0.038046178054224826,0.027094890393108955,0.9348278177715631,2.6159898419907694e-05
504,Cotton,6.524654759284216e-05,0.9991474207247686,3.62972327762605e-07,2.5241201187301553e-07,0.0007867173432987712
505,Bajra,0.00015108218763194075,0.0026162837019888512,1.7108902236938033e-05,0.9970141791579278,0.00020134605021446736
506,Bajra,2.35251862676303e-05,0.02586720108623016,2.033891155546592e-06,0.9741044187780528,2.821058293828948e-06
507,Bajra,1.523561494413861e-07,0.00037679853163445344,1.6735983899906867e-06,0.9996212878243093,8.768951710376821e-08
508,Bajra,6.219999521576393e-05,0.002299955485367363,6.43222262230416e-05,0.8556401104783331,0.1419334118148607
509,Bajra,9.018937529563841e-07,7.224286733611258e-07,1.7381034192391392e-05,0.9999179463376351,6.304830574629572e-05
510,Cotton,1.5699472495226467e-05,0.9994078657029095,9.930804191931292e-10,1.3263155659148758e-07,0.0005763011999582085
511,Maize,1.6956919042595307e-05,0.12128575329265325,0.8786972610820275,2.1774905656005034e-09,2.6528786150445413e-08
512,Cotton,0.00012784806769717668,0.962070410585979,0.004269483144972477,0.0006608691476444389,0.032871389053706776
513,Bajra,0.0016218297544348032,0.002624051482605924,0.004348958167616293,0.9910887657300265,0.0003163948653163791
514,Cotton,0.00033175718202077184,0.890369677047522,3.450536687492818e-05,0.07021667902749094,0.039047381376091296
515,Cotton,9.318794835842881e-06,0.9999701321108848,6.979389385550748e-07,1.371617030739067e-05,6.134985033530247e-06
516,Bajra,0.013795807865087164,0.13040835353952976,5.776649572840826e-06,0.8186287301005569,0.0371613318452532
517,Cotton,9.866313852071901e-10,0.9999999217429005,7.425373306630904e-08,1.00005638370113e-09,2.0166786993731908e-09
518,Bajra,2.2238500285913997e-06,1.501883381704025e-09,0.0003205531917790326,0.9191424033812046,0.08053481807510454
519,Cotton,2.1111736563024794e-07,0.9992567314921706,3.702001420694548e-07,1.000057002964844e-09,0.0007426861902648906
520,Groundnut,0.0013962511296516141,0.3068641179394402,2.5568973841086954e-06,4.6604691168626045e-08,0.6917370274288329
521,Cotton,0.0006327159668304422,0.989967236069522,0.0005139157502342808,0.00028054364262223354,0.00860558857079114
522,Cotton,0.006087157150288605,0.9424556545031925,0.020045698841385535,0.019659489120800473,0.011752000384333073
523,Cotton,1.2901387805770482e-06,0.9912260924867601,9.930869531694095e-10,1.0000636522107524e-09,0.00877261538130862
524,Groundnut,2.9925828820988572e-05,1.0562432733690463e-07,9.939009791023528e-10,1.0809287464106744e-09,0.999969966472022
525,Rice,0.8587298151699303,6.289788502783787e-05,0.06288846296477789,0.07761725030363541,0.0007015736766285456
526,Groundnut,0.0002722813761687446,0.0004315880960152874,9.939036871049677e-10,1.0810903214979337e-09,0.999296128452822
527,Groundnut,5.938564102607528e-06,4.305418040580908e-08,9.939006760716855e-10,1.080905136332889e-09,0.9999940163069112
528,Groundnut,7.166321570141148e-07,2.9573289392853274e-07,9.939006094858664e-10,4.557202153704092e-07,0.999998530920833
529,Cotton,3.278487210876009e-05,0.8342966158754465,9.932161689599222e-10,4.1825571039197545e-07,0.16567018000351835
530,Groundnut,0.004053209778028921,0.01895248770549418,3.8857446366386126e-07,3.2207888440250043e-07,0.9769935918631288
531,Groundnut,0.0007437982994384209,0.11210089836939609,0.0020165867265049004,0.0006527661270284414,0.8844859504776321
532,Maize,2.0392141383418144e-06,0.15159477822575024,0.8225937227902834,0.025792135544438568,1.7324225389391974e-05
533,Cotton,1.5301463728718874e-08,0.9999969034131733,1.7421987049332252e-08,1.0000563864557555e-09,3.0628633197074207e-06
534,Bajra,6.646210025086964e-07,5.578644432980458e-07,1.3457601545331164e-06,0.9968066225471736,0.0031908092072260195
535,Cotton,7.723904869158283e-06,0.9979555613282547,5.929764672631502e-09,6.23579024063307e-05,0.0019743509347052747
536,Groundnut,9.874464598966205e-10,2.7241628263232287e-07,9.939001371591858e-10,0.000528291541549264,0.9994714340608214
537,Groundnut,0.00012518980783910664,0.00041570680076360626,1.0675678193414996e-08,0.005541143019245922,0.9939179496964732
538,Bajra,1.2511323727556266e-07,1.1164256972496279e-09,6.3205605941335116e-09,0.9098801375408355,0.09011972990894086
539,Cotton,8.576520924801434e-08,0.9999981485386208,1.0695074238985751e-06,4.53160864622658e-07,2.4302788131769603e-07
540,Cotton,1.3478254975322315e-07,0.9963951797038052,5.131278130708597e-05,0.0034901044450051434,6.326828733282697e-05
541,Cotton,7.732078670684718e-06,0.9536121626665492,9.930772775473281e-10,0.046339527278575085,4.0576983127727054e-05
542,Cotton,4.792700101975246e-06,0.6473929001663549,2.3916727732629657e-08,4.450017635895747e-06,0.3525978331991794
543,Cotton,3.526158196018763e-06,0.9280014444403147,2.9158388977980087e-07,8.23338644767279e-08,0.07199465548373503
544,Groundnut,4.3293642700626165e-05,0.0051593430164496275,0.0038038186469216183,0.0021660822491182635,0.9888274624448099
545,Maize,0.0001281130878949572,0.0060926838390747565,0.8756803787152667,0.11529077497654645,0.002808049381217107
546,Cotton,8.083174539416463e-09,0.9999999337990517,9.930797348181534e-10,1.0000563831486659e-09,5.612463787544243e-08
547,Groundnut,1.1344654342180247e-06,8.433857324300538e-07,9.939006146957493e-10,2.228807066730285e-08,0.999997998866862
548,Groundnut,5.50952587976015e-05,4.159749476075798e-05,2.48111619757513e-06,0.0006798186226862337,0.9992210075075577
549,Cotton,7.622051167431121e-05,0.9624247726966325,1.525169847237593e-07,0.0007665331363131051,0.03673232113839529
550,Rice,0.9939669589829995,4.89782188745074e-05,9.108630439959994e-09,9.625031796347685e-07,0.00598309118631596
551,Bajra,1.628307891502939e-06,5.939928368046206e-07,1.7305092625670048e-07,0.9999214626145104,7.614203383498653e-05
552,Bajra,4.833995327681156e-08,1.1083712209352201e-09,9.930240008351674e-10,0.999708310919999,0.000291638638652649
553,Bajra,1.4161692380468654e-08,9.841823622578716e-07,4.195971688115697e-05,0.9997931894386598,0.00016385250040448185
554,Bajra,2.0584978373221228e-06,1.4848999225364778e-05,0.0003836260805423487,0.9994397265104774,0.0001597399119174844
555,Groundnut,1.7967960659716207e-05,2.6995623678254017e-08,3.060421588700065e-08,0.035914237037664984,0.9640677374018356
556,Cotton,9.866313838100759e-10,0.9999999960210584,9.930797339605185e-10,1.0000563822850055e-09,9.991740948394177e-10
557,Cotton,9.866313838100759e-10,0.9999999960210584,9.930797339605185e-10,1.0000563822850055e-09,9.991740948394177e-10
558,Bajra,3.1328599907169897e-07,1.0867150597002955e-05,3.237253449908172e-05,0.9666411136168201,0.033315333412084654
559,Cotton,6.085463881031397e-07,0.8776002461594415,0.1223991432177171,1.0764268349837765e-09,1.0000263370505251e-09
560,Bajra,0.0003595450892377642,1.98018976709229e-06,0.002055942549008698,0.9973837148031709,0.00019881736881576298
561,Maize,1.830641509993576e-07,0.16751270919846034,0.8324871037197498,2.0869164270444813e-09,1.930722344862776e-09
562,Cotton,2.1663876784574995e-06,0.9951594139356462,0.00483841767737737,1.0000901311588796e-09,9.992078139387626e-10
563,Cotton,8.428854377823708e-07,0.9994913868320486,0.0005077668517828213,2.4315530160387654e-09,9.991776429396087e-10
564,Cotton,5.3617208309357473e-05,0.932422708989484,3.020006389983488e-06,2.134612820636739e-05,0.06749930766761042
565,Cotton,4.6992661091688724e-07,0.9999907446768366,2.4837152557761764e-08,2.538821042787854e-06,6.22173835697444e-06
566,Cotton,0.00012275854961790722,0.9646175300003137,0.0011618274770961504,0.03153340678813183,0.0025644771848402676
567,Cotton,6.492852661015556e-05,0.9742189788526114,0.0004449815407388877,0.00037914725704251724,0.024891963822997097
568,Cotton,9.866313847317435e-10,0.9999999630027362,3.358156003440471e-08,1.4298983374806192e-09,9.99174095772802e-10
569,Groundnut,0.0011898466022993005,0.0025972271497706288,3.031129164563457e-09,2.3320274117128116e-09,0.9962129208847735
570,Cotton,9.866313838100759e-10,0.9999999960210584,9.930797339605185e-10,1.0000563822850055e-09,9.991740948394177e-10
571,Groundnut,3.80043760457557e-05,0.0039051553983683995,6.866888255949006e-06,0.00041235760036116456,0.9956376157369689
572,Cotton,4.4482804693168983e-05,0.9956216087901285,0.0035718173376697573,0.0007162187278515222,4.587233965703525e-05
573,Groundnut,0.0006359231342280704,0.0008015886690263295,9.939079780421371e-10,1.0813823180292774e-09,0.9985624861214554
574,Cotton,1.1286662719614201e-06,0.9627427307276993,9.931103321663861e-10,1.000087195451379e-09,0.03725613861283118
575,Cotton,0.0002656356320456523,0.21218757196367743,0.1797184723669843,0.35189329941035946,0.2559350206269331
576,Cotton,4.1457553235571036e-05,0.7080549082468099,0.00047369275191455477,0.2851846318162074,0.006245309631832474
577,Cotton,2.997278429676969e-08,0.9999999660229983,2.0049869913881833e-09,1.0000563838514803e-09,9.991740964045104e-10
578,Cotton,4.7243897378950325e-05,0.9159328418595956,0.08401866750425943,1.2457390062679155e-06,9.9975973529636e-10
579,Cotton,1.0425302491832587e-07,0.739799674369442,0.2602002025349831,1.7665267372770073e-08,1.1772825991160726e-09
580,Cotton,2.8502124889541607e-07,0.9982416718305405,3.2245172879853872e-09,1.5885979535579298e-06,0.0017564513257397908
581,Cotton,5.627417069447982e-07,0.9999841463661132,9.930797534832683e-10,1.6836066178129888e-06,1.360629248214844e-05
582,Cotton,9.86631383977091e-10,0.9999999903518554,9.930797341286252e-10,1.0000563824542932e-09,6.668377235403379e-09
583,Groundnut,4.959242603772517e-06,5.11017602843795e-07,9.93900663313703e-10,1.0809040880251002e-09,0.9999945276649888
584,Cotton,2.1752800728672286e-05,0.3962168801228576,0.603761354697676,1.0749119216118953e-08,1.6296185389793399e-09
585,Cotton,9.866313838100759e-10,0.9999999960210584,9.930797339605185e-10,1.0000563822850055e-09,9.991740948394177e-10
586,Bajra,0.00011587728101275198,1.6832174960564517e-05,3.863088494841742e-07,0.9924433679128296,0.007423536322347511
587,Cotton,4.1772058643417004e-08,0.9999996359460691,8.637949677950274e-08,1.0000563849573161e-09,2.3490231912103933e-07
588,Groundnut,2.660609516597654e-05,0.0036661600467875186,6.632796490402204e-08,0.6537132641638298,0.34259390336625184
589,Bajra,9.865757573007273e-10,1.1083450127371302e-09,9.930237438916725e-10,0.9999999959129376,9.991177611690727e-10
590,Cotton,3.5516922302449312e-06,0.9999552898911985,6.625237319225123e-09,1.4661744347123821e-08,4.11371295896083e-05
591,Cotton,7.145126966805387e-05,0.9838989244092144,8.06573566232339e-09,0.0032676787742517374,0.012761937481130014
592,Groundnut,0.0006446935495494118,0.13211714989435588,0.026173126673909673,4.575104499237377e-06,0.8410604547776858
593,Groundnut,6.79341427939156e-05,0.0006705432851057552,6.317383600490305e-05,1.6596346578015044e-05,0.9991817523895173
594,Cotton,9.866313838100759e-10,0.9999999960210584,9.930797339605185e-10,1.0000563822850055e-09,9.991740948394177e-10
595,Cotton,9.866313838100759e-10,0.9999999960210584,9.930797339605185e-10,1.0000563822850055e-09,9.991740948394177e-10
596,Groundnut,0.0004912370026744237,0.29564642491105386,0.00028389448248507693,0.007999406282602192,0.6955790373211844
597,Cotton,8.820821438168857e-07,0.9839290031230092,0.015745330253213046,2.3074206560395497e-05,0.0003017103350734435
598,Cotton,0.0006572813846386222,0.8006247873558916,0.015455757800273154,0.16102059933925816,0.022241574119938462
599,Cotton,9.600548522536428e-06,0.7874552921841572,0.20208373871120636,0.008975943640135348,0.0014754249159785822
600,Cotton,9.223384502000534e-05,0.9885545181541352,8.522285145264971e-07,1.676634984234458e-08,0.01135237900598045
601,Cotton,0.012785970991120213,0.6563241946959789,0.0005107305991123185,0.29211052261401316,0.03826858109977556
602,Cotton,2.4240124117260095e-09,0.9999999542772012,3.4790019649969334e-08,1.0000563838766375e-09,7.508710448508425e-09
603,Cotton,4.5631080192271285e-05,0.7118690770029625,0.15423668820099534,0.13353093330335086,0.00031767041249889755
604,Cotton,5.756972453127703e-05,0.9862227528522727,0.00019693401278581238,8.217992345422608e-05,0.013440563486955987
605,Cotton,7.078060254293455e-07,0.9999989376549642,3.7853553408562705e-08,1.0000563937110298e-09,3.1568540062731464e-07
606,Bajra,6.356210965006094e-06,7.673885905263383e-07,1.9775320084220843e-09,0.9736740876858012,0.026318786737111192
607,Groundnut,2.7447742374384134e-05,0.0002468300488467619,9.939007452511167e-10,1.5383664822598974e-08,0.9997257058312133
608,Cotton,3.837702821415618e-09,0.9997216343982275,0.0002783526357766751,4.911696982441428e-09,4.21659620402713e-09
609,Groundnut,4.1109280120857475e-05,0.09987200618812589,4.365709541869236e-06,4.1062442144812336e-06,0.9000784125779969
610,Cotton,2.4178811146939005e-06,0.9993915520467149,7.551245995625038e-09,1.0000569173688302e-09,0.0006060215208676977
611,Maize,0.0011956483534822568,5.849462859935957e-08,0.997689750884157,0.00018611602865795072,0.000928426239074306
612,Cotton,7.054178086846229e-07,0.9999883062827242,2.3067548082989813e-08,1.0000564023780686e-09,1.0964231862897013e-05
613,Cotton,4.825517096129859e-05,0.999439006913187,1.5189863948228589e-05,1.082152975306421e-05,0.00048672652215025493
614,Cotton,8.070683562614509e-06,0.9999507683792909,2.0915788474985883e-05,1.0000566554512695e-09,2.0244148614836693e-05
615,Cotton,9.866313838100759e-10,0.9999999960210584,9.930797339605185e-10,1.0000563822850055e-09,9.991740948394177e-10
616,Groundnut,1.1672696528676923e-05,1.009754539644896e-06,7.215729853715801e-07,0.001185884601929007,0.9988007113740173
617,Groundnut,0.00013910934125201777,0.5137030916788577,0.00029461765070338885,0.003027657917226751,0.4828355234119599
618,Groundnut,0.000696181045022848,0.10294752185004495,0.00034000531688603737,0.19510706893896496,0.7009092228490812
619,Cotton,1.6901696888720605e-06,0.9999432880561799,3.10451309648881e-06,4.2403872045581986e-05,9.513388989111389e-06
620,Bajra,0.00013805651201363498,0.001711056326322327,5.71236199507572e-06,0.9608450728970727,0.03730010190259633
621,Cotton,3.863275923359545e-06,0.9997326823189365,9.250784545048945e-06,7.036411938449935e-05,0.00018383950121045274
622,Bajra,0.00042064450878200163,0.002679215876744622,0.0033654014190362285,0.14121939269302017,0.8523153455024169
623,Bajra,4.793578095453101e-05,0.007901130620646816,0.004968618886770879,0.8885291268979846,0.09855318781364307
624,Groundnut,3.350205910965766e-05,9.526049207824986e-05,4.5026323967523976e-08,0.00014942282089955227,0.9997217696015885
625,Cotton,1.8949088222034912e-08,0.9999966227038698,4.01471555928875e-09,1.4769954739056973e-09,3.352855331061846e-06
626,Cotton,0.0013527684116065384,0.9887086952821631,1.0505165267488163e-05,2.2313832366966322e-07,0.009927808002639298
627,Groundnut,0.03833715474812313,0.033549160095732555,2.395008154051152e-05,0.023004319106534613,0.9050854159680692
628,Cotton,3.6353223504295674e-05,0.951891425368993,0.01496329637336886,0.001766787784111599,0.03134213725002228
629,Maize,3.68046842733833e-07,0.0011697905821644252,0.7054586103466359,0.29335007441369815,2.1156610658672617e-05
630,Cotton,4.61788455448022e-05,0.6531755215815671,0.0022884311377959817,0.3436418868618078,0.0008479815732842331
631,Cotton,4.176673623711446e-05,0.9936939159998346,0.0007459434963638195,0.0001869122660793256,0.005331461501485044
632,Bajra,1.366688956744975e-05,0.001338696911789215,0.0029116244520957586,0.9835230828379119,0.012212928908635647
633,Bajra,0.005909806329396281,1.2083226882083236e-07,3.7349580665956276e-06,0.9910985560940434,0.0029877817862248475
634,Bajra,0.03437986803825439,9.869288656316904e-08,1.1783925421406774e-06,0.9561728009969958,0.00944605387932109
635,Bajra,9.865765206870303e-10,2.5356367619679005e-07,0.00011004726407659422,0.9998896811628105,1.7022860132942385e-08
636,Groundnut,0.00036303863294498136,0.3604736804998019,1.4610593485936798e-08,2.8119857742117068e-06,0.6391604542708853
637,Bajra,8.305784078007148e-07,8.376761562858407e-06,2.0153985012193603e-07,0.9882630254417896,0.011727565678389793
638,Bajra,5.479313591330708e-06,5.3378060774573545e-06,1.4836034433330835e-09,0.9949979672792827,0.0049912141174450406
639,Groundnut,3.9700190887167756e-05,0.04289386095924975,0.004006095140676566,0.004245917015777518,0.948814426693409
640,Bajra,0.0299121542688446,0.3460605018481554,0.00014319176848397752,0.43474399563739213,0.18914015647712396
641,Groundnut,0.0017303541644577603,0.24158986987875722,0.00017517470648650886,0.0401168213961253,0.7163877798541731
642,Groundnut,2.1922193336346896e-07,0.13221438729895987,9.93792073398309e-10,1.2355767148347253e-07,0.8677852689276433
643,Rice,0.9974172824504689,0.002063636479159617,2.7027964368614304e-06,5.859259417673735e-05,0.0004577856797579251
644,Rice,0.8713900291958441,0.010018190928915477,0.002184251649310731,0.10921804088611971,0.007189487339809948
645,Cotton,9.866313838100759e-10,0.9999999960210584,9.930797339605185e-10,1.0000563822850055e-09,9.991740948394177e-10
646,Bajra,0.002300945808921668,0.0015641950422582685,0.06635126642590222,0.871182472982026,0.05860111974089172
647,Cotton,5.743418903289484e-08,0.9999998833019728,9.93079735483161e-10,1.000056383818345e-09,5.72707021711003e-08
648,Cotton,9.866313851359755e-10,0.9999985693434031,9.930797352950837e-10,1.0000563836289466e-09,1.4276768294053578e-06
649,Cotton,0.0001376233299119044,0.5668481222126321,0.03668320590111804,0.3944271599991161,0.0019038885572217723
650,Groundnut,0.0009404595983251422,1.1120839063996955e-05,1.3266345572676737e-06,0.037944990303736686,0.9611021026243168
651,Bajra,5.650893851138297e-05,3.371695220914041e-06,1.1231977073720408e-08,0.9905966137847981,0.009343494349492332
652,Cotton,6.448593988255949e-05,0.6720817165231686,0.025286010213127444,0.30255979977455794,7.987549263332406e-06
653,Cotton,0.00014926890414052938,0.9106452686978521,0.018202176069239094,0.07014757164650687,0.0008557146822615542
654,Bajra,5.959374789177971e-06,0.0005436692321247118,0.0005949865887410467,0.9945111759711426,0.004344208833202546
655,Groundnut,3.3176240753457754e-05,0.00037803320636276157,3.1515491238070636e-07,0.006465102236469368,0.993123373161502
656,Bajra,4.197631685270849e-05,0.0018665326276989243,0.11696109218776507,0.8505656212256918,0.030564777641991447
657,Groundnut,0.00010821538209953954,1.7388698604618707e-06,6.825001130383261e-06,0.4013617543192818,0.5985214664276279
658,Groundnut,0.0001449122404906931,0.0002880268825854064,5.547024303333746e-07,0.35044233196838204,0.6491241742061116
659,Cotton,0.000247509052778333,0.9878938373757205,0.00035546054128122334,9.370032188650096e-06,0.011493822998031226
660,Maize,0.0002706939266886577,0.016668369392297756,0.8865721668515203,0.05249069214508892,0.0439980776844044
661,Cotton,5.016272888836106e-06,0.9999012449468098,8.64909508611773e-09,1.0000565291081372e-09,9.372913114993267e-05
662,Cotton,9.866313838100759e-10,0.9999999960210584,9.930797339605185e-10,1.0000563822850055e-09,9.991740948394177e-10
663,Cotton,1.5163910902517235e-05,0.9945947051530106,9.930843637756355e-10,1.000061044625801e-09,0.0053901289429415305
664,Groundnut,0.004205125046419159,1.8083165567219675e-06,9.939537318388322e-10,2.344564499790487e-08,0.9957930421974254
665,Cotton,0.001036451166069727,0.923704383042197,9.931554588655017e-10,1.0001326391775154e-09,0.07525916379844522
666,Cotton,9.866313852620066e-10,0.9999998722753316,1.2473880658021042e-07,1.0000563837566924e-09,9.99174096309806e-10
667,Cotton,3.537661649906743e-07,0.999209011349366,9.93080388427636e-10,1.0000570413499282e-09,0.0007906328913316189
668,Groundnut,0.03365405735943753,0.03558679085484809,1.7529186825025343e-06,0.13041663512195706,0.8003407637450747
669,Groundnut,0.04903133290841788,0.005211970844336537,3.574670460594234e-06,0.19920778369010333,0.7465453378866816
670,Bajra,6.12079815166038e-06,1.0534756656760372e-06,9.930498063608904e-10,0.97036540332252,0.029627421410613038
671,Cotton,4.376020298117571e-06,0.9999955517235972,9.930797936046773e-10,1.0000564423481805e-09,7.026296846455718e-08
672,Groundnut,1.4359532550711056e-08,4.1351018818112135e-08,9.939005925434658e-10,9.896161354120864e-06,0.9999900471341938
673,Cotton,0.0016735033135763919,0.9971899178166979,2.6125580819625795e-05,0.0008582142709228131,0.00025223901798343703
674,Rice,0.9105306023334188,6.505314777492216e-05,0.05283390981507597,0.03509640216761449,0.0014740325361159133
675,Groundnut,0.028048483379525823,0.04935562109766618,0.023223529878912845,0.3682373757344809,0.5311349899094142
676,Groundnut,1.7016516449787088e-09,1.1980039475171492e-09,9.939005482731873e-10,6.0238833253903066e-05,0.99993975727319
677,Groundnut,3.687088448046971e-06,2.0767825914481605e-05,6.901012573355374e-07,0.00193111563823905,0.9980437393461412
678,Maize,2.609183742979903e-06,0.09851256862976057,0.9014844691959149,2.600146474037959e-07,9.297593401396009e-08
679,Cotton,2.3576836053516724e-09,0.9999999388163883,5.632885329511027e-08,1.0000563840208707e-09,1.4970184912335264e-09
680,Cotton,2.5168228026309264e-05,0.6458889138714048,0.3540856091003608,2.2580513428515972e-07,8.299507375622531e-08
681,Cotton,2.7281226626688856e-09,0.9999999913753511,9.930797347032293e-10,1.000056383032934e-09,3.903390132931922e-09
682,Cotton,5.707037823427589e-05,0.9781174726578464,0.0033814054162550162,1.0000959680112623e-09,0.01844405054756841
683,Cotton,0.00019900016727935252,0.8090154270151625,0.0009156778632179808,0.18956955292046104,0.00030034203387912535
684,Cotton,4.654982524138763e-06,0.9999007746845946,5.132860286176554e-08,1.1059202952122532e-05,8.345980132655709e-05
685,Groundnut,0.012238195614278377,0.016523137332526482,1.2581716664937743e-09,4.6123586108163615e-05,0.9711925422089152
686,Groundnut,2.8651264376984203e-05,0.00015002031539860448,1.2497313056254117e-06,0.00010104176413141131,0.9997190369247874
687,Cotton,0.0010387741703912529,0.96573415322145,9.037378691642479e-08,8.337282673376097e-05,0.03314360940763815
688,Groundnut,0.0021284336083114423,5.689880209241011e-06,0.0004029291582619539,0.02724390574126746,0.9702190416119499
689,Groundnut,0.18216690823101778,2.835923837778416e-09,9.962023021760246e-10,1.193403031925576e-07,0.8178329685965529
690,Rice,0.9600417338221366,0.0009388713276117562,2.849141635479894e-09,2.1363041922007507e-08,0.03901937063806815
691,Groundnut,0.09685849587612788,9.524589075410644e-06,0.0011217093760049076,0.04772613038531365,0.8542841397734781
692,Bajra,0.04612696804301254,1.1176477882118948e-05,0.00110843202003604,0.9501568487525096,0.0025965747065595907
693,Cotton,9.267715955139182e-06,0.9463662956433518,0.000970241834920514,0.05109354775926395,0.0015606470465086607
694,Cotton,9.866313838100759e-10,0.9999999960210584,9.930797339605185e-10,1.0000563822850055e-09,9.991740948394177e-10
695,Groundnut,3.788506954641838e-05,0.2403009555056253,0.00029869403650463624,0.032394910249078084,0.7269675551392456
696,Cotton,1.4765483634791093e-05,0.9999605401372195,1.373815505035271e-07,1.0000566049313374e-09,2.4555997538725774e-05
697,Cotton,5.18953604256296e-07,0.9999983253666167,9.599416958751454e-07,1.4193475280805237e-09,1.9431873569685514e-07
698,Cotton,8.390272131141496e-09,0.9886522811221973,0.01130993724475708,1.738012662933291e-05,2.0393116144200353e-05
699,Cotton,0.10973343829011271,0.5084910679571222,0.020152025928426905,0.22543966152565773,0.1361838062986804
700,Bajra,6.2404025672091435e-06,2.289527184466226e-09,9.93030754489244e-10,0.9920954156738089,0.007898340641066011
701,Bajra,0.0032796919158344876,0.0006560447774188053,3.428659248280753e-05,0.9915067607572499,0.004523215957014027
702,Groundnut,0.004304822101073499,0.001210394381579486,5.6564966213198265e-09,0.0070048369929098,0.9874799408679406
703,Cotton,6.71737447515866e-09,0.9999999818855491,5.525463224764839e-09,1.0000563837286934e-09,4.871556851485929e-09
704,Groundnut,0.0005446687321758259,6.48104044404713e-07,4.5941033385242325e-07,0.2829023415940597,0.7165518821593863
705,Cotton,9.866313838100759e-10,0.9999999960210584,9.930797339605185e-10,1.0000563822850055e-09,9.991740948394177e-10
706,Bajra,6.15572239608474e-08,1.8158191260612767e-05,0.00030439053498282966,0.9996349883916815,4.240132485092239e-05
707,Cotton,0.020096671737707513,0.4810948345781438,0.03476877506725798,0.00023078038108647817,0.4638089382358042
708,Groundnut,0.005035313703120645,1.1794609988849055e-05,9.939642131964408e-10,1.085855737519985e-09,0.9949528896070705
709,Groundnut,0.00017632055166135624,0.0011988497740958914,1.2835178209900745e-05,0.011438519422711065,0.9871734750733216
710,Cotton,6.8377424538756046e-09,0.9979963813329293,0.0020036098300697754,1.0000703464486255e-09,9.99188046683326e-10
711,Cotton,1.7417018547186042e-08,0.9999928396100461,9.930797412306672e-10,7.618070675692737e-09,7.134361784583235e-06
712,Cotton,0.0756960369289978,0.8100146450541997,0.0002544827337143578,1.1962510124041243e-05,0.11402287277296413
713,Cotton,9.86631384591029e-10,0.9999999861126097,2.534965152320348e-09,1.0000563830765851e-09,9.365737484606177e-09
714,Rice,0.7294832287052408,0.005326752688026233,2.18666492686674e-06,0.007578068756310204,0.2576097631854957
715,Cotton,1.8120071004107505e-06,0.9370004374100055,0.06299774858278605,1.0004954319909999e-09,9.99612757199208e-10
716,Cotton,0.0005253776410126925,0.7180562878429853,0.0007648044969271083,0.02679845724695587,0.2538550727721193
717,Cotton,0.0004843299765414449,0.9948899305322098,1.5751338763800183e-05,2.540117339595522e-05,0.004584586979088951
718,Bajra,0.00020998084413305788,0.030460624987779048,8.414799949880456e-05,0.9358515357933845,0.03339371037520468
719,Cotton,4.33942040748543e-06,0.9445434140424642,0.055451790325668125,4.5521189985980945e-07,9.995602508963684e-10
720,Cotton,1.549601084435442e-05,0.17359013428743197,0.8263821702009178,1.2197578103462279e-05,1.9227025299962565e-09
721,Cotton,1.5141518003249025e-06,0.6647853062104255,0.33521313673901726,4.162271514188157e-08,1.2760417869940808e-09
722,Cotton,9.866371406679722e-10,0.9991627737042139,0.000837223309906794,1.0000622174759141e-09,9.99179924882301e-10
723,Cotton,9.86631384555159e-10,0.9999999750845339,2.1929604440033022e-08,1.000056383040227e-09,9.991740955939729e-10
724,Cotton,2.5122941825077116e-08,0.9999846568666101,1.5316011217355285e-05,1.0000564905072963e-09,9.991742029662307e-10
725,Groundnut,0.06327579130164045,5.910038819438735e-05,8.41268014686524e-08,5.095332545748646e-07,0.9366645146501091
726,Cotton,0.00014103326947747865,0.8970281284464872,0.07289967740699621,0.029752236837573384,0.00017892403946583203
727,Groundnut,0.00025138150004562536,9.995697763372972e-07,9.939037764880878e-10,1.0811466662239298e-09,0.9997476168551275
728,Groundnut,0.0060133218730590915,2.993503081881894e-05,0.019002069153834872,0.49053884983677204,0.4844158241055151
729,Cotton,1.490114541891983e-06,0.4264453527304245,0.5728664831152618,0.0006854265627792092,1.2474769926730817e-06
730,Cotton,1.6357914854013504e-07,0.8496219293030555,0.15037790210276833,3.982330767326011e-09,1.0326970056975667e-09
731,Cotton,8.061636331090943e-06,0.7844636235591711,2.9827816881823626e-05,0.13280315090631453,0.0826953360813016
732,Cotton,9.866313838100759e-10,0.9999999960210584,9.930797339605185e-10,1.0000563822850055e-09,9.991740948394177e-10
733,Cotton,2.5978883100510914e-09,0.993006208756576,0.006993786646207825,1.0001051223548506e-09,9.992227919089354e-10
734,Maize,3.926204854871295e-09,0.00010437530339498732,0.999895235870422,3.8274885628002913e-07,2.151122001633173e-09
735,Cotton,9.866328059752657e-10,0.9997932761456324,0.00020671903815225456,2.8304070045488794e-09,9.991755350841124e-10
736,Cotton,3.0721271841162393e-06,0.9999754254803472,1.2551827018621852e-06,4.106797914438426e-09,2.024310296877151e-05
737,Cotton,6.290434059263209e-07,0.9942770830818026,0.005518028409106555,0.0001936205607989545,1.063890488569391e-05
738,Cotton,0.000496165357562052,0.802231979901585,0.00022956697703465192,0.0001046064654525102,0.19693768129836586
739,Cotton,0.0018348640369513466,0.5336650977876723,3.636004572134323e-06,6.65844721398776e-09,0.46449639551235705
740,Cotton,1.743826532311138e-05,0.9792182892407372,2.3378334268834375e-05,0.0016981681161395746,0.0190427260435313
741,Rice,0.9999999927273017,2.2894573295921776e-09,1.0065357235249087e-09,2.0656540127415583e-09,1.9110513039584107e-09
742,Cotton,0.00019999218077546344,0.9998000048269061,9.930824255936789e-10,1.0000590928276024e-09,9.991768029906716e-10
743,Bajra,6.7541897227253315e-06,0.023448583168157656,0.0007633546230079133,0.9462373767471347,0.02954393127197694
744,Bajra,3.621003520422061e-07,3.142769260882578e-06,1.6444732389521053e-06,0.8753658140270126,0.12462903663013554
745,Rice,0.9999994297944792,5.629223046837315e-07,1.0065357159519788e-09,2.0656533623622693e-09,4.211027018452189e-09
746,Rice,0.9985224591818435,0.001477338318489955,1.0065158420121156e-09,2.063935077962946e-09,1.994292157472039e-07
747,Rice,0.9999999927273017,2.2894573295910795e-09,1.0065357235249087e-09,2.0656540127405673e-09,1.911051303957494e-09
748,Groundnut,4.81279798906757e-06,0.0006068141877712224,1.1844479856252744e-05,0.32823110926961835,0.6711454192647651
749,Groundnut,0.005974460410418239,0.007830206622287741,1.1600806002221331e-09,0.0002972705732585748,0.985898061233955
750,Groundnut,8.005012932116155e-06,0.001601120264864703,5.090805628284223e-08,0.003127431605085271,0.9952633922090617
751,Groundnut,2.4126402386049718e-05,0.03873058742456616,9.938691044920958e-10,1.0132300132693616e-05,0.961235152879046
752,Cotton,1.1083007363372008e-07,0.9999955050486967,1.7807608206175317e-07,3.962945559037815e-07,3.809750591642986e-06
753,Cotton,5.479179870427965e-06,0.9874181223519821,1.2539837947940022e-06,0.0013757960622362729,0.011199348422116258
754,Cotton,4.1707545872083135e-08,0.9992602491840742,0.00020514063385521837,0.0005342347707564182,3.337037681227515e-07
755,Cotton,9.866313838100759e-10,0.9999999960210584,9.930797339605185e-10,1.0000563822850055e-09,9.991740948394177e-10
756,Cotton,1.6613490915293713e-08,0.9999817460535156,1.8195944801141024e-05,1.0000565106590497e-09,4.038813570045746e-08
757,Groundnut,1.3960417964778183e-05,0.008251228134901251,4.0545881884653005e-08,2.564431247930763e-06,0.9917322064700043
758,Cotton,2.946129661105921e-09,0.9999946023917058,4.752588291307031e-08,4.020035425143262e-09,5.343116246212546e-06
759,Cotton,4.754345148097189e-05,0.6080647766183915,1.0981260724480886e-05,0.3088209257814356,0.08305577288796759
760,Cotton,3.081250017852083e-06,0.3036434951730879,1.0981008582371729e-06,0.6962988320815021,5.349339453384835e-05
761,Groundnut,9.199069505143534e-06,0.14794726121946195,0.14953577570909127,0.033691345159311,0.6688164188426307
762,Bajra,0.0009552685165819982,3.003508085847348e-06,0.00010757881679806593,0.9918302709520797,0.007103878206454595
763,Cotton,8.345943083670626e-07,0.15609336814499522,0.8411699344513679,0.0025927961298121472,0.00014306667951643557
764,Groundnut,0.0006149202222355809,0.018851814500526205,1.2228986856925949e-06,0.20606848764034072,0.7744635547382118
765,Groundnut,0.0007650303641567985,0.010278139545014746,0.0001500619571994339,0.21658306225587967,0.7722237058777494
766,Cotton,4.028060708029232e-06,0.9973076181929634,2.0687361279776705e-06,0.0024916422368848313,0.00019464277331573485
767,Cotton,0.0005835389285351942,0.19026303588651247,1.9099994662124468e-06,0.0008865528436804859,0.8082649623418056
768,Bajra,5.538291199813066e-06,0.0010690904877399712,2.4963563094126115e-06,0.9775609259153463,0.021361948949404477
769,Cotton,0.0004701335600691898,0.9837857991473153,0.00443498494533295,0.0020606570473506256,0.009248425299931952
770,Cotton,6.047040392996553e-07,0.999933569953259,6.98995575306593e-09,6.030751155025637e-06,5.978760159103699e-05
771,Cotton,0.004587107920211972,0.9572149772117319,4.653123351716742e-06,5.54138443748493e-07,0.038192707606260666
772,Cotton,4.749290049903662e-06,0.9999176486568229,3.0294078330077445e-06,2.4962189081999336e-09,7.457014907536201e-05
773,Cotton,3.738732814730928e-05,0.9752905367561464,3.7096941196625947e-06,0.02461705546163752,5.1310759949149306e-05
774,Maize,0.06623668321514618,0.08124454588516371,0.8520319180923152,2.549043183105378e-06,0.000484303764191804
775,Groundnut,0.0003085740504543325,4.9233634497428395e-06,6.75016806294502e-08,0.03602143939766382,0.9636649956867513
776,Bajra,0.007297140187425469,0.10056285728964805,5.90572678261845e-07,0.3169630976342238,0.5751763143160243
777,Bajra,1.551554920613037e-05,0.0001900049527946613,2.2523562258448646e-05,0.9972160329238797,0.0025559230118610598
778,Bajra,0.0001368868143038547,0.0013107203294026788,0.03300048391770929,0.9441687771991262,0.021383131739457977
779,Bajra,7.967116958626864e-05,8.691360984659496e-05,0.00018542324400270873,0.9701089936669045,0.029538998309660013
780,Bajra,0.015515572154092099,3.833539313947489e-05,0.0036595751281580445,0.9804315676012638,0.0003549497233465001
781,Groundnut,0.007830059888056311,0.0015768438588992253,9.939982404385986e-10,2.63682432685696e-08,0.9905930688908029
782,Cotton,0.055559402038073157,0.6926069531985752,0.03658729077227423,0.10424648356700875,0.11099987042406874
783,Cotton,0.0014261667253161608,0.8770653235728787,1.2580810666842315e-06,2.6890327115377254e-05,0.12148036129362302
784,Maize,1.2014546320525137e-05,0.1316029686995551,0.7480193028027373,0.11527600558179783,0.005089708369589156
785,Groundnut,0.021235272671670323,0.0008508510300757431,0.001455736816002972,0.0625155119415895,0.9139426275406615
786,Groundnut,0.0005103843574584656,8.737505405535344e-05,1.523196603397262e-07,0.0001013124860325779,0.9993007757827932
787,Bajra,7.988812830411562e-06,2.4012391954767944e-06,1.5317993165445795e-06,0.7108351591802736,0.2891529189683839
788,Bajra,0.00017175553883647685,0.00018427519870877572,2.1113578661589404e-09,0.37282923736597695,0.6268147297851199
789,Cotton,2.40999030868449e-06,0.9076524761387316,6.645894744678086e-07,4.368503622496475e-07,0.09234401243112313
790,Groundnut,0.0013125594523494542,0.01144294787002391,7.621113472023248e-07,6.545184354439949e-05,0.987178278722735
791,Bajra,1.008710422815809e-06,0.00021914457887930346,0.004647405321216608,0.7922908293833774,0.2028416120061039
792,Bajra,2.7359556193970854e-06,0.026966382611868765,3.5670133450738025e-05,0.9700366748821155,0.002958536416945529
793,Bajra,2.215820410848244e-05,0.0064569508944003215,1.285466513503944e-05,0.9711987852669706,0.022309250969385786
794,Bajra,0.11579096431278106,0.14025480109511942,0.012845924006195865,0.7169909863967742,0.014117324189129313
795,Maize,2.462395199261669e-05,0.1187002239899025,0.8812734290455299,4.52087444610382e-08,1.6778038305653491e-06
796,Cotton,1.0239941956837221e-06,0.890884872911864,7.4275706286648316e-09,4.94645173319815e-05,0.10906463114903789
797,Cotton,9.866313838100759e-10,0.9999999960210584,9.930797339605185e-10,1.0000563822850055e-09,9.991740948394177e-10
798,Cotton,3.1825702723456355e-07,0.9883328103716505,0.011267375285190439,3.4245145894594e-06,0.00039607157154244283
799,Cotton,0.00011989583897828747,0.9926409770457726,3.1274476387729973e-09,1.6880678638407354e-09,0.007239122299733761
800,Maize,8.955902852412234e-07,0.01037141034072003,0.986188290383006,0.0034392823210267387,1.2136496198125225e-07
801,Groundnut,4.110798051800985e-06,2.266882065526406e-06,0.0002929567307409717,0.006247874697385065,0.9934527908917568
802,Maize,1.7549650646549714e-06,0.012259175651876853,0.848090662595582,0.13964817801585547,2.2877162107227164e-07
803,Cotton,0.0003612058156669306,0.8264019333513974,1.564708792740179e-05,0.1685587473178249,0.004662466427183309
804,Bajra,3.4602773612922507e-09,2.976395544262838e-08,4.798765024581217e-07,0.9999994065053687,8.039389599960395e-08
805,Bajra,2.029268498473675e-06,2.342354229804613e-08,7.556754735809191e-06,0.8441174359150904,0.15587295463813305
806,Bajra,9.865758750533439e-10,1.1083570725688316e-09,4.771720324007112e-09,0.9998655809099773,0.00013441222336939642
807,Groundnut,3.367788431637856e-07,0.024033308694779505,9.93880877188729e-10,7.396625264439489e-09,0.9759663461358712
808,Cotton,1.4917954578532062e-05,0.2919828755945897,6.282718625734471e-07,0.0002720829732973901,0.7077294952056719
809,Maize,2.4969580337753592e-06,6.325257951652355e-05,0.8701036919314036,0.129829984599208,5.73931838142757e-07
810,Cotton,2.34754538865156e-05,0.7190611974199785,0.00048407460198167374,0.00035030643332227714,0.2800809460908311
811,Bajra,3.0408903048159154e-05,0.0020902913054975793,1.2197959911508818e-05,0.9577285068399991,0.04013859499154376
812,Cotton,3.4427245710024453e-06,0.9858697087572396,2.1294186863177887e-06,2.413133496065892e-05,0.014100587764542415
813,Cotton,1.1568392050008698e-06,0.9864484933265146,0.006899471514463162,0.005957185283041603,0.0006936930367754659
814,Cotton,9.866316475285062e-10,0.9999617912533797,3.818728263993155e-05,1.947817420230616e-08,9.99174361910411e-10
815,Bajra,9.86575764295773e-10,1.1083463387386065e-09,8.861259185670568e-07,0.9999988492002622,2.6257889725994666e-07
816,Bajra,8.751301407413013e-09,2.4545152465851507e-09,1.6774922716247178e-06,0.9999748380880674,2.3473213844236637e-05
817,Cotton,0.0012010896502530227,0.9835746671274805,0.0005018896360558683,0.012443091940302294,0.002279261645908348
818,Cotton,0.00036703189761010563,0.617985419655133,8.053742413530635e-06,0.11355072256167019,0.2680887721431731
819,Bajra,9.865758036528275e-10,2.9873465085635967e-09,6.5971889787449195e-06,0.999993395889769,2.947330032239906e-09
820,Groundnut,0.0004733920687751848,0.004782730525241727,4.790367939474522e-08,0.001776712623889069,0.9929671168784147
821,Bajra,3.5271425276273664e-08,1.0472706529348236e-05,0.00046038201963538925,0.9995290625913213,4.7411088769697564e-08
822,Groundnut,2.618770614775122e-08,1.1719563436344897e-09,9.936458203493992e-10,0.2905618191983935,0.709438152448298
823,Groundnut,2.435164368048952e-08,1.1975837413772198e-09,9.938964389850584e-10,0.004746950698895265,0.9952530227579809
824,Cotton,0.008524434896309805,0.7656466264857507,0.0005048271697128307,0.00498682999701211,0.22033728145121464
825,Cotton,0.008524434896309805,0.7656466264857507,0.0005048271697128307,0.00498682999701211,0.22033728145121464
826,Cotton,3.417854092228554e-07,0.9186182826844629,0.0010869982806467353,0.0020204798633415887,0.07827389738613957
827,Cotton,1.569266443517783e-05,0.9984012120734844,1.0104401348211056e-05,1.1900979058901056e-06,0.0015718007628262303
828,Cotton,1.0716637959136892e-08,0.967528932698314,1.3939381150919108e-05,0.0008950472619232712,0.031562069941973914
829,Groundnut,0.013661928048335032,0.05105306559653324,9.938013917655883e-10,0.2622112858775279,0.6730737194838025
830,Cotton,2.634887459635672e-06,0.9991243519388777,1.0927230441644134e-06,1.6492169175979436e-05,0.0008554282814424194
831,Bajra,2.3836322687172227e-06,0.0001659787273986607,0.00042520593998891706,0.9993810614027274,2.5370297616084574e-05
832,Cotton,0.00745610015206904,0.972712782119032,5.670189175315057e-05,4.6438317644741446e-07,0.019773951453969364
833,Cotton,1.0251532781936363e-06,0.9999847523434436,3.381093381479021e-08,6.100759230978472e-06,8.087933113389552e-06
834,Cotton,1.811930501705406e-05,0.8062904282834671,0.00047114309697886313,0.18751700049377584,0.0057033088207610015
835,Cotton,1.6776183269392087e-05,0.257791564971034,0.07091250959415091,0.6711618743594472,0.00011727489209855513
836,Cotton,0.00011009756454335033,0.6815694510188003,0.020133870289716648,0.23677057834003767,0.06141600278690202
837,Bajra,4.7261676208073835e-09,2.49699631907028e-06,7.3221446468198e-06,0.9999823127217964,7.86341107015979e-06
838,Bajra,2.0475257422049725e-06,0.0003028195742803068,0.00045346210781196873,0.9991994431464559,4.2227645709531526e-05
839,Cotton,0.0013694293489199178,0.9669822128891145,0.0016030945969872606,0.007760123206820201,0.02228513995815826
840,Cotton,0.0004702919752510862,0.9964613716322247,0.0014927333383264471,0.0003973303409393956,0.0011782727132585672
841,Cotton,2.4797554852055836e-07,0.9999417447312532,1.010275206092801e-09,4.0417115789294765e-07,5.760211176522466e-05
842,Cotton,2.481891633252239e-07,0.9996849697180458,4.40818856316858e-08,6.299434867470226e-06,0.00030843857603777387
843,Bajra,4.147629297090971e-09,5.423191925434345e-09,1.387963877974902e-05,0.9999859957516961,1.1503870300364964e-07
844,Groundnut,0.0051255928906264805,1.551162849244707e-05,5.184121083759335e-05,0.0005940164257836716,0.9942130378442597
845,Cotton,6.262042708652211e-06,0.9987938999402208,0.00110358344235629,1.0000642387590974e-09,9.625357465003887e-05
846,Bajra,0.00011482179688539817,3.813679218109314e-08,6.0607129227642875e-06,0.8384502814179388,0.1614287979354609
847,Cotton,0.10816905593364712,0.8802159548574497,0.0028190060156486414,1.9597256236156514e-06,0.008794023467630939
848,Groundnut,0.22736384149998434,3.287411841144121e-06,2.3522599892956592e-07,0.000173451564068182,0.7724591842981074
849,Groundnut,5.0435948097477115e-05,1.1523302351983216e-06,9.939012373910177e-10,1.0809487573393443e-09,0.9999484096468173
850,Cotton,9.345498572453115e-08,0.9997675932508341,1.582005047572618e-06,8.229327388604561e-07,0.0002299083563938279
851,Bajra,1.8148231460159988e-05,0.05435140603021745,0.00017047205849501394,0.9449074333418523,0.000552540337974962
852,Groundnut,0.005864724141849169,4.1335261447877155e-06,9.939746908437871e-10,9.516797489424944e-06,0.994121624540542
853,Groundnut,0.11368320551594013,0.0007775104945380851,9.953215046116056e-10,0.01694628590391111,0.8685929970902891
854,Groundnut,0.00028457244046307,0.00030715420947271936,9.939039445476566e-10,1.081124655786794e-09,0.9994082712750356
855,Bajra,1.273505380930714e-09,5.414382933437424e-08,3.2150550772608533e-09,0.9979990160812783,0.0020009252863318148
856,Bajra,9.865760398772543e-10,1.3440969525711882e-08,3.2178481218105805e-05,0.9999001692494339,6.763784180258465e-05
857,Cotton,0.00031977707869114397,0.7093257531403785,0.016281079728361857,0.2667279154320433,0.007345474620525242
858,Bajra,2.0885026105992237e-05,0.0022482682749220104,8.932776655743662e-05,0.9876525841218841,0.009988934810530503
859,Bajra,2.275979385658894e-05,0.1313232720327187,0.00014865632439818496,0.8496383276460556,0.01886698420297074
860,Bajra,1.0933661795438298e-08,1.1083534288695776e-09,9.93023826772568e-10,0.9999062793937553,9.370757120560819e-05
861,Cotton,1.5574139294713837e-06,0.9172427692550515,9.644641905619998e-06,0.0008099298475831644,0.08193609884153012
862,Groundnut,1.422680638722962e-08,0.005806321334522224,1.4871160784802e-06,2.8043694763866837e-09,0.9941921745182234
863,Cotton,1.0437902238699639e-08,0.9990033282854344,9.930803568883056e-10,0.00022390580871795737,0.0007727544748651886
864,Groundnut,0.001004952214191544,0.00011764211541494119,9.938526910766143e-10,0.06900945768715891,0.929867946989382
865,Bajra,9.865757583772572e-10,5.677799014672555e-09,6.307878245219302e-08,0.9999999136316237,1.6625219073334976e-08
866,Cotton,2.2006897391010876e-08,0.9999949711257085,4.998301922759612e-06,1.0000564187321752e-09,7.565415250054628e-09
867,Cotton,0.00020518378185586377,0.6040476283829841,0.0008396890982009311,0.053020906760717024,0.341886591976242
868,Bajra,1.2623573025952501e-08,0.00014623267750024882,3.3824168624309564e-08,0.9942249231403837,0.005628797734374404
869,Bajra,4.1598174146599376e-08,2.4262605430762106e-06,2.7131073475794315e-08,0.9905378991258236,0.009459605884385689
870,Cotton,1.490219176952485e-07,0.9997437124426043,0.000180936489043709,5.552526061655762e-06,6.964952037290165e-05
871,Maize,0.00015504305652693163,0.2298650267867621,0.7391942919580634,0.03040146782873035,0.0003841703699172791
872,Groundnut,0.004283480007800968,0.3622727153323221,1.280137549049637e-05,0.0005456818614486496,0.6328853214229379
873,Cotton,1.3229551307877402e-06,0.9220645194174303,1.2071908890014892e-06,4.016898100818828e-07,0.07793254874673998
874,Maize,0.00015627147694096788,0.05636244087326098,0.5669514037516377,0.3681327738466913,0.008397110051469137
875,Cotton,1.2690780531250804e-09,0.9999995570194808,2.2060636756728135e-09,1.00005638399019e-09,4.385053212618695e-07
876,Groundnut,2.3427762691857195e-05,0.006824117322478991,9.451633801335979e-06,0.006695829388576206,0.9864471738924516
877,Groundnut,1.5318242946840205e-05,6.1490294391263655e-09,9.939007946153711e-10,1.0809143792968181e-09,0.9999846735332085
878,Cotton,1.9197257514096448e-05,0.9924660187409463,0.00018956950688676629,2.5008191192110705e-05,0.007300206303460824
879,Groundnut,4.401047535928209e-05,0.000576517143268029,5.647724469283802e-08,0.2977722924049372,0.7016071234991909
880,Groundnut,1.205505378164171e-05,5.9003295708321095e-06,1.3644267975219961e-07,0.597711384714582,0.40227052345938574
881,Groundnut,1.4104157121129445e-06,3.1462805394689076e-05,2.9213638128172604e-07,2.8081976359737635e-05,0.9999387526661523
882,Groundnut,0.00016164680260190452,0.0007779407312429953,0.00031444707234288654,0.04789464877636403,0.9508513166174483
883,Cotton,0.0006314862049795472,0.44591354460131133,0.0011952584115444006,0.018243312705283607,0.5340163980768811
884,Cotton,4.543936471911129e-08,0.9999997465448217,1.1585135045612702e-08,1.0000563844531483e-09,1.954306221405354e-07
885,Groundnut,7.542011493945865e-05,5.285550817373513e-07,9.939015532899148e-10,3.331179506727572e-07,0.9999237172181266
886,Groundnut,1.1835643289534608e-05,5.958519084094074e-09,9.939007346856374e-10,1.816461720829528e-05,0.9999699927870823
887,Bajra,9.865757622013764e-10,1.1083454651975838e-09,1.5158425568833915e-08,0.9999951949047554,4.787841897882171e-06
888,Bajra,5.0531448692685035e-06,0.0032092877969442466,0.00748187061063619,0.9874039860639936,0.0018998023835567102
889,Groundnut,3.820854757972008e-06,4.6071677278359296e-08,3.97157944570235e-09,0.016259519674042093,0.9837366094279433
890,Bajra,1.7969843294949577e-06,3.110783603547686e-06,5.590016510791492e-07,0.9995812774457524,0.00041325578466347787
891,Bajra,1.3735407879410837e-05,0.0007270098447303521,1.9083605475788115e-05,0.9664476127623611,0.032792558379553374
892,Groundnut,0.03887694590878126,0.0008163359596335901,1.6250463763521288e-09,0.00010503336149442223,0.9602016831450444
893,Cotton,2.8745337869614454e-08,0.9999978645336604,2.099191975120674e-06,1.0000563986190702e-09,6.5289703375690286e-09
894,Groundnut,4.732987222914503e-05,1.4141403840626877e-06,7.747719429030641e-07,0.7618319358435769,0.23811854537186705
895,Cotton,0.0014800957984500108,0.9682785491271692,0.03022295263587173,5.8429281845046086e-08,1.834400922725566e-05
896,Bajra,1.4072214679271449e-05,0.031103254556107036,0.00018533041930634132,0.9682160531220476,0.00048128968785973405
897,Cotton,3.12824410142233e-05,0.7237318489454653,1.6691898992265395e-09,1.5186624863601993e-05,0.2762216803194672
898,Cotton,1.3043098719465375e-07,0.9999997240318654,4.1482458578696345e-08,3.689939048971756e-08,6.715529832953842e-08
899,Groundnut,0.00047425175139600447,0.17211274622529268,0.0002674370281621492,6.332300687661288e-06,0.8271392326944614
900,Maize,6.744644809389622e-06,0.0002888702547776535,0.9994329237709317,0.00027114587858515995,3.1545089597504244e-07
901,Cotton,2.9533526027241032e-08,0.9999792931099137,1.5152267577802873e-05,1.0000564941561026e-09,5.524088926179461e-06
902,Cotton,0.00019165404642692888,0.9991190815105517,0.00014260943968810762,2.6889654477050008e-08,0.0005466281136787962
903,Cotton,0.017074080198856763,0.4483824934400002,1.0459766687849171e-07,0.004615763380847671,0.5299275583826285
904,Groundnut,0.004996700083830675,0.0018109113394252417,9.937964921879307e-10,0.18903465399956712,0.8041577335833805
905,Cotton,1.207315648561075e-09,0.9999999401795925,2.8254716893384913e-09,3.931021081080799e-08,1.6477409469353063e-08
906,Cotton,1.2025653415777393e-08,0.999979477014731,1.9722282594653808e-09,1.2575045975296672e-05,7.933941411828868e-06
907,Bajra,0.00019270101733144868,0.09553137165353513,0.008753804712266236,0.8796520966416221,0.015870025975244895
908,Cotton,3.6725340968415366e-05,0.8894475742555414,0.1101102520960279,0.00038553375475919343,1.9914552703040256e-05
909,Cotton,5.745702032293142e-07,0.9999680233690854,2.5227222108965576e-05,1.0000565722899149e-09,6.173838545836618e-06
910,Cotton,4.349506379459087e-07,0.9998621488059429,8.057448387853869e-06,2.352049262007695e-08,0.00012933527453854124
911,Cotton,2.4494802844431004e-05,0.9006122072358996,7.914659369800172e-06,0.09922533325842849,0.00013005004345769574
912,Cotton,3.57338212974193e-08,0.9999998768410554,9.930797352457006e-10,7.593228788078445e-08,1.0499755642486294e-08
913,Bajra,0.00012070776965994279,0.002288766490086833,0.000425147484417015,0.9665293695774115,0.030636008678424587
914,Groundnut,0.0011924295348965895,0.00014207996627198723,1.593039752853861e-07,6.467639345770587e-06,0.9986588635555105
915,Bajra,3.0155717354810412e-05,1.557585520148627e-05,2.923830562256774e-08,0.971642133738025,0.028312105451113092
916,Cotton,0.00015844043533856065,0.8922256916832526,1.0314342669827799e-05,0.07427032832684466,0.03333522521189432
917,Bajra,3.4568776604898206e-05,0.08579655134086901,0.2952363685165089,0.5541057934941789,0.06482671787183837
918,Groundnut,0.00012967073258718755,0.3651397585709443,1.9964141462911105e-05,0.0015194318764675727,0.633191174678538
919,Cotton,0.008524434896309805,0.7656466264857507,0.0005048271697128307,0.00498682999701211,0.22033728145121464
920,Cotton,0.008524434896309805,0.7656466264857507,0.0005048271697128307,0.00498682999701211,0.22033728145121464
921,Bajra,1.3086382391387296e-06,1.8568773899782466e-05,0.03485134438648965,0.9651276390930357,1.1391083357119512e-06
922,Groundnut,0.013697311471746468,0.000975173163481668,1.903061895760497e-06,1.0942159393837472e-09,0.9853256112086601
923,Bajra,9.865772502000812e-10,2.919700764097106e-07,0.00021529849979862135,0.9997843695438555,3.8999692383652476e-08
924,Maize,1.7041220428697413e-06,1.6848321383006242e-07,0.9998124320516416,3.1780543716244583e-08,0.00018566356255795996
925,Maize,4.5406761433165063e-07,0.02634014274653026,0.9678037576087685,0.005855639887957345,5.68912965827532e-09
926,Cotton,4.353047060511899e-09,0.9918406389066313,0.0081592767510675,6.548345165210693e-09,7.344090886150445e-08
927,Bajra,1.4000363324479238e-05,0.0014416557056180098,7.986572961377755e-05,0.7008889889191502,0.2975754892822935
928,Bajra,0.00011489738178411244,0.04141255855313171,2.963069819128635e-06,0.8247591683771333,0.13371041261813169
929,Cotton,4.041791701383079e-08,0.9999981417250599,8.304089288610438e-08,1.0000563861547525e-09,1.7338160740848084e-06
930,Groundnut,0.002306918850719785,0.019604715409936243,1.1970454002564095e-05,0.026934936895345107,0.9511414583899962
931,Rice,0.9999999927273017,2.289457329868629e-09,1.0065357235249087e-09,2.0656540129909855e-09,1.9110513041891697e-09
932,Cotton,7.118503076468083e-08,0.9999992162675069,9.930797368362181e-10,1.642727233735528e-08,6.951271100788442e-07
933,Cotton,1.9106177104060097e-07,0.8718925864690423,0.003623223294935561,0.12448163498533904,2.364188911999988e-06
934,Cotton,0.0005887512102934757,0.9375090038930921,0.06002132083572909,0.0006311950379028633,0.001249729022982454
935,Cotton,0.192792646171753,0.7654218386847471,0.002656431264425088,0.037313602270596984,0.0018154816084777602
936,Maize,1.0191059015937065e-07,0.01012770880939917,0.9692639519620991,0.020551333484113764,5.6903833797676675e-05
937,Cotton,3.6134141483705926e-05,0.4524488788448475,2.430265169742072e-09,1.7645173059909955e-07,0.547514808131673
938,Bajra,2.13928059787937e-07,9.926794136702667e-05,4.823248952991988e-07,0.9995644440960674,0.00033559170961058605
939,Cotton,9.866313847429547e-10,0.999999156888435,9.93079734899494e-10,1.2884788052868108e-08,8.282470659363114e-07
940,Groundnut,0.00038719491364525596,0.0017600096744100212,7.406712419871802e-07,0.007259964201610722,0.990592090539092
941,Cotton,2.0038561338045347e-08,0.9999737763754759,2.6144652168447314e-05,1.0000565661135744e-09,5.7933737701318326e-08
942,Groundnut,0.00017844026935509759,0.05333785386129575,1.0177336963749859e-07,0.06258292421772679,0.8839006798782528
943,Bajra,0.00013982374639082568,0.09373066386551707,0.00029198473462409096,0.43144127984823216,0.4743962478052359
944,Cotton,2.4332251871730124e-05,0.6362166876656151,0.00547339821620148,0.33532035198051097,0.022965229885800808
945,Cotton,9.297809259603063e-07,0.9992101679467962,9.93080394824803e-10,3.3418352637588746e-08,0.0007888678608447339
946,Cotton,8.890573277558671e-05,0.8288577546961247,3.4065178116928453e-09,8.421263978059697e-08,0.17105325195194207
947,Groundnut,0.00010533052401687878,0.0670906110827604,0.0005373578140898986,0.009247845989686532,0.9230188545894463
948,Bajra,1.0785492011373511e-07,2.5003824527913515e-09,2.9998204046437756e-09,0.9999970427607059,2.8438841710307383e-06
949,Cotton,2.9082071977898606e-08,0.9999809495387338,1.6155053703454468e-07,3.2204907933385828e-09,1.885660816621221e-05
950,Groundnut,0.00026215670415518803,0.005499627547029844,9.93899383276635e-10,1.7927613008873222e-05,0.9942202871419066
951,Bajra,1.2532076913438447e-07,2.7293924508575822e-05,0.00014531713286925334,0.9998076418783178,1.9621743535147796e-05
952,Bajra,0.00023505309324918167,0.000508262035585081,1.5375977428038848e-09,0.8097552326728564,0.18950145066071147
953,Bajra,1.1006274546669281e-08,5.672286838742565e-07,8.490182535428467e-07,0.9984912943542176,0.001507278392570236
954,Cotton,3.9113299924040244e-05,0.6190883875382113,0.0009381228731273474,0.2858253111152406,0.09410906517349678
955,Groundnut,2.0593067180988927e-07,5.651570778838863e-07,7.14660201065995e-08,0.033714567642580004,0.9662845898036502
956,Groundnut,0.0002729192172295002,1.3244011030655485e-05,1.9241649723437336e-08,0.03679123845149317,0.9629225790785969
957,Cotton,6.903296299806454e-06,0.779128694602897,0.0051002526391243355,0.006819322892890307,0.20894482656878846
958,Bajra,6.847757507473187e-09,1.509551530133409e-08,9.930238506774331e-10,0.9998789454231474,0.00012103164055585337
959,Cotton,3.4888267070436574e-07,0.998879869810232,0.0005696132897844578,0.0005501562040262419,1.181328656758843e-08
960,Groundnut,1.4213761121932245e-05,8.924891457535531e-06,9.93900773339013e-10,1.0809116982876839e-09,0.9999768592726082
961,Cotton,0.008524434896309805,0.7656466264857507,0.0005048271697128307,0.00498682999701211,0.22033728145121464
962,Cotton,0.008524434896309805,0.7656466264857507,0.0005048271697128307,0.00498682999701211,0.22033728145121464
963,Cotton,0.008524434896309805,0.7656466264857507,0.0005048271697128307,0.00498682999701211,0.22033728145121464
964,Cotton,0.008524434896309805,0.7656466264857507,0.0005048271697128307,0.00498682999701211,0.22033728145121464
965,Cotton,0.008524434896309805,0.7656466264857507,0.0005048271697128307,0.00498682999701211,0.22033728145121464
966,Rice,0.9999999923382393,2.6785197023124337e-09,1.0065357235196736e-09,2.065654014353587e-09,1.911051305449788e-09
