farm_id,s1_vh_season_integral,s1_vh_mean_db,s1_vh_db_20250612,s1_vh_db_20250624,s1_vh_db_20250706,s1_vh_db_20250718,s1_vh_db_20250730,s1_vh_db_20250823,s1_vh_db_20250904,s1_vh_db_20250916,s1_vh_db_20250928,s1_vh_db_20251010
1,3.1779647022485733,-16.0366470004156,-18.160099467306495,-15.482445455508802,-13.23769831539395,-14.802336263168653,-13.790863366324233,-17.073833535709177,-16.420729512742838,-17.910019525037676,-20.009626181285686,-18.353249255834704
2,2.959859322756529,-16.226944162737173,-15.733217677756713,-17.66082778602306,-16.13098271461046,-15.864103062030548,-15.747231150180776,-14.86793137858265,-15.197418114365417,-16.051036519599403,-18.540472799500694,-17.958114447608587
3,3.1360443234443665,-16.227359874502653,-18.31056910443963,-17.700669155150063,-17.895429613854294,-16.356707102773566,-11.5851840537985,-17.64281268315671,-17.145023846166623,-17.380734305474963,-17.666310682221567,-15.85837533964908
4,3.4439642569050193,-15.455547629341172,-17.592647649186222,-14.223275746773362,-14.764999887160675,-13.965658297128762,-14.07491574129754,-17.51234796260907,-15.923274775378765,-16.849505856438192,-17.45076350243722,-14.567214997182255
5,4.975526500493288,-13.989112794188902,-14.960242922997995,-14.799840409505439,-14.455331386767565,-12.025486512180475,-12.694158396579741,-14.014647847991688,-13.046541553254922,-15.163596610330996,-15.014622260372164,-15.157432304625063
6,4.301058059558272,-14.75465814898981,-17.65937998328075,-15.544758263259999,-14.54730151782669,-12.236238180915995,-12.594181022724973,-14.505249155789867,-14.500627879261538,-16.084355274621732,-17.341175456157107,-15.901694990333601
7,3.34043400362134,-15.769822623558047,-18.27709294066222,-15.085242029693713,-15.091411756653226,-13.149164875858999,-13.533262204686526,-17.0115599470068,-18.45532289501824,-16.84656108830295,-17.42718209007022,-16.5090720570971
8,3.708624668419361,-15.214910462110733,-16.16329751066477,-13.920194050253968,-12.971501580596067,-14.329397355241554,-13.410549836014699,-16.77024340393552,-16.51358772784567,-17.384339033630813,-18.126397327186247,-15.807261074478316
9,5.696859972551465,-13.361963253887252,-16.233646608759173,-13.669238717209332,-13.57519578398892,-13.991761118273988,-12.734451090470158,-12.920973278145965,-12.32288872053579,-14.018722508858147,-12.614703282411103,-12.736296984651041
10,4.628460310399532,-14.291364596504522,-17.23494636857248,-12.54797800798796,-11.988314273755137,-11.710268612036103,-14.985635572445197,-14.835976582748875,-13.658955318893163,-16.59021133408986,-17.286303443368475,-17.257274580654894
11,5.201254371553659,-13.887168775809108,-16.20504038627906,-13.507573022690897,-12.821018705766374,-12.259920143101528,-13.851208788870004,-12.231909424079554,-13.945395725817583,-14.866708438316692,-15.671464148521983,-15.630707816921474
12,5.439876990392804,-13.850598280166631,-18.13145010465589,-12.499477851979856,-13.929558099063378,-13.448126598986153,-13.006669446677934,-11.39622777065032,-11.664178139922152,-15.949742723556238,-18.53205249215892,-16.08936186994797
13,2.8476167041808367,-16.495279777114742,-17.80491457084217,-15.82054567110532,-16.406715604993092,-18.304013531215062,-13.777305368131765,-16.599430533856946,-17.31335199325199,-16.288212563959398,-17.691273077302093,-16.811630687864533
14,8.527578838169575,-11.418993886688112,-8.6414413659156,-10.604696952549286,-11.214287182432777,-12.016672886141894,-10.566884830167218,-11.823885458935266,-13.238311761055714,-11.499369745765515,-13.068331675708457,-14.198913040053633
15,,,,,,,,,,,,
16,,,,,,,,,,,,
17,,,,,,,,,,,,
18,,,,,,,,,,,,
19,,,,,,,,,,,,
20,3.1200945004820824,-15.928464994199139,-17.057779592432546,-15.034638855149804,-14.774547066061503,-15.483148451195945,-14.34582219980442,-16.495381330501594,-16.56299850722862,-16.687454264348556,-20.075716520601826,-15.201271560882695
21,2.3398476652801037,-17.06702466453717,-18.139367859191264,-15.915346131200938,-16.595862849792887,-16.32953850653362,-15.777822692433041,-18.59800861850043,-19.75996234014717,-18.035646838729097,-17.97887403949511,-15.549306167743662
22,2.4942936412990093,-16.961251088360115,-17.744277164407364,-18.363206245934872,-16.78813235311498,-17.8389867002659,-15.207001940671317,-17.646289332257428,-16.57287837144964,-15.771638752447132,-17.15633084630776,-17.582618662540504
23,,,,,,,,,,,,
24,3.4507852904498577,-15.538203152625423,-16.851463615120835,-14.546591678898267,-16.20788908151694,-15.471069557404943,-12.854298939904838,-17.399185047997527,-14.680224697899042,-17.39950729364536,-17.946633430616977,-14.816009956937119
25,3.060585245490074,-16.087651911489118,-17.835015285460564,-17.392638640073493,-17.249125743710835,-14.664158925071133,-12.310508181640538,-18.670799168695808,-18.950156012771803,-19.561416315592144,-16.152568886708334,-14.190500084646034
26,3.310078689828515,-15.735557567852627,-17.772864221615347,-17.82832884578869,-17.268001244331206,-12.49715454403985,-13.114079402675262,-17.034817937611322,-17.834602547309263,-16.4329449834638,-17.752490661118443,-14.666017983056234
27,3.1795397344976664,-15.961877186365257,-18.707459035089716,-17.47796335433305,-18.148721190104933,-13.39272023573519,-13.54399294512634,-16.5157070688335,-17.64128252298079,-16.842562501964583,-15.752175229100589,-15.237278623174817
28,4.41831786185503,-14.430423120513185,-16.395770720998563,-15.428982060370608,-14.204645975972799,-13.400738286789922,-13.861373053710466,-13.979823884967011,-14.626658449343683,-16.356351912474672,-13.593472365746608,-13.678688585326013
29,5.105188082903624,-14.10749857341081,-18.250553124699,-16.550434537254894,-12.515456700152631,-11.680229080544782,-10.906115889876622,-14.329038528409814,-15.494312131944989,-16.998790364175022,-14.937293017205015,-15.376401199695248
30,12.565020360052586,-9.921657303607347,-11.197720393483676,-11.267098629833814,-11.532685550932264,-10.381825616203155,-8.889597492396414,-8.289389113349623,-10.057435915998077,-9.652676546635215,-11.101382450833823,-8.424089705926512
31,4.990151423960924,-14.067176877488754,-17.16951912013482,-18.68604247596915,-12.638869510757376,-10.291792380495963,-11.098259369737065,-17.426973413418242,-13.511821648295275,-17.222927332728084,-16.34244839971347,-15.398139145118607
32,6.448723459616303,-12.901317868131866,-16.693322048039075,-11.56687433116196,-12.574435995984883,-9.988823662591166,-14.67996305368002,-12.06534348162921,-10.658884343715474,-14.654912174826269,-16.14719592430896,-15.950566501682777
33,2.622541959397495,-16.72305790191103,-18.16992339251367,-17.15210585036733,-16.288135649255018,-14.757024126164906,-14.779705473694353,-17.6807720210267,-19.28376072915163,-17.149964781107812,-17.82750933849046,-16.32213603121007
34,4.678720973432064,-14.160361928347982,-15.210088846999401,-14.084935147127426,-14.07348953027231,-13.048822892259299,-13.581718368580702,-14.85536187497364,-14.440386185992436,-13.824404803095824,-14.215120077586288,-14.689853991082401
35,4.007087199948728,-15.072242749573896,-19.151266697270255,-14.84050865465731,-12.700254578269735,-11.741249552166291,-13.12232765459582,-15.881863346143867,-16.876173875430325,-16.635374624835,-19.188099936813643,-17.81096100015747
36,3.133049312978983,-16.004039688716997,-19.113979941136982,-16.88486190930692,-13.880848107552541,-13.32274171720326,-15.248292409448663,-16.523654148214078,-16.504771782790225,-16.49293240275761,-18.4663772279132,-17.07669763554899
37,2.683252679184079,-16.74424388215921,-18.624720146276577,-16.932397015584606,-15.364415291257451,-14.925035092421696,-14.042794267316625,-17.77099412781557,-18.735957210022534,-17.342439798009334,-20.004390594040604,-17.33966267733308
38,3.4231308940798044,-15.699028991149754,-17.30072259203809,-17.090570441379967,-14.559084721643828,-13.945369841159916,-13.586528435893078,-15.1406691127862,-17.43434333419921,-16.587252658463264,-17.532322646944202,-16.254375653505527
39,3.4256144911050797,-15.488261671711568,-17.02726493173923,-15.317819484292531,-13.819484111912567,-15.627278289501433,-14.182213582759184,-16.216738869915062,-16.4910111066374,-16.473517669950716,-16.783295938304196,-14.37591822836528
40,4.766363242641091,-14.15367788537177,-17.589053814785974,-17.026714191052985,-11.141511854605215,-11.96080485096781,-11.888598290835525,-18.41955167178847,-13.501876357451348,-16.368621568920478,-16.239662096464652,-14.456158721777301
41,12.633171066641808,-9.893495565772342,-10.942801001481829,-9.544802918406592,-9.746979250924712,-9.59357687425025,-9.111528324815108,-9.298073144328429,-10.143208731875927,-9.821069813943918,-11.40293189395562,-9.834611311078081
42,7.817062905058265,-11.877245801398272,-15.406874516701068,-14.245401770742106,-13.68051110269256,-13.78673938334574,-11.776012955623427,-10.829511430107166,-11.309487706034334,-10.998568417347416,-10.969906811767506,-9.37411742784151
43,4.924214109778404,-13.812995787132857,-14.271579468070145,-15.343306698315079,-13.236373173006319,-13.324799959379716,-13.096241865141014,-14.053260975977643,-14.930724163313512,-14.445520107619922,-14.302015264024659,-12.11170306582855
44,3.0535443015396595,-15.776532892008202,-16.444416604039223,-18.06842538660925,-16.00580503722009,-15.23243428333122,-15.642999048585736,-16.69556516895699,-15.247081431143538,-15.526997212872951,-17.308852682458408,-13.374631512815203
45,3.7542862817645073,-15.0561205302094,-17.530304319181067,-17.035769477027184,-15.700181068756331,-14.365868922345978,-13.902044589883765,-16.684048415248323,-13.628148203296943,-15.182571711753871,-14.920846269705262,-13.65129931560146
46,,,,,,,,,,,,
47,4.9659713208675385,-13.930136124884863,-16.077958777612366,-16.380494110221242,-14.362845051815889,-14.025873006611494,-12.471850783413316,-14.397292189010212,-12.075126387774354,-14.287217231372683,-14.11664873825895,-13.034444067239635
48,4.6625295002013445,-14.342249853747909,-15.952429373501412,-15.903349924494076,-13.947586849392135,-14.454742914855254,-13.06765521433235,-12.760982542381008,-14.506264140638388,-14.602072876691107,-14.863216927848582,-14.474383762426264
49,3.303028481081128,-15.881469293246706,-16.168468142335385,-14.957324354658514,-16.812489902923005,-14.451614612187146,-12.737428599634725,-16.289773177021402,-17.496415918305537,-17.716960995689973,-18.089486910007253,-17.363790186793096
50,,,,,,,,,,,,
51,4.495520115830004,-14.64829946949293,-16.313475256171095,-15.517244184842822,-14.595478184008012,-13.560366908486703,-11.375614711674169,-14.68862481441559,-16.62991795447048,-14.867036035429958,-15.012113385291464,-16.98843504686336
52,,,,,,,,,,,,
53,4.860814416781068,-13.958354196226843,-16.25706470499033,-15.470631641506445,-12.011202295937125,-13.527347514357906,-15.136790766528412,-13.892353263554849,-13.268948575200962,-12.568918889064928,-15.664812252822149,-13.8166563117164
54,4.674199688248336,-14.50399219096897,-15.716221536092288,-16.082138262777036,-13.786934781077967,-14.944086471957402,-13.031201742378787,-12.066420487699139,-12.702043342978692,-14.754718564650453,-18.204938444238124,-18.23199555626135
55,2.8178654490038753,-16.56147384387986,-20.732890156260417,-19.46358050955475,-20.09280336152683,-18.530356085815775,-16.298493529529956,-14.662484559571878,-12.037611701987833,-16.869801140530033,-18.119344842027203,-16.7801843016293
56,4.6214279774576426,-14.249360915271009,-17.1329330627276,-11.88815170341599,-11.751134116531503,-12.091561674916013,-15.852496712251575,-14.91646386764721,-15.605681001147662,-14.628277023073151,-16.457951653329005,-16.899471550600715
57,,,,,,,,,,,,
58,7.650525905191898,-12.001303029807852,-11.01849300346656,-10.750830143431731,-12.449299154056881,-13.018157238829932,-11.125037469133227,-12.480665155267072,-11.805202962173293,-14.485140210037137,-10.732882159952148,-13.87039227259892
59,6.172460686415434,-12.86392377961717,-12.001789700368189,-12.249532833452594,-13.841336248366582,-12.798134691068766,-12.858085660877128,-13.215483506698147,-12.34905519626497,-12.630330261636802,-13.326486441610665,-13.773531745092143
60,5.9531055092811584,-13.164416970478651,-14.344959738537057,-13.55990362671357,-12.00746945920082,-12.715752761402769,-13.197063993686019,-11.889098163342108,-12.490673053856332,-13.999519056982805,-15.583415450146994,-13.115493384806648
61,5.35940483585,-13.518350189329425,-13.78554706730084,-13.694099122078905,-12.960478161600857,-12.285220185664539,-14.25450162074755,-13.541298311913181,-12.196538862964225,-14.568019691583693,-14.289762901946686,-14.397251887602536
62,5.662965511903167,-13.462870230386068,-16.031628805516178,-13.219972636435083,-14.069620450366054,-11.216859769660497,-12.019449080396702,-14.047449643217508,-13.070239647981598,-13.89683795079754,-14.382112356019942,-14.626157785644322
63,3.525526899844408,-15.559248461224042,-17.847041944958598,-19.094132513939982,-15.790083723932964,-17.129514920507244,-15.268385110837048,-13.894599688896442,-13.723816277200632,-14.416276708034374,-14.963403791772832,-16.46845707636923
64,5.7283511236310005,-13.297022619613623,-13.868512963722585,-14.669972251719107,-13.40273130184232,-13.622272085226694,-12.08503061321691,-13.522384066816366,-13.639781457862805,-12.341800516156125,-13.076356087619594,-13.310244894924123
65,3.6721532866358757,-15.454201260082076,-17.22793766737148,-16.73241611795932,-15.955463046782803,-15.129085295212462,-13.328786359728817,-14.567491007929355,-14.464189302424781,-15.879802908146804,-15.933243281669823,-16.969538161258527
66,3.2572304969653487,-16.009734202884587,-18.19490335885146,-17.360274047253167,-16.085059170863918,-14.988945239477838,-13.808459633045047,-14.84105166708284,-15.66105171665466,-17.549648695268043,-16.199167032965754,-17.53629629235577
67,10.883822411298752,-10.48019633107377,-10.422900134999937,-8.972392739571314,-8.889510293886891,-9.721252742483351,-10.288972546382261,-10.90125793282829,-10.897350570996194,-11.908261604782995,-12.163420909019955,-12.16246891014988
68,5.517318695783615,-13.610074387563394,-15.783717467863825,-13.394448506271278,-15.200427891925292,-13.225430223203691,-11.265263133735388,-12.932997860980347,-13.362545598206438,-16.476322397059928,-13.910630582882622,-12.951761604270867
69,6.596318073570728,-12.819967394869764,-13.205351713135618,-12.140140647317548,-11.998792514075447,-12.152937008067477,-12.069901300989574,-11.621625882312651,-11.648964335768175,-13.884063449187625,-16.83663789481694,-15.445828750656808
70,6.469438310712576,-13.103488838312385,-14.647436700586402,-12.859225399550859,-12.44079022976589,-12.786368644547473,-12.31523999284368,-10.315485647198177,-11.565312502593233,-14.68038867915054,-16.92201274830156,-17.470098024990925
71,3.873375043272972,-15.178774331479953,-17.011582305073073,-13.827394265008389,-13.524427152385975,-14.419060528952603,-13.339250040831917,-15.08117435775926,-14.930031878296289,-17.278256481088782,-18.39657193498776,-17.24057476879346
72,4.849545691162348,-14.000830636196413,-16.9400949750045,-12.825643009174035,-12.705347231844058,-12.66008406342827,-14.208675456440474,-15.638196603551084,-12.98352107628376,-14.040757031764503,-15.23136747532333,-14.838761463702085
73,4.544912148267031,-14.450760077548061,-16.34137107928504,-13.086553583458942,-11.765226218091824,-14.213172198833657,-13.46348187028972,-14.000125571225173,-14.72144129409244,-16.495218182090905,-17.177731623018655,-16.60191715441758
74,8.60724575445056,-11.593603681633587,-13.0055118485462,-11.786437664314185,-11.357870984535499,-10.755737685961455,-11.022404276573122,-11.120513340565438,-11.39531546848758,-11.720467508286468,-11.813923284702032,-12.411772174188068
75,4.652370996773243,-14.246922466002536,-15.600091566553756,-14.217045974188899,-13.32420930615202,-12.583556442901411,-12.912595308767518,-15.374985388383148,-13.930593241630566,-14.5635900482194,-16.190915729730506,-15.31426606268693
76,4.820795048028231,-14.10863195392517,-16.512410038176693,-13.760989707772014,-13.517579385976573,-12.738158859740931,-13.245723600124723,-14.132954615310549,-13.382145417716309,-14.746330310187448,-16.1902030468426,-14.349992150981613
77,3.8579770289361477,-15.183024840338978,-16.440621263222376,-13.425440220696899,-12.614237013957254,-13.879217021364173,-13.07936370577486,-16.3906124093372,-15.391835443521364,-18.55064630526296,-19.402946260576,-18.916513457067715
78,4.428514279425144,-14.49110319340302,-15.731238510450671,-13.419420341381516,-15.579606459500841,-12.945793957532894,-13.450682371863405,-14.241300065646836,-14.032619270433958,-16.632081249583713,-14.98733982779278,-15.359364600675427
79,3.616326017305255,-15.45038309568498,-18.314089414336802,-14.523533957342103,-14.705382278589932,-15.84806668061766,-13.228915329672947,-16.756258970051636,-14.296250540590359,-16.217939438796623,-16.175442380335532,-16.708253827791204
80,3.0326211769133806,-16.286099694434554,-19.78755317426223,-16.142393289223026,-14.649535436595105,-17.01676597796499,-12.901421994917822,-17.88730036619517,-16.126435685338997,-17.506466136966466,-18.36442364669615,-16.586539890386515
81,3.7926980378106236,-15.33230287089861,-19.76638855258912,-13.977930190461493,-14.291846715242507,-18.405295772931908,-15.14120857086976,-12.984190347401743,-13.835356022581735,-15.192117046956351,-18.513923003412213,-16.177749655244014
82,4.426810674369335,-14.563354006088646,-17.0307206892963,-13.774379690108168,-13.897377305726561,-13.627364137045674,-12.88501752722992,-14.290552986428668,-14.359250261269947,-17.118117659853056,-15.437832238563384,-15.166400157651987
83,4.216507265344262,-14.683043696035545,-16.76538441462928,-13.8566301117664,-13.002425728024933,-14.652699612354109,-13.242701157936823,-14.913291329335784,-15.377867703643961,-17.131272963775046,-15.311830886210846,-14.414926155391587
84,4.488255299627781,-14.414550780823632,-17.15125609671114,-15.189007481424781,-14.963710352698612,-14.983064007294153,-14.018649451147038,-13.363939646865212,-12.829517017335775,-13.018475900338215,-17.263719892567057,-13.75253223703343
85,9.733761962503195,-10.98348388704684,-12.796977907343276,-11.168300287315041,-11.697830125404412,-10.433166829286,-10.4481841521076,-10.959056566509284,-10.295921649022679,-10.975158531760666,-11.173935645281944,-10.444147212752203
86,12.143132708966732,-9.969360946847726,-10.63483512358795,-9.78480793730265,-10.989350555369217,-10.0679549785273,-9.776331756024044,-10.072754348328932,-9.391146596632746,-9.782182838290069,-9.739575946779928,-9.68480458816281
87,4.6987711898982525,-14.299409916126283,-16.989921187964235,-12.80950323294276,-12.354359878649575,-12.901222090102234,-12.873432446792865,-14.110939000131983,-15.241635730240056,-16.39042073454818,-17.940502000951316,-15.163927728442705
88,3.495311189442873,-15.336259406906292,-16.6375775641236,-16.527790972744288,-14.653661313761905,-15.345975525178153,-15.333803969902824,-14.963656572965302,-14.6550952867025,-16.63125550265487,-15.868656346718375,-13.740170805838982
89,4.300090737640858,-14.457836680444123,-15.270157078886282,-12.720557599879163,-13.52447177196491,-13.43823434888324,-13.720459579460789,-15.657139680755506,-14.760742832323103,-17.233129819692124,-16.26559819659239,-14.002032223338944
90,4.350087236613035,-14.429580416846663,-16.963039910095777,-16.30957453468547,-15.479938297253973,-13.61445097174518,-13.643250416912691,-14.236715968851477,-13.483488592887063,-16.2856376084357,-14.089883207245162,-12.440705088431326
91,3.990737769752741,-14.72326018752339,-16.46850012343393,-15.067941535469325,-15.238906181413832,-12.666513561641839,-15.59270772706828,-14.626304481406438,-14.037976609220218,-16.510062135656966,-15.685956897612517,-13.147227764383565
92,4.376284617930651,-14.241651984242608,-16.01410054114752,-14.259639692802285,-12.137477724587239,-13.71513394903394,-15.592185983487283,-15.495290421065578,-14.28250268240032,-15.045598428552402,-15.020760389262733,-12.635305615829683
93,4.065040150657296,-14.599213340486997,-18.664030366618018,-17.968376951055763,-13.65158922904456,-12.843987816233387,-14.761342547047974,-13.897653557589496,-15.941395487819431,-16.364689411600242,-16.428272609358412,-11.154309963430808
94,4.047641828656197,-14.886338608053794,-17.398062486457597,-15.357589614262858,-13.899091859428069,-12.920563908438696,-13.61754136957786,-14.288016623585555,-15.67325121943947,-16.545367916846807,-17.356490074690047,-14.300873118248719
95,5.844268882647157,-13.370368331984032,-15.990039065215015,-12.031103230879259,-12.366823133028342,-12.7943909328046,-12.420994168422471,-13.132589199149983,-12.530866900976953,-13.546490091212268,-15.396600758361723,-15.671597914464572
96,5.204428888857365,-13.848351550804365,-15.700261920402458,-13.257861509149198,-13.46899080589164,-14.394338930612944,-13.62838285387637,-12.288230245431762,-12.584226959955815,-14.515845579853426,-15.051674775870405,-14.867718226254258
97,4.420654054731131,-14.490395200434358,-15.0924592325582,-13.805012419446445,-13.199305829723995,-14.188107618523736,-12.878157184474261,-14.901057609329367,-14.544965018212723,-16.29996639671408,-15.655391502057853,-15.628553364765141
98,3.728128407150507,-15.299363712871937,-17.979175758989914,-13.487102287310805,-15.829357610210037,-13.119671231868997,-14.380096787239829,-14.598166396725192,-16.382171237723647,-16.72024803361698,-17.011811583522185,-16.159802107464838
99,3.7675204128026962,-15.232830594986094,-16.929004228023132,-15.0598223255271,-17.504703414756115,-14.225760549831882,-13.429864028532021,-13.954805080125718,-15.598768002475312,-15.657006508183919,-18.104343163064996,-14.33410649826052
100,4.968443814665079,-14.119916466478301,-15.91408995367698,-13.195325889117612,-13.518091457505047,-12.554821997055408,-13.298737180059286,-12.533693512586233,-12.5509530327002,-17.715145884717558,-18.179263445328182,-16.303727250738053
101,4.377862695604563,-14.663371516485908,-17.05894288895329,-15.181943463765158,-15.108057128986918,-14.728948020841413,-13.413678993682225,-12.836749654093982,-13.239810446859623,-15.265679767052639,-16.836169756701473,-14.98881944847174
102,4.514403831213713,-14.403020171655847,-15.971302919324618,-14.294715195857286,-13.165654989638366,-13.983963161944654,-13.527120810853466,-13.74168615624084,-13.944374903702194,-15.51559173793532,-16.480683073672523,-14.60848497925134
103,6.350352326408029,-12.795661229616009,-19.124476074791705,-17.09552727783905,-16.6720491198762,-14.97456719081725,-13.727350178434204,-10.85559366381043,-11.409053285891574,-11.730443636876316,-11.440607209271466,-9.80688295141278
104,3.8145206160843372,-15.208322668873308,-18.528558451091154,-16.931294657494295,-14.467859376210574,-13.433066699765586,-14.037790491107279,-13.586935073606789,-15.946488775956777,-16.858924344272943,-16.899622090879415,-14.401333580033107
105,9.76569190621376,-10.973322116214387,-11.042232069237883,-9.406042526692426,-10.244487864845578,-10.036124787758126,-11.046776015877132,-10.665752843112841,-10.66360268986957,-11.85967687613405,-13.946684535380117,-12.47679699001253
106,12.28208975493908,-9.947358577037932,-11.350387422221965,-9.1458559297622,-10.92427739621714,-9.653083252152344,-9.551317301391313,-10.48043276860886,-9.477034424460696,-9.819175469744732,-9.744132397573447,-9.808408597376776
107,4.442223351448774,-14.606191736303613,-17.58883140995751,-14.632683613374953,-15.347685078410414,-13.18552697462648,-12.670762795308129,-14.030517226923642,-13.858065312242998,-16.627078147816995,-14.890441133605187,-15.483625375192307
108,12.449280962347984,-9.854847694376614,-10.57536323065601,-9.438724937167411,-9.969686403660416,-9.701384081962782,-9.865247493139083,-10.180092176301427,-9.50489949377299,-9.804100805476303,-9.812572218363282,-9.805008086725037
109,5.599761217832565,-13.329163436931044,-14.054000746812969,-11.919649358299953,-13.49681071671763,-14.248919005387917,-13.154123065837457,-13.677933076419686,-12.508176733957722,-14.371645405633831,-13.283323455122991,-13.20174681034366
110,9.504595331847668,-11.11864692144368,-11.543249920191787,-10.973919307961628,-9.716688390717918,-11.786956188045393,-10.9152732379035,-10.584146560062342,-10.933160664296771,-11.687145650792274,-11.369216690549951,-12.213929202190116
111,2.733865823596716,-16.345769356656117,-18.263262322649304,-17.25150464990125,-18.151058512042134,-17.753258278759375,-15.024264789836153,-16.37638946333689,-18.07374803908044,-17.143990861217247,-15.387698746562569,-13.201203087009075
112,4.7213609386235476,-14.42475065116028,-16.41847922505819,-14.34845090278669,-13.390358141633424,-12.585682743063721,-13.47016332448407,-12.261352038226933,-13.633621398140958,-17.524104918017237,-17.34754938157326,-17.769820857159257
113,4.987136542797089,-13.888910478376694,-15.74496361526843,-13.821446649112074,-13.567009774425804,-12.033506604449212,-13.65289876877694,-13.572644515182116,-15.126548283939613,-14.703914403565248,-14.434417446076942,-13.366134460413404
114,2.620888475328684,-16.806747728569423,-18.029122870738302,-18.48397910813404,-17.738969202824602,-15.471956073122488,-14.793835129159543,-15.960815417304639,-18.201839504887246,-16.82698120231771,-17.978209213111924,-16.35272388845032
115,5.745684050023556,-13.34586451376741,-16.284245061083148,-14.530606356358135,-13.112419903375542,-14.489286508784474,-14.039135722433247,-11.746546142570523,-11.734962032799217,-13.064144423409845,-13.370449021163001,-12.93771373906052
116,3.2876237388700247,-15.753604034561153,-17.17584891821071,-15.545830216453593,-17.267034952957424,-14.333944112221946,-14.094914584913887,-15.744469258504068,-16.43659527121985,-16.196400030857202,-16.84799798905948,-15.20040686257615
117,8.960654262453318,-11.285701659852155,-10.55913485254492,-11.13848217233141,-9.678662588104956,-10.346650611697735,-11.723896932847325,-11.946104738357342,-10.63867381338822,-11.107772535337336,-13.307986133413028,-14.286573178526998
118,4.77596976980567,-14.193229894939492,-17.679124374439475,-12.768616761312682,-12.197452876047123,-11.595518917895863,-13.04370150890155,-15.79165276597375,-14.031711193808135,-16.814771743955014,-16.87786066120647,-16.112589421340523
119,13.967237569391727,-9.556206200700831,-9.84963396585496,-8.307735076182453,-8.021426534328615,-8.912782138979484,-8.23853805765486,-9.64338467956196,-10.193119364895537,-10.667620290094213,-10.558951207473704,-13.730149811470733
120,3.2953729145228863,-15.498611022765305,-15.918866500386343,-14.704275710031183,-15.861398584592676,-17.357087788237997,-14.430333049777959,-16.90487802831722,-16.57507060047697,-15.169326002675003,-16.230234050952095,-13.421309016237553
121,9.499664481729269,-11.116492577210739,-10.75164181527562,-9.730153502815078,-10.45057301287541,-10.944286541906349,-10.391632046410859,-10.785558773480815,-11.422166170038793,-13.41077603513694,-11.829156404009337,-12.671641305333047
122,2.659069648012519,-16.728681079670316,-18.25294943083717,-16.72960946665343,-17.189921475795177,-17.485914141304637,-15.451166815033963,-15.745743222119543,-18.049486172829173,-16.408052468870697,-16.232733714875526,-16.61876963777964
123,3.39469260815531,-15.503785100934975,-18.08947427503655,-16.049232172737646,-15.102927347773536,-16.824042123914968,-16.522240912487643,-14.69981357970984,-14.126823999963701,-15.678392251131188,-15.278016964158457,-14.198005676724858
124,3.101433450356126,-15.92218333468467,-17.663985835309376,-15.25069247921109,-15.641647814805484,-15.18725615717605,-15.105941657503493,-17.1092363611366,-15.883768146705485,-17.051257181902045,-15.59017773115053,-15.56763826568101
125,3.8559177853167057,-15.156890337016637,-17.492707910836497,-13.303739211408995,-13.029916671251232,-13.37747096583234,-13.536595580686992,-16.129034874009417,-16.613369939953802,-18.600957133549553,-16.531511153853835,-17.39283413432363
126,5.132690643891692,-13.798644548388932,-17.344094635182852,-13.513603249154212,-12.18299879573591,-11.99960622714505,-12.387578734472104,-14.336666855759383,-14.790733457481275,-16.169570214956153,-16.218616386348483,-12.622685161955756
127,5.752870839089155,-13.382042400847958,-15.991663408281813,-13.339200478092447,-12.787714577844554,-13.017927415083188,-11.643999617412863,-13.79491548351403,-13.357776157297723,-13.719079799321543,-13.781440879795417,-13.545110865411306
128,2.947348728775978,-16.103018869353487,-16.890369604668905,-16.674550221544763,-16.198199671016905,-14.084997724600726,-16.41429212642198,-16.329864061373524,-16.652069164575792,-16.06695476766848,-16.420610655335555,-16.015704336511178
129,3.4403968546539545,-15.566571773505922,-17.22648389148152,-16.758667536813917,-16.15981012620776,-14.309183616450746,-16.910873888247963,-13.936217954558867,-12.765534457200264,-16.2705666980374,-18.11446411447968,-16.28381340876518
130,4.494430862367153,-14.443016258899968,-16.545353311546545,-16.064452272538794,-15.14850119609251,-13.583748947922691,-13.87481563279264,-12.63909379024194,-12.162883520471368,-16.52596615503946,-17.81244874882671,-13.644230931361125
131,4.601151963695884,-14.075478189927894,-14.909546465949763,-13.28332758995844,-13.537802389966656,-13.374359334016447,-14.622146579770046,-15.16809509420959,-14.458133588642577,-15.272674813291703,-13.661877360908147,-13.163350511249783
132,3.635354194790125,-15.222909320869766,-14.730311871322805,-14.616018221384124,-16.447468368258495,-15.048657398787972,-14.744823446030766,-15.39322567380275,-14.388905536578074,-15.085282857403898,-16.062894744679426,-16.25373203106852
133,3.739544067531824,-15.321815920064756,-17.073561373314217,-18.439082106372414,-14.280191431565845,-14.20390501315586,-12.428777688911858,-15.299868676364767,-16.08798763155398,-16.768468164582877,-16.784433116090874,-15.074295929775534
134,5.525104958564043,-13.444203055745804,-16.01124051471108,-12.234462966159274,-13.335424902084902,-12.733245722134235,-14.505029342144294,-13.60990112619099,-11.66511025547166,-13.2571514502378,-14.491768452507205,-14.201403414015433
135,4.465469615533948,-14.531379872958377,-15.828142926745679,-14.559564305979116,-14.631303312439382,-13.2592449674367,-12.761355906484386,-13.318939595999861,-15.034215475181398,-16.258844886439334,-16.722505298737723,-14.728867991457948
136,5.7065679877996445,-13.36220191920825,-15.87141302753208,-15.850457312780824,-14.688665174181534,-14.36883251912632,-13.680633814128884,-12.0389268568681,-11.198632197102862,-12.836555346533153,-12.613411677592861,-12.960175242205125
137,3.70061257481575,-14.800721992589605,-18.792310815592263,-16.426000116266778,-16.087293939454288,-19.008361878779034,-18.23801876322922,-15.076154572824896,-14.098811679617693,-14.124135139590365,-12.519744706613833,-11.064920517127298
138,3.9095311537384987,-14.67470349969837,-18.73849963604432,-17.119940279760606,-17.039674279058346,-19.31763300634525,-18.054330299225544,-14.064300673958146,-11.680007547144942,-14.035988345668208,-13.693100469239576,-11.452956034774076
139,3.521524996496737,-15.326134518546255,-18.426354224388884,-12.435625881388262,-13.012632358511153,-16.6778025663286,-15.230167410309086,-18.170431104171985,-15.573261080240817,-17.296602691836704,-15.493273021756377,-15.13678403469504
140,3.732527934014797,-14.795146720534456,-17.04835486903576,-15.052774077491444,-13.034886279120524,-15.773366812858164,-16.57089733086794,-16.99063618086137,-14.350493906848696,-15.99668762770466,-14.287492073693983,-11.992591872269223
141,2.8383874464780092,-16.283618534637053,-18.372099988775492,-16.096043028741114,-14.968998731117033,-14.153299133490027,-16.412854528891284,-17.340474250541224,-17.224439047998324,-17.23455073220347,-16.48251775012507,-16.14491031444619
142,1.7611716818064451,-18.088059156491667,-18.53474800296553,-19.137275450077883,-18.29347902155128,-15.057016219896472,-19.833943618864232,-20.174391846434553,-19.79632901829332,-18.084590161534862,-18.54379681894326,-16.369349416320492
143,4.5137385204434395,-14.458015744174475,-17.71377567133142,-13.030302022637423,-13.110969168689671,-13.664476341308095,-13.755825656812178,-13.730341151883591,-14.291226094509,-16.054152765959813,-16.69335850460674,-14.979027614101998
144,2.320788273587823,-16.87959845970552,-19.752687197169138,-19.402516564598574,-18.716239982965867,-19.511318542991894,-17.004179947941015,-17.815731760639796,-17.811212913866534,-15.330185283800898,-15.725402094993981,-13.066633344302776
145,3.3453474696725607,-15.830203817024165,-18.016971673779185,-17.636419954258418,-15.762333968094445,-14.2843903610739,-13.072162736250643,-15.15455687067059,-15.997993518982636,-17.80665458357393,-18.544580161912506,-15.395122172585712
146,4.101223222911358,-14.805637982786957,-15.699670746260141,-15.81848137374842,-14.258777353701884,-13.547523699539084,-12.975840690331923,-15.15657827912718,-13.86925051177153,-17.023710008578647,-16.52073809463787,-14.96894082209086
147,3.699432274326682,-15.290868953341196,-17.763953936214772,-15.694864545859081,-15.627517550043347,-13.42760756927758,-14.237801227484777,-14.549969752029195,-15.52093482070173,-15.867834525620829,-16.651007271842396,-15.094405140785048
148,4.034352600574493,-14.910496850668615,-18.346659670804705,-14.931314329018477,-15.231579817631577,-13.653246195057926,-13.515601131392646,-14.358426175202306,-16.428683316432224,-16.541651721814596,-14.307372371152118,-14.004983584884322
149,4.559694156982005,-14.539783955894482,-19.14914346344935,-14.442223853736262,-13.588971421337071,-13.315696027455697,-13.629321769569085,-12.963209868556437,-13.291230592898604,-15.492510363324307,-17.18040030932585,-16.03007311222297
150,3.685794185847044,-15.298437450453937,-16.91529212911999,-14.973710743968171,-14.580908849560291,-14.513192505392823,-14.073729266333697,-14.630687453859876,-16.178104961723815,-15.522450815660392,-17.503450813804346,-15.319525146688653
151,5.056673459708691,-13.950046310681463,-17.92073741783172,-14.319049318719166,-13.984872850341869,-13.731432067844016,-12.758020751598107,-13.467403374927775,-13.115615547154668,-14.369025415391354,-14.043409523879193,-13.516292563638547
152,4.051539950072765,-14.975992641439003,-17.753924750333788,-17.60987651769771,-13.929808614125996,-12.693225388495863,-11.896276175576041,-15.084701913909997,-16.67818655115631,-18.52594008788338,-17.2360938964979,-14.026927889341643
153,3.941983111202717,-15.042806416829322,-17.05393298922519,-16.08058537082555,-14.73911147241338,-12.18831201775573,-12.874853154857039,-15.1592783160699,-15.388573300242754,-18.12031708083334,-17.760668277010517,-15.000828236001809
154,7.143260202370584,-12.449867104851872,-18.451000336428617,-13.127012798558608,-12.563474175773699,-12.88350251035361,-12.277947026849107,-11.179314260981103,-11.242493841152736,-13.910747032799776,-10.994435248577542,-11.654792897582471
155,3.9517396800220013,-15.003226712994165,-16.349752791755325,-13.580436017449154,-13.368216186612916,-13.396919466309447,-13.932247742536806,-15.523033354604356,-14.180763565093578,-17.668386139481004,-18.309471116938823,-17.291194540799072
156,4.522596035152674,-14.465762276759207,-17.713588357992446,-14.323771548842165,-12.08875628631407,-13.617467687803483,-13.648316544054769,-13.986889300206848,-12.882747399524687,-16.558250278976203,-18.501869753852954,-15.58342890919948
157,2.413726167753339,-16.78229785500601,-18.962185943156918,-16.963348048617036,-16.370845637980768,-15.505127262462086,-16.958842720639723,-19.050973939144853,-18.20246379504901,-18.918404534010385,-15.521526675084447,-14.298793241841231
158,4.822254949249327,-14.329272831080782,-18.769305613500332,-15.17303160401745,-12.03821400073495,-13.57886044337916,-11.922196707476704,-13.378433594382466,-15.268391097377593,-15.243083795779073,-17.47141492906956,-15.049251521743033
159,5.008653525263071,-13.98934219116536,-17.553977902441545,-15.045772537297522,-13.429722720463,-12.73958630603454,-13.022451571065707,-13.924100339058754,-11.679247273289889,-15.00153202763416,-15.935189633868967,-14.412333332622769
160,4.52145529165864,-14.444699321203542,-15.669227463932756,-14.328523465355648,-13.737967638018215,-12.542355226372361,-12.820462695314676,-14.642015258251016,-14.275366507009927,-15.497163187202382,-16.85809003241651,-16.088558835938272
161,4.312775809317827,-14.548051745472106,-16.575494876529525,-14.767176471024522,-14.499400608917943,-12.714820090897526,-14.014792198958528,-14.741881188513448,-13.961724939841888,-15.179211442106917,-15.445578459502585,-14.652670330092299
162,4.310650957748294,-14.51011510109934,-13.476489413474527,-14.181392962450545,-12.527042369076554,-13.981704848657618,-13.15318932690872,-15.397057059685073,-15.753337355663131,-16.18485425673731,-15.974672369718041,-16.60254032698354
163,11.180026285350323,-10.353949621505976,-9.441904945757257,-10.294061408254313,-9.402345685019721,-9.953525799262747,-10.422180973036209,-9.67185024929708,-10.160867303915076,-11.344645771982451,-11.843181370178073,-11.870851907585052
164,4.917415643110871,-14.191085125550746,-15.086243006213952,-14.11845752843611,-13.794406145747992,-13.848669718197096,-13.497470023654056,-11.878284774692622,-13.008284651593694,-16.084892340258875,-16.368895023291213,-16.787242426685204
165,3.9906809851527214,-14.983547974280626,-15.681013227888732,-13.117960171877028,-14.630396355382512,-15.204578023853712,-14.04710535972385,-13.921773147370347,-14.834619779028547,-16.561315504873978,-17.087297359670487,-16.454165923506622
166,4.470887146890163,-14.562325800495536,-15.483936490532619,-13.673797089409232,-14.020451764076519,-14.30470999276126,-12.976370722314803,-13.442249448069912,-13.980504522549268,-16.159287769450515,-16.943047653657242,-16.627813416307575
167,2.8204394448548555,-16.492053729000983,-17.847359035317247,-17.2479367790914,-15.991460593317079,-14.694193599999288,-13.911589944610078,-16.565678581461224,-18.399803528839794,-17.906066812580526,-19.26801475850368,-16.063239633719476
168,3.439608134329319,-15.596281133897058,-16.681613424786317,-14.671965680459827,-14.418330621243225,-16.439435219832387,-15.185123786332293,-14.736755206993248,-15.634457701183624,-16.647758475139117,-15.54677521062952,-16.886429632987948
169,7.628776598721743,-12.243427663963299,-11.893885355920709,-10.562127263393286,-11.524115784277189,-11.28277826664607,-10.372909083451137,-11.823257383174528,-11.2605000077134,-14.75393242894295,-17.221588293944748,-18.387035930967347
170,2.6754958145320415,-16.612893031762653,-19.03566770458718,-18.431938520380196,-18.60579646087633,-14.085805510807127,-14.881016712156836,-17.71514397271301,-15.6713877126903,-16.89901045442801,-18.459304093363993,-15.641960079728905
171,1.7521019093692303,-18.36500488373876,-19.439253959331417,-20.820144991121182,-18.854600690843398,-16.148762490667135,-16.872794984098725,-18.95579939604972,-19.056779733515558,-19.615054203341536,-19.644284895863716,-16.717159005201083
172,3.197632972151041,-15.750183544226772,-17.60818885261387,-16.731421292676675,-16.312362186503066,-13.289352434925942,-15.143405146404017,-15.828858816694865,-15.664683316485364,-17.45135049236354,-17.74132012231822,-14.138344104888393
173,9.926329784095287,-10.943533354239484,-11.196173089209356,-10.744078184947753,-10.047612858592764,-11.967286233667885,-10.375011358655934,-10.032557431800974,-11.113296816155774,-11.293666841333891,-11.59013398235744,-11.54192199721817
174,4.943928971886635,-14.192668185329854,-16.428812703425773,-15.263891683407236,-13.68058926003725,-16.884665490127635,-12.408158793856039,-12.447082108753552,-11.334095314530613,-16.908760341712863,-15.62048636741472,-15.334627811401603
175,6.811698976904154,-12.73199730416106,-15.05602571365728,-11.064119658133336,-14.810640027661023,-11.134189798377447,-11.944389793216256,-11.67318128477405,-12.888605069210051,-13.306636775113676,-12.849844546736481,-15.001113142088302
176,5.571950487792492,-13.447489411539857,-15.282752591412587,-14.428330414842641,-12.205143673802928,-12.024548283150656,-13.230406350698834,-13.86804124311876,-12.526418251778175,-14.464487787226549,-13.120878585845766,-14.619982986823866
177,5.14294021949172,-13.73778692223663,-15.100970810717381,-13.608637537664986,-11.58765842945482,-13.320497821580267,-15.137395090083306,-13.381778128372046,-12.495254057222082,-15.663833177793835,-14.172495602389896,-14.652840831195215
178,4.576349101960659,-14.46016639527267,-14.646078819085336,-13.925196894871252,-12.247900944542568,-14.111668021771981,-12.066825768350437,-14.414799171381109,-15.123924050257285,-16.73374176229373,-17.65378870597463,-17.58218634433197
179,5.25133621506393,-13.65434881973419,-15.072219464271763,-12.942899543885144,-12.250160092660387,-12.64155687354221,-14.303935852444505,-13.753320610104964,-12.37380466170978,-15.048801879734587,-14.99179296923094,-14.54597619496797
180,3.6131834127008915,-15.306696240523696,-16.37256974628165,-13.878488646331125,-14.076673312031932,-14.937748408006609,-14.820722259567145,-15.140467378227342,-15.511642875863439,-16.457431718130003,-17.560304994845932,-15.582539823606197
181,4.5795772187411785,-14.380024398561657,-15.552615962635274,-12.630186477157759,-11.775393469103472,-13.90068514713358,-12.740748732479085,-15.781735523935742,-15.08681345599458,-15.900306314799783,-16.812744244549567,-17.44445915225339
182,4.827348232269287,-13.93523856390626,-13.47013778466379,-12.627503916807065,-13.181372159173101,-13.815843698770852,-14.41279765170173,-13.579239620871824,-14.622502554086843,-15.601749600805029,-14.671221891257932,-14.122500174492487
183,4.700641226023436,-14.20283872992048,-15.559533520752002,-14.436852492304993,-13.508768708119845,-13.0704991602277,-12.673892484603604,-14.74950159523737,-14.699907637922053,-14.788541749010362,-15.021340939220822,-14.416635882626617
184,4.335035070776939,-14.575242190306524,-15.796113014355642,-13.543503785419249,-12.378348177660756,-13.354274047727897,-13.181202023923817,-15.001081925601758,-16.061971798841743,-16.448765522224452,-17.269423260739053,-15.483405777781766
185,3.596086274832487,-15.376478125832323,-16.658684148961637,-15.354071096396801,-15.017487396029326,-13.275295175852657,-13.435330458474755,-16.17032121758952,-16.220591956089958,-16.789086186054885,-17.47333101572977,-15.451790679140306
186,4.391254764050245,-14.484389298709093,-15.79204139286677,-12.88459408652015,-13.795001929566551,-13.636153999273876,-14.143224479483138,-14.012417134644773,-14.089122780826767,-16.101388970779656,-17.140418280304754,-14.925262391535068
187,4.81961427256465,-14.064730945651679,-15.684020556638869,-13.483331638051164,-12.677410725915967,-12.736173799366659,-13.491874615655508,-14.233710336391859,-15.439689018926055,-13.872106463349747,-16.119330931732986,-14.361836532031225
188,3.044060491025448,-16.111543245843208,-17.130220057708836,-16.72189376498219,-16.02739116227717,-16.1528961194075,-13.758433246327664,-16.62515907337124,-16.537381769851866,-16.535461842425065,-16.997860061532432,-15.723344294845266
189,4.7686284855008125,-14.05390917379502,-14.643170165251554,-13.670728007752551,-13.198827462990021,-12.173460472873534,-13.596621379002434,-14.279579408667713,-15.26250731813628,-15.259955274380445,-15.44455930270093,-14.167555209806626
190,3.4493151493370533,-15.476313122802217,-16.734861841055604,-16.275654127097212,-14.671026477981188,-13.67840931097762,-14.767715240617347,-15.447395736683116,-15.944867406174424,-17.190803823928476,-16.451115882268773,-14.874188422821152
191,5.1791209615767,-14.042776106464324,-13.963688352131223,-13.689420274987596,-13.217570944182446,-15.263742856900684,-12.266235030118107,-10.946910448428584,-16.236266403487026,-15.57332967830137,-17.500184186176746,-16.049808563537994
192,4.339549016207457,-14.614756330554403,-17.115147645279357,-11.735378665932725,-12.571711738586735,-14.120799176477883,-13.112123258274273,-15.017133227690652,-17.198771708708346,-16.76129847237806,-18.017110793402892,-15.410249826581337
193,3.7632696591317654,-15.217308003083197,-16.77970101337637,-13.182366178424607,-14.206209036171147,-15.020380895229028,-13.37437059382243,-15.720523714698489,-16.16775093252592,-17.550942539771064,-16.646960391773135,-15.824717885121238
194,3.7667102124542,-15.374092808208301,-18.01468030005362,-15.24905792516388,-15.706003980747097,-14.429919347441691,-13.52740911269224,-14.173574868711595,-14.55804045108049,-16.280414292553125,-16.772818453954947,-17.14099347343197
195,3.841951299458742,-15.242701790671854,-17.651984019164843,-14.55613257329681,-14.320890163348107,-13.84901334318383,-12.566186696433743,-16.10944715901619,-15.174058481378111,-16.76657896141939,-17.72749729796018,-16.89059257221276
196,3.7105436380952597,-15.39606047606388,-18.958889971519287,-14.29599559097843,-15.478382232376777,-15.172101713434355,-13.221157421747268,-14.33403825149653,-15.655989323500862,-17.305221747537576,-17.19491548104773,-15.12993129508631
197,4.5616019032895565,-14.44246658747887,-16.92821097820742,-13.471533342265712,-13.503059239282837,-12.620053221137882,-12.84208049063714,-14.04111229951914,-16.15612039596723,-16.101932268278976,-16.049668489791316,-15.236277746733567
198,3.760861052200198,-15.475379810665661,-17.93362364751353,-15.517305996337091,-15.215318362930272,-15.33178425803242,-12.830469683312701,-14.176768987335981,-14.726505025599137,-16.88059914181553,-16.76802345920957,-18.4421964486971
199,3.9315403886139393,-14.912933045271677,-15.059643632767079,-12.79289227056454,-13.190559424368749,-17.329752549569058,-13.971403931673457,-15.118458194536139,-15.036457125051825,-16.56911342274869,-17.324934079640872,-15.278242781744773
200,8.484100297093391,-11.507693036702202,-11.53373127420837,-10.53367871902382,-11.185640293187571,-11.88461086900788,-12.097086381465939,-11.150115778114904,-10.875118137263616,-11.656382743954552,-12.91809741297985,-11.703289283352982
201,5.129637166857719,-13.73263118829035,-16.66459385147143,-12.242737247597987,-10.98315435133884,-12.03084330139895,-14.428660086261116,-16.28353821198123,-12.684881154515999,-14.37312161643009,-17.01753852667164,-15.24635376081072
202,3.3301560804247856,-15.559916675121181,-17.08109460692494,-13.047851463232101,-11.953139982068832,-15.237956270476644,-16.33226356602192,-18.04076457230344,-17.39679140030453,-17.70435790055368,-16.851279866345266,-16.92216486842907
203,3.4942538514733315,-15.37344425191814,-16.519144517518694,-12.855557742961386,-13.098387995446966,-14.33625056320743,-15.970893757774551,-17.248786558316112,-17.70124398249528,-16.212055220930942,-15.95325079408327,-17.031321349987326
204,4.305058283731341,-14.536997990844132,-15.223167057159388,-12.033145632503373,-12.10657124854264,-12.485997651562254,-13.995733762492614,-16.538044595126234,-15.938086352274588,-17.100118649000926,-17.946029727919047,-17.42314051232101
205,8.454793073236942,-11.484508477117036,-10.07710875432021,-11.441388157211716,-10.131793191934499,-10.670683509703682,-11.321656515892865,-12.006831216496444,-11.680301021778421,-11.884591892418381,-14.205521706113037,-12.981070963983532
206,5.730044145137072,-13.29032680486437,-13.995406139055355,-13.899213360782765,-12.10183541313212,-13.958164415519787,-13.504919378182496,-12.247910039062706,-13.188929282088903,-12.99408207396376,-14.311328070658256,-13.287467845960794
207,4.452759677544236,-14.30928734472738,-13.886559758622228,-12.594773199826177,-13.04432092837131,-12.77197614698964,-14.010734055200233,-15.76508482393904,-14.183035841754421,-16.219942141071744,-17.11450738947571,-16.069579784413072
208,5.414163049310446,-13.43286082422599,-14.036111279287722,-12.634634288963015,-13.186376543476637,-13.999596060294415,-13.366829721859592,-13.521531502598751,-12.800834281096435,-14.385085729555698,-14.382354659932094,-12.521958395519878
209,7.730429649353027,-12.097716890502335,-13.542043951180627,-11.506210175006814,-10.642435238760013,-13.993224642980849,-11.304354701929725,-11.471714507175735,-11.129505250678617,-12.160160327789416,-13.359999771617135,-13.324591586673382
210,4.843481261283159,-14.069022300430378,-15.428234136826601,-11.326237352329363,-12.730788353730116,-14.609370303797709,-14.06697047798205,-14.297515503422888,-12.935419722248911,-15.460003210492392,-16.626856400984888,-16.17331865130599
211,7.149313107132912,-12.573705595097556,-13.975064426671704,-13.311976026398698,-13.997241879758457,-14.963525677906906,-11.177480901361598,-10.089826253874234,-11.958939054387162,-12.441482490770984,-12.907158622387529,-13.154308031502728
212,4.734246410429478,-14.164501022125256,-15.396883838918168,-13.688936400403842,-12.553061969979256,-12.800732838890045,-12.724709635503043,-14.564759921978212,-14.764195291511271,-17.441762138714722,-15.715099457115878,-14.309522040733851
213,10.039879247546196,-10.746210888600395,-11.082544083462995,-11.142776688019701,-9.888615610434986,-9.9829986712787,-11.272524763864267,-11.825531788222365,-10.274122124858378,-10.834154865656629,-10.25237266395269,-11.349426642072205
214,4.869741395115852,-14.058157367329073,-16.34267630186248,-11.76619145491257,-12.728695664330825,-14.00637322703754,-13.006436835519018,-14.727119969717087,-14.79650767402992,-15.264819143759585,-15.406581935422214,-14.62124551828703
215,4.452234875410795,-14.478782981654712,-16.101417980093508,-11.88938111668129,-12.639000809394469,-12.788091169600586,-12.586007588350608,-16.945975913567917,-16.510907538631947,-15.561457345185914,-18.897297342030775,-16.60396513659461
216,11.43162015080452,-10.286775168751308,-10.208614678390813,-9.470208813383403,-9.985165298562416,-10.16893497340174,-9.988024463159523,-9.829005728790499,-10.468258995154567,-10.7237776506499,-11.15450877253675,-11.196841815067526
217,4.60342638194561,-14.393845032369013,-17.845045078777854,-14.649994198322332,-13.982017477496061,-13.34360259802801,-13.955135688072584,-12.988148584298466,-13.83856799743455,-14.930937661101865,-15.424489962238274,-14.684776168820019
218,12.077251553535461,-10.024899575005817,-9.953864030271708,-8.756956350130572,-9.561577189937672,-9.389427106958832,-11.14400104402498,-9.30930660413784,-9.721903406839537,-10.763632979289806,-10.91051796191062,-11.630220174479987
219,10.437886331230402,-10.725017057170623,-10.711476375705304,-9.287489112997767,-9.785341770723518,-9.83397670906358,-10.6666717530358,-9.643329984737834,-11.216619548502882,-13.14952720944582,-12.679443911225123,-12.05579125164735
220,4.3077512383461,-14.768492452271637,-16.750292002845185,-15.571974556505094,-12.201774000151783,-12.694468591332688,-12.423846402809772,-14.764640157174451,-16.07543781112879,-17.46524729326644,-17.24564284071558,-17.30369165512951
221,3.9850959330797195,-14.991296109221379,-18.73774767051878,-14.470419224106127,-13.116253764541986,-12.465112375361496,-12.980789423042323,-17.042620335084706,-17.128198316439704,-15.997735849941286,-16.69333432612354,-15.805817111869567
222,4.090500343590975,-14.842968424698137,-16.7203618859042,-13.80998013728834,-12.158440001271886,-13.210795689916138,-14.262360051484432,-14.828385755419184,-15.99668601871548,-17.39907348990358,-17.072877537475073,-16.36634888285447
223,3.6335553489625454,-15.378375850051054,-17.139544434066345,-15.329063702953585,-13.419213067462978,-13.361124985362975,-13.302946501658575,-16.706598666766727,-15.272021004226586,-18.236319399135745,-18.5644155518717,-16.409209447359107
224,3.752890471369028,-15.298822088034083,-18.027810725199767,-16.284145696453614,-14.07547147029912,-11.07244016207912,-13.041763112633246,-18.14506425263063,-15.320529697729445,-17.351522729034205,-19.281142744536893,-18.49556551519897
225,3.131073829717934,-16.242230972519362,-18.50662480873484,-19.541886816907184,-15.037570385068452,-13.36883710374998,-12.450998275887065,-17.508981646096046,-17.60113509718181,-18.20218425703134,-18.52484546517187,-18.603502511099713
226,4.182989325374365,-14.817520781313329,-16.666618106304107,-15.718529043219409,-13.473643180064471,-12.806084450802299,-12.3906116505133,-15.567357534589592,-15.84441911340478,-16.34016446323987,-16.360134643223276,-15.799619657212382
227,3.901967966929078,-14.707777662516921,-15.11672825217069,-14.936719433955187,-13.590529218546408,-13.935352632593045,-14.287710917933104,-15.266029639463657,-15.734031679579118,-17.595807528019176,-17.50967480640032,-12.050504143146322
228,3.5753883831202984,-15.515148906598695,-17.073048847107945,-16.920003430893402,-16.410038981882657,-13.820294287019737,-13.185013237104306,-15.603650479700002,-14.231392109606706,-16.69893296983124,-16.958538716576477,-16.626698655097172
229,3.914031732827425,-14.929125315445573,-15.721217853022813,-14.455972975184096,-13.450986594316634,-13.41488941384669,-13.556548833759148,-16.080687731393322,-15.718271285118046,-16.171882412506175,-17.986909010028032,-14.883067842047657
230,11.787872426211834,-10.179404713290637,-10.10538156292685,-9.48430120230881,-9.131025413160897,-9.128883190102975,-9.868230287236726,-10.192585579516036,-10.06057882149318,-10.720193968092834,-11.71838274722077,-12.552437888066056
231,5.445838898420334,-13.577534808797617,-15.887923425262935,-12.742506037388743,-11.365331794263238,-13.006184194149737,-12.99666711048063,-13.747249205686003,-13.585383182186083,-14.779356801992085,-15.110036933263746,-14.37735644022367
232,4.83380594663322,-13.947832132552808,-15.507789180557133,-14.010714296490152,-14.105856970063776,-12.037377763069726,-15.647738510245158,-13.490336079867209,-12.516042859166996,-15.248214944392897,-14.991397743757025,-13.557817910127994
233,3.6550640054047108,-15.308181503668203,-16.084281230121103,-15.34780895711691,-14.74689835464726,-13.523277400207917,-12.805652276136772,-16.63962265906931,-15.99043509246745,-18.578445216759025,-16.937206840791376,-15.315206132493993
234,4.800376944243908,-14.092495890192861,-14.61661443854071,-13.334769691443796,-12.191431417900889,-12.538026273340964,-12.812319031518744,-14.863892197133667,-14.462815180227697,-15.935078272400581,-17.794052701928095,-15.258798193697203
235,10.363145716488361,-10.692000776663182,-9.501435469144452,-8.861854654180576,-9.03455080790142,-9.689594757921311,-10.165284113162837,-11.313918656184999,-10.459603660053853,-12.87407289168228,-15.178678038436946,-14.41073406860127
236,4.369276475161314,-14.54948543786423,-15.727111095718966,-13.978890179258592,-12.666541363903574,-12.882637427627241,-12.583551163650323,-15.748297437473344,-14.95785025144405,-17.0691460664218,-17.77927242458873,-15.465811213753927
237,4.475354913622141,-14.462778606212279,-18.25601130280952,-12.975785796712447,-12.600510970956744,-12.833418715755101,-13.012731264782198,-16.03889083176462,-14.240033759830581,-16.086034995540352,-17.311897008865472,-15.262561396177087
238,5.677516456693411,-13.318459853621835,-14.129944754680865,-12.170518623410958,-13.17018217939453,-12.922415333928486,-13.334241828854658,-12.988419978419314,-12.61153461777469,-13.558970969876402,-15.462451647736923,-13.638005112658519
239,3.2626763926818967,-15.683656095445247,-17.02781717039337,-15.743480106615927,-16.18814388902222,-14.346025739240387,-13.941469442479539,-18.08302534025526,-15.212688579473909,-16.462889845565385,-16.643824615801726,-14.863606359984242
240,5.165952896699309,-13.802978249922147,-15.55935500627971,-14.901235395791597,-12.427780712243282,-13.222702866134624,-12.952138805569302,-13.605496502342405,-12.459327439050362,-14.887730115386404,-15.29990759804633,-14.129147557064037
241,4.188182137906551,-14.498227901475493,-16.277026416035955,-12.923570338375885,-11.881948714456303,-14.923705480100399,-13.818756330813851,-16.517003184423743,-15.523395352910125,-17.40717823905129,-16.729961103734617,-12.829419558569455
242,5.098011530935764,-13.812953844161573,-15.255835886579415,-12.23199597858538,-14.192822070711724,-12.558165740494239,-14.095496142873888,-14.305567331107616,-13.241594604910711,-13.382489823755614,-14.527499120562348,-15.555783494940446
243,5.834190594032407,-13.270704170667372,-14.954510774235468,-11.91391529833252,-10.415552924199371,-12.080522460933501,-13.613215985740897,-13.25121674192413,-14.11147371522401,-15.143793693770139,-14.781152492912458,-15.48184189628681
244,5.159482581540942,-13.700526089598393,-15.659322805048761,-11.68107101053896,-11.555712097871131,-12.107903118757527,-13.176163422581983,-14.450744410958489,-15.76077167113912,-16.98146065127021,-17.113389041582785,-13.011535637325316
245,3.4127863124012947,-15.629687930382337,-16.780358707127053,-14.08236403417215,-15.372130903240997,-15.483806093890195,-12.883413574542049,-16.785037314692723,-17.726750515205165,-16.885847495219615,-17.794684569391165,-15.264382507236219
246,10.867323875427246,-10.388481189798844,-10.050446174199122,-9.275316739658164,-10.338253807332066,-10.43780803178359,-10.73274043142237,-10.146032508788155,-11.28599844305468,-11.639327983563433,-10.436156661877956,-10.001385379106134
247,4.944091055542231,-13.803907410423342,-13.610016657770503,-13.380630637430206,-12.4630873558105,-12.560394875224581,-13.48577392046022,-15.675123594591662,-13.328499456170162,-15.685759480102256,-14.92214158870868,-14.282019778429088
248,10.749031148850918,-10.562709325783361,-10.005489448758151,-10.018157045162301,-10.437739674439445,-10.352745369893594,-9.83048642081981,-10.078827422637687,-9.988295525830738,-11.559639098744992,-12.489134976894785,-11.69081534051901
249,4.827806152403355,-14.022399041238103,-15.797800122339256,-11.820314196088521,-11.207205514273163,-11.89864401348856,-13.66126573040007,-15.981548033835109,-14.910594957848922,-17.60617645342098,-17.869908551986573,-15.311515093744852
250,3.9431198593229055,-14.875032175655836,-16.804576839330853,-16.02082781285274,-12.7229401325199,-12.461052017217604,-13.927833076465673,-16.17648870288308,-15.032933081709604,-17.09075797496666,-17.83805380306014,-14.26461518177377
251,4.071272414177656,-14.82128817537863,-16.13843786908638,-13.219407273066805,-13.607608033127585,-12.349944488283489,-13.292419442784562,-16.513510703451164,-17.306586826592813,-16.607206325526,-16.815652758254025,-15.965254999286971
252,4.300697788596153,-14.507344060951059,-15.358403117529814,-12.92093159452586,-12.422812401537712,-12.208139207890644,-13.328256612690016,-16.69340459521321,-16.98970337617989,-16.756821884544667,-17.625172574888687,-15.169944048413203
253,10.383695527911186,-10.628927914127988,-12.01524814303764,-10.41858231637618,-10.53765439409439,-11.348164175170899,-11.95183888188151,-10.453894014362355,-8.964676940351069,-10.698228543626636,-10.308956659691981,-10.421626302869987
254,2.6815474424511194,-16.39122460973327,-18.261604010678,-16.929980734431535,-16.81874636855253,-15.814049940816908,-15.055979847961991,-17.919781283876414,-17.983639998974095,-17.702074555383,-16.484084981061876,-13.505149277204254
255,3.0824232157319784,-16.049515268945193,-16.823344110068415,-15.467770024688203,-15.568684097692458,-14.287721122249057,-14.410286496319975,-17.557601243980486,-15.391035947679958,-17.25999035111592,-17.755145111698468,-17.976670700506236
256,4.568098632618785,-14.20820638344905,-14.021644396054622,-11.34261764367422,-12.735067718647972,-13.474772123029833,-14.24649350355363,-15.52333129043064,-15.469559133647298,-15.701940909025225,-16.25401029643861,-16.265786494875897
257,4.279146619141102,-14.588939181744095,-15.836328443404636,-14.433936214306964,-16.092603619706676,-13.515541336036303,-14.243818095607775,-13.61071176953864,-14.430871325637973,-16.77399214774066,-13.87053309084052,-14.300555618491334
258,3.387054255232215,-15.562883256805822,-15.437260450105192,-13.760272047080285,-14.198089896562845,-15.634026678595019,-15.049389554103417,-16.605874866555396,-14.312388467355374,-17.163955474892706,-17.74649181447785,-18.07322762672201
259,3.205563347786665,-15.7214589927735,-15.73343498238456,-14.452178307068708,-15.166665699649622,-15.15772223407117,-14.066984097323287,-17.824649755771485,-17.97894819756274,-16.802847177610076,-16.691708254319224,-15.173044914330418
260,3.488173769786954,-15.5582869388713,-17.78585552504689,-15.391588244740266,-14.028459969882059,-13.18749911196499,-13.290513849684642,-16.69775593729134,-17.838720629555862,-17.600646926185878,-17.831349676665404,-15.781305405332448
261,2.359427109360695,-17.216829322368977,-19.968737878680177,-17.879188540475155,-17.638173571135393,-19.306669076461855,-14.411789753585662,-18.248045734436705,-17.460745473419145,-17.291769025534148,-17.16281169506534,-15.608789190288014
262,4.059495873749256,-15.032142746742746,-17.527045818072118,-16.62978466906582,-14.676462435182906,-12.963938603358319,-13.255203409180986,-14.448107819118603,-12.605358966207438,-16.50721997782487,-18.93317212663754,-17.772007651153277
263,3.7856643330305815,-15.395655984445831,-16.163435111448553,-17.701400268645468,-17.491723230150257,-18.16422479999384,-14.852854163772342,-12.154257404157988,-11.407198200442693,-17.5556165215721,-18.20890764658216,-17.99837493983583
264,4.9884331561625,-13.832889569873403,-14.005921697167684,-12.929696804904815,-12.545171303392411,-14.141048076739018,-13.515992456890231,-14.307683171916656,-12.999511250839596,-14.633212770625185,-16.049214747024322,-14.216054515560417
265,5.182745531201363,-13.7853070285194,-15.65743178193728,-11.011497191839306,-10.875646970986534,-14.328198459126991,-13.63439015743687,-13.535758116639736,-15.097350099081952,-17.74198067603458,-16.07775238424842,-14.788328072136409
266,4.753228984773159,-14.140790554028396,-14.806285544198449,-12.308547084250705,-11.569673848292435,-12.77181718201065,-13.220449262670984,-14.955489281236174,-15.860164461047301,-17.26671161028123,-16.643545055999066,-15.997547878673505
267,6.464745596051216,-12.644910593847813,-15.12227770369108,-11.774239472793282,-12.412939750453763,-15.79538299281798,-13.34917572427047,-12.608209423660794,-12.158826566509601,-12.6672873082311,-11.786772109915544,-10.932911566641241
268,9.60044838488102,-11.011538811679904,-11.867682790339416,-11.270250840172126,-9.970012720369319,-12.144664089587105,-11.172962245587154,-10.522772096934982,-10.610051184043893,-10.373665799403764,-12.016234295478759,-10.741247926777163
269,5.023696281015873,-13.941857981446198,-14.293352132410444,-14.496136567973048,-11.985913920415474,-15.697046748302036,-12.23448542927243,-13.703986313167158,-13.724712928374409,-14.939189532727683,-15.408835727415244,-14.577905159373174
270,3.724217399954796,-15.460386158895732,-18.039302115113774,-18.301742631221153,-16.762872117576258,-15.706604295326876,-14.236547313491783,-13.125688100894937,-11.799321920433512,-17.611953647014392,-17.604132370537585,-17.253350176646194
271,3.0292746014893055,-15.895597709894147,-17.866224274180958,-17.14360991965442,-15.785761164923894,-13.62378671999118,-16.369133258152132,-15.328849575761403,-16.74217156229305,-18.561525422666033,-17.30586247213145,-13.394620310616148
272,4.010781582444906,-14.890841047275662,-15.682589447246883,-12.615426341207423,-12.224380647572008,-13.660760551718322,-13.416554581287684,-16.709321849466733,-17.383912278529287,-18.28452368650145,-17.073459522985473,-17.00378145191509
273,3.5522681046277285,-15.391217920823081,-16.145649238350682,-15.687893652738618,-13.336025627753475,-13.182709745262551,-14.117186035632997,-16.434814949965563,-16.449697834283327,-16.89535669148014,-18.072735563468697,-16.360987576722344
274,5.913076255470514,-13.342023209259708,-16.72334154318767,-12.564038092216832,-12.664811684696692,-11.1200239788264,-12.031389261673572,-13.247826310297997,-11.055514271204007,-16.904043170349233,-17.77796427557876,-15.277620448160638
275,4.965913776308298,-14.03631816393603,-17.435889461218018,-11.537359751232806,-14.364019081810195,-13.842780512693222,-14.38286150047144,-12.938787835526103,-12.775172301681623,-14.89260927064668,-16.016263849166304,-15.063236535730077
276,4.3416980523616076,-14.604988799695173,-16.562830049329357,-13.418359366748886,-13.109069372990177,-13.684724164992833,-13.375991254732412,-14.544495335386898,-14.504189450627639,-17.14657053449764,-16.349571463199922,-15.516426454036012
277,4.211010362952948,-14.648010484768738,-15.819519269527023,-14.099134100768516,-12.495039239407275,-13.878037375941943,-13.280594805548798,-16.51035369778341,-15.300601394429298,-15.632876803591955,-15.641773400135868,-15.662816628025434
278,6.143680516630411,-12.96928481687951,-14.181696148019753,-11.815356463565562,-13.211285035487194,-12.982617354100016,-12.133708715666264,-13.248235763577842,-12.454253606307702,-14.45602962366764,-13.410214728148004,-12.527461295879005
279,4.636311080306768,-14.185556463260841,-15.183544541660412,-11.817558873739442,-11.552410579966883,-12.816011912353034,-13.813185265417985,-15.657045789948011,-16.445583490481514,-16.845936531124067,-16.498033532124694,-15.432909007181685
280,3.135643243789673,-16.13951623409101,-16.656746003179613,-14.989529845493731,-15.48843671514275,-17.271669157490507,-12.477670468742962,-16.893645690577628,-18.179621703655954,-17.990411180724063,-18.061642356003226,-17.15220872214626
281,4.841896869242191,-14.047359964598874,-15.361493929933506,-13.056072052718541,-13.7028726663248,-13.040033434992452,-11.743524667738903,-14.077429493036886,-15.072201907717687,-18.292726850979946,-18.719537646942694,-12.400290778741788
282,4.91998640075326,-14.091478232762732,-15.717560567730214,-14.215349824773714,-13.10728853128844,-12.643525610661046,-11.7038875512622,-14.26931099074153,-15.199190414382048,-15.77743839531224,-16.4922127639175,-14.227507449622783
283,4.54722660407424,-14.368455146342766,-15.24516348731333,-12.846221566511373,-11.511615035282494,-15.203216723038205,-13.721726589560852,-14.263408125802268,-14.144568741942251,-15.916857625678652,-18.09645476641931,-16.270052439638395
284,5.1761077009141445,-13.795282057610816,-15.408610885769933,-11.832936036069734,-11.94153263369823,-11.379804904965614,-12.509372539722467,-15.172665586395869,-14.829912305593782,-17.087335623445913,-17.541821601761196,-15.275320333319781
285,5.752163752913475,-13.313097173826554,-13.75112975898103,-12.444077109567564,-12.481901255111634,-11.309400217967518,-12.702701508111316,-13.584310796617507,-13.091006602373563,-14.397655586547755,-16.090807245067424,-15.33427333596127
286,4.435657387599349,-14.558994935474503,-16.478615988527327,-13.684467176952634,-13.333763879177399,-13.850711457746224,-13.295868033204165,-13.48766386925183,-14.64130248852128,-16.710468833992564,-17.006140090420644,-15.244474160353986
287,10.034290932118893,-10.933636657046765,-10.653611027661139,-10.337851924232185,-9.825380336379391,-10.525555301932245,-10.016213747299386,-10.390594098323165,-11.881218373746858,-11.661220288838056,-11.838269862375661,-13.39748860862995
288,5.91101061925292,-13.17570735437405,-13.168091385145225,-13.35443358721655,-12.68162234158855,-12.279460352608943,-12.021416174666332,-13.48166123235577,-11.723739088122219,-14.106942292562659,-16.34500113389311,-14.331143908363494
289,7.0007014721632,-12.50804451789034,-14.861146657399269,-12.659923171758233,-10.627294269311044,-12.602656195335518,-11.643520559087525,-11.721764348425928,-12.322882782108167,-13.482172152093463,-14.577168021730698,-12.296548950679284
290,11.583789188414812,-10.210398965627887,-9.404311347276371,-9.160223200394565,-9.865864406212436,-9.225318251336335,-9.727971355225774,-10.213985784875224,-9.877772942638188,-11.436914263345857,-12.523660732933612,-12.094295634993276
291,6.215608097612858,-13.034878339084186,-14.359347378658418,-13.597778491142613,-12.697419407313873,-12.510450430800464,-12.389720023471785,-12.246672680618788,-12.300373273495213,-12.919674617176947,-13.900824964977831,-14.082134174741721
292,11.14397294819355,-10.2535207560033,-11.429923418451036,-11.02292739729133,-9.817157545634906,-10.242013647795007,-10.454982595704083,-10.912001480386639,-9.554627879811783,-10.860941239100397,-9.952622965129747,-8.913362588075481
293,4.535303765907884,-14.513798500179242,-16.93532229468714,-14.878509570320478,-13.47020756988032,-14.113359189369632,-13.437934588952329,-13.14253094775998,-12.269928780036173,-17.043918003073642,-17.156544988585164,-16.01163848011053
294,8.901226691901684,-11.362885386364805,-11.98083304701589,-12.441213548880556,-12.46141187175407,-10.644059240169703,-11.844436215433078,-10.040950499411622,-10.984465622118226,-11.620979622126516,-11.223591147972913,-11.031835848766907
295,5.364431753754616,-13.612731326922063,-14.105788886154787,-11.384889043006407,-12.204325468033996,-12.59708858155607,-12.447251080055766,-14.380988437931144,-14.546246020127686,-15.931724806564407,-16.279781054002896,-15.094814166836523
296,4.908654833212495,-13.925960873228433,-13.907464143149538,-11.042108052943359,-12.762876581555831,-15.721005537898872,-12.653167372919935,-15.160142825864028,-14.506093133547719,-17.15999205135332,-15.145005566107612,-14.450163321848713
297,5.0333212204277515,-14.071493869242957,-15.687326185572537,-12.274573402551614,-12.447926746740114,-11.830047188348532,-11.760725018409548,-14.08884071431999,-16.853581400881378,-17.806055384082786,-17.704335490290106,-16.381291104524752
298,4.372489420697093,-14.505622213911355,-15.732794002856934,-12.067687880383069,-13.012530540824027,-14.533228280499848,-13.220805705288237,-15.490435114752854,-15.457318969301049,-16.91606751346785,-15.763599307019316,-15.35691762021741
299,3.400706022977829,-15.54121666680799,-16.424141929891633,-14.197819803367437,-15.352430466329947,-15.865606971382164,-13.732227127052603,-16.13853844375995,-15.566140659992207,-17.777919658979865,-17.767650645781504,-14.502721856260948
300,5.291764710098505,-13.789560347513557,-16.316689738386547,-13.520067936046889,-13.312141650560143,-12.905321268460778,-13.233949621160814,-12.594519882807235,-12.630637709576867,-14.863532486659816,-15.297095171352801,-14.821977740609324
301,3.4064794024452567,-15.80699581661814,-17.909521740026804,-14.387416398547128,-13.907736661056251,-15.561796503958398,-14.023095352497279,-14.301047992568352,-17.476787442673047,-17.930760418557945,-18.924909326295033,-17.442002049822435
302,3.403771363198757,-15.725833877720362,-16.776090964075355,-14.576223572917621,-14.279925719812773,-14.339999072973587,-13.439959932972968,-16.5652712194841,-15.349220370712505,-18.302107033554613,-19.17747787594842,-18.49112343867518
303,5.299204101786017,-13.74180357202431,-18.062465836882332,-13.066045804146903,-12.434059283849614,-13.272123895251916,-14.221813988133063,-12.58224020166457,-12.914952477321869,-14.718941133214589,-14.399283009630832,-14.070388414712802
304,3.7257486451417208,-15.181023877931711,-17.60520136273716,-15.174666948214446,-12.791210143094574,-14.74668382105407,-13.850502175531126,-16.39591447710778,-16.33800460788604,-15.843391093050595,-16.26988109081844,-14.88716902233731
305,4.25805576145649,-14.700627668497926,-16.036047398257395,-13.577592762912897,-14.01013501921106,-14.991281327606853,-13.552424695259566,-13.696156040294621,-15.257564467813374,-16.241003824057756,-15.470164693902726,-15.253277590097063
306,4.698758030310273,-14.16498649375113,-16.301217984558015,-14.799988937898927,-13.09009589166859,-15.050654688562268,-14.207028392196872,-13.131860727441037,-12.032096477812706,-15.32568387776215,-16.72099582591781,-13.320881687121505
307,5.231546267867088,-13.672380893214761,-13.468402867428196,-12.29637434928264,-12.772935879989573,-13.329384600682143,-13.123972842308305,-13.572003341635146,-13.518528293510839,-15.46246957446569,-15.811696375337409,-14.643859674745448
308,4.952148489654064,-13.863216708165748,-15.501934423763748,-13.295704410698807,-13.131870211098066,-13.321340493527206,-14.596621479341001,-13.36589073256043,-13.687240427633093,-14.237251160394727,-15.15536913895804,-13.104145957630626
309,2.9189796410501003,-16.154357325769226,-16.25800801799952,-17.24249410902475,-16.301226096120228,-16.088100354662433,-15.05402232668457,-16.627319998713148,-15.461132102245411,-15.676281423271604,-18.036785307614497,-15.584469771395302
310,4.7524130679667,-14.170878156707074,-16.477336668971798,-13.277915360443878,-13.57694625007496,-14.342854028611258,-13.085669651162743,-14.056407725333422,-14.562085594786598,-14.199746977555382,-14.980574183142682,-14.049642934233852
311,4.540768291801214,-14.318668538894277,-15.876180086674305,-13.958567130794899,-13.052307592013264,-14.18443658356078,-12.24885285047484,-16.15344756729158,-14.486053692437569,-16.006806434976866,-15.135116313525426,-13.864550565934152
312,4.385725222527981,-14.675615116838923,-17.951775487561157,-16.183327192189203,-15.482389569518633,-12.536783092347699,-13.39796955489075,-14.018195622952408,-12.725160494634672,-15.26374326463757,-15.503372562361502,-17.01180142021398
313,4.7577902767807245,-14.237212896516736,-15.280794954742397,-14.018860668839073,-12.880501069151551,-12.581274498261914,-12.258349386183589,-14.29278868099449,-15.464639539699645,-14.875643657174384,-18.129586833163025,-15.536120373104055
314,4.979651799425483,-13.962837424438582,-15.410201468902262,-13.358736358156051,-12.864101920327816,-12.41956924761627,-13.622252713246503,-14.162939818669003,-13.304175782796273,-15.627543265055293,-14.482077583357018,-15.831030891006847
315,6.002091821283102,-13.19108665375322,-15.65690294887256,-12.539212182898076,-12.191722979986304,-12.9288539110524,-12.009695438475518,-13.113737245757251,-12.317462727718315,-14.719325273866446,-14.230764639057806,-13.617835178780384
316,6.968886863440275,-12.538093912710249,-15.182013086771436,-12.533303555721204,-12.14877854481347,-12.882520860456207,-12.643940758870663,-11.798125323210147,-10.16913547794169,-13.236743026717415,-12.91198601072747,-13.609774453618414
317,3.8705360256135464,-15.120689725938078,-18.07887659128143,-13.003832570607297,-13.016467070505904,-12.816912721669343,-13.481406786810572,-16.608473358783343,-16.86662083193488,-17.581225894247307,-18.591773644158046,-16.744099674063282
318,4.74590103328228,-14.090708179858972,-14.075602349862669,-13.818915948846168,-13.30121342909657,-13.795805029736275,-14.666319296432793,-13.145097922542945,-13.759731380003648,-15.042560856748954,-14.88360773479508,-14.912042766271917
319,5.075384046882391,-13.970842407744417,-16.65790073040869,-14.425934209082227,-14.833963572090953,-12.698528739108157,-13.121099483648486,-13.677453121051325,-11.95160698204863,-13.553119998917202,-15.048564529956286,-15.898435618060336
320,9.905781403183937,-10.884544450646212,-10.818375522623603,-10.868138897487018,-9.920346331938882,-10.973490926559858,-11.214218495401045,-10.032932032799044,-10.111519057931828,-12.209616693343673,-11.918757874715805,-11.395282674692794
321,5.420976374298334,-13.532766971503708,-16.05249755210184,-14.938371811044133,-13.661461954036529,-12.92923754403616,-12.707372869541738,-13.74962108471717,-13.306421304662347,-12.95094473974711,-13.453253265767362,-12.666060678893544
322,6.202627781778574,-13.157108589724194,-15.884029802691945,-14.019779942567268,-11.245945077141574,-13.133370886350708,-11.447111802979391,-11.863941894857152,-12.853641116958714,-15.882263107879997,-14.44646312624618,-13.569740656188067
323,4.552418136969209,-14.221642157674246,-17.71077867190415,-12.794142171716004,-11.845442480830846,-13.062369624269138,-13.790855620629486,-15.717761397733373,-14.705746097700807,-16.07463587307706,-17.592402639338818,-13.053716798904988
324,5.30181872472167,-13.945847989794357,-17.428881176143324,-15.142862903971633,-13.864312255560073,-12.625219201625704,-13.522376239355447,-11.52171316746196,-11.022132196812235,-16.071729003804805,-16.834508449437543,-17.128271392642304
325,3.110861557535827,-15.819899839400833,-19.969832488008564,-17.24930371930236,-16.81265687360899,-15.900150838483029,-15.281222054799244,-16.604087454076097,-15.990363114038086,-15.949992148671395,-14.236655887310745,-13.316228931554
326,3.579089993610978,-15.628545131074198,-17.845521120047838,-15.036804101328654,-15.226836294087558,-15.057225649413526,-12.822620382711635,-15.26381339595157,-16.231306396659264,-16.508092159532293,-16.94166836707592,-17.88710069287494
327,3.4909466430544853,-15.450164009322533,-18.021229779295275,-13.597960382836966,-13.485597389104182,-12.142301889762939,-14.281937384371295,-17.92309457562532,-18.54266139605103,-18.923997468806114,-18.69569578063202,-15.84584411153379
328,3.3879601769149303,-15.556609761103129,-17.478119050169788,-14.096599655463255,-13.687232486410432,-14.372335186137672,-14.37773679281731,-16.186822929427255,-16.276845695952638,-18.898090630074968,-19.728037156265298,-14.634441294026884
329,4.799650585278869,-14.251689746566798,-16.30613809847201,-12.034715833572898,-11.937485467860206,-13.020649289566704,-12.726879066757316,-14.119473319866742,-14.889035042970836,-17.742181242623264,-18.446150071895254,-16.960752770610327
330,2.3334707356989384,-17.16585506955041,-18.020526386271335,-17.70918977333296,-16.415161610595984,-15.60394679551604,-15.149215830001953,-18.052363949001403,-19.938206076717037,-18.037184254076074,-19.475168767101742,-15.912872648158183
331,4.172592312097549,-14.755470349367606,-16.944696370759207,-15.001975010426754,-13.224475929294158,-13.506869191882751,-12.687416009885911,-14.37856011758696,-15.55219443857451,-18.38662918315958,-18.523555054736313,-13.585884285879752
332,3.0242086993530393,-16.026455171418885,-19.13806853925889,-16.391449676342372,-15.821455175371796,-18.692992529789677,-14.12729329890595,-17.1133457618554,-16.59597662748688,-16.135620563752973,-15.332801039179614,-13.851486832193704
333,3.5658550187945366,-15.329287554419038,-16.35855991207874,-15.011847764175075,-15.777232492136212,-17.24434267219303,-14.922404417792897,-15.753417529524508,-15.665651401417755,-13.626444662144738,-14.405825132799102,-15.588311591065224
334,2.856485973112285,-16.21715914976709,-19.078684971956715,-16.218886144976214,-16.222913179034858,-18.480253286311704,-14.465160131548826,-17.89232331668442,-17.641661781361854,-16.89094701138204,-14.748563823956486,-13.825336324689939
335,5.894411165267229,-13.11343318780999,-11.086678264908116,-10.711789520567708,-11.104624618740292,-12.740179490803998,-11.806649206963055,-14.452440788370966,-14.881625551911934,-16.282391889580747,-17.26138595693016,-17.421369064619924
336,3.369153533130884,-15.419751359811602,-16.893792468337296,-16.377606538709678,-14.406374659549408,-16.253812948116792,-14.307800300501556,-16.817072664985055,-15.572818867687365,-16.613782209743178,-15.827388777263094,-13.000352314149161
337,4.165054854936898,-14.643748081543858,-19.19391824083426,-14.957499139877298,-13.501841934036351,-13.284004550058873,-11.837396161455736,-17.475822876222075,-17.207516045483647,-16.607742838705008,-17.043283657465434,-11.959096919936208
338,3.50970121845603,-15.673157845890914,-17.785356102514076,-15.020214097980041,-16.14818747867946,-16.08277730001532,-12.007166635374652,-15.997787672218024,-16.955710129775273,-17.62273697767877,-16.981000253966318,-15.502812902552245
339,4.629392422735691,-14.161995625206995,-13.8243638230761,-12.397330193587218,-12.897281883679279,-12.7449239308317,-13.784163857025549,-14.589863974045468,-15.37935508144164,-16.51474543312647,-16.67372651524393,-15.137575690637128
340,4.3714729975908995,-14.649805673009501,-16.181012420365576,-13.274025044766093,-13.95990132901848,-13.176937358122071,-12.917164762110712,-14.845731242043867,-14.649906642831157,-15.632319734262076,-16.751423824790905,-17.761387821661497
341,4.016196554526687,-14.92311355774694,-16.456565894004505,-13.649547307657652,-13.443280704707396,-13.797176439277951,-13.138135112768417,-16.296652716693412,-15.307384834689117,-16.51547715616289,-16.66061134907373,-16.237186672676863
342,3.904676771722734,-15.192077134245487,-16.634450043970123,-14.270325279664352,-13.137186813481673,-14.450624039335406,-13.883062083159775,-13.852839012704631,-17.396597948821334,-17.243638487391657,-15.996034427101197,-18.33006782100393
343,5.108985923230648,-13.746404317403787,-14.189250625015614,-13.493690908549867,-12.567180314350965,-14.173512270704778,-13.867986445634902,-13.659358462561787,-13.952111683933872,-13.114543553037201,-14.706605328983713,-14.136466206715957
344,7.834448643028736,-11.934082661609649,-13.155310930064111,-11.864467767500681,-11.376656605418486,-13.313833633383068,-10.954125357466433,-12.091178039190902,-12.447858521521207,-11.822388912170215,-11.318591279417609,-11.600454685951053
345,4.507664155215025,-14.518309554428031,-15.77519662607635,-12.921351618878834,-13.017508966122174,-14.884217186999331,-12.052672873939137,-14.535942361843269,-16.257997765353082,-16.24425775399195,-16.56304341821794,-15.778262105650905
346,2.933690962381661,-16.45580728594643,-17.570593101075563,-15.28666901108255,-15.130915075993606,-17.792839608588856,-13.384356507230713,-16.5076070897759,-16.542631923541467,-17.897140482796367,-19.571899123494592,-18.50754933833963
347,2.893971271812916,-16.279618371086283,-17.649081130921395,-16.27708974707534,-14.655889727239398,-15.906954828029471,-14.642783277249528,-16.569412648074987,-17.107805981809175,-18.263060320101914,-17.89666174036931,-15.543022266193171
348,2.7232769150286913,-16.783423161669827,-18.083768979589514,-15.16265904416982,-15.652247414690715,-19.296219430138702,-13.689066159759628,-16.718326870065276,-17.615634345599275,-17.940557381861787,-18.785916768970893,-18.51192139885991
349,2.5631732046604156,-16.850588781978182,-17.983182386277534,-15.04626827488626,-16.20713679037673,-17.402768431207466,-14.833008371111902,-17.229950602383212,-17.801584135009783,-18.467993110538167,-18.903629796241187,-16.635379098190043
350,5.449351441115141,-13.625081061366519,-17.48254694962913,-15.08796476103074,-15.051138947791152,-14.269335204642923,-12.547095364660482,-12.720812019517773,-11.497627345090226,-14.098117443251574,-13.310346482739714,-12.92440522806068
351,4.377304136753082,-14.542178117108381,-16.577317455471594,-14.491873585375801,-14.297468066106841,-13.265271472885669,-13.568816924095252,-14.502397464362485,-13.212912912914437,-15.335581695696735,-16.48851076352666,-15.135219232587886
352,4.79227689653635,-14.112716593225931,-14.334395736000173,-14.478611000053457,-12.305561979899304,-14.329068776564737,-14.10779770613985,-12.352337031796308,-15.697682022544386,-15.035861267653223,-15.66805271824466,-14.288063957776647
353,4.897074390202761,-13.93124109606332,-14.353862546174891,-11.587679183431288,-12.525806958519079,-13.591720036362284,-13.734168584727037,-14.065586686669473,-14.943000955899192,-15.952779617030428,-16.537659316763392,-14.250015281853326
354,2.9558217488229275,-16.206442472388247,-16.09540598704826,-17.281898027229317,-16.19429667786996,-16.18003180610559,-14.802386859722594,-14.895251169877943,-16.766858485551026,-18.833473758961322,-16.741121406277983,-15.632798232513498
355,3.4605021737515926,-15.342393907838819,-17.51757361010325,-14.644738333499793,-13.265120493829007,-17.420791026183515,-16.63936333158855,-15.766422986703848,-14.529482371963907,-16.21299371140826,-15.31872646312743,-14.175514585129878
356,5.115047492086887,-13.906122092764406,-16.26350966028735,-12.926724221065948,-12.823533567303079,-14.02281856311403,-13.346853447566806,-12.971403288147258,-12.828203680500973,-15.192852666929769,-15.670694178715767,-14.661483278852852
357,4.8827059753239155,-14.071197164570817,-16.50439089158773,-12.873641110140372,-13.23808055790801,-14.17894219511818,-13.494313026992323,-13.528806062138903,-13.30624256236825,-15.06396699954381,-15.400571737786109,-14.410654109689904
358,5.051978744566441,-13.990467379664755,-15.999056384292722,-13.517189190182929,-13.125325923257227,-14.237275625417688,-13.924861767942438,-12.370447229254975,-13.05935149491988,-14.820317754799285,-14.834159561977474,-15.333468897329379
359,3.5205330848693848,-15.253897923007283,-18.152476099751635,-16.954804054910127,-17.28525037711015,-18.83054157502025,-14.93232414149497,-15.724897264156413,-12.404521116959348,-16.31685982628194,-14.207659902590725,-12.727507354073925
360,4.783887421712279,-14.243241241359135,-17.361801735346127,-13.927817088730997,-12.633149547204008,-12.91302243779646,-12.218459819837285,-14.071074307835525,-15.371621062603026,-18.011992435560312,-15.005783301334512,-14.39638182464944
361,4.080536976456642,-14.998198413320171,-17.298660090517657,-14.599466922208519,-13.841484551851533,-12.840542412791438,-13.10842526008602,-14.184930172876797,-15.508645980806396,-17.64074541443295,-17.862901401284837,-16.77039203024944
362,4.360786434262991,-14.518967499276378,-16.07799402448112,-12.065927510149486,-12.809215914609403,-14.104491123615404,-13.75609669942083,-15.348834487029377,-15.31696098794872,-16.039594059413428,-16.330451476855615,-15.790980732259525
363,5.234153218567371,-13.846079217549692,-14.54050979848245,-12.807289519154615,-12.635768808764878,-13.422428526429066,-13.198726422995193,-12.393467014214455,-13.774675622539474,-14.95337962655178,-16.457077854272775,-16.394760152849564
364,5.439343772828579,-13.578769213346522,-14.707113201692119,-11.863216563504933,-11.584326487357057,-13.275076439921587,-13.198604772608647,-13.428059622338422,-14.338460707478728,-14.497451095338967,-15.62281500260598,-15.197548756299888
365,5.0901919305324554,-13.791108118028761,-14.566315768407112,-13.088266477638628,-12.185418832100233,-13.115515098622822,-13.85848382964199,-13.750487395646754,-14.267685941211239,-15.191669211411046,-14.203038764508529,-14.505945191590776
366,3.867568166926503,-15.045605162695557,-16.741339324286958,-13.875312967804675,-13.286187771657225,-14.171848890064195,-14.139043333389465,-15.666696054153881,-15.006469322698203,-17.065921809929876,-16.39675259058531,-15.891219827552764
367,5.59744387306273,-13.356095668236286,-15.426939762685086,-13.710188709864424,-11.633415020434693,-12.585873480350479,-12.95399208524384,-13.256790471069879,-15.226285825415209,-14.221797736065634,-13.851281243360166,-12.233758955299335
368,5.3769647888839245,-13.510056560976345,-14.878403603550934,-13.328718636245425,-11.500333655080626,-11.913772515116705,-14.067792873869195,-13.720807117707466,-13.792947072576105,-15.793697130478604,-14.259331016985357,-13.539142565858683
369,5.0097575560212135,-13.857402591415388,-13.625245963705428,-14.786975841228752,-13.635277873891155,-13.030806395409025,-13.491941497303653,-13.3165184977459,-13.522296873339133,-15.448204258332856,-13.805695542121283,-14.4635367775569
370,4.503575697541237,-14.213262048867549,-14.928736217320305,-14.679630614781365,-13.17207800468404,-14.080925852637527,-14.479348841361448,-13.898361731701627,-14.158278749902216,-14.92859781485435,-15.697001396579019,-12.863220517420766
371,5.178908351808786,-13.696827614634852,-13.828533081754,-14.002040151686185,-13.048252934772082,-12.58002928068384,-13.232884122610415,-13.267156751058886,-13.380415164268562,-15.571421013271848,-15.406801334417464,-13.580534901846873
372,5.040241699665785,-13.810344999428617,-14.128928185916633,-13.042984207963341,-11.886489961934448,-13.700612279714006,-13.264237886083457,-14.74214610774963,-13.772817601381256,-14.670969088859074,-15.283586601926363,-14.712623994247407
373,2.4589380472898483,-16.970058586587925,-18.12920849077441,-17.030457339459804,-17.944923619524214,-17.689084262151997,-14.474095021859785,-17.10605907235914,-18.335115374132805,-19.506786129191006,-17.028418041748555,-14.979737938803465
374,2.594162955880165,-16.710021570700967,-17.312625856117577,-17.25848138009296,-16.53798481459699,-16.51206525426373,-15.059800799014107,-17.807815142253105,-16.757054393163365,-17.905576846938267,-16.396079758416892,-16.301181051253526
375,4.703380476683378,-14.21590060560402,-16.144754653630955,-12.295570340045654,-11.014913265220338,-12.934820251791258,-13.021753992431506,-16.03529880334171,-16.82256194620056,-17.3579673425797,-15.624261693371494,-16.16335285140364
376,4.258536044508219,-14.688533190805263,-17.299476416447728,-12.913705615174592,-11.169659358253783,-14.023435490546763,-13.309107654991198,-15.338043640936633,-17.170075202276855,-18.99266643798576,-17.156123859147126,-15.681362751145734
377,4.472193483263254,-14.436724270142596,-16.5859564181886,-12.881990849190961,-13.24901940346753,-14.343524736190725,-13.221856014084935,-14.930973161162168,-14.790350992565212,-15.709642656954133,-15.201370164839323,-14.883885427174931
378,4.129824701696634,-14.52251559342823,-17.559524614585197,-14.395160958066233,-14.972248969859168,-17.563180051669804,-16.786073444729986,-14.569688141754808,-13.834280545896718,-13.792394574156262,-12.615894953503721,-12.518967617454296
379,6.449180401861668,-12.880408771742282,-14.80856186327311,-12.802611291466647,-12.194936282836908,-13.309308873294736,-13.452134379874991,-11.356459026358232,-11.900708378791919,-13.206779142328875,-12.905832970513238,-13.89489460610884
380,5.3912743628025055,-13.741398905423788,-15.10160984223913,-14.257244848842237,-12.614971221110467,-14.207720010627165,-13.346477593331137,-11.695819314399966,-12.901551535627114,-13.977243892167463,-15.752815729242531,-15.29049063996453
381,4.5896466337144375,-14.259650705017828,-13.736754210883625,-13.651987938518666,-13.154115373041904,-12.246522598370166,-12.939965032078643,-14.104927831334537,-16.40691383597217,-18.463830719435027,-16.506984361356277,-14.888722363157692
382,4.919409357011318,-14.026149663662064,-13.954642600772411,-14.180212414184677,-14.732946921255978,-13.885535848833772,-13.054789082761873,-12.606087546420879,-14.373242073285423,-14.125382525307028,-15.599667905802178,-14.476739505592471
383,5.850844334810972,-13.040350952573865,-12.954324280625354,-11.517187233190374,-12.486875851280583,-11.100609651705952,-15.283576361834491,-13.957876842108865,-11.347948356549498,-14.72077485957072,-15.627195534136234,-14.301851459605611
384,3.456803821027279,-15.593939387278743,-17.94301297632861,-14.517621148819611,-13.934687040628976,-14.082583136737874,-14.58560941747791,-15.078916286468928,-16.359177982387102,-18.400878275984415,-17.89058846318849,-15.97483085713865
385,4.407437095418572,-14.173558605831856,-17.573118976763794,-12.93690237565092,-13.251981420661679,-14.926404976056958,-13.57387151603758,-17.00525103648777,-14.99757380360202,-13.385510627539222,-17.80843656166108,-11.145984829131311
386,6.7717007249593735,-12.653879069210415,-14.710642452722904,-13.926369843034522,-10.73695883443737,-10.74945372551111,-13.140650641550216,-11.589588273796377,-12.995065570519497,-13.79202983198654,-13.085939141722227,-13.873950812220901
387,3.9185614082962275,-15.152982698364932,-19.320585591123397,-15.983843733324147,-13.53017647155294,-14.710662316314068,-13.92261880096207,-13.92080075947742,-14.305915720853918,-16.837381787694664,-16.111548466511614,-15.71095359822481
388,4.518573593348265,-14.239481198352573,-17.17860790695803,-14.760124319513071,-12.317573763292302,-17.016561670358218,-13.774747776007343,-16.07219754782351,-10.71990064896892,-17.224695428015636,-15.61232873208237,-13.197725611954631
389,3.5906066028401256,-15.445229514497488,-18.812589419051896,-16.278469013799636,-16.188674605241506,-16.26055757713484,-16.349737608034363,-12.755027722903474,-14.12476119251582,-14.813266822043754,-17.53177455871314,-14.503364780437435
390,5.405000723898411,-13.593887167450307,-14.819733891118192,-12.583378565003589,-12.057727587232709,-15.34248619133457,-12.764445641369576,-13.623488408814397,-13.479977588441155,-14.120937279352745,-13.893204111625494,-14.342325232222606
391,2.759541442617774,-16.611600443336872,-18.921031152128013,-16.157355411891142,-16.33833288681242,-15.930836289876833,-14.128701081469533,-16.74438062196369,-17.266878020971962,-17.57422131370018,-18.900278885406642,-16.298235854990786
392,5.337383039295673,-13.889650904619039,-16.52956453282964,-12.681759439147386,-13.458938490368457,-15.39875627880116,-11.94420600788584,-12.058666514817787,-13.516551424639228,-15.772621656243047,-15.22122330417928,-15.077154107769971
393,4.750911220908165,-14.275589634141406,-16.745583743211718,-12.871680289756354,-13.257596722040075,-16.45777380200668,-11.931170526602479,-13.593433507873524,-16.54925430651235,-14.875438577557576,-15.782506444712752,-13.756645559684731
394,5.327456384897232,-13.430662068845498,-13.840064024306752,-13.243955159781716,-14.159706100387544,-14.014886396667965,-14.518311615001032,-13.950998065414076,-13.866617127298879,-14.863974010014832,-10.770781929903869,-12.665956657050701
395,5.333272157236934,-13.479571244342491,-12.8485909834216,-12.06621493256054,-12.318589491233109,-13.290361472864351,-14.090642521946272,-14.094165943700077,-13.882751947862742,-14.3817524753433,-14.068650312582252,-14.590564509642478
396,6.234741881489754,-12.865582454087782,-13.499527132621933,-12.77070581487629,-12.293985266582528,-12.122914640462376,-12.111710432531176,-13.95815495688921,-12.85416377763859,-12.776275001325994,-13.865066227684796,-12.858665101325382
397,7.279494155198336,-12.321384596753457,-12.889336024303448,-12.697906135412438,-12.673619688339615,-11.871434378982702,-13.110543479966088,-10.959702470634554,-13.227751729196477,-10.249171003818534,-12.636062392697934,-14.404067248121688
398,6.255711341276765,-12.969163921481709,-15.703167116069077,-12.946681439275462,-11.966695344910768,-15.811390166294165,-11.177581897443387,-13.928164235655142,-10.875523267208973,-13.02231642673297,-14.914346118298525,-12.462049959740263
399,4.984999383799732,-13.90467023480358,-17.914596996684054,-14.934280975136655,-12.119119633781878,-14.94289908433418,-15.142382979401855,-13.906163652713834,-12.319594554904638,-13.29003326824703,-12.985229674835178,-14.182659872061134
400,5.366608086973429,-13.479090827659189,-16.58226463201801,-12.989910533869867,-12.065050000178434,-13.6836392497904,-14.552761936113585,-13.93827784213787,-13.683131462020366,-13.70072437019955,-12.672709493278525,-12.463380621290867
401,5.338389817625284,-13.565778403920906,-16.984286876523928,-11.802547618208315,-12.30404682084891,-14.096909653344483,-16.528593640838515,-12.16663997632375,-14.32707942279318,-13.509800273965102,-14.138834371223775,-12.745581929425025
402,3.6772708855569363,-15.22373234786582,-14.81176913653179,-12.226542763920596,-14.803197707137164,-17.66962479482506,-15.807644630736867,-14.847813441194171,-13.831403028899022,-16.901116287969348,-16.451769422620266,-18.600016168676436
403,4.117000015452504,-14.5798426453733,-12.547634033538614,-12.833809078456898,-13.931424813566293,-16.850595284498656,-16.28546065673975,-13.833499730488143,-14.449997664836014,-15.718524968469993,-14.924189488287844,-17.033347303809872
404,4.857948940247297,-14.02991408532365,-15.842405397574606,-15.793454679376941,-13.075974183882892,-13.402696415772223,-12.680468433662435,-15.101196771781783,-13.007775772978254,-14.917244219385191,-13.864566716366525,-13.99208866966871
405,6.137738239020109,-13.06406198080834,-13.787268138293857,-14.340379683909433,-12.60224468013438,-11.843716607744925,-11.928051173742329,-13.975515790358795,-10.526318270324047,-13.607429635239782,-15.02653476687038,-15.66758821890999
406,6.695653438568115,-12.918113267717079,-14.350086859020353,-12.577734689582751,-14.296354090952324,-10.76637981727588,-14.352676933171244,-9.054352606262427,-14.181854634993957,-15.652181423061053,-13.81793747926472,-15.255459839297892
407,3.222268497571349,-15.80663892276419,-17.319751299212772,-15.459260873097907,-13.530036602879889,-18.037659691685867,-15.724604217126256,-14.663635453744137,-17.51567351864414,-16.78356226888136,-15.96167369869164,-15.142566034431217
408,4.475794371217489,-14.396041527845576,-17.12701214846963,-13.14519355022582,-13.749883875574739,-15.513211625586052,-13.659984104421842,-14.645888306287931,-13.054255277518747,-15.355804802355287,-15.162585747244236,-14.107535253086265
409,6.667366303503513,-12.709874994296012,-13.548555722575532,-10.590039426205891,-11.6088759149917,-14.365816753560788,-12.610183164721981,-11.495709616479528,-13.722204982473409,-14.278306226625642,-12.896889399325788,-13.776342017524897
410,5.605668073520064,-13.516902629519297,-16.973917178506944,-14.901600493483294,-13.874904078841524,-12.817367220092127,-13.134627838781146,-12.188077717926282,-12.932645679617266,-12.32353136162981,-14.407232890344257,-13.510872752413905
411,4.7959183640778065,-14.00478028273245,-15.070988206626954,-12.328463789229431,-14.741687872754703,-15.463300545324454,-14.232872424933332,-13.385695837380405,-13.568354027889267,-14.829291979952492,-14.303685463279745,-13.142538786852347
412,3.4777102824300528,-15.67369037983249,-18.669622017322297,-15.213087808459933,-15.381902306791384,-16.21231053789789,-14.173868837635439,-14.218387644346475,-15.130914812356867,-16.935060272899833,-16.44180263919822,-16.1115435101807
413,3.2281109606847167,-15.783068664559742,-18.889021494715575,-15.929077227105793,-18.173146763432516,-16.457375541659125,-14.966124023250666,-15.394790460136495,-16.636473344683615,-14.223281843365992,-15.288062740988156,-14.21129303047386
414,4.527487624436617,-14.268181248861975,-15.628367704000743,-13.90653432937631,-15.338560340075826,-12.48464169520274,-15.508365730003192,-14.480771786011994,-14.300528399084866,-11.940021301145077,-15.96987374096178,-15.177166151105757
415,7.751949515193701,-11.827222406310305,-11.074791428645398,-12.225652048488431,-13.437763740404696,-12.41280157605642,-15.489150129453408,-10.874771224070203,-10.70260982085503,-8.706805218279209,-14.80590684445345,-12.751275503248106
416,4.433374173939228,-14.576959204281124,-15.552429452801144,-12.95734171416541,-14.935150346033186,-13.43378471023633,-12.751877604025148,-14.15145452570518,-16.02613585397031,-14.962560829087524,-16.50537628555291,-16.589007336772465
417,3.7922276481986046,-15.34818873527098,-17.26744541727,-14.681353204337553,-15.412249691321993,-13.988013377104341,-12.327917339230943,-15.45884191584185,-19.04323806506484,-16.207408032554987,-15.6650216893661,-17.013840249419886
418,3.730334674939513,-15.19582486003588,-16.285799261573302,-14.24559700239186,-12.861643667063321,-16.27331278198547,-14.153917404965133,-15.076135047863609,-16.64251773026832,-15.187884506427359,-18.084588990537508,-15.401929550884638
419,3.215030187740922,-15.851947663869908,-16.50565306085882,-15.469595758451307,-16.45558221243308,-16.82572280037222,-14.471377631019834,-15.607622292103734,-14.288969052008262,-15.837884346705103,-18.40791036001025,-16.053340892272136
420,4.500971149653196,-14.41990667728128,-16.247651179966912,-13.685119502755809,-13.110849951771877,-15.479313519136024,-14.498828472474068,-13.189707519450721,-15.037583028593922,-15.394414092444944,-13.80874428600859,-14.892630732878844
421,3.798893208615482,-15.394075900600562,-19.91461141419915,-15.558554909309121,-13.554362033617657,-15.941348305631038,-13.171737292826043,-13.120024641869012,-15.19240876646824,-19.50662221720531,-19.332658143970004,-15.062033900320097
422,4.684047572314739,-14.32807773306929,-17.91667830572254,-13.306979402073766,-12.925522048770802,-13.356346941502846,-13.485995948611043,-13.242756970902029,-13.983165999911177,-16.00331189893565,-17.39916082498058,-14.729104238601575
423,6.4924110397696495,-12.79828630202437,-16.186951695645867,-12.656593545134546,-10.907700393011941,-13.75120881384245,-12.307644484047389,-12.46487235965358,-11.747113145110164,-13.524251228227426,-14.286101975558259,-12.264198715624339
424,4.192801784723997,-14.7212222806241,-16.93190287551047,-15.140648899274378,-13.409050655434697,-14.797377728418201,-13.049727273841437,-15.377605113935335,-13.872939540006575,-16.816417355418682,-14.76719441277039,-14.703887641319032
425,5.094248548150063,-13.860309709844964,-15.886894155632296,-13.497121988332726,-11.429082925556546,-13.549387232499798,-12.988039773862372,-13.746491451605532,-14.70620987978257,-15.281539200353443,-15.420494244738098,-13.992622134416052
426,6.097499018535018,-13.221887158667185,-15.337858241541326,-11.840414225244349,-11.964364637730727,-14.39535992366806,-11.643117723277241,-12.312138284540639,-13.093576607492277,-14.322962703308434,-14.664950525982597,-14.664583004414917
427,4.966569073498249,-13.911446813263042,-16.481530332335605,-11.829578720997507,-13.568214579958887,-15.632492395918867,-14.255827542234677,-14.137086909657528,-12.326794788255862,-15.045435312957892,-13.716774603510784,-14.147784056729758
428,6.251248776912689,-13.099740790553096,-13.885156075901463,-14.49044654424326,-12.717864329673343,-13.976472820377762,-10.844874596404178,-12.389706560002022,-13.563979189335573,-13.682649043074893,-12.506510131700734,-14.333774271699578
429,3.036879178136587,-16.27006580513058,-18.03852034811888,-16.8558508192492,-15.645312188082286,-17.935174136527287,-14.08195899275052,-15.615074142514853,-15.835685586311413,-17.41454204684239,-15.393676859271466,-17.76081053402064
430,3.509996233507991,-15.700970714135607,-18.088176455571112,-16.223425106344504,-14.840851420266263,-14.578181618248768,-13.33168100231111,-14.843730486085065,-15.8606300621184,-16.659550739634703,-17.340551206602306,-17.728385168287225
431,7.424181394279003,-12.325701354225707,-16.1353846664111,-10.465614730038945,-11.441385451606925,-12.434144011621505,-12.740561409674259,-11.487638776879061,-13.243029560123746,-11.146986331929838,-12.165984303384455,-14.785057472547354
432,4.65834960155189,-14.276721694895551,-18.5142652884399,-12.878502306471331,-13.891727921178747,-14.20343651898217,-13.54024059411911,-13.672664397020725,-14.295433101514652,-14.303239200545166,-16.229017857635263,-13.587534106825316
433,6.065264839679003,-12.874558328734647,-14.196293135636633,-13.683489249754006,-13.666307956402617,-11.951343399625966,-11.8074689104518,-15.292712470015532,-13.328441311763612,-12.869529578062282,-12.499913691534923,-11.060283619886505
434,4.435195449739695,-14.388609112524467,-14.891785799987062,-14.357387793426799,-11.489048222295668,-14.046542568396942,-13.41314748843441,-15.407307595647461,-15.770491421492705,-15.32167056348225,-16.276406369847894,-15.113672443274114
435,5.405381105840206,-13.708877640802235,-14.402337716631173,-13.192227463196275,-13.389876271850794,-15.47133743202674,-11.292609152295867,-13.225575748502695,-13.24641488103664,-14.733653600503512,-15.467097144582251,-14.428421464447336
436,6.239678051322699,-12.912575076549288,-12.612067020979472,-10.948093082259954,-14.391186227222319,-11.723343178157693,-12.002051744763838,-14.2011924939551,-13.351548596686044,-12.504984870814917,-13.97805917408817,-15.363525840220003
437,4.13484675809741,-14.777475576309065,-16.59695679060566,-13.434466805283398,-13.77835504781104,-16.373088042239143,-13.614568669757654,-14.347165956505734,-15.08578690906141,-15.047170701328143,-16.346293671476936,-14.5680796733388
438,3.108031617477536,-15.895245351426798,-16.946351120090448,-14.565839835945585,-16.274588958744932,-16.6255536809832,-15.778768587597389,-15.332982079908305,-16.88793510130585,-16.185349786125162,-16.121981183398006,-14.927275161428351
439,5.51374882645905,-13.410290120728703,-11.608880367306337,-12.455638693947071,-11.180684639753176,-14.5732337861614,-12.580677710626667,-13.942106199456898,-13.727948475557328,-15.7387944131459,-14.570779014893372,-17.08695817121224
440,6.970125585794449,-12.369826925432157,-13.561323926365123,-12.510545890979063,-10.816773282798863,-12.271618647907683,-12.636616961292926,-12.455228204095945,-12.04742157297154,-13.182785498589846,-12.930336547939573,-11.905515920335494
441,6.339360550045967,-12.768534324922356,-13.676996231692456,-10.93028347435919,-12.575594271817977,-16.309526117726826,-11.598531930504512,-13.944525764816438,-12.870514405400028,-12.179876223992887,-14.27892825379307,-11.717808189645023
442,2.7530417740345,-16.630935004669396,-19.587833333209318,-16.604249377372284,-13.882555751255,-15.552936708557631,-15.434665855673703,-16.666827436358286,-17.4916119936587,-17.684655352610722,-18.00039381355089,-18.307539486301998
443,6.455267541110516,-12.890450975607486,-15.262563026681239,-12.676627382999095,-11.58345324860365,-11.629367796148111,-12.329704065480573,-13.351178285829679,-12.060517157635102,-12.81466955497405,-13.39256511379773,-15.679356816374039
444,6.746564269065857,-12.568702617941934,-15.34282694312511,-12.48888559481778,-11.245351720942962,-12.96657286376602,-12.447991277412617,-12.11062766131457,-13.136464898708692,-12.979070041128606,-12.741864321961692,-11.438670325077116
445,7.583303466439247,-12.030472505930053,-14.038082790307158,-12.2075007743904,-10.6388102559973,-12.611434845561476,-12.681375456899222,-11.51392059309728,-11.01080943986359,-12.572388766606029,-12.79747992811738,-11.293250184823897
446,6.841761410236359,-12.467650304174214,-12.900415148815636,-13.391385449655349,-13.14215718958515,-13.182150894880127,-12.086595362394558,-11.858184574979306,-11.166872852623372,-12.499072546061388,-13.504873689921169,-11.639491757538496
447,6.4130930453538895,-12.8184446193242,-13.929426349533543,-13.696063013751703,-13.631799593565642,-12.904784361993418,-11.529021174355197,-12.818102224728074,-12.199054103503034,-11.433961310595429,-14.991238438232893,-12.332869426063038
448,8.409532003104687,-11.686785031365917,-13.933561671610137,-11.029553447600577,-10.596406137746538,-11.163317420016465,-11.128797507142988,-12.248925487347222,-11.172692225182244,-11.595028125486744,-12.083257581008905,-12.92717528020384
449,7.144460454583168,-12.424134118292603,-14.66959766703182,-13.159800718948556,-11.928026457958394,-13.837528914539273,-13.32459993530408,-11.011715097978767,-11.400255434860666,-11.046830781295434,-12.060046298440302,-13.432850570827137
450,8.098330713808537,-11.85364593932023,-14.821078196014959,-10.835788243224977,-11.197998156727804,-11.59959316380455,-11.361545553751128,-11.218428170849997,-11.76836663574701,-12.31686539125485,-13.269251663491769,-11.480398651969814
451,4.6727477833628654,-14.46613470674761,-18.7817482045843,-16.455642300045042,-13.66894536383078,-14.325514526441573,-14.846783576092243,-11.904503416781878,-12.838804250058049,-13.423042654265167,-15.736706314166593,-16.90170562875954
452,5.082178233191371,-13.821453094230298,-15.392224187166427,-14.14506160238383,-11.140677813296158,-13.801390905686253,-14.189187163927429,-13.236711494182048,-13.45510115127295,-14.929350525860896,-15.732403525675506,-14.057999047383312
453,6.096204724162817,-13.018434858795578,-14.938825044913804,-11.78481804259183,-12.957508736000099,-13.515922477377645,-13.572490381824231,-12.383498319015915,-11.30472217394223,-14.334503491858484,-13.844845561291114,-12.863821760277428
454,4.88570111989975,-14.041588561844659,-15.742321221390192,-13.729050244926889,-12.211151884203934,-14.60051046966474,-13.110684709289211,-13.505265863141119,-13.97549396865379,-14.624523577896742,-16.702379477331355,-13.855246877192155
455,5.650691449642181,-13.534955701479971,-14.165724592678842,-13.00068646049885,-11.746785126083418,-14.232655469093691,-12.48571002383514,-12.188876799243346,-12.80918409450078,-17.277816467729533,-14.066659720983065,-16.395328017351694
456,5.2904858104884624,-13.730058459899494,-16.50889209997734,-12.924621906896283,-13.403998901061096,-11.751144770491297,-12.20563456372657,-13.841267877659666,-15.272180872627928,-14.69631672870646,-15.516851003649606,-13.501202070544378
457,6.474297299981117,-12.917825420592749,-14.574377037967833,-11.45290856065036,-11.129964202067207,-13.545992780036716,-11.792756446326527,-12.213007271749856,-14.21821927190852,-13.22497633799899,-14.262632245854617,-14.704625575095193
458,5.645195681601763,-13.528734873199612,-16.937593679406827,-12.180683554309102,-11.95395228940079,-16.20789989221814,-11.948808551032224,-11.744311267440782,-14.49017447674218,-16.41912609882146,-15.377660086237272,-12.431032271648155
459,4.150207495316863,-14.734866121001986,-16.16074223889693,-13.256946983020983,-14.74951270290775,-15.405214663690836,-12.902601257668175,-15.264401809666905,-14.367968351702025,-16.896809434527277,-15.687778415090934,-14.274480909704163
460,3.060252796858549,-16.210459643944795,-16.847287111940513,-14.757101531464919,-15.178479994681824,-15.80169392810933,-13.913564081394124,-16.785305874388353,-15.70719340363464,-17.568042123822107,-18.81886495247284,-20.23264220920886
461,4.330650826916099,-14.69093272153421,-17.075448510565526,-14.193042993761306,-13.42515504880806,-15.175725111292884,-12.758364090595407,-14.87211751205685,-13.449861489415913,-16.268261321782173,-15.463783406734652,-16.331169826660854
462,6.031627178192139,-13.04935240604484,-15.288626700773811,-12.985921732707183,-13.383100444892461,-13.440487941893975,-10.634461757877183,-15.370247897859779,-12.715128439533,-13.734414003957589,-13.81291160965316,-11.448806947707602
463,5.745397623628378,-13.175141396869204,-13.733918974720362,-14.483618847608957,-13.203589652794264,-13.602390556115143,-13.529165944188804,-13.359994861722186,-10.583049360368065,-15.863521149063395,-12.61519796274654,-12.727515994605472
464,4.254409532994032,-14.742472060130876,-15.643147217549256,-12.765115473144693,-13.496931965217433,-14.29520995302563,-14.343267436118959,-13.040028059336674,-15.028927735199439,-16.46998497024005,-19.251947902733868,-16.736849671826928
465,6.373191185295582,-12.932532609392391,-15.343676032411546,-10.717020643054106,-13.173319503384185,-13.377029604990454,-13.275692436730015,-12.135375094100372,-10.911581557717822,-13.670265045088941,-14.702328069546764,-14.578233615838982
466,4.584707692265511,-14.450077438604577,-17.39951440554312,-15.168681184924077,-11.673451941208343,-14.383425663135124,-13.988903241241282,-13.049895274482605,-13.489497732301672,-16.947509779824106,-15.779762443167902,-16.02531721515661
467,4.7838640585541725,-14.04314432488896,-14.241181924488126,-13.53929972331928,-14.04968116329092,-13.602407800086922,-14.603998012216872,-13.566377890983926,-12.728283857848545,-14.616929675189901,-15.124513160236377,-14.947761918715383
468,6.406883608549833,-12.944709752637095,-13.905824224958641,-13.043362243396556,-12.967520672447407,-12.876496148682332,-11.044924898027677,-12.302951180133633,-13.642190033248262,-12.153598417753532,-15.305785896700975,-13.54777216102471
469,5.806853653863072,-13.44535826855009,-16.328407245557674,-14.125187813344137,-14.117850130179747,-14.04865978206206,-12.545478886591653,-12.082174954703023,-13.359791982702271,-13.074569395652238,-11.66496901298277,-15.066630313151588
470,5.841852229088545,-13.342102517815583,-13.832424420079008,-13.686950960541843,-11.594106024931758,-13.834038805697697,-12.024808351898661,-12.282629244708742,-15.147844641324085,-14.405505890358834,-13.329675567788655,-14.777773299708702
471,6.111953929066658,-12.838063463473503,-13.633509905723214,-13.718500814670026,-12.233895743402595,-13.216024949696795,-13.618886095465907,-13.400556682314805,-13.155251378585316,-11.296975580081849,-13.22314835790473,-11.69758473219745
472,6.566315034404397,-12.931456428330923,-15.245979481139777,-11.981385266680096,-14.000714895673,-15.537431492652573,-11.43611970698809,-11.443858626746483,-11.52164036075786,-14.357171807671813,-12.226892211965033,-14.246719109507032
473,5.751878002658486,-13.399670947190574,-14.106736951732174,-11.938715907914615,-11.280425750930682,-15.137236542717652,-12.212040707365324,-12.617754536720266,-14.166032808666703,-14.654549990459975,-15.195660987497163,-15.00668747355805
474,3.9633511500433087,-15.08950885279784,-17.998852653481848,-13.176654932994726,-14.114967973648309,-14.040914970538442,-13.421961939841207,-14.924356785926282,-15.84865165810025,-15.225391344728735,-18.82527671321085,-16.819591240911667
475,3.7674037031829357,-15.141764006569447,-16.367052168675436,-14.067009478936829,-13.989663144306263,-14.840079126165989,-15.456749440653166,-13.769091803597428,-15.394572367403265,-17.371551495497012,-16.611696040806482,-15.0016407858333
476,4.33745788782835,-14.546376399384492,-15.858776685960446,-12.9421499624279,-14.078652567684497,-14.63626791012273,-13.683626403236826,-14.651978476026885,-16.098521960643662,-14.470054215464662,-14.795181445014018,-15.18402570072916
477,4.6153626926243305,-14.113457802047972,-15.960838874954025,-13.327297209106801,-14.42509356358876,-13.371919811394754,-15.577929533368739,-14.505793830267281,-12.33069869985599,-14.699866099272601,-14.65809753203102,-13.543219717579998
478,7.467939360067248,-12.198475636927164,-14.289931355800896,-9.661468703251959,-10.973027366692946,-11.04172409791634,-14.238099146978865,-11.229019843382593,-11.068535936419643,-13.945768963613052,-15.14298094367043,-14.355072959107812
479,4.752811286598444,-14.19702479540893,-16.366999076608636,-13.720086159271116,-13.229035790336388,-13.227687944324465,-12.705715390781137,-14.771022063004672,-13.964929591485863,-16.10220344794992,-14.495464194102341,-14.861354779784666
480,5.271374529227614,-13.903962596512633,-17.596079587997334,-11.558944777636029,-13.105235727589616,-12.549666277560778,-14.115919714898533,-11.597589686655889,-14.488694555195478,-15.969379811391452,-16.911764486756088,-15.842750606252206
481,4.4282796531915665,-14.51794933550185,-16.05920446405441,-12.440123050216943,-12.859758265536687,-14.114412592011407,-13.494137956745714,-14.393284809093522,-14.568874104453442,-16.743540508043143,-17.2427779244713,-16.02629007467604
482,7.925028808414936,-11.792764220381118,-14.723708128752943,-13.20727277574627,-12.045227479400754,-12.67319959763897,-13.519209277898348,-10.1594864401827,-11.294018807762738,-13.739348266266367,-10.15270432636539,-9.5893221935339
483,7.896708369255066,-12.047431164521507,-15.136120802272385,-15.057788670905982,-13.617705483477344,-12.669807723907384,-10.301134496833178,-11.539341855223864,-11.430869561041977,-15.311821953558333,-8.697280094065153,-11.877558415204135
484,5.1921474896371365,-13.817324435519405,-16.528773688714516,-12.374965288444098,-11.897106211872902,-13.060758242992696,-13.775887921331854,-13.853529307517196,-12.917826101621532,-15.851126788749186,-14.561917000794198,-15.864062642385935
485,6.1875105276703835,-12.991863198027156,-14.779278269620477,-12.363871744366818,-10.57088512929356,-12.605310919289817,-13.170579676735436,-13.151098172424673,-13.071556726352798,-13.244849535840329,-14.125905216376555,-14.398021686872225
486,5.507526079192758,-13.434834412248316,-16.37885083713204,-14.309565682148392,-11.530236996778537,-12.874261358812317,-13.04530037512055,-13.632883957890872,-13.464601707959762,-14.597323688779376,-13.985122324119608,-12.302341816099396
487,3.822582207620144,-15.040981807440133,-16.98469611177063,-15.696285743019224,-12.262199308580477,-15.197854227471463,-16.181555193728855,-13.637800225255347,-15.149862794889836,-16.117781396482396,-17.55403040974362,-14.346348561345954
488,6.852732114493847,-12.133158624533287,-13.199961029259084,-13.202188466586204,-10.36636261535776,-12.68987840706888,-12.568824767858068,-15.122277177465229,-12.272064694937567,-12.359534558366768,-13.26955460119679,-9.211092690130004
489,5.4035389591008425,-13.362471959816531,-13.107423864179781,-12.830700664115035,-11.598718252987563,-12.468483271531273,-12.672662791045626,-15.074044432483351,-14.163432236636579,-15.14826362853344,-16.494873316628144,-12.383985839275379
490,5.224937506020069,-13.564320952794723,-14.383804549929435,-12.956034051348482,-14.466250396373287,-14.119961460419079,-14.208273171506132,-14.168061457787655,-11.910535511990503,-15.079721824088306,-12.392431659529139,-13.079175822706627
491,7.110334161669016,-12.589138440683534,-14.277643782248484,-12.89767692583638,-11.275765991684368,-11.148366778766386,-12.895287516801934,-10.056353875155523,-14.094807835947876,-13.710873236978692,-13.018408146341125,-15.303901116604667
492,5.656963991001248,-13.46665987295761,-13.692362893619809,-10.574216173837328,-13.693951032772919,-13.297542451321622,-13.656670167869944,-12.096646149316495,-16.09961103679334,-14.451718552021566,-13.41453248504882,-17.10315748987783
493,6.987970478832722,-12.520488316628152,-12.901261691667107,-14.122050201979274,-11.985443157859375,-11.892101108459903,-11.000921168998923,-11.233097112274756,-14.70140090585508,-12.605257861961569,-13.967222554652622,-12.354191144576902
494,5.948497049510479,-13.233958052858362,-14.25201012153764,-11.993474320069764,-13.806285492189454,-13.768027986838376,-12.850662886462628,-12.008521672862376,-11.713663343088061,-14.2781563121195,-14.525124174465736,-14.477450945917685
495,7.19633699208498,-12.456873216460737,-12.814754000813554,-12.767978673773872,-11.880146165681541,-11.953990853676384,-11.787956791584861,-11.31130173072864,-11.424489397085097,-12.523125173782939,-13.81074438243828,-16.125096070734525
496,5.496882621198893,-13.606984591372145,-16.336756817409036,-14.197009199300174,-12.2912700872602,-13.030063266525872,-12.788291929407304,-12.358533716429934,-13.198630285115666,-15.967386435491111,-14.101786096372532,-13.66982454181758
497,6.419933069497347,-12.754463058780631,-15.60156449472187,-11.731383577455945,-14.173388769175277,-13.188292431615576,-13.469514443788519,-11.836098408938412,-11.128003872088122,-13.674413503728783,-13.44509806382969,-11.327531237092876
498,4.393582999706268,-14.40272646118621,-16.372593606890284,-13.538937904203001,-13.772899944666374,-14.001679121627436,-15.220783223279158,-14.905387566138746,-12.942353512126925,-16.392548658049332,-13.476069932862735,-14.846901121488571
499,6.100947931408882,-13.112151050293974,-15.2154968567886,-14.660169255941868,-12.932325626200104,-12.170571027052823,-11.641008966274853,-12.980184943028444,-13.82177076948306,-12.814227555739901,-12.916049613255169,-13.117137477467967
500,5.040703117847443,-13.97232333936081,-17.1108393946605,-13.96186814665893,-13.365263389412302,-12.530468795685476,-13.605374040186804,-12.445056528220437,-15.365668342363843,-14.718920632280941,-14.751561588056838,-13.738105566311392
501,4.2703064158558846,-14.691168212466721,-17.69978955218703,-14.418342703327568,-13.275644969882482,-16.31087473187955,-16.061613454684974,-11.838604864729454,-15.622666197088853,-16.16889551175075,-14.743100095496475,-13.912971726213215
502,5.831962583586574,-13.124203040616923,-11.45688462081458,-12.792283687696663,-11.417367378630557,-13.994885727356486,-12.382221446204905,-13.836553287767966,-14.826916770048149,-13.606592321223275,-13.408291861503391,-15.267071128831507
503,3.767172435298562,-15.151251970228245,-15.481685553396735,-13.152355251783677,-13.77286696859662,-12.232027219776008,-14.608919319785858,-15.440592933632761,-18.425795570232765,-17.849685318815517,-18.187107601415086,-17.49149304186914
504,3.849791631102562,-15.010396690040542,-15.435488978003608,-13.206581433843699,-13.129406653863843,-13.043622273931986,-15.01974727964221,-15.839011142606951,-15.393839308719102,-17.792985599880907,-17.098085365480642,-17.38676815061717
505,4.452877538278699,-14.584358050344328,-15.934209528893655,-13.099984828633609,-14.911560861788606,-13.049743110359138,-13.514727001606147,-12.883796514310662,-14.904807795110628,-18.278411056022343,-16.165322337286433,-16.1399477315728
506,6.042934633791447,-13.173956681848134,-12.847654126176637,-14.1386176570283,-10.293904909394051,-14.841559477190069,-12.675028171965634,-11.687632886487041,-12.346965521041506,-15.75011154780878,-14.901658261752345,-15.889196542447216
507,4.854120422154665,-14.043735944869054,-13.898068365298677,-13.55520052535249,-14.061950327781332,-14.62020143054711,-13.262205911261072,-14.724818699949962,-11.384999875785052,-15.820933183783797,-14.386559853369835,-17.136853656734253
508,6.894767705351114,-12.623596002679259,-12.197191115671043,-11.117893374804119,-13.452618550156723,-14.049633890850215,-12.809782382453045,-10.595231058388348,-11.446958737359882,-12.646199789128723,-14.485991878612376,-16.33422857413421
509,5.43048944324255,-13.685291633329324,-16.38250955451137,-13.523222050798253,-13.677456516775639,-13.289817239627075,-11.65701059984553,-13.41356927885444,-14.628840167090935,-13.161877975295607,-14.889442009267267,-13.786394846980352
510,5.250166492536664,-13.747861620488663,-17.316403400952204,-10.548773999557724,-13.624834604899668,-13.573013573551485,-13.353739256672725,-14.81453828777179,-13.320456465524863,-13.282042362566449,-15.893088674897083,-15.311991814528604
511,4.2048964239656925,-14.657191392577001,-15.417029023181449,-14.198776476773084,-14.37027989255485,-14.387777637587561,-13.852275111093492,-14.190151490436772,-14.815912369564511,-16.829148666405594,-14.523922287084886,-14.665934130693426
512,4.98976694047451,-13.879180461376588,-15.86286988601538,-13.68776344583852,-12.349584303075208,-15.021656116396825,-12.800024351188108,-14.434063534557156,-14.363925837114932,-13.666733236379503,-14.785423645556556,-13.042740352629947
513,6.3594475239515305,-12.750111048555455,-13.272202599149441,-13.261286013205666,-11.485519088477872,-12.553130994345363,-12.56309335827802,-15.198720426024677,-10.975802176702445,-12.724456350772158,-12.948028711178953,-13.93710407715847
514,3.7109611183404922,-15.226904430387002,-17.126842871433425,-17.25346192172083,-14.96902666995843,-14.849073320520962,-15.114044552242188,-14.44058206189219,-13.892001237244768,-14.762461816356545,-15.65566965208429,-15.35187522048725
515,5.324616674333811,-13.614394299337553,-16.867295164853292,-12.553549823938088,-13.062673206472224,-13.04985053898314,-14.255970006444606,-12.927765282940353,-14.299718427622626,-12.424674374903288,-15.764993451508483,-12.956224671063882
516,4.521504208445549,-14.412728514618303,-15.954492378562055,-11.4485070257885,-12.242096148124144,-13.278703686135598,-13.096730024028941,-15.741046288929002,-15.755312314979037,-17.46425663681063,-17.596235855793225,-16.831825390909163
517,4.838887983933091,-14.271158088275149,-17.490945769411617,-14.533960984257837,-13.006343406607847,-17.038790810904587,-14.305311180005303,-11.310385435419576,-12.6385362320435,-17.32238383636501,-14.904368732317582,-14.586389154075128
518,6.200530814006925,-13.272226992491934,-17.321457759180994,-15.713060850710793,-13.279346360908287,-12.986170462917077,-10.20993416402153,-11.91267841857471,-14.191429027395138,-13.28763357281839,-14.652270788632983,-13.082191480966001
519,5.587260369211435,-13.544768195004274,-14.800111575368181,-11.57420974233451,-12.37171128697861,-13.258439780849546,-13.415175510793844,-12.188048531747185,-13.35806184657577,-15.206666985698396,-15.830173575369189,-15.874640441787736
520,3.0933356657624245,-16.260129418068736,-18.696641230021186,-16.56373803955411,-16.279074244187463,-17.284550783472746,-12.9955450675621,-15.174872807716868,-16.415686609629144,-18.015733628580712,-18.250768335261228,-16.080291097631296
521,4.6496520498767495,-14.35902124389144,-18.37553963053419,-13.39417119446119,-13.560479109802039,-15.1876056443597,-11.991923051750707,-14.464962239379846,-14.279070827776836,-15.20318254520034,-16.412866924519847,-13.71159361820224
522,5.4038056544959545,-13.568345418045666,-16.807905765392512,-14.597616542730583,-12.924407131488012,-13.250040141941184,-12.936493569560357,-13.967809851172879,-12.039886053540316,-15.077235351247392,-12.806106678090753,-13.107546296101063
523,6.332943554967642,-12.981879065355939,-16.334664049303747,-12.728353601413344,-12.230180318353877,-11.746421334546287,-11.788510665427419,-12.63244726080067,-14.132149324000931,-13.423677510356015,-13.328345566682708,-13.132877759647467
524,3.415151696652174,-15.519067056921713,-16.981790286160056,-13.977375887509975,-13.331668981576001,-15.035953607299682,-15.503336226086649,-16.203999651752415,-14.80072481466597,-17.76248367153232,-17.78074450270907,-16.178514657118143
525,3.591459296643734,-15.252865864560023,-17.144995131355934,-14.288831364761494,-13.083011529864484,-14.898020610551692,-15.87841385488856,-16.017959958761093,-13.5428599493743,-17.062096574468594,-18.000110012225175,-15.278894664075846
526,6.176924731582403,-13.083404731195426,-14.66122157819955,-10.535406762569837,-13.305032954447721,-12.990157238096971,-12.997355347774658,-11.787945070150412,-12.40277466767424,-16.748679670830942,-13.869276143867598,-14.432833152955187
527,2.8767131455242634,-16.206019100048266,-19.606832955645498,-17.068136118427233,-15.722909345393179,-16.488486257483117,-14.386049471865777,-17.16440768147126,-15.947529086696065,-17.31190789928703,-18.020971282581403,-13.532198961734974
528,2.283262113109231,-17.212319567051637,-19.328692259976307,-17.839099084381083,-18.29798111635699,-17.975201751957886,-14.849451849785302,-18.79362800987371,-17.8071122763483,-18.33579882402227,-16.939190152806475,-14.718875434657981
529,6.0174868404865265,-13.22615978582059,-14.721112861995708,-14.224862326050474,-13.479404923261399,-13.547318642549726,-12.569325942925474,-12.205058056024283,-12.315219451744586,-13.141435448678953,-12.07315568221199,-15.170363443932793
530,4.812085999175906,-13.923046111248672,-13.991337467693175,-12.811420410782858,-11.320916319692977,-14.104513603207625,-14.963247285353694,-13.727608380766906,-14.94504848765089,-15.958571728341813,-15.87289898530318,-13.683224211976492
531,7.3451163321733475,-12.431076134944988,-12.523457232924628,-11.736481597751592,-12.461628169513064,-12.080570655209343,-10.462402271823663,-11.51943813294242,-12.783944619553582,-14.129562257415223,-12.591282754521185,-16.3949626003724
532,5.298715308308601,-13.63242353673353,-14.617142344041781,-11.232666026672515,-11.145912369230501,-12.953774894309138,-13.963846333995342,-13.816498140232556,-15.979359636889615,-14.731454912701547,-16.042501443672876,-15.149299624195216
533,5.08743429556489,-13.995356814990703,-16.59484637098968,-13.713660743203961,-13.047339232905502,-15.630599558699195,-14.096633729214957,-11.402665291137646,-14.71323482069943,-13.710538848827065,-15.097482343460193,-14.13518712548245
534,4.539400124922395,-14.384497174727118,-16.26750620709741,-14.257820957206803,-12.933940277289896,-14.480501458740658,-13.240127372252637,-14.624292951623426,-12.89685031045691,-15.320365698815252,-16.26302822776089,-15.161143828684612
535,5.816331747919321,-13.215684419633316,-15.258575285382669,-12.44667896324444,-11.735751908591983,-14.527069634851724,-14.017461109466623,-13.081464999297998,-11.857955264767293,-13.76682423472092,-13.154825174421568,-13.618695508378185
536,6.505688617005944,-12.743179541295536,-13.532887202557415,-12.002984227722433,-13.451524183675428,-10.502492045861942,-12.200364698980046,-13.818678375421145,-11.934439874772902,-16.855849348526778,-11.734898709027068,-14.367113422060843
537,4.623697590082884,-14.314821196878139,-15.116976846277097,-13.6529880614309,-14.171715500450198,-13.857384914214228,-13.927561492814817,-13.434442901605903,-14.475876725910739,-13.915328878398842,-15.245043855393156,-16.02610961107613
538,4.5859081875532866,-14.191723559656076,-15.929343211501749,-14.43042862869822,-13.233157455286022,-13.927997553703404,-13.797132224778046,-14.713387121662569,-14.969531250969014,-13.22056422453054,-15.390668021894381,-13.235355641306533
539,5.009065987542272,-13.970040113025387,-16.47173794730985,-12.708207354626893,-12.439036938846977,-14.063619354995199,-15.39528005307683,-11.933979457012754,-15.055891875286186,-14.339596083663412,-15.197612070864313,-14.284980930720932
540,4.144612323492765,-14.606404814544575,-14.372846836732567,-15.531282397625844,-13.613394807370671,-13.894999329345485,-13.511369871012688,-15.158760621448302,-14.87949560810576,-15.224440883022405,-17.06898438481348,-13.959174192503701
541,5.116346815600991,-13.648045586766987,-13.05877066510966,-13.457216289218788,-12.987368943697941,-12.395846022892464,-12.798572744078216,-14.825982901242785,-14.537446293208177,-13.67936759881961,-17.17336614460298,-13.309558286009134
542,6.45806984603405,-12.720854943895876,-13.264614752228889,-10.358452103976067,-10.409014791131991,-12.384739145374365,-13.140319054390384,-13.991816891534143,-14.459475511460916,-12.712231732655347,-14.57656884144214,-14.707209331177367
543,4.598722591996193,-14.030347593194863,-14.16027953330869,-12.264191085669733,-15.76136603984269,-15.90996335724663,-13.072201630106592,-14.01689398682343,-15.237755775292888,-15.443925992871119,-16.349080570272527,-11.261188663061962
544,4.627667041495442,-14.047772587864475,-13.730904146420766,-11.390986152760068,-13.073894753014557,-13.645699309076802,-12.973000294838169,-16.696848228890477,-16.2312208030504,-16.481451715604695,-16.475944531717637,-13.40111886660827
545,5.289457328617573,-13.769347769212573,-14.362249983564713,-11.88165526591611,-13.007671320365041,-17.586282229142583,-13.503477891382152,-12.34475095737011,-12.815775214006518,-13.789455813167944,-15.294891084553143,-16.133872569765224
546,6.820739870890975,-12.412813722537662,-15.84500763953364,-14.931801326470897,-14.481454374835092,-14.886574357793386,-13.047096764561534,-12.311480660322383,-10.822165128576898,-10.437183192639836,-11.364469817133031,-10.316346399008285
547,2.291254254989326,-17.384518351938198,-18.7714297632831,-19.02380540544462,-17.75380056281903,-17.864270019026065,-15.658592494204083,-17.490094467680183,-16.26656014413522,-16.56734951380418,-17.45923058114737,-18.212771663786747
548,2.9238171223551035,-16.212145865189914,-19.25926191257725,-17.219452575159973,-16.102887489405767,-15.89254684943295,-15.290124570441847,-17.1233976079991,-15.520772882399134,-15.524357702378369,-16.052032432214567,-15.49179897518017
549,5.527041859924793,-13.545417675987197,-14.528979703481685,-12.693219222254442,-12.71177586996166,-14.489902426283932,-13.615008252622617,-12.390538288097705,-12.043238566160078,-13.946988832124978,-15.070027004667866,-15.402353998401972
550,3.728620033711195,-15.19568719865989,-16.83413458677222,-14.127118587400151,-13.144841757537463,-12.997680713752208,-14.185588803374662,-16.195456697256404,-16.432224009644838,-16.67124129844096,-18.76790242532276,-16.093629677561243
551,4.486458923667669,-14.571979118060966,-17.506343133127885,-12.404234331987855,-12.741285201576328,-12.859430412391223,-13.477154649786874,-13.511293974134793,-15.410043607320015,-17.91587574913933,-19.042650444052796,-16.591833421883013
552,4.830366879701614,-14.147942004728982,-16.425247795954203,-14.482149785971782,-12.483057176359434,-13.354843933591836,-14.291154824415804,-13.623407545979223,-12.239983995745812,-14.236361499775343,-16.32253370043473,-16.505801043389578
553,4.443848999217153,-14.331323920435562,-13.770111940739948,-11.766709024870357,-12.375978312777411,-12.324479959291168,-12.75299727610311,-17.832387943559667,-18.03190504157492,-17.906934377141674,-17.493811145511778,-16.083886237995642
554,3.638425664976239,-15.309518286228393,-16.287445026564814,-13.640659614699002,-13.75072990158397,-13.21830935412326,-13.439819724881826,-16.797054042875377,-17.589020848006808,-18.885531782814066,-17.92759110951094,-15.980140325005763
555,3.1565111987292767,-15.950887905076115,-17.38344947270601,-13.348985068930109,-14.554692575594865,-13.496740140791324,-14.699553855936305,-17.33199748548756,-17.823030904162604,-19.2843107219184,-18.857892431046103,-17.928763105228352
556,7.860753603279591,-11.813161445260903,-11.103200853584587,-11.288753188076111,-10.97227099990916,-10.988212493982486,-11.55980012667069,-12.33246082705995,-11.55334700456856,-13.583439159061044,-13.258327066639144,-12.368142095244616
557,7.228622909635305,-12.380717838930568,-12.749467416253182,-11.648945178881622,-10.964868315892778,-13.045750381504797,-10.144330194817272,-13.249801817101964,-11.987709906051993,-13.454013864307615,-14.924794731522272,-13.748507948556302
558,5.151198249310255,-13.688235388628385,-13.815294900978687,-11.408833525074566,-11.106752896524677,-13.566814461868894,-13.139917316034406,-15.404512376931706,-14.673904495143379,-16.091332775914402,-16.262709013016707,-14.849212176641498
559,7.14163220487535,-12.528120984847906,-12.01935944818703,-11.385102253957069,-12.519729099885062,-11.163010991457627,-11.228437382066186,-11.240519953865128,-11.020952767455244,-16.036915644228777,-16.697265097027373,-18.28198299610453
560,5.299214355647564,-13.780993746451653,-16.945578318125975,-12.632398320046669,-10.994465151028546,-11.512457903744373,-13.856922854944305,-12.945287088674796,-14.527823557266055,-17.441695262208654,-16.428521943551104,-15.869163794629111
561,7.343649934977293,-12.350531645871035,-12.632912670438625,-10.658178869271422,-11.379031840258005,-10.780737691468552,-11.877971130053446,-11.720984226100978,-10.33503593857035,-17.04781948387296,-16.388398799025957,-17.505755496201537
562,3.3035550098866224,-15.473876310850972,-14.003290775542808,-15.109219589001718,-15.898726946948841,-17.801042311889383,-16.75753516769268,-15.93338393156792,-12.171086829971243,-17.184977417199573,-16.79373245468986,-16.32462357976929
563,7.880081199109554,-11.925222596335665,-12.772947828209972,-12.495595488536932,-11.16643305257681,-13.805644634507901,-13.329069451841033,-10.008408390085675,-10.57168009498839,-13.155985959668964,-11.642562010546255,-11.942058877923305
564,6.146720744669437,-13.115171486072574,-13.209238385917848,-12.809995734601928,-13.331180863309772,-15.083918141601067,-10.944587572017294,-12.647995297809999,-12.538382113796985,-14.469401714422574,-13.420971121020171,-14.119544333909413
565,3.8480805829167366,-15.141978263528927,-17.559260368654456,-13.449633961462666,-11.816977191269253,-15.790671530394434,-13.639770610603204,-16.978957413476042,-14.557400240279271,-19.08390900820998,-16.20523654355234,-17.817680686697
566,3.3469487987458706,-15.486783945165492,-16.166358360664024,-13.077383369995943,-13.536394326220817,-16.632799110269,-16.33480631862627,-16.813312004326775,-15.128677113094259,-16.81352716661796,-16.948765710751857,-15.60998480996748
567,4.723533349111676,-14.105663308496892,-15.211287807102362,-12.275537047339462,-13.411896559801445,-13.105029359626938,-13.387333259534323,-15.057348642122843,-14.369517428146674,-15.032877793531714,-16.392726325848514,-14.347439776466551
568,6.601751692593098,-12.69492279132131,-14.813348421907342,-13.203442663457846,-11.206743454244867,-13.710297056038725,-13.142857699798203,-11.961200267006603,-12.086029863990843,-14.502657523451994,-11.256671138081158,-12.661976704321578
569,4.926810409873724,-14.026257988672404,-15.74814670101034,-12.34308539893356,-13.448455875976602,-13.295682295352623,-12.157334085488555,-14.793634608215116,-15.071620630781926,-15.478868058949221,-15.582897162062983,-14.239617179544606
570,11.056568250060081,-10.329832605071518,-11.71055214460125,-10.062222355917175,-10.510124590733216,-10.640458213976888,-10.723275397758298,-10.120983804099042,-10.62262171989653,-10.069801552353724,-10.30400371186139,-9.015741645159215
571,5.613196782767773,-13.342874644783452,-14.706396840999453,-13.570469107809984,-12.551179804231234,-14.22413502290042,-13.35566999803586,-13.074452487303926,-12.658773223604722,-13.715216918533326,-13.237988830276006,-12.810186076429723
572,3.11656566336751,-16.003960247981507,-16.34091838481025,-16.236701857635893,-15.261553725837336,-17.594334514577206,-14.692311482089282,-15.695340978644799,-15.81489435808084,-15.281376257791264,-17.016422079253402,-16.95552271968923
573,2.5207373835146427,-16.809898079267565,-16.67598775636035,-18.107384140294414,-17.415451606825037,-18.524994211670318,-14.380317243036625,-18.037075119273627,-17.328215322024437,-16.592887587117737,-17.15733356030466,-15.6108056276954
574,6.8671193942427635,-12.416615364701292,-13.794192970352213,-12.830158313313564,-12.356710456993197,-13.338783405614759,-13.36118216579004,-12.198891430930933,-11.60174354653302,-12.16870408735046,-11.423452806304322,-11.76440060430275
575,5.117784306406975,-13.89833862688983,-14.607804568575137,-13.20397787064682,-13.780652215660158,-13.814778494566426,-12.636447733175537,-12.910166534310783,-13.576463686457078,-15.969709358034121,-14.725663942267158,-14.794135196040934
576,5.243047149851918,-13.71469836613796,-13.62933016532004,-14.995906929990529,-12.675105302855133,-14.27444216488647,-13.069087613967936,-13.086251126327612,-11.841801285970588,-14.669447368081794,-15.348596791983747,-15.011600113732184
577,5.594180138781667,-13.492522986257692,-15.043760695058342,-10.779705657936745,-14.400689316317202,-14.364789421446876,-12.294952268217319,-13.113754974291297,-14.309879040383837,-13.47450295753617,-15.102311039095115,-14.087870006310013
578,5.990096356719732,-13.180428354422544,-13.194531452549988,-8.713852282944575,-12.678220888269284,-14.476263991883407,-12.163376445814212,-13.134487327031398,-14.58942362207025,-16.747342574405813,-17.253274965234066,-16.07868377310521
579,8.87619399279356,-11.348590095337595,-9.313255162296898,-8.312464347748618,-10.099128254487972,-10.625377187279078,-10.135248752871442,-12.229672047858518,-12.744544976191413,-15.876118427800384,-16.590756636314353,-15.782803884583243
580,7.612384971231222,-12.078125163860848,-10.62683781564829,-9.24358604028656,-10.684802972874483,-11.638044907866554,-11.371846125854715,-11.961887502384084,-12.786545045940176,-14.895429717686104,-17.487446989657794,-16.84174540025787
581,5.091462643817067,-13.726226995637617,-12.51385354070587,-11.263645049836459,-12.995905128219247,-15.51569788705834,-14.963827807922241,-12.945208672739309,-12.71711569724265,-14.564582430740218,-17.488619212703185,-15.844841700651136
582,2.995597142726183,-15.826176253185483,-18.714931607009422,-17.12867333373737,-14.982142702791794,-15.560924642819678,-14.394169826773908,-19.610068785434578,-19.27002631835296,-16.9760663101598,-14.891819484360212,-12.404915582771693
583,5.45562956482172,-13.528426048857076,-14.556007397396957,-11.969376365168419,-11.92121329442,-12.56420306220309,-12.806883469790392,-13.703510302374376,-14.659963458332584,-15.865192037052022,-14.92833511394139,-14.172356484514989
584,7.533176019787788,-12.223236488942074,-10.930542443634934,-10.963400157970398,-12.434177449792404,-11.152079999574427,-10.789024530718772,-11.197962769172015,-11.684329249631764,-15.493366590242568,-15.583411353921907,-16.630210228685563
585,6.730400014668703,-12.395617430394662,-11.912094912590522,-11.56136600010295,-10.780052029841245,-13.56756504708611,-12.957409161444101,-13.539998777441625,-12.525342467907251,-12.241937955220283,-13.66065362224884,-12.161382459509
586,7.50922979414463,-11.90228641694738,-9.594066049710598,-11.739583662183419,-12.416767236296543,-11.326420914685487,-10.540629104030128,-14.812653524389475,-11.450601943499999,-12.87535814264221,-13.724393301150553,-12.958087848047771
587,5.743827659636736,-13.033718281687905,-11.874665028245392,-12.718592668694125,-11.023875727028347,-11.783471746402398,-13.849182123836364,-15.273420256637706,-12.388941034063695,-15.023541358569378,-15.194608925239379,-13.63660156593917
588,6.673803571611643,-12.515979143026005,-10.95528193656625,-12.424491576979179,-11.66927933317401,-13.283044362830896,-12.62513939827394,-12.74193945510781,-12.28486751878036,-12.514401813249705,-13.100379751464997,-14.458671482329894
589,6.125338554382324,-12.662333827886558,-12.26803064622628,-13.383268980162233,-15.084679350766379,-15.638755612624507,-14.457779093961374,-14.82807716580261,-10.298768010398318,-11.063801133436591,-11.810926145685439,-11.430421540092953
590,5.351411908864975,-13.596330723398736,-14.504311772547247,-15.101476162840337,-11.425015871539532,-14.50739195148379,-12.309004924829768,-15.061037838863221,-13.59738991302422,-13.298004848939645,-13.342716297834817,-14.393126868644044
591,5.572193518280983,-13.200730038840325,-13.906896485575373,-11.638521946911084,-12.821489744129861,-14.258990442083693,-13.568853538420626,-15.389951992487989,-11.686386631221817,-14.248043947555608,-13.905933785441192,-12.175283672119011
592,4.501861028373241,-14.446160326946895,-16.460637485264918,-16.50786500258417,-13.37051810164252,-13.412126910908075,-14.566371559625528,-13.152549169571113,-12.726072657914276,-14.665546156937939,-16.397396765400792,-15.389573945238372
593,3.224285613745451,-15.861575139402909,-17.070627638563373,-19.082242434748885,-17.436434097905476,-16.60150027617967,-13.262457605727988,-18.73801625789922,-12.545496911991705,-14.90018203592709,-17.77816893585149,-16.538879239126683
594,11.297085642814636,-10.333354769995484,-11.46282155719568,-10.200946783195647,-10.040356708334329,-10.315334811355786,-10.34732179605567,-9.705632257218227,-10.345298919403662,-10.524754858794738,-10.479166521435682,-10.118666727346497
595,11.883836165070534,-10.19594095898099,-11.474814351473949,-9.168682512183397,-9.748404141116149,-9.36170714950756,-9.571844515290795,-10.201788518139898,-9.784661979853114,-10.49101334048273,-11.201825124838098,-11.82128240482821
596,6.930968251079321,-12.527015822001484,-13.094104711946297,-12.222504876787298,-11.478099902611213,-13.016138998051346,-11.00456176900201,-12.7838593885464,-12.443867080298725,-13.222713399737467,-13.31173566581396,-13.417220116356493
597,5.499183531850576,-13.543022636999156,-15.803909710520852,-13.606046511330593,-15.26199184418256,-12.443487235714155,-14.040423533171168,-11.825376610132372,-12.541384408285005,-14.219308252730489,-13.967102765595087,-13.290347667754048
598,5.257847908884287,-13.622877223711136,-15.39086100760748,-12.04379230333001,-15.006487127906725,-14.524279929604715,-11.772699706168801,-13.939756316007292,-14.218527817243583,-15.992775523330229,-14.432104518279269,-11.543524140475805
599,6.471162311732769,-12.867861410762876,-13.693849721386929,-13.820192714433539,-13.43464662223898,-12.699788824807206,-11.93440603000608,-11.487944376188215,-13.265312649902974,-13.061463588691304,-12.623802355035995,-13.265799082966307
600,3.6943382285535336,-15.11436090932987,-17.397022842676954,-14.431042762220196,-13.39268030632425,-15.639964699170715,-14.674915290097829,-15.843660268577661,-15.167441685675966,-17.54529162248088,-15.182289188992677,-13.74621027470641
601,7.5202427208423615,-12.196829668102238,-13.656755407502448,-11.62384316809689,-13.506677290798361,-11.041750009185352,-11.264530104918665,-12.418865363233122,-10.559503270181207,-14.350488620268738,-11.574293896997514,-13.811769292805359
602,5.9572684317827225,-13.248998370674716,-17.500419839950016,-13.284731421842821,-10.637516472669821,-14.262859555255986,-14.107817078303306,-11.640028667985888,-11.625043729902366,-16.88408793102373,-13.485656773595833,-13.640684493719817
603,7.613643944263458,-12.06776544109596,-13.285589245680452,-11.232470913258458,-13.835362674230199,-10.572826666684147,-12.131463072033988,-12.794588135351745,-9.628659264521518,-14.125852923521636,-11.65286606020397,-13.950388127663778
604,6.262093171477318,-12.884346186961263,-15.680045751777229,-11.681491321900763,-14.066479797480103,-13.250560604056126,-13.467958460347742,-13.566461744496848,-9.9952207804121,-14.234921391232085,-12.309619217325185,-13.215343916268687
605,7.08690420538187,-12.372729154337218,-13.7664855108813,-13.111834417299919,-11.724890090633671,-10.65849873793205,-12.401443881419564,-11.566189294260418,-12.312813093416501,-14.464840342291726,-12.914903887463769,-12.06087651136675
606,4.86080514639616,-14.009095589465442,-13.522877589407262,-14.868922339284534,-13.98352245778784,-13.261448858339671,-12.728455792920258,-13.710807269795936,-14.806652532820529,-15.725290241184975,-13.82105937454044,-14.45086253167458
607,5.557472694665194,-13.39972600945785,-13.518458273125756,-14.549916707988928,-12.804008861694879,-12.512886619550976,-13.203285699900997,-13.800695262163078,-10.973159142215387,-14.531713062681643,-15.032071877488606,-14.812654259412732
608,6.213944412767887,-12.949046051616724,-13.61235246640961,-11.903858808817741,-13.2618205109464,-12.294574936344649,-13.808162944964087,-12.30511495507148,-12.56345476188547,-12.071414208678526,-14.026321096033602,-14.50471071200168
609,4.15651666559279,-14.690686821115156,-18.251387260244304,-13.460055183136369,-14.53714988026544,-14.759984893958329,-15.607884305617096,-13.710171602820829,-14.358055012363478,-15.851736143597277,-14.347543233839293,-13.821270362748976
610,5.0394280180335045,-13.785721213234226,-17.081822084527815,-12.326170874911384,-10.693509459662545,-13.339278312788764,-14.935822778877705,-14.476048587929284,-14.225157861188922,-14.83833654426374,-15.955990304092731,-13.490064863948472
611,8.343369774520397,-11.77350472682804,-15.090488206943842,-11.826305051862988,-14.079801479234899,-10.698739309755418,-11.649815601744159,-10.37618708028323,-11.727113907804757,-13.870691467511573,-9.684470275959043,-11.672532063493776
612,6.623872797936201,-12.623231394839802,-14.328368081730464,-11.062259688275788,-11.580958449521226,-10.677148460566798,-12.989112866900461,-13.650927669624188,-12.491872520482232,-14.19028608439758,-13.685603897266574,-13.399413421129802
613,6.684456534683704,-12.680060215046964,-15.231858549532628,-12.291556089905423,-11.250149170655067,-12.008860048660882,-12.181090951588871,-11.46915825563223,-14.444187441001027,-14.70937783157137,-13.542595492109399,-11.754224860616596
614,6.915466658771038,-12.52771753571337,-14.868548561957608,-10.651888327536804,-11.38619562529178,-12.841781671247897,-11.628355990656514,-12.992890279862124,-11.798986507024132,-13.853707890544243,-14.20527287939633,-12.899764656630337
615,10.249301858246326,-10.736879276331479,-12.17996268308346,-10.051134001625911,-11.011759619978449,-10.751773389644239,-11.188945575523487,-9.297041500601292,-10.871167578600122,-11.920383169975912,-11.624499967160222,-9.478785515769093
616,3.828925531357527,-15.088775007538842,-16.68961697491938,-14.188085975183407,-14.598254547733458,-13.28360049780253,-13.582858226058983,-16.46140813846239,-16.628256274703645,-15.466245226241988,-15.917346723367473,-15.77002988614657
617,4.687966972589493,-14.079522769903445,-14.69061813014655,-13.087099771989406,-13.62963652804548,-15.092639672660725,-14.714526195685272,-14.128687685817756,-12.846623520550573,-14.91572053703968,-14.201223780138406,-14.100301544556471
618,5.621883999556303,-13.417840918343483,-14.088249056380242,-11.172934691715453,-12.719849056933077,-13.147680108385039,-13.462073996634317,-12.716246840481771,-13.684186397110773,-15.34011689267157,-14.640343755136069,-14.814750806882149
619,5.653182584792376,-13.32595034622376,-13.105862994264928,-12.494382494453307,-12.721326504293044,-12.701746319661268,-12.631298781532292,-13.156316904702017,-13.777031068429169,-14.998886587736013,-14.625799634088963,-13.799194301774278
620,5.192277017980814,-13.728270025130803,-14.806315880748729,-13.929929578288045,-11.983471467738088,-12.741653226070346,-12.682793660190544,-13.641313250724496,-14.830120658467825,-14.858850540335846,-16.06923815454555,-13.341031184474915
621,7.182557489722967,-12.376638324532275,-11.808111144132052,-10.638285312790806,-10.694257334624421,-13.010932526341847,-12.114711034867724,-11.410359548080656,-12.61560302515135,-13.42417328931232,-15.325095235727348,-15.56417776574597
622,5.853153515607119,-13.489020045943565,-15.634410926058775,-13.435055519458386,-12.441886147745599,-12.597954519657604,-12.11732011938052,-11.402573447687148,-12.128811142006446,-15.774360350109935,-18.222186159248736,-15.752336752169363
623,5.33185350894928,-13.605452935107081,-13.522526601886092,-13.924120905669287,-12.77090056684986,-12.385381898057194,-12.781632457562711,-14.07023662825424,-13.98913936652499,-13.597665507265965,-14.652851222060546,-15.124106723713663
624,5.01452268473804,-14.063006547932911,-16.21199773441264,-13.88439603607652,-12.238120300258505,-12.89171176993134,-12.35352114165413,-14.372738125310393,-14.211205141061317,-13.856800171720945,-16.398419595819234,-17.039918752675465
625,12.710889615118504,-9.967239905901435,-12.25978321342394,-9.567761327617358,-10.89608403010474,-9.950716122885613,-9.448295324645935,-8.583529803229066,-9.227560318864516,-10.228071482743125,-10.026994059558028,-10.489618323391932
626,6.099255781620741,-13.297862114074263,-16.50268542958948,-12.766812914211625,-13.87345067276005,-12.217379761147129,-10.742555904908302,-13.405540638755438,-11.669486537687417,-14.182240706346072,-15.442081278253216,-15.694526091182485
627,4.265693128108978,-14.711218198663257,-16.269761150666834,-15.394063947104048,-15.200983800179305,-14.542272920381372,-13.643147661032103,-13.24010280885503,-14.651005344339067,-15.406435301044032,-14.63239073574818,-14.944670374153642
628,5.093773640692234,-14.000802376526751,-16.708341587505995,-13.857145227120402,-13.53419884778306,-13.031992869497257,-12.70656072094968,-13.30861548068966,-13.177409788824718,-13.681715901504187,-16.168785526648513,-15.83870424288298
629,4.8640833757817745,-14.250471714881918,-18.404861118546563,-13.11583253054337,-14.06450587418906,-12.99851093491711,-11.800246032679468,-15.26100481574151,-12.611399276436144,-16.39209059771739,-15.642127193685258,-16.51339779721941
630,5.187823444604874,-13.850646787287111,-16.470463881951517,-14.519417825931464,-14.085462939714365,-13.158046996539177,-12.72151799477291,-13.67817967789035,-12.26283834310598,-14.245884490522467,-13.948613045378522,-14.787880286290493
631,4.686385156586766,-14.289980665902265,-16.91685118994438,-13.020894178160642,-13.085176314401853,-14.793389214402131,-13.046852678206175,-13.872002093384967,-14.167242028775322,-16.000007114991647,-14.963011775383166,-14.689470781182996
632,5.317813787609339,-13.650635119231836,-14.603753996203316,-11.48988945797125,-14.348699482623275,-15.69164466642869,-12.421609391721253,-12.996004299294988,-13.97129331264044,-14.966293451795487,-14.763841321488727,-13.063683334980636
633,3.107160477899015,-15.936866691014464,-16.306581133866377,-15.74833679392329,-14.964379103499827,-15.072961976406932,-14.138025891449072,-18.30670285003444,-16.075968367573687,-17.43086185862323,-16.201885699791163,-16.615347447959564
634,4.587816976010799,-14.16939293722011,-13.952584786952297,-13.913208738260455,-13.119350035332722,-16.310161114436784,-14.750758874124646,-13.759877115071468,-12.48239436088074,-15.102052545510624,-15.15473288458611,-14.384555096404416
635,5.3549604043364525,-13.630740042091764,-14.566333362240941,-14.504647719125138,-13.072119575965907,-11.447176597868282,-14.840314597202083,-11.636600898380326,-14.136306012656632,-16.48011544887272,-14.1151666097185,-13.888424515997706
636,4.621111638844013,-14.55431804315187,-15.852078048405065,-17.93351193212876,-16.28892550937025,-13.034963076942514,-11.241659992037391,-13.276250727066202,-17.17084662591361,-15.770840889221036,-13.927639428990311,-15.719341956726723
637,3.7809200026094913,-15.290583974168495,-16.54164624950582,-18.287617997056984,-14.613854401951444,-13.569809667966766,-13.29756336618819,-14.157443676540824,-15.479980295166182,-16.487633136952052,-17.014100559779067,-16.128035410179212
638,5.143258905038238,-13.972265847332716,-14.020482387405764,-14.196466400309347,-11.90136129228452,-14.597448895416726,-13.290356295942845,-11.371683708659841,-14.130916955998492,-16.896143764552807,-16.85941770754654,-16.148049027298963
639,5.122162453830242,-13.68197986523712,-14.134382048885243,-11.516385196054333,-14.316617782868581,-13.30773334585018,-13.759741762023477,-15.102379920934146,-12.318752432628365,-14.86301863082208,-14.695249192017217,-14.274059064345954
640,3.696879755705595,-15.13052691459394,-15.51533969817276,-15.38795747191109,-15.819651495491737,-13.305940172098062,-15.27149187362238,-14.581879409328096,-14.169869605946417,-17.362868020960953,-16.61929402526265,-14.682151036611884
641,4.7482905853539705,-13.990507493966346,-15.820006949963501,-12.512535891484259,-13.069908472511159,-12.645895849320215,-13.570044132174692,-14.992417539655055,-14.935169751369195,-16.152721992516597,-16.016458127785377,-12.516200529231325
642,7.6865791864693165,-11.982976667283314,-15.063795145192163,-13.715540819228098,-10.725254549473055,-11.832413967442344,-10.832134484514748,-13.023730215351963,-12.50766080566994,-11.318871402192968,-12.204402067487202,-10.603736959137787
643,4.462374564260244,-14.32711509077719,-16.955853401612387,-13.577729378027898,-12.161676003279409,-13.408080685373845,-14.387406623738475,-15.094242665255804,-14.793495566280646,-15.942942140014875,-15.102067735184328,-13.776079164727298
644,5.497367911040783,-13.661823365166498,-16.042023898285255,-13.070537054906273,-11.886173601032617,-13.597639391738934,-12.439452001067986,-13.502966996259014,-13.374439384833618,-14.075320643213667,-14.012490902712786,-16.726757991198905
645,9.855430349707603,-10.897741318118982,-11.680024459511454,-10.05222440347926,-10.168052157065082,-10.598999043450064,-10.494009921684901,-11.45338558615004,-10.339390578860566,-11.398733404014301,-12.17297627459352,-11.145162985700924
646,4.785398907959461,-14.017989620191445,-14.165762590728093,-13.940939016606851,-14.330014904915382,-13.444977180922743,-13.298862705296855,-13.943227166674712,-13.641024209496457,-14.024262555927532,-16.666961487988353,-13.550001992851112
647,7.144629210233688,-12.33345385727258,-12.298715305535817,-10.695222739288749,-10.90163902604093,-9.866605978605525,-12.479504143448427,-12.225744150395247,-14.199034291425015,-14.395843354585203,-15.272817817353136,-14.51278386827912
648,6.204699285328388,-12.928230516218292,-13.930984808579296,-12.475637583870347,-13.328762682504017,-14.012450961835327,-12.52855237440723,-12.268770377821522,-11.067828334908272,-14.621147521830824,-14.11066656048894,-12.24121226659727
649,6.382208056747913,-12.817642727785701,-12.346309544847253,-10.117234058029787,-13.225297962617468,-13.226592861666804,-12.445118459446185,-12.482200378252905,-13.435189329264944,-14.815393575023759,-13.628667883715757,-14.34000830217441
650,4.148098982870579,-14.714525489060208,-16.38868054543608,-13.98878893284027,-14.841885306008653,-14.752748538277151,-14.344131101008138,-14.536449975295413,-14.391102180524014,-13.961427866215587,-15.689692745533568,-14.805672986943652
651,7.089046776294708,-12.238009997752467,-12.448392696785369,-9.818817617793236,-12.254099134369692,-11.306157185553023,-13.406889886781501,-12.186948034621954,-12.081714675278405,-13.359425351573048,-15.817342908212176,-12.056697027614181
652,5.386890783905983,-13.410940484859516,-14.620140958974561,-13.613513778022291,-11.515269564637343,-12.472954568446044,-13.971832304218182,-14.758726877568506,-12.987102764858227,-12.809593448641719,-16.655741392988684,-12.753390083505652
653,6.007198641076684,-13.435796618900369,-17.120185771020246,-12.153370366128446,-10.710327291309966,-13.3712130104347,-11.828525593648141,-11.93056560475068,-13.624370917719371,-14.693583538553689,-17.16876921763475,-18.009614934377865
654,5.048497583717108,-14.053322214179671,-16.088440513555938,-15.36836877153225,-12.369989287645257,-12.65416246278756,-13.07156099257696,-12.702069715893913,-14.388637978480292,-15.677111579759318,-14.261425309202387,-16.29917383617883
655,4.770410489290953,-14.260365890104733,-16.048359507288264,-13.059928474898385,-12.263348875589381,-13.060572636127613,-12.878069456605878,-14.379032369433391,-13.86135435660349,-15.717786898225437,-17.46635846906164,-17.44655299539199
656,6.063966561108828,-13.206268961072514,-16.28628890092746,-11.862241694318667,-13.051875690175706,-13.338519920217758,-12.720958230527366,-12.303602839256143,-11.5958642110938,-13.606553531380811,-14.645421019444784,-14.687502391728799
657,3.885619640350342,-15.090290252494778,-16.02660339284829,-15.34804480755393,-13.438042064523291,-14.471690200747918,-13.578272931196047,-15.789989676144863,-14.221397655004015,-16.068969843414965,-16.082163861844563,-17.66810667503847
658,5.8188283033668995,-13.1774073845099,-13.861140821669986,-10.606380195741297,-11.165333747272687,-12.397672723326554,-13.04179326101349,-14.723283037120488,-12.936007029120152,-16.269066590980515,-15.765458418365487,-14.598451844569013
659,4.987521193921566,-13.980868004459852,-16.185357684135045,-13.050282402741871,-13.34753496299506,-14.457957015063428,-13.572802153043785,-13.67590909620059,-13.220477450969415,-13.776158289079321,-14.369975421763101,-15.054583378761379
660,4.937201041728258,-14.13692480536442,-17.518328214916,-14.611307098237788,-12.507174909150095,-12.261218331134977,-14.122976113479417,-12.893427301137155,-12.19772042191991,-15.238803748590437,-17.790171995385936,-16.779643785434068
661,8.899724453687668,-11.511995864153608,-12.715045757628198,-10.427279553364126,-10.908518388724158,-11.99623892207156,-11.075544102878244,-10.190478985517785,-11.949895312924872,-10.7568275921704,-13.277992964852753,-13.102196760031301
662,9.633993208408356,-11.006871278623219,-11.731505543631375,-9.848492635084606,-9.008226103590072,-11.89466663272457,-11.021184043002172,-10.87618457905193,-11.405980776848061,-11.354326811438929,-12.870319991219839,-11.299702600235836
663,6.371692702174187,-12.950826069360131,-14.295539242441638,-12.246452851242282,-12.662628078197942,-13.739600484967475,-12.213509286142417,-11.74012850237374,-12.200836116053068,-13.04097052975762,-14.559508139870829,-13.798288155255342
664,4.1040714383125305,-14.688949489000816,-16.349636908148028,-14.117277052960786,-15.203089931313196,-15.259974828732894,-13.308467665989918,-15.451198602120966,-14.808007723479516,-15.065150435140367,-15.083923879187209,-13.24113561490632
665,5.764156457036734,-13.22134242822427,-16.380773938052847,-13.160500731441571,-12.820962481975887,-12.104396979303914,-13.338722680410362,-13.518860041796811,-13.44922673229883,-12.845823076711556,-13.615733550044439,-12.24043507118989
666,10.890302404761314,-10.503760789098953,-10.030052445839265,-9.259980006341493,-10.058369825296737,-9.142941446747555,-10.340265880532101,-10.220673531633416,-10.843969467218733,-11.720663464297436,-12.156224331236396,-12.66737970063408
667,6.104155791923404,-13.038862261239043,-15.192380021466406,-14.296921268768227,-13.448350468831933,-13.05560462719172,-11.706159468618306,-13.434229914945162,-13.228278372897218,-12.560169518179006,-12.215923078006517,-12.313954500272434
668,6.9164265766739845,-12.550111752642552,-14.009186833294473,-11.686927343030796,-13.931791251739597,-10.29595767383557,-11.75690851863186,-13.334212718088507,-11.835058758044203,-12.451290441643108,-13.324852141088503,-14.887826089249632
669,2.7404958503320813,-16.435084140895086,-18.765787914383274,-17.630876423494726,-16.19114288412369,-15.02567804693621,-14.871170397345711,-17.746490370086757,-16.60145755489412,-18.8149906921435,-16.379556150570224,-14.707302114887568
670,4.499768324196339,-14.290648079973485,-14.632064973725651,-12.752111455034932,-14.168184174256789,-14.165066856913178,-12.827792878788236,-15.20231076619253,-14.844595244546879,-14.916307161717198,-17.383474715388353,-13.703693640066689
671,5.055637646466494,-13.90716988279586,-15.48819511984603,-11.968888043207693,-14.155475999631452,-13.239240448734622,-12.43413522705999,-14.47494951388389,-12.949905925355093,-15.714028926213906,-16.30476487225846,-14.518587740626455
672,3.7349733710289,-15.178196018895107,-16.172385846259996,-13.020367765835015,-13.035924791766744,-15.722306923975012,-13.852039044456866,-17.338817723767143,-16.16486688640835,-17.295413028008003,-15.157290927935644,-16.981236198964503
673,6.253867406398058,-12.87145253304967,-12.832249856881132,-12.957517686633818,-12.864956434067018,-12.16933830889971,-13.889023435729067,-11.247844016910623,-13.07971944016386,-15.760404879557825,-12.550394450900026,-12.679970911094117
674,4.143061347305775,-14.618110294537122,-15.954699370380489,-15.251786409224366,-13.970448421517577,-17.20195047332069,-14.812526122237742,-14.016520297559767,-13.038714643980509,-14.467784016219184,-15.939357747889822,-13.24471480418139
675,3.6740553081035614,-15.23372777014033,-15.436111159547677,-15.809427302534786,-15.538746048875252,-14.679904358186187,-13.764604042994486,-15.120116768590258,-13.962907393566546,-16.098110848161802,-18.484312051108613,-15.063742967195568
676,4.08569148927927,-14.777008252495019,-16.18947769748581,-13.23057961596631,-14.46773943449756,-15.306921385432226,-16.10459732229916,-14.19540374826969,-12.715112416956822,-16.99548100637848,-14.356775824918115,-16.31475099930744
677,3.499565209262073,-15.372912731017369,-18.441269482350343,-13.94398573832194,-13.085709983139024,-15.832634166084116,-18.402858460373057,-14.326924967152406,-16.405488931552348,-17.271023963541975,-14.799374092675082,-14.659059956641174
678,4.407934527844191,-14.588799757933696,-17.18390527876205,-15.45122499693251,-14.306420259677743,-15.445413496322761,-16.123303602784443,-11.804738147509033,-11.59478263329311,-16.134561451848704,-17.342953535190585,-14.96258821931537
679,6.1276993453502655,-12.998911275683437,-14.992648137620474,-11.106287833667409,-12.962602549598984,-13.17026896097138,-14.772553582665164,-11.704734320249532,-13.198882208049355,-15.158785828111865,-11.962984279786887,-12.965032815490483
680,4.815747041255236,-14.186993551004223,-15.474057744167105,-16.411266587318615,-13.356169286188509,-15.882904276545311,-13.292174810371126,-12.167623271617028,-13.853189646756485,-13.928310137578087,-15.274569794985855,-14.061941670962527
681,5.0768980560824275,-13.84301824709275,-18.08932370027692,-14.08513075652992,-13.31662057963937,-13.851891558420535,-14.878776986222388,-13.672933314044231,-11.434067550549528,-14.186995460226077,-13.40378722504723,-14.05743957841031
682,5.5785381607711315,-13.446351206222616,-15.389563592075696,-16.4386552734955,-12.785989743829173,-16.61258241500792,-13.364091994509867,-13.088269772000062,-11.069566923677726,-12.427683092712012,-12.627752054103967,-13.871730032999238
683,4.246746277436614,-14.768976991617151,-17.890244312803137,-14.517632594645324,-13.494993842429832,-14.143468726243482,-13.528799316914071,-14.533524885410845,-14.541536971639156,-14.761232379272542,-15.529244168210392,-16.469317381153296
684,4.246321639046073,-14.77292837753447,-15.691735258538944,-14.141440403707339,-13.312687301116846,-13.856243029023283,-13.152291394545369,-13.178811075073526,-17.001380496027732,-17.69677410241361,-17.380951837030928,-15.496702556093393
685,5.109245449304581,-13.887701485927884,-14.833920238837662,-12.615465784240582,-12.588896757725488,-14.497158310870331,-12.688144818119111,-12.7720567037187,-14.674812277451297,-15.892833070640693,-16.111811821029264,-14.051195386773248
686,5.38747045956552,-13.604146316004627,-15.855554960409009,-11.677403828431018,-11.910956271396262,-13.505130058050149,-13.050569138281752,-13.875193712773664,-13.434962211859771,-15.72193596579838,-14.990609187483312,-14.108508908655397
687,4.607807820662856,-14.33207819479797,-15.580992476423681,-12.223723758916654,-12.1566408712138,-13.693356075232884,-12.582319953620775,-15.039170728610362,-15.955045494214236,-18.550455107217864,-16.330407517844684,-15.453351299508007
688,3.035821328870952,-16.163085926616954,-20.37032402968049,-17.35627662550027,-15.821523480866887,-15.16229058029921,-13.456694669853935,-17.523264471167636,-14.59740226310015,-18.522683528387546,-18.33604380592588,-15.015130755227243
689,3.8184438161551952,-15.070936293166802,-17.415261783458693,-14.813724830314756,-13.162272870229035,-15.900272323550663,-14.467629000528614,-15.744101260398725,-14.324236128511213,-16.626977876664238,-14.578988115213413,-15.22027738720598
690,3.272612616419792,-15.751276923682527,-18.63269188072856,-14.664753737048247,-14.279512230104235,-13.638084565210473,-14.782384419925314,-16.564781555297717,-17.25811779915572,-17.155483417202593,-17.952884100009882,-15.504250326571265
691,2.536060491576791,-16.9265780337259,-19.570871944590184,-17.229535545161998,-15.167638960822487,-13.79100511497774,-14.673701842335953,-19.552475592744884,-19.152667954857474,-18.723473853934248,-18.96133707688404,-17.61538955376931
692,3.5207908786833286,-15.331790166936383,-17.220546109412698,-13.226504777250923,-13.546704261892675,-15.194730653891352,-15.245690231751528,-16.555687876578492,-16.6261183186004,-16.141120269655794,-16.615774192878895,-14.926924752188832
693,4.155134160071611,-14.897013720673344,-17.035274879404064,-14.557547635197167,-13.361106393116366,-14.778828012351008,-12.66793020873784,-14.802973285013444,-16.08214745216853,-15.98620581398217,-15.219157060400555,-16.476135885948956
694,10.216986425220966,-10.728686617597615,-10.890071609737891,-10.236174714177322,-9.186228174890047,-10.48636128524296,-10.835938474218093,-10.674166464488072,-11.145482058158686,-11.584025214127783,-11.543028571497524,-11.256261040460497
695,5.042220331728458,-13.754704918668399,-13.966066345056987,-15.199456094120197,-13.090534577907686,-16.85255451419534,-13.018795557854329,-14.281035488475663,-11.474271355488492,-12.954327794366154,-16.401675868537907,-13.079893043864818
696,5.4364685118198395,-13.309127863057746,-13.30515502557441,-12.799901348780182,-12.90803713705316,-12.177431894627237,-14.146040766459265,-14.330215731611009,-13.442278934676837,-14.047240111826316,-14.016971502815235,-12.510350070095864
697,6.911742489784956,-12.734526080291985,-15.042782378169356,-11.654757847932483,-12.261469682086899,-12.240397807249643,-13.252515800818468,-10.194968839884917,-12.75087008494372,-13.331447387897574,-13.330605365352016,-15.988316726617885
698,4.619851738214493,-14.177594470750547,-14.896700990481015,-13.930668832500004,-14.232712065224362,-12.244984893401494,-13.751782580351543,-16.15603860817753,-12.292400222875346,-14.710378490974339,-16.11918992167902,-15.476422198560488
699,3.518405344337225,-15.55049882038863,-17.47665781094034,-15.102975807540709,-14.126909361312382,-14.05490485368205,-14.923723828946692,-15.132715297125843,-15.40851814198232,-16.18142994523104,-16.907737591733255,-18.0313781800011
700,4.177099194377661,-14.950608756197859,-19.88144692017134,-15.265257591662238,-13.791270228361155,-15.87649997569609,-11.79567465013551,-15.493274311354279,-15.21924046615348,-13.837107127225241,-17.246544200464925,-15.592152268019476
701,5.6177548645064235,-13.47223217549506,-18.495599984284627,-13.944812856757622,-14.070100747734477,-12.281408082981491,-12.018602541891044,-13.808737869445265,-12.477910763444477,-12.766238716725809,-15.251422096675487,-12.749504439056803
702,4.687851335853338,-14.27311266950906,-16.909649911239526,-13.892838139299592,-12.865163125859993,-14.654241696843025,-12.701395825123177,-13.984281824778748,-13.789765745473394,-15.620749600873204,-16.154679487219802,-14.018064217527042
703,3.835841864347458,-15.094928606908514,-16.11745448274136,-15.448359258718662,-14.008090242391551,-14.435167133107687,-13.043477991743536,-16.74096021892282,-15.26476653298569,-15.633266276703484,-15.69242091010241,-15.879759209624568
704,3.3340565990656614,-15.80445729067528,-18.340884652770196,-16.615587904287423,-15.17203158377628,-15.652214716010143,-13.329475144909678,-15.840020899552794,-16.63755966167087,-17.704561982318,-15.25475097290531,-15.574586236169512
705,8.247969031333923,-11.771529566334886,-12.027426023762008,-11.248580489123443,-12.915897634447688,-11.642852138984969,-10.361547411156929,-10.86414907858945,-13.135388412552068,-12.393283981138548,-12.157059843871272,-11.75960596637961
706,5.39321419224143,-13.643586028192367,-15.365372819551009,-13.3679735716379,-12.647766242094043,-13.910013350931067,-13.09410388724843,-12.728494001638373,-12.882276582261094,-15.160045817037652,-14.100442532291854,-14.115054980136492
707,3.7765051536262035,-15.121192787761064,-18.978207267101443,-17.625483236903634,-15.577193351794314,-14.386474563513623,-13.452445331723839,-14.84577271823974,-14.985078003087104,-16.135748817543874,-15.439692415685212,-12.932275093606048
708,2.558675765991211,-16.70838920215814,-16.748509019873097,-15.897619938215847,-17.71498504027799,-17.724273822185125,-15.19071754712365,-16.97174836559791,-17.154405721223995,-18.382096997372287,-17.19676468550407,-15.297937968414402
709,3.685049280524254,-15.304723434331125,-16.362267203623563,-12.792803016665975,-13.634426581625416,-14.193621695482992,-13.412448145099685,-16.917049070232984,-16.73969403679096,-17.22351718696831,-18.710301293671655,-17.391619815895968
710,8.204628400504589,-11.874353575455123,-13.336401973712611,-10.06729225099117,-10.838266345767433,-11.007440661372476,-11.562188211194544,-11.50742283216755,-10.264608311731688,-12.963023423004428,-14.922265463150026,-15.918080157168555
711,7.109651539474726,-12.48540756210433,-12.950845475161831,-11.058182529023153,-12.884693577230168,-13.85843328287116,-11.582848048987396,-10.557532728163473,-13.335172604645146,-13.842015312156564,-13.25734308277523,-12.988991635635047
712,3.23443072848022,-15.981798538722082,-20.53420223776157,-17.277158908069712,-15.914665419773566,-18.37314634840522,-14.923120745484065,-14.893689002378022,-13.283819835791535,-15.235413342625233,-16.604002516155344,-16.743452416338705
713,5.53225021250546,-13.373936100840778,-16.29459279382382,-13.29327999542581,-12.748066875826806,-15.213813284803319,-15.145533130423237,-12.352420736298269,-11.871260625065034,-13.108480035755665,-13.899050962677897,-12.011796572049377
714,4.741946697235107,-14.075289713453788,-17.342438481937464,-14.118128867199676,-12.802598335965875,-14.256028415966187,-16.035168287314843,-13.552182199233522,-12.288363964691964,-15.12833641975853,-13.717193812099918,-13.683843288383082
715,6.820785619318485,-12.462330491460769,-13.688398488973029,-12.56164862815194,-11.73941558698418,-10.956019623208793,-14.295113389397638,-12.122902242990413,-10.952167454013352,-13.636267615169684,-13.352173436586373,-12.721241585130464
716,5.460582252591848,-13.579025776187184,-14.53408575610473,-13.004546665073695,-13.767820339860748,-13.592742265913724,-14.209531315285025,-12.280274239565633,-12.986384131289439,-14.023936859702602,-12.870467563476168,-15.369257961781209
717,3.6830941792577505,-15.231860910600455,-16.351742318315548,-16.533736854486506,-15.421473097986881,-16.244533028082728,-14.015399014820044,-14.448311478224287,-13.838293324938501,-15.605099327029123,-17.116895507907376,-14.186442033165791
718,6.254058323800564,-12.950723839241023,-15.437815827949251,-12.714756912359931,-12.387945449228226,-13.031207107120522,-12.941176623459613,-12.829535019512804,-12.023572100554443,-13.063446339834242,-12.483245465353106,-13.390745406631314
719,10.20124189183116,-10.915778487468106,-10.13434739259089,-8.904534872476633,-9.477032990134918,-10.06238680922467,-9.354222753318341,-10.691104035925864,-12.255967661121138,-12.757821996828845,-14.541337179742488,-16.21149053340317
720,9.831032529473305,-10.980333863808893,-11.0636411564515,-9.44219491611569,-10.485294119267719,-9.71393720569333,-10.21516290732823,-11.422019368212684,-11.382799995965263,-12.585249066995313,-11.657611531094238,-13.34160212892414
721,9.483650157228112,-11.180071774359437,-11.12718290718263,-9.130329319745803,-10.523693549715599,-9.649226085963003,-10.684400096244229,-11.129072155852239,-11.714596777256322,-12.86941774762706,-12.577837498351629,-15.389368145784179
722,11.848948270082474,-10.137754285350034,-9.552584542749138,-8.540511673207012,-9.928528620218218,-9.475761790037295,-10.294402297526393,-9.849127174219674,-10.112353265478355,-11.171258261568052,-10.765205117245824,-13.110290338312145
723,10.00920957326889,-10.906490482577011,-10.056581866494799,-9.487569551274444,-9.099520668552097,-10.542332969746667,-10.31914715418228,-10.701611587505461,-10.700179963458908,-12.548394304413515,-14.431551053119465,-14.64411938852033
724,7.473604777827859,-12.065722590106896,-10.092428766711276,-10.107505481732906,-9.835007692388787,-10.79827030775175,-11.114703609921017,-13.379360856535987,-12.956262540352217,-16.218555764932603,-17.353378056031815,-16.429127478265563
725,3.0366964023560286,-16.026645434933197,-17.4081350264734,-16.483823976624187,-16.28527545845912,-17.210744416120455,-14.08708484754314,-16.50584898502189,-16.85716643285513,-15.513949709644104,-16.99067016365204,-14.388639089567876
726,5.2808637991547585,-13.773141680401961,-14.69888599792571,-12.331248820811329,-14.276923829768133,-13.522535339820323,-14.743463230049617,-11.210603367968407,-13.732748712992478,-14.283584261163544,-16.50403426591021,-14.673273787161246
727,3.002488849684596,-15.777837440818576,-18.800017473336034,-18.637962340345872,-18.367540854256156,-20.458826877545828,-14.483880056059206,-18.335563367664562,-16.034628245897217,-15.588949466170765,-13.400927156419515,-11.842138538949296
728,3.044941172003746,-16.078271140410557,-19.22382269403728,-17.618684655686145,-17.479157466897323,-15.01002002347829,-14.253547026927219,-16.517525040463582,-14.028063605712447,-16.070001950393944,-19.959074882900186,-14.709897035433087
729,5.578931249678135,-13.54667224545031,-13.65062842584646,-12.954315017140505,-13.04928256882116,-12.1691386217597,-11.493040638269731,-13.243094424199299,-14.231024359723142,-14.9410752681852,-16.85601554331209,-15.35378565854071
730,8.451414646580815,-11.680347224401109,-9.73361897978673,-10.674982642877575,-10.363103631820628,-11.127928774828108,-10.49407355077646,-10.576114679242593,-12.636552089735195,-13.985872451733828,-15.746774662346104,-16.940603445458677
731,6.817375972867012,-12.614547563561786,-15.695614042923786,-13.326632956748654,-11.260817934898231,-12.767546755492408,-12.522495256782696,-11.618299021817114,-10.708687657064186,-13.64387917114281,-14.373115416535299,-12.435901848148399
732,6.420307472348213,-12.757508465170673,-13.978159250230746,-12.35994362333857,-12.359770354479272,-12.771836018597334,-13.02510371689875,-13.455034476098863,-10.775538776165984,-13.482900492465046,-12.782883727867393,-13.483807030183325
733,9.167136261239648,-11.243112316249837,-9.915218918938052,-9.032054019732916,-9.895735500284811,-9.985825124796193,-10.537599461718877,-11.845009711125664,-12.020988055185951,-13.586532500234325,-14.561872598527025,-15.835846059090343
734,4.534127153456211,-14.590746616191792,-17.14031443120085,-12.302104719206234,-12.668605207166987,-14.681615170048847,-13.07933214479644,-13.220315795260028,-13.81520259758824,-18.336290731890145,-19.460361234343036,-17.747462553934568
735,3.595905125141144,-15.176717936226217,-14.633831338683684,-13.708803637651734,-11.651086779810838,-14.611373060805548,-15.865200466474604,-16.708463089303994,-15.85460916777343,-18.752259431205793,-17.859346593574987,-16.826980812723463
736,4.872772838920355,-14.105793237663217,-15.472151421758527,-13.413560047312503,-13.328908926250232,-14.072240636788734,-13.405609393656944,-13.897520589341317,-11.938179830517619,-14.224886935377668,-17.49712912372112,-16.388347734445755
737,4.6192573215812445,-14.11435648405648,-13.507222725626242,-12.774507506329106,-13.3672366744249,-12.378758319172348,-14.007976852853243,-14.959762103557177,-14.18876694333325,-17.164643277017287,-16.05427912541317,-14.853614511701824
738,4.729527348652482,-14.01007105698962,-15.727589113385426,-12.489210167396244,-13.780121754405473,-13.746381240358525,-13.977463212820545,-14.961529509834522,-14.710532845624753,-14.340827361976993,-14.417677791181383,-12.89945111760373
739,3.27268791384995,-15.802540746693502,-18.530070196138805,-17.097728747206585,-15.132121117919713,-13.718581372714223,-14.41266804850445,-15.971883457425786,-16.16684458892603,-17.23029473242248,-16.224594968075884,-15.56672821483234
740,4.970465462654829,-13.702287157876903,-17.07147371276595,-15.480770760200123,-14.731750219238283,-12.73336867259925,-14.364875170511677,-15.213826183256982,-12.525499607768761,-13.479784528569255,-12.788217373571914,-11.464345819334396
741,6.440830361098051,-12.795086969994225,-15.830467329388389,-12.267902733444341,-11.110708569634863,-12.691205134592929,-11.346268736251329,-15.231225964518316,-11.694051268328717,-13.187564668686651,-14.541358585577509,-12.632764350926555
742,3.8819770216941833,-15.121128604713736,-17.610429886213367,-15.771303427337815,-14.829142200086165,-15.3000812423329,-12.973819874830024,-14.549827226467563,-14.221049137671821,-17.269984086761035,-16.381901341722426,-14.409873359256707
743,6.407579759135842,-13.015049707951254,-14.646187047280442,-13.44196334902451,-10.856957235796767,-10.661564948728993,-11.076104341313444,-13.541511678196676,-12.837961241238547,-14.218422687146608,-16.82578648104721,-17.22012576559991
744,4.686576325446367,-14.16882621111283,-13.309111641137532,-12.426546057549928,-11.899264547895568,-12.698666070245196,-12.691936533596852,-16.01053314656786,-15.462503151712319,-16.499261701076808,-18.496357372036144,-17.7093511193251
745,6.016342006623745,-13.32563076665473,-15.60790284282599,-14.020262720838302,-12.9141779532446,-14.33819667839173,-11.541625035593084,-11.874044262227226,-11.971573984235807,-13.826972093962471,-14.548679351309993,-14.581520709028972
746,3.3678678050637245,-15.744514334343025,-16.654255505440418,-14.904667775680284,-14.951921389578795,-17.166745043173158,-14.063469660610842,-15.405552228565076,-14.828966602683035,-16.247467246055084,-17.27966780702421,-17.462526068399914
747,5.03761176019907,-14.039723433523692,-17.0893796058059,-11.606251718345579,-13.219607433843443,-14.234414581486961,-13.888817052605853,-13.346041992746313,-13.417588283143942,-13.892772917783807,-15.215331803477453,-17.710860328730636
748,5.302158169448376,-13.618081647745155,-14.822439369670759,-12.113959176312495,-13.08500727262076,-13.487277074163536,-13.79435226952352,-13.081722880620838,-13.859948171239324,-15.079581651889322,-14.026642473303514,-13.595729679616714
749,5.569076243788004,-13.481638528210588,-12.703770881172636,-12.420609962949099,-15.277680168680936,-11.749365921376917,-12.636209340541846,-12.591593621017989,-12.224536987129417,-16.914025568176125,-15.77761279345359,-16.04242794671801
750,6.142460614442825,-13.041708389783707,-14.40686378122445,-11.901361041627109,-12.58367610764741,-12.70040115332408,-12.432688567201723,-13.71883676873235,-11.278664317504443,-13.880025767466979,-14.050729921672065,-14.896433218006017
751,7.3846909292042255,-12.383834829591663,-13.559432499820863,-12.36673594187787,-12.515961138657033,-12.739738775059886,-11.695415781796221,-10.482469331509224,-11.075509284672776,-12.88824404229333,-13.752199232236524,-14.26040058286101
752,8.80152216553688,-11.425715143561648,-13.2161318214232,-11.387851119783942,-14.293850647869665,-10.877866122484399,-11.11269935941472,-10.750734560784016,-10.79030078889975,-10.773137760823827,-11.863611765858657,-10.59305562551215
753,7.029623195528984,-12.365984845172209,-12.89824101878408,-11.103735258400762,-13.279283879246154,-14.54853294871411,-13.128765669500401,-11.91693986072248,-10.670048039603117,-11.739438044931712,-12.72785435314723,-13.011418957053689
754,4.8615186251699924,-14.075665537363886,-14.389055767453565,-12.891936427378708,-14.235690834181431,-14.712656796150688,-14.850097797702553,-12.146911929674184,-13.06349154316258,-15.162596635477412,-15.400940924411458,-15.29586653944346
755,8.272151671350002,-11.758028815891866,-12.856606087324637,-10.505842823691403,-10.32967823300835,-12.511665036867434,-12.040218341554327,-10.59495978865055,-11.457998479757144,-12.565295526038616,-13.232767301555429,-12.721537976874695
756,5.309944465756416,-13.545308040779807,-13.663445174897664,-13.312807332625079,-12.665336314146922,-13.012628797279904,-12.914685793754632,-13.348842695079794,-13.035596222599835,-16.28126906198006,-16.15818947166785,-12.720548216453508
757,4.3791226632893085,-14.470112225333631,-17.528264493353458,-14.287226349085447,-15.353685475272417,-15.556907028579111,-13.29650530399904,-14.235810971394862,-15.530860337397652,-15.254965546732018,-12.880159713564211,-12.87991289909886
758,5.886758476495743,-13.08984191226116,-12.939814442628625,-12.296313405164822,-12.803348276316735,-13.505745475847279,-13.196164374826262,-12.8206940737463,-12.72584293230195,-12.595798674579674,-15.925800571547793,-13.006520244341989
759,6.056484941393137,-13.067215882384723,-13.513663926176903,-13.411264842887974,-13.309631431300442,-12.503384707801233,-11.985920565637638,-13.669510058481336,-12.553193903583944,-13.670524584393158,-12.48280384453623,-14.056402579035064
760,5.155287399888039,-13.472214680463443,-13.958273493131157,-13.122101382111747,-11.273466293014494,-14.466473233140311,-14.495442102282842,-16.43221404884137,-12.539770489611715,-13.476142515059033,-14.757176519164943,-12.369506965390407
761,4.670011214911938,-14.01980276360431,-14.047531404286584,-13.084472373628046,-11.968601898814272,-14.646929626737927,-13.89360877890165,-15.932968654863902,-12.814060541847638,-15.84675955160459,-16.182715509038694,-13.852390988763382
762,4.881098739802837,-14.095105514267424,-17.352563408537055,-13.468375180545527,-11.344114839928704,-13.208808205652547,-11.683759894535871,-16.852646610532013,-16.816699134188017,-15.03119371010696,-15.42495230653406,-14.49072681888942
763,4.95776492357254,-13.973463898236977,-14.776924416569035,-14.20788200805921,-13.375099024551876,-14.727036370637103,-12.98135155890247,-13.101798036838181,-13.54551602245898,-15.22286558989001,-14.519343398015396,-13.893125799677295
764,5.584858417510986,-13.428148257328967,-14.798698767071778,-14.063781426633476,-11.711996960916478,-12.796222751890431,-12.953884766012694,-14.185697383092151,-11.785494031865927,-15.29424815711092,-13.559731033377387,-14.79703300588671
765,5.9417153634130955,-13.33748208285157,-15.511201857009132,-14.628596630045323,-13.79130837968334,-12.117646793300088,-13.339811151432606,-11.375267284247288,-11.016026659031674,-14.431822390363774,-14.515723619097923,-15.491614342733593
766,5.885252863168716,-13.299893255956386,-15.718850809576978,-11.8747726499988,-13.044404904907609,-13.702604735300884,-12.400851473762076,-12.895308472198186,-12.158403700215029,-13.292804978290853,-15.15550408988773,-14.354131277215442
767,4.445271134376526,-14.443028578618977,-15.768233389354204,-13.106238107633574,-14.252546339807363,-13.40154161482413,-15.14037833792547,-13.340173337518843,-13.674042890625422,-16.13945752155403,-15.519167957634014,-15.438981418693258
768,5.7931966837495565,-13.25660916227985,-16.22420548780873,-11.83935352533325,-12.184353646631543,-13.221277497577129,-13.498394271530593,-13.058246348855516,-13.534226044842478,-14.846016398890342,-12.662292075346702,-13.04416390475836
769,5.518591269850731,-13.507435567180819,-14.339541592886285,-11.914910637811783,-13.753669444152354,-11.265431145954459,-14.028346660849039,-12.466192752963172,-13.810290370757794,-14.808961357725071,-15.924328053683439,-15.019339866494068
770,7.336842924356461,-12.310180155206414,-14.458104008680518,-13.118589279216526,-10.822816604712681,-12.337975032227417,-11.909436831356162,-12.634641262868747,-9.206169674034534,-13.443613189721876,-13.739901903613404,-14.529603571974214
771,6.279668536037207,-12.746175043122744,-13.296100605472576,-12.72270981543852,-11.529673451598105,-13.020672966933697,-12.520937775822613,-14.028178748025493,-12.503034602269274,-11.794207844384005,-15.488790974254199,-11.884625351197757
772,4.833192262798548,-14.065480192005968,-15.716172665324548,-14.903688891937998,-13.541727431969985,-13.41649240356227,-11.861090219474818,-15.673149960308878,-13.106304268555327,-14.356910830023416,-16.72857853026895,-13.547647470764705
773,5.039170682430267,-13.710174834146125,-13.650612301767186,-12.406425804622167,-13.395427457792843,-13.601454848829125,-14.766524314631585,-13.396563657604085,-12.50018499857286,-16.0507253437371,-15.506750003321894,-13.254209009012092
774,5.827149398624897,-13.038154299397933,-13.457419287631787,-11.581329830395239,-13.073154063889433,-13.451211148867328,-14.541297130399043,-14.971485483842166,-13.276492227932257,-11.926627471277822,-11.850800493987588,-13.53758829247321
775,4.690126553177834,-13.920412683247203,-16.663727754896527,-14.275774622283027,-10.94315258776372,-14.6686857595186,-17.62909997563972,-15.536223841494653,-12.660211079522586,-15.295855585751221,-13.002811231860932,-12.765032445701802
776,5.688656095415354,-13.352503430333977,-13.387088868473347,-13.645316719085137,-12.97255968813964,-12.846882161811655,-13.214905160015222,-12.338355599555735,-13.104026431914665,-13.379713320916498,-14.755249987902197,-14.396090877799374
777,3.930556643754244,-14.78854791339091,-16.855109638273408,-14.337372843888776,-12.021740481040917,-14.006925952104938,-15.156701996331883,-17.540552511211718,-15.071553925452344,-16.12906390269884,-14.949102457184162,-14.388004704811234
778,5.122184380888939,-13.735692701943735,-13.230113279213382,-11.463771495408974,-12.357420903969668,-12.51241398729235,-13.05154966867526,-14.278843101655367,-15.195584990737379,-17.19407808440652,-16.575426857214815,-14.974545319823633
779,4.14290714263916,-14.800968570796279,-16.90107824316135,-13.97936378180155,-13.261453658078363,-14.106535160719563,-14.166482083203464,-14.681530065117554,-14.183779823596739,-16.54510575917889,-15.468554708348082,-16.278237760799467
780,4.39643844589591,-14.478860517965861,-14.700183139940279,-13.95311643616404,-13.75336130916639,-15.427115315410273,-12.741324739902709,-14.200720036139373,-14.60912505059192,-16.61663634554006,-15.79300589649273,-14.239600431275889
781,4.195364965125918,-14.593531731535002,-15.191479797556479,-13.597004517879832,-15.11685543807528,-14.644571450082651,-14.397989395760787,-14.951653226469183,-13.45177007866943,-14.268783074772005,-16.19829961671347,-14.772638548061565
782,5.6688027754426,-13.320848182249739,-13.313717216893416,-12.935819839292996,-12.183335797137698,-14.572993579215929,-13.1038434300348,-12.531732485781896,-12.19746092633438,-14.838035872331561,-15.167172374370363,-13.533691626454464
783,6.086917016655207,-13.113001227525206,-13.974904622036172,-14.344733810797033,-11.759492184741244,-14.76523459402218,-10.70313479842162,-13.875367265468277,-13.478287569359374,-14.186459214010732,-12.655466693160184,-13.176372190044933
784,4.139394588768482,-14.834346031420454,-15.019432369436956,-12.695501630400681,-12.904212471701342,-16.127822145817248,-12.832866085547316,-14.461825665561285,-16.445633805126707,-18.003057651736917,-17.514274439405778,-16.281122866617086
785,3.477706678211689,-15.6926823292011,-18.812589572907527,-13.352949973570054,-13.699074220126715,-14.800121836030568,-13.421152158451514,-16.59690801736544,-16.79031624467932,-18.38864711582189,-17.487812141313192,-18.590994608971258
786,3.7296491134911776,-15.09178885414719,-16.174835494634213,-12.794695284284,-13.233032111811342,-18.03388375318286,-14.622970664858475,-15.599664234745777,-15.38650657149715,-17.440924685764223,-15.986677581675455,-14.494289611770627
787,3.8657034561038017,-14.948971469119465,-15.953855211635705,-15.579599443559102,-13.485062784740125,-13.884643167992133,-14.23675802642455,-15.529360620953392,-16.406217857004822,-15.849040131659578,-15.132304927658296,-14.442780030828718
788,5.766533324494958,-13.39984328565432,-17.261210499456066,-12.784809770539562,-12.008034324441443,-14.08988175513112,-13.648888870403209,-11.995948792478382,-14.18002539462462,-12.022040714726646,-14.468512098233967,-13.90938187868111
789,4.747135469689965,-13.980464419621491,-14.914996774469401,-12.84082029710197,-12.444684249256376,-12.277019469842736,-16.46157808016487,-15.574257901983511,-12.704024319276364,-14.365307256636013,-14.906771170227056,-15.741548752431477
790,5.203674126416445,-13.842264472514136,-16.59886491921919,-13.949855004550052,-13.000475638600854,-11.772481313557625,-13.237555110983266,-14.113110164780924,-12.262276935634517,-13.462187098050059,-16.853347782421842,-16.432061793689027
791,7.313700243830681,-12.081131406839184,-10.763187814018176,-11.563690707394723,-11.965151321427733,-9.672793934806784,-13.526820137162707,-11.685427638719428,-12.907165889945329,-13.459163456463978,-14.233439948625717,-13.191761683770837
792,5.183144398033619,-13.623740267066234,-16.563141307452977,-13.495186494225624,-13.017331356288617,-14.84177455599941,-14.889101870603502,-12.53060815736022,-13.011491295216182,-15.421860134230286,-13.274721705303998,-11.5100628712152
793,6.046710446476936,-12.960756021559552,-13.13482562842616,-12.251062641180061,-10.75469251873367,-12.657928490747455,-13.819472806399492,-13.72695288598116,-13.34776926955455,-13.870977270166847,-13.083860529963651,-14.089807697958769
794,7.435506233945489,-12.102124145593153,-15.951342349057136,-11.00722807002326,-13.57954081024403,-15.059302736421316,-12.558395950741634,-11.633985119472158,-11.60447410656262,-12.184269507845793,-10.420817870057725,-10.359244615908676
795,4.037042565643787,-14.922522796584381,-16.545830930324307,-17.58290032999494,-17.123216167436965,-14.736669736927649,-13.869376110487778,-14.807203808007879,-13.550020495628988,-12.417620960178875,-15.108414856552043,-16.395665596843784
796,6.44989699870348,-12.859519866338813,-14.952859331740292,-13.862616099847129,-12.557573723192235,-14.024733367043108,-11.553026358196094,-11.607121589634666,-11.743643591311772,-13.048659340104559,-15.74345536552648,-11.714523665409939
797,8.657257452607155,-11.54519430346948,-11.178170734389195,-13.05119019137411,-11.58554484159036,-11.998485168121784,-10.598921972878417,-10.491550673812464,-10.468319364735027,-10.815677405304234,-14.595590518961657,-12.32591326382332
798,4.873736120760441,-13.875927736002145,-14.52858311845225,-12.673056183247278,-11.81455836561768,-13.726639199462463,-13.699069669901702,-14.992048812648413,-14.701067538340302,-17.525912143670205,-13.967115268675613,-13.36307901815257
799,7.34926188737154,-12.29180434889014,-12.684764372407981,-11.442878750754213,-10.584536355673732,-12.371547882762737,-10.925686734653656,-11.703166191212047,-13.625089952177287,-14.524722438356317,-13.720773010475536,-13.053448319945286
800,5.908524043858051,-13.228965010784666,-14.775497752937126,-14.319831844817646,-12.14385693302817,-14.132573319334863,-11.729748693684154,-13.241356743068483,-11.569444878977917,-14.245402630774182,-14.40571693129975,-13.242333185820453
801,4.689108487218618,-14.17108260037434,-15.61490850836417,-16.332658165389603,-13.94092097604969,-13.817359192614209,-14.766738133557961,-13.98306661795062,-11.616136907275754,-14.745098435069178,-13.514769886198323,-15.253961671169966
802,4.329637862741947,-14.5606746024718,-15.43950474872319,-14.270673665046791,-13.834126034023644,-13.826893209936511,-14.30649352515849,-14.708543407210842,-12.699006405155606,-14.769134498253285,-16.45438957382765,-16.87992234579803
803,5.468800127506256,-13.390347723216287,-13.944062164441231,-13.237805380823954,-12.084921052203947,-12.409665494741686,-13.844890460296496,-13.236386637174224,-12.15557660720772,-16.210253549497143,-16.131056066051414,-12.745877703577925
804,5.11828300729394,-13.609683983431315,-12.894783672379042,-13.080407155375973,-11.052455324571122,-14.057488583117909,-15.646951951945823,-13.035093083130548,-16.310703321546598,-14.731215291495205,-14.024304444604933,-13.59979065203526
805,5.734211347997189,-13.138611039785564,-12.36034659766829,-12.765314409074302,-12.305303937799723,-13.55054465161744,-14.50681830467148,-11.917871606330337,-12.38519304106174,-16.00070133621465,-14.936931966078763,-12.453481030673078
806,5.4848740473389626,-13.461926017753768,-13.074072885266022,-11.520589737441158,-10.841843961094888,-16.467256593874733,-11.657539490785165,-15.099082152305886,-14.638117888972166,-15.0340360281609,-16.193727223094402,-14.318119131550732
807,4.8151650577783585,-14.05138136060771,-14.676432042493593,-12.563282814092325,-12.285957099981575,-14.625772175457435,-14.819010244701584,-13.086143452063013,-13.820332889124597,-15.762276953427769,-15.542683700789164,-14.90039603756895
808,4.485413348302245,-14.325412479474085,-15.983032385507695,-14.185676175902753,-13.042388612171326,-13.447973243170207,-13.283094322478828,-15.55807928515302,-14.369430038716803,-14.764370470099648,-15.894376036732968,-13.902518627752684
809,3.869110006839037,-14.785381573045218,-14.798683503240111,-13.865651690258671,-13.241884868608924,-14.878133972069438,-14.011617789225097,-18.22238814977346,-14.905154547198043,-15.039867337098912,-17.34306080907769,-13.842338423927332
810,4.697161199524999,-14.039041714901742,-15.133712239745433,-14.788732653946536,-12.915808349378352,-13.206778126680094,-14.07472555276432,-14.297258303636312,-15.529564637504228,-15.81244302383563,-13.063489577790694,-12.850580234634732
811,5.725422911345959,-13.294152687742315,-13.293096094951519,-12.034214165493967,-11.325974318362773,-13.412603623882354,-12.637849853526548,-13.689425193457954,-12.38131264341439,-15.700026883729832,-16.051946714784286,-14.830055962231492
812,6.921846382319927,-12.508621749719495,-13.471190797300975,-14.053820935524207,-12.244413853481307,-12.65825072904105,-11.950776986093869,-11.365067489590954,-13.139128950026466,-11.554899675007244,-13.26990358964369,-12.168902421589234
813,5.916678227484226,-13.080928990649019,-13.610513367127133,-13.420244913115793,-13.570255786561052,-12.288500017304164,-13.158273140915789,-11.798107210318918,-12.182996656128013,-15.088455809386172,-15.95740886111873,-11.634685885261186
814,4.906840654090047,-14.036910207223452,-14.737186916718866,-12.458244351015871,-11.716652095865655,-15.730988926606935,-13.088023031244369,-13.961796844784233,-13.788768465722649,-16.051555141273568,-15.678446530277112,-15.630523986594289
815,4.611699717119336,-14.146771133360364,-13.217109056311717,-13.541448233999315,-12.097628539248905,-15.050264939220721,-14.570684467888771,-15.256054855515796,-13.424818100167634,-14.883244893573757,-14.070650697695326,-17.402875413453142
816,4.103743912652135,-14.669977728481706,-14.762449464558642,-12.922662197453525,-15.442203772248915,-12.843072189180148,-16.105035938270444,-14.216385332581865,-14.411787072723257,-16.86378506157121,-15.282296949936004,-15.618414108771912
817,5.8363983035087585,-13.433455509278938,-15.141098903378818,-12.553704492365398,-15.189360182473768,-13.410650604050847,-11.410788488862568,-12.272984777513635,-13.324296264187524,-14.132282970236506,-14.025383268317224,-14.518333594507201
818,5.681693729013205,-13.287490109211507,-15.635489546461097,-11.930103578941846,-9.882425618990982,-14.003725558942872,-11.909610989300187,-15.443801608636727,-15.446190890515494,-15.053085458770898,-15.934031423838897,-12.450762452431094
819,6.627245485782623,-12.88368874721446,-15.03398601120356,-11.419101196728382,-11.35009996065672,-14.250134524523375,-13.715416356291342,-10.008825981931572,-13.3649932015182,-14.322352721087858,-14.076944661622548,-14.440714974680745
820,6.02432643994689,-13.284896492798431,-16.025757453258183,-15.14252585418262,-14.018703325988204,-12.454421291020871,-12.69356544770549,-10.761950926167057,-14.637401052188409,-12.258807952556817,-14.154786965270706,-13.242618890592565
821,3.9921220634132624,-14.992840248098524,-16.178455431766057,-13.925372856848341,-14.274197799113146,-15.40281581635738,-13.853134447025447,-14.969050164123267,-13.039699342484871,-16.258375249578613,-16.474652706998697,-17.67850175049277
822,5.198677305132151,-14.144655639722895,-14.240261607499257,-15.195663663463648,-15.205058971349297,-17.168635184622772,-11.093219035937995,-11.085561984546093,-15.99919032731782,-15.53368675503787,-14.265936634097006,-16.646308950469525
823,5.339270370081067,-14.068802936462761,-16.836979171583106,-14.874278506433784,-13.598718964446777,-19.331650815127407,-12.23116093480819,-10.175785966059745,-14.022828572164379,-14.578721123526536,-16.200404909747647,-15.381430837363636
824,6.142675230279565,-12.88960218638664,-14.614265521934906,-12.702666841555924,-12.726322551352876,-14.102934694813545,-14.697497143980122,-12.331778807048828,-10.07003501887143,-14.314295081693654,-13.603981739873817,-12.062004820490275
825,6.018070824444294,-13.254338541981031,-13.45605371431932,-11.364875640616843,-12.495992134373566,-15.802115147483743,-13.529282265027858,-10.464378361671976,-13.599522890640731,-15.758650895135977,-14.42975872309922,-15.023723587589084
826,5.743588345125318,-13.387280348144339,-14.345954444341661,-13.43790138275229,-13.024691231244095,-14.071333120711895,-12.765718578306565,-12.799777733328687,-13.359017377131506,-11.761099353744594,-13.876263373685502,-15.495869614737103
827,4.631393417716026,-14.335304930384645,-16.117942877126378,-13.15592890849842,-12.455504707389098,-15.44557704226645,-13.442835107453252,-13.275218479452809,-15.245715677345098,-14.02186678739681,-18.076760388042793,-14.813423406917556
828,6.631752759218216,-12.665572948595267,-13.466268438903198,-11.466831654499504,-10.093070712904087,-15.01416156051161,-12.145324240450906,-12.621596068081915,-13.820682468252308,-12.527834368723717,-14.623833612483892,-13.187249870634963
829,8.715314358472824,-11.609615530483142,-13.38039666543574,-10.683056875966518,-8.717461389239476,-12.941361337251704,-10.60686743504338,-11.661111664658712,-12.119719901232903,-10.772733371511187,-14.410604526970385,-14.281867133830286
830,6.446496583521366,-12.845261529877646,-13.714194753492219,-13.378724696393077,-12.692575725337479,-13.35461344831126,-11.592257508774042,-12.590042888900292,-12.205527160011805,-12.017446318968439,-14.278640736606999,-13.355017506189652
831,5.445746015757322,-13.50933513157254,-15.064096284187835,-13.640058259170937,-11.633489960971863,-13.69982924431554,-12.951817791300098,-14.458324621341095,-11.735305082768493,-14.351899484306367,-15.148174825278542,-14.070858263566617
832,5.452800638973713,-13.603730199465097,-14.70180236588619,-12.785916149348482,-12.517923722111092,-14.71600868470022,-13.117287046678305,-11.971276200171559,-13.582418009239237,-15.514429164386144,-14.719698656613009,-13.776884756601994
833,5.448912827298045,-13.608244264118055,-14.36696682273347,-15.355326996027411,-12.182760637103325,-12.473483832953669,-12.693528597897973,-13.646532209613175,-12.471538223937152,-13.36086996280891,-15.289161477743697,-16.269328879574797
834,6.060976780951023,-13.108383359647389,-15.120886585287396,-10.852855202383813,-13.418662044260918,-12.886579616591616,-12.604296752259469,-13.394391593161858,-13.355845881067896,-14.526073630081413,-12.260639435092116,-14.269109934096287
835,5.504355065524578,-13.498500954633663,-14.140623253259664,-12.793660853310495,-11.961921561995146,-13.935020524483257,-13.448915473864002,-12.942580645353503,-13.883469960614034,-12.626253076293754,-15.775163600059066,-14.720683706571693
836,5.139347981661558,-13.899442604580834,-14.421797096541072,-15.197380635847344,-13.86315555280935,-14.745622289120178,-12.728423952578611,-13.139792968041796,-13.344177025532954,-12.798184919315347,-13.796409924435054,-16.18612100213734
837,6.013472283259034,-12.981577156864825,-12.789909875677507,-11.400872572049092,-11.01659010786501,-12.490196230490367,-13.006456556065123,-14.563163571567747,-12.414224700869097,-14.590136656228008,-15.395170502738736,-14.341440164553262
838,5.77932820469141,-13.345156435398595,-14.608449682225132,-12.397378803628028,-12.262320516343177,-15.7843490004317,-12.539575233782841,-12.657214579401119,-11.85698802658736,-14.270341065610408,-14.632321632671188,-14.210720074699985
839,5.119900854304433,-13.814077384210467,-13.79797528665707,-11.179253766230023,-14.685574868167329,-14.81112519010291,-14.813255550111046,-12.456755029577497,-13.48390283656787,-14.271323367066099,-14.85480148441332,-15.879340415263528
840,5.469739358872175,-13.586351289733338,-15.458502457893221,-12.160498222257011,-12.065283221957234,-13.610041547612843,-13.789360572954703,-12.43346085247726,-13.658859141030637,-14.316192917597874,-15.322523240936546,-14.61004651687644
841,4.937958028167486,-14.006921352556027,-13.896184385253292,-11.917670824483082,-12.144154595967066,-14.250444054170027,-15.326245574547485,-11.987062161238454,-15.48489857272562,-15.33831269843147,-17.026893276102204,-16.234623599076347
842,8.32421313598752,-11.783193109366088,-13.976729290137293,-9.99042815288715,-12.10252570961963,-12.236058000617703,-10.476619425928696,-12.586013017317478,-10.305349553300713,-12.333473674923125,-12.118764520092682,-13.579851058980806
843,6.6077455803751945,-12.69413150003783,-14.380509762885671,-11.44370928514036,-11.630940352627963,-12.856052997144511,-11.838487265089551,-13.74327749866574,-12.089303294338782,-12.988103192631279,-13.584808267861186,-13.422246012705807
844,3.5106148067861795,-15.5529222105632,-18.59842862446187,-14.120590045689054,-13.413707399267327,-15.935944492429998,-13.478008996530226,-16.127992457960847,-16.88042421385653,-17.18587589917154,-17.280401860505812,-15.650701779506901
845,3.33745532669127,-15.794947096972221,-19.199672024297442,-16.306912748823084,-15.637750396161088,-18.150432584507627,-15.415491813470627,-13.498087072142386,-14.147464099817332,-16.564509054497954,-17.099389967034803,-14.972239819431818
846,2.638071896508336,-16.67380185531178,-16.98791902524616,-17.4277348073361,-16.16833808172994,-14.870361905865364,-14.803215309362823,-17.22731901620987,-16.76951841886316,-18.406713499582395,-19.895631136472197,-16.474996329712283
847,4.869983062148094,-14.118679608098251,-15.721320088118338,-13.948494571711912,-12.039587430085462,-14.053138790140045,-13.22779935584514,-13.638807182789186,-12.95961152291505,-16.329662888532948,-15.744409137870711,-15.666415109418711
848,3.386868911795318,-15.798801110391846,-19.183403275899497,-13.685742629642254,-13.836611603931573,-16.39692478463017,-13.250218808665453,-16.623367053896928,-15.783998750503548,-18.06182070752383,-18.493050010582802,-17.275788357775546
849,2.7167629580944777,-16.5912810654353,-19.812923589852026,-17.998384633902823,-17.625749670108426,-16.914049019651927,-14.15716956810854,-17.264294201128894,-16.628265951105508,-16.157767161923687,-17.033926671625807,-14.898844264686913
850,5.483767569065094,-13.363175777724557,-15.485749294980169,-14.715236232320507,-12.642290511776293,-13.878049032511758,-12.76226332727024,-13.785857494453758,-13.583071428858972,-13.387318966248866,-13.500688363897613,-11.27933196636114
851,3.3591799959540367,-15.74333188227595,-17.48253358396696,-15.495533128219119,-15.210199196573441,-15.675160500474558,-13.579263412781312,-15.428321797305367,-15.805260969367033,-16.744611509761878,-18.093304223611064,-15.566077858113259
852,3.061472726985812,-16.134124527172226,-18.155255533764766,-15.002009816304207,-15.999700861990888,-15.370304309285356,-13.622880483882069,-16.782842577472763,-16.70512350134994,-18.487421035846545,-17.79569341123258,-15.857052172663614
853,4.561743389815092,-14.329417796330834,-15.391716461604235,-12.054023623436878,-13.754246800143834,-14.882759948954114,-13.882418102474114,-14.403369956931728,-13.073148318789329,-16.35030450295689,-15.604866002910171,-15.841736177762183
854,4.12345933355391,-14.856464682381214,-18.475165834007225,-13.194305437760512,-15.21208308953396,-14.827192335967332,-13.182414151583181,-15.126350891264407,-15.076210414698712,-15.478341106696384,-14.88147656994702,-15.082011596412991
855,5.877922212705016,-13.377848737325365,-15.96124964371661,-11.953745265985368,-12.56118860438573,-11.037227955308333,-12.298896456154093,-12.724428478235104,-14.581461935185713,-14.858581377201489,-15.205602196341886,-15.824510501411728
856,6.735431514680386,-12.765393267291103,-16.363696554381825,-11.67014338430384,-10.54246091952852,-11.605278765070954,-12.308858592301096,-12.379023421010045,-12.507718736462106,-13.578892900857209,-14.56408401303884,-15.38707549154
857,4.974713131785393,-13.79758428108801,-15.923165775581333,-16.28235408500045,-13.669507987109704,-15.077650445809303,-14.858721775761524,-12.665374120995683,-12.825305007904577,-13.338203409889616,-13.734927059048596,-11.783683007758093
858,7.23990454338491,-12.416729931162042,-15.456598260961798,-11.346423808607263,-10.983830026392287,-16.333045846378752,-13.732045828516572,-10.404638825787684,-10.009973917953461,-15.58176088964634,-12.023046455495962,-13.488637148963909
859,5.492141202092171,-13.435010756538052,-14.8306458898217,-11.521269915266199,-12.646988971526241,-13.750420632148847,-14.24235574585304,-13.312076093854072,-12.774533710028479,-14.901456451276056,-13.84716797809717,-13.6761563371487
860,6.296089746057987,-12.770878763993538,-12.136912839486893,-12.709474327990451,-13.078865332109471,-11.877528376180045,-13.388194296173719,-12.702374447707534,-12.251004502982513,-11.98965627841174,-15.017740904809004,-13.401046996423105
861,8.053805015981197,-11.781040711748165,-13.019789045390178,-11.793727088406659,-11.132334439031677,-12.507355600972886,-12.302080529178445,-12.532933346548628,-10.140356711429511,-10.357989315779077,-12.137761319581092,-13.041521607216167
862,4.783621799200773,-14.002077028855624,-15.794566165541784,-12.032388903236875,-12.920180723910718,-14.990594127426354,-14.322357973529229,-13.58465610282723,-15.723629702159718,-17.411110274037476,-13.230379119065347,-12.757523729089463
863,5.276791825890541,-13.536818889093588,-15.26940892923436,-12.965653605270708,-11.305736051064601,-13.369710122125158,-15.742209537947279,-13.229073902880499,-15.108039558084208,-15.056652075043386,-12.55566614260313,-12.938113112796506
864,4.378861885517836,-14.36846847289081,-15.181163548976642,-13.570415546442227,-13.317001671851754,-13.176124426873564,-14.125735789811447,-15.30400070670118,-14.002560201559106,-15.572501319716688,-16.65639537456596,-14.037774093417976
865,4.8615625854581594,-14.080329527967837,-14.306134187254784,-12.755452600324752,-11.604718508453754,-15.515611325637986,-13.598155248786663,-14.283245032414897,-12.05005200658489,-16.567736150668605,-16.403795531760856,-18.173504251913016
866,6.300287246704102,-12.919104169006882,-12.81247917678389,-11.72049660058319,-12.836668510199402,-15.331879519380037,-11.093506427745881,-14.386236915718861,-11.30820487009452,-14.894639168690397,-12.510869202216552,-14.814004707190824
867,5.245235748589039,-13.695695900443656,-13.808391000251843,-12.585812443507296,-11.990286885015081,-13.258717639011074,-12.98055321270298,-13.33701521891987,-13.910062312274675,-16.385770985459676,-16.100493897923783,-14.570158703591723
868,5.3639370538294315,-13.533229958705455,-14.72685164159535,-13.921772748233586,-12.564356212516168,-13.393739796820274,-14.087620987591364,-13.250724757477188,-13.122844821960797,-13.825013889828973,-13.355404435161942,-13.44713498181946
869,5.0020593255758286,-13.798067728932269,-14.335997206367061,-13.649322569345976,-12.87566806484316,-14.436059829227695,-13.932386979778972,-14.341053526174655,-13.6570351704753,-14.54723467739522,-12.739014480865157,-13.890660587507249
870,6.5939836129546165,-12.850188767043809,-15.190801744964643,-12.904007860005377,-12.476766942264526,-12.726981678282526,-11.545506520195573,-12.267869460374385,-12.52257999236446,-12.6495577830043,-13.006394808424453,-14.23976276337041
871,4.1896852646023035,-14.573144657632536,-14.774052859113702,-14.509915572649243,-12.241966828045355,-14.853913667013634,-15.101499075275655,-14.984789431056472,-13.532607112603221,-16.404520638207586,-15.355006081834441,-15.404748799857389
872,5.091093476861715,-14.044609299111565,-16.23916254328871,-14.149007762509338,-14.195445407665419,-11.837231420475531,-13.380960474783535,-11.789854615951857,-14.93923846975303,-14.374135861225831,-17.080870728630174,-15.540426306665369
873,5.129773003980517,-13.919973333666265,-16.850200058623052,-14.76920678318335,-11.035933107611228,-14.460715498703058,-13.337926700354025,-12.606530237385684,-14.38889975857126,-13.641101659433952,-17.12141572858957,-14.359808495166678
874,5.002461142838001,-13.940897784021297,-13.026110339850494,-12.684451267753971,-12.892830764240863,-15.69053926493275,-13.383311643893412,-13.362669121206816,-13.134628837696114,-13.002026532635824,-18.1587148592804,-18.082612146704104
875,4.9306585136801,-13.948802218379805,-15.94963066996751,-12.56623007665123,-13.321975081809219,-12.880218593132915,-14.762063428032729,-14.080238195006006,-12.148289396037086,-14.558296700470772,-16.099409872381983,-15.092901526664368
876,3.5017626620829105,-15.662581970260728,-17.69013160005117,-15.338695435859169,-15.318717378637059,-16.18416810322251,-12.931154946516397,-14.5970620954995,-16.54257481657172,-17.07818550169028,-17.84246703864143,-15.538751551158178
877,5.197742387652397,-13.536379899081037,-14.131181244763733,-14.58115646339577,-13.771701396453945,-14.792200982453906,-13.176275873374255,-12.977345559334115,-14.693225504099283,-14.169555201551269,-13.551614045398104,-10.996091584902718
878,5.714720522984862,-13.366114916025653,-15.583442221998949,-11.237747433138674,-11.771588147337583,-12.847395594770049,-12.86213461224138,-13.937417116898823,-13.16644147764173,-13.729156199020917,-16.32362491977957,-14.767756705853657
879,5.424324866384268,-13.460704877345599,-14.612958335042482,-13.70960254690807,-13.45189455376639,-10.796118071588847,-13.248722338597737,-14.983030881787174,-14.304802410622512,-14.119251304041121,-13.15746637331233,-13.773904002658071
880,5.6418728940188885,-13.284539335267528,-13.477200948118382,-12.74090930131428,-11.057329251131385,-15.975327168293445,-14.480782000218646,-13.016991713913876,-13.030861501236739,-13.051944785049542,-13.600554557618844,-14.072400757757588
881,4.523660022765398,-14.066246815872763,-17.127642142437264,-13.144689901377937,-13.745979328430195,-17.935301357506184,-16.811414454906558,-13.292102303764015,-14.821710607481208,-13.337790271246332,-13.938232568186846,-11.049100241508976
882,4.430704537779093,-14.356286598930177,-15.629130648976757,-14.95780009091084,-14.66450131086885,-14.885478703475535,-15.739567908804428,-13.171753916392044,-14.868615571462309,-13.546812998741995,-13.310433857096262,-13.712056063631744
883,5.508537355810404,-13.623407443504234,-14.900099538110297,-13.776811216502793,-13.136374959266492,-13.666889245537053,-13.228106220062163,-11.761698478763282,-13.118039282132825,-15.467058546874203,-13.480903529851423,-14.935008714907925
884,4.827512109652162,-14.05478519377574,-15.275721409426415,-12.881265683685065,-14.566269237690104,-13.009409667661274,-14.293282349160181,-13.590687322008034,-12.592217771793388,-16.28517572635215,-14.619444893362814,-14.8245033042638
885,3.668880494311452,-15.222188697755119,-17.282828254806354,-12.601405274674413,-12.364935870670362,-13.93720822095257,-14.508294136970314,-17.005237844135422,-17.42709262403977,-18.24489901809985,-18.557865116796386,-15.836951699384903
886,5.108058851212263,-13.752670196789058,-13.59488665883732,-14.949521286492178,-11.120018534803961,-11.912465562993535,-14.352673186627012,-13.020671507366243,-13.86464963599556,-16.508213616448543,-17.06049046173484,-14.632543283508149
887,5.208206277340651,-13.75396266305069,-15.988702800018439,-13.8696026705758,-12.805653202179364,-11.468811091914286,-13.920800360430016,-13.37009853815389,-13.033747162432498,-13.775484041410182,-17.646909001768194,-14.440216628914463
888,4.490639369934797,-14.609075300249044,-17.309424065815314,-13.922036984794763,-12.049445340772753,-14.430145936573284,-11.810262509224035,-15.666380067162354,-14.236099743362844,-17.445172859217273,-16.64178594158098,-17.436767189225066
889,4.042766919359565,-14.89517936576262,-19.099995837789866,-14.077685581984497,-12.870675927747946,-14.53386930336224,-14.390121311285862,-14.931172319363125,-15.14569647806891,-15.15565760498266,-15.888613611854371,-15.181659914928096
890,5.714233556762338,-13.331076444132526,-17.427075178378566,-12.056611689067518,-12.526256881680794,-12.347895360692204,-12.544443569215172,-13.53487919048627,-14.06280888135946,-16.208995628798814,-13.148254748383401,-12.342064481234532
891,4.830648846924305,-14.025930303059607,-16.347285522917453,-12.695471986909917,-12.505066529064448,-12.492889203993052,-13.427577825907287,-15.942019389400405,-14.771513983579851,-15.215717296075283,-14.208629832428258,-14.678326055819323
892,3.4811792420223355,-15.68537507344679,-18.408463634022507,-14.103391430838357,-14.40116219789142,-16.72755659640185,-14.302749628117542,-14.700285681766157,-14.554971947695579,-17.995116663560616,-16.820971001500855,-17.821958373637532
893,4.471538359299302,-14.538433432080538,-15.491871884956634,-13.05735736439332,-12.442242430324562,-13.604157584759044,-13.098723661481857,-14.362349818573835,-16.86241225501097,-15.311001189911156,-16.527395512321096,-18.097314105603026
894,4.312745433300734,-14.66622932661756,-16.921346588619418,-15.057773764930467,-15.05989183355056,-14.166234849782226,-12.596076920848168,-14.807290677546392,-14.573394008798,-13.62705420507799,-16.536178664222238,-14.957780330859855
895,3.843343086540699,-15.029636430431864,-16.473741062023738,-15.487932643506483,-13.730825842268317,-17.619801192509634,-15.693039604414443,-14.088984234106244,-14.515851071600297,-16.332849046143693,-13.185672179656375,-15.081342730898598
896,5.962687332183123,-13.162549284536713,-13.463886487215902,-10.46863816607788,-12.089990685356774,-11.714547555680845,-12.517297447553734,-13.822966830847452,-13.794407308551573,-15.651911819027042,-15.506781337441872,-16.160811248919174
897,4.464483993127942,-14.646709869887871,-16.14192359938539,-14.836819349332504,-15.239075106254802,-15.111828387814509,-11.59560862607348,-14.043028826165742,-13.193809563029038,-16.23993503739148,-17.34499548440532,-15.794749239455967
898,5.546965761110187,-13.561070124363772,-15.797446327019866,-12.185969721900465,-11.733644123781756,-12.418498428429814,-13.160143342544934,-13.432420841443925,-13.591975108757534,-15.039558967251232,-14.341947088844273,-16.242751209984064
899,4.868610978126526,-13.97555857536254,-15.989395537706644,-14.655374340422224,-12.402629079877325,-14.88878469784694,-15.48570223487257,-12.384235572802373,-12.64599983807964,-15.12527072359881,-15.267203474890021,-12.99967021885082
900,5.063256511464715,-13.90327565590063,-16.941126974290675,-14.167043319413832,-12.405403824289456,-14.58981905237503,-12.934215140871432,-13.95650142189558,-12.971704426042471,-14.49295168547053,-14.191738011246517,-13.857318453300827
901,6.5875125378370285,-12.693548105695902,-14.256256457707385,-11.02290610269327,-11.368999158009153,-13.050183780542197,-13.72805726570838,-11.947039089838764,-10.24351768741706,-16.850050046721485,-15.105876913087346,-13.32872664462285
902,6.889690730720758,-12.650055764641806,-14.415821855819704,-14.985496109655742,-10.507045234924476,-9.053544569925718,-13.786606479218694,-11.27451824481831,-11.77527318597524,-16.12754985926405,-14.391976523611099,-17.348964957205546
903,6.599776167422533,-12.636650362358443,-14.308369411529775,-14.788041683647336,-8.983055950894279,-11.850607991708433,-13.46650330947873,-12.850481210459337,-10.920995850845346,-15.842094065553223,-15.31210258505082,-13.037367437832872
904,6.918512877076864,-12.497812039043609,-11.793963791718255,-11.700110122746745,-10.688641929723035,-13.003483644071423,-12.256083663270028,-12.122885625157975,-13.04569035621125,-11.86179110244497,-15.07627224511692,-15.715258099072996
905,7.679404400289059,-12.167731181179612,-13.84588070920573,-10.093010381789062,-12.31648173797174,-11.637720305914508,-10.87436359195383,-12.086545662543767,-11.46876571308697,-13.181191253964197,-13.860147284288125,-14.368480815190864
906,8.15152122080326,-11.88561267599756,-14.821757747427514,-11.850070789489367,-10.644849321784797,-12.451986370308552,-11.41431385530356,-11.04682625179855,-10.042643805031243,-12.356576008516281,-13.595203188955374,-12.608622389434245
907,4.869855992496014,-14.132433547129388,-15.587963179452494,-16.01896222273811,-11.853329458028451,-16.685496640097405,-13.779033603703738,-13.046523281271124,-11.551223221138397,-15.032479069333196,-15.306176346158802,-16.106025007464044
908,5.750504337251186,-13.308781635270122,-13.888242717420557,-12.502951686671729,-12.259178651092359,-13.596184764110138,-12.720139149071956,-13.376941408619876,-12.218560128483702,-14.506106832131989,-14.195709826617076,-14.72091159265659
909,6.260822519659996,-12.953081377360236,-13.604721338040704,-11.892906580905533,-12.83683048859984,-13.571499970726585,-12.090718506533538,-12.731112706186154,-12.200913728212594,-12.572463072068452,-15.168067573291344,-13.84061439421117
910,6.012126982212067,-13.004489597823676,-14.3495679724095,-12.671425065547178,-12.93135957026001,-13.15688197885348,-14.701633514105577,-11.71431129988369,-10.79713749053864,-14.68031975873983,-15.489548398443931,-11.948848083312228
911,4.1131472904235125,-14.436994312919825,-14.99239276961626,-15.320043640045192,-14.692626541744417,-13.50627682889063,-17.309035299289064,-13.699662187223643,-14.407816075276695,-14.647397547659146,-16.094644293450706,-11.935658083104732
912,7.581534259021282,-12.195715181744681,-14.287547869243284,-12.155332373617803,-11.804651245434943,-11.549088919335817,-11.666378201516789,-10.782206002670131,-11.482273213975141,-13.22061228186713,-13.81590485370639,-12.432794514573814
913,4.687979847192764,-14.269653802976705,-16.07892644901576,-13.561074137400102,-12.889956630311538,-14.929847119788139,-13.96855578383686,-13.24799719595494,-13.935718000870237,-15.042138124484927,-14.813985100517433,-15.269319927466638
914,4.263358723372221,-14.661726750338431,-15.32557551752242,-13.537410921059465,-12.744321271504045,-15.077011935341451,-14.107097866572937,-13.402432565738229,-14.93060684470477,-16.9640140482375,-17.23376919418519,-15.4802008622977
915,4.581188768148422,-14.466784002061996,-17.199845613606502,-13.457719498789949,-14.613893838759285,-15.742508479694381,-13.162363347607313,-12.73489354761874,-12.202644248742597,-17.53275850894848,-17.282051825529205,-14.67994071603016
916,3.433484167791903,-15.419196871418926,-18.523543682746187,-14.64902292679313,-13.830432685457836,-15.598004060572869,-15.761250664990907,-16.677337312557977,-15.25435928772216,-16.07770304145774,-15.041250817630857,-14.437478771476771
917,5.071439333260059,-13.867086013067118,-15.934183994238706,-12.94559885383746,-12.245892201015442,-13.159894828895808,-13.510089606484051,-14.5523710191735,-13.445269379984575,-14.451915841629482,-14.46995549631362,-15.252406542716042
918,5.5286951288580894,-13.618607960238226,-16.383526070139688,-13.753262057879052,-11.992748533983725,-14.814314994581823,-12.239365926386956,-13.112224125273036,-12.516175694372524,-14.677658366385879,-13.843951795153682,-14.761680573752367
919,6.016869932413101,-12.994567958874324,-13.587316065429818,-13.40816862985262,-12.579741511384075,-13.97388673786131,-12.743869940525075,-11.859577075526902,-13.585644901450742,-15.09772329757613,-13.12186748553077,-11.22797456028848
920,5.474873738363385,-13.570999493036544,-13.433771511754832,-13.859603680005051,-12.196239331761902,-13.40288678732901,-12.189555223274615,-13.038684191267802,-13.098420520730343,-14.73074149841281,-16.35610546383643,-15.069247565513894
921,5.722768262028694,-13.372227639829234,-13.409185085196683,-13.890861906277863,-13.330277588557513,-12.772979690291749,-14.173911982950582,-11.438167876980202,-13.677489342247542,-12.41933639540058,-14.761229231662877,-15.129766562564361
922,5.036652524024248,-13.86289755205448,-17.360220307089417,-12.532094477153713,-12.675323972629366,-12.712561500142026,-13.941563266043413,-14.50576894633139,-11.632727654515705,-16.274221211243443,-16.700901770413964,-14.00895531676201
923,3.2450415696948767,-15.870489250765454,-17.55304669418648,-16.304514770361756,-15.29017379727078,-13.191808579980869,-14.722389544229209,-17.719709369345917,-12.678469092550618,-19.62852670468618,-18.238112847375586,-20.09092203692741
924,5.236674612388015,-14.05136898266565,-14.1026769046611,-15.597583832381678,-15.45306934131573,-15.11830546298858,-10.90951407066777,-12.44154862890072,-11.343353061405367,-14.940779763695515,-19.63441410670199,-18.763535994132194
925,4.982926217839122,-13.921863093774752,-15.085814565762508,-12.613102641374159,-14.075772313097296,-14.3938485476189,-12.27568758919453,-15.492572969913638,-13.201056178423723,-13.586002874720348,-15.475196431422056,-14.362287090114283
926,5.276407230645418,-13.943889114363387,-14.36570821796921,-13.278333511457685,-14.32951397486528,-13.296003151683633,-10.531701022641862,-13.735620850269797,-13.914457945724603,-16.743987491101734,-16.565600444234725,-16.704444907890274
927,6.030825063586235,-13.056391693490513,-15.977171381050201,-11.462179696075816,-12.615031339726501,-14.618469417421649,-13.110929594933262,-13.648404056002033,-11.728991467154458,-13.069504994178637,-13.081686532900207,-12.917755465251318
928,4.299791648983955,-14.552799471991255,-14.782660094410716,-11.020356829175677,-14.226328643324972,-14.307939462963697,-14.595375407062603,-14.387060076557566,-14.661288303269762,-16.96551488174254,-18.06405939604766,-16.51676649250142
929,4.340981237590313,-14.40969380204316,-14.7278916555981,-13.245463309365926,-13.579048183739186,-13.428535593512272,-16.445581349445714,-15.184775433047895,-12.3830649047008,-14.674528649264493,-15.720448222331482,-16.914830940502995
930,5.309172743931413,-13.714540420807717,-15.396183038036877,-13.990188607161754,-9.594373285962764,-17.246252308047836,-13.209085108141638,-12.74759642361996,-14.009459293360004,-15.455728369573187,-16.73528943112769,-14.264274192250559
931,6.057945974171162,-13.036777340439528,-13.710100324197839,-12.786724681550785,-14.463450188589754,-16.006503088669238,-13.151899746212216,-12.560884720708437,-12.917939819088499,-10.283953545936619,-13.301949069912354,-13.414856916130374
932,5.764373755082488,-13.464902047775773,-16.87293830267493,-13.354988430982214,-13.541514969275427,-14.195192694308522,-11.573449634596633,-12.978778029114782,-12.365331080402232,-14.128773711738337,-13.435624685695736,-14.054540431115578
933,5.819266363978386,-13.09774755289697,-14.552101966918274,-11.513627603165755,-11.638938160273206,-11.96043615032474,-13.540259603710695,-13.785349798024221,-14.550310863749553,-13.810021565303416,-15.497234466057064,-12.131502188031615
934,4.987715765833855,-13.988456482739958,-13.908318951871461,-13.483582768511415,-11.95133528575036,-12.735258297393377,-13.100218375479635,-13.699751877689758,-13.586309151847287,-17.39608515530046,-16.03250622681761,-17.441664741729326
935,3.907356273382902,-14.933794556153819,-14.800623905196082,-12.188336117883715,-12.614666061804648,-16.57860596831146,-13.556365365835068,-17.193256108751157,-16.602244174759598,-15.331664563040459,-18.110440598856016,-16.77512573675674
936,4.8849742244929075,-13.930396826507152,-13.445617040218885,-11.767070145418145,-10.989908115194048,-15.683321858860129,-14.023328645514951,-14.100836407239576,-14.49780519724628,-15.386170483689787,-18.24076704864708,-15.500786265186953
937,5.123291602358222,-13.760586518628388,-13.716168707293884,-12.204854434964073,-11.403521472800552,-13.640735935756215,-13.651043547752826,-13.897031023433538,-14.241727763517769,-15.339210414724441,-16.444057378168125,-15.396181076345501
938,6.88610390201211,-12.607227327571097,-13.945378870674139,-12.37921662679148,-12.26238602441861,-11.7302844696457,-12.708449732423045,-11.240051752927458,-12.232348706034985,-12.666573351672213,-13.639689444037748,-14.200352320761127
939,7.1307761259377,-12.354843450061473,-12.619965231338927,-12.792418784190069,-10.272570585549538,-14.941182144315883,-11.907996497745891,-11.230234181819652,-12.60515985499033,-12.883818042907855,-13.71177482553163,-12.253209816939933
940,6.080726724117994,-13.032846939655748,-13.67879671460921,-12.273440932259836,-13.26287135591861,-12.985438310145591,-11.288244062966232,-14.843159504251538,-11.733292282702006,-12.545708570673055,-16.504667061508925,-13.40861210283366
941,11.9650057554245,-10.288806167301338,-12.634507128432883,-11.394092003806156,-9.806860357863854,-11.138194312076934,-9.184958699187012,-8.896460592739588,-12.448094187341121,-8.972436667866155,-9.146432893687079,-11.413880533420553
942,7.465271595865488,-12.182313038516881,-15.454833797769696,-10.66575020284722,-12.59703591878729,-12.449542860693086,-13.057688729048389,-12.78452976405936,-12.156836528541223,-10.41263025521192,-10.68145986889727,-14.037095283414875
943,8.116870947182178,-11.790445797645738,-14.110943377649077,-11.71896242812565,-12.794540719713993,-12.30635133177617,-11.299449024238706,-10.961406778769762,-12.275760403053063,-11.272125743757083,-11.572806784921063,-10.606759527010809
944,4.89437884837389,-13.904624708532918,-14.161809198635753,-13.994235909193558,-12.158510875638367,-15.929969503540491,-14.222489144200846,-13.109036602349953,-13.769871818897352,-14.719370835873136,-14.756049904912052,-13.324770390023042
945,6.068718641996384,-13.210125657196976,-15.97759074605807,-11.877746257298995,-12.57558387903895,-12.06054029891164,-11.687308851959129,-13.460236780503514,-12.69748835589021,-13.360549714980099,-15.863073648766202,-15.056455112615657
946,6.201673585921526,-12.965674182360567,-13.084585108397915,-10.512689779988253,-14.587686389670989,-13.055390468607335,-11.33976267454613,-13.191273352251532,-13.852970619926433,-14.069999975869703,-14.929248596472961,-13.099916616825606
947,4.126380164176226,-14.660240175584278,-15.283126640815375,-12.889270884698014,-13.865097744521266,-13.30656437307815,-14.879531063362535,-15.499191003847004,-14.07949394177894,-15.96224640620502,-16.828263936059788,-15.643884874611576
948,5.167606450617313,-13.59517744919721,-13.597024888703642,-12.5726568865899,-12.388464734403009,-12.120223241009809,-14.392230943368865,-14.428233536571167,-15.177569456139475,-14.502493273794233,-14.06845812755927,-13.819753893575523
949,4.442451395094395,-14.343012449194044,-13.339667507196147,-12.33602296620396,-14.170708551643695,-15.324897431314657,-14.603386246774221,-13.41653379606328,-14.889123814229542,-15.348357169738762,-16.10340162184614,-15.350276459058366
950,4.428136775270104,-14.384365605033079,-16.203592607752206,-12.215739292218043,-13.416601836954369,-14.302043581904304,-14.41786906604219,-14.97488903776725,-13.051834201110651,-16.4609595887756,-16.40474404416471,-14.590635395847954
951,4.030956991016865,-14.847073518926397,-15.312919845472006,-14.928621846238823,-15.024851854457514,-15.780774897628294,-14.528433260968097,-12.93695487104971,-14.028342774851602,-17.434438998837344,-16.117478636457225,-13.982279334113716
952,5.829150382429361,-13.26400813728714,-15.494788563470486,-10.94910834764904,-13.869831017244822,-13.31622042540502,-12.777321399352102,-13.109133425410068,-11.86383280165545,-14.74374777900443,-15.229356674012301,-13.454104356628365
953,4.840187966823578,-14.139619730850123,-13.910912456768274,-12.599169419055563,-15.971138162383534,-15.576094936186797,-13.394716820976305,-12.846380474126853,-14.236428014164428,-14.210766147276427,-13.742863042389796,-16.700298379219902
954,3.700199509039521,-15.077407647131835,-16.564296347048217,-14.084269022297523,-12.890743530136689,-14.076304990361578,-15.989593597797855,-15.767356176239263,-16.313855689604353,-15.511738855557631,-16.642593716415227,-14.659132087960973
955,4.4396047331392765,-14.346474990038757,-15.521246889812355,-11.053611379108792,-12.577616067104307,-15.260027517287433,-16.08451453203812,-14.342788062968825,-13.604742672688513,-17.69141783320398,-15.950943501933885,-15.435625850295695
956,4.839972350746393,-13.973540844875112,-15.056581323037996,-12.749950870548641,-12.321505562439778,-12.499962888053652,-13.20027742614773,-15.545258388149092,-14.327015887183684,-15.346630728203952,-16.865198588398755,-14.094242567066512
957,3.4267365597188473,-15.468273243051204,-15.531393701164365,-14.699782784443427,-12.796724069281382,-15.33747723675771,-14.457678621432436,-17.2640423663071,-19.283123359749226,-16.728078291490664,-15.33020984922127,-16.324502118234022
958,5.532665334641933,-13.47512676278364,-15.67599178771609,-12.306158726590597,-14.034602714680588,-11.713126373236944,-12.355943070988115,-13.928815036033033,-13.939053983170522,-14.558506517361247,-14.611357154846479,-13.194620578867147
959,4.9008807353675365,-14.131851567436014,-15.38617663481367,-13.471096170419095,-14.145875595838437,-12.096455544474825,-12.7327600259377,-13.888222914113626,-14.56852805741045,-14.087810912316117,-16.344608723565216,-16.817880472030236
960,6.201937727630138,-12.974036875264423,-13.208096977422821,-13.039192632984895,-12.57086095953461,-12.531021777851603,-13.596511387908768,-10.480471441212904,-13.376959012542788,-15.271336931984095,-15.759164996803925,-12.206335912104809
961,3.4705142788589,-15.68893737453757,-17.64875253547341,-16.742754816075983,-14.907261683219787,-15.787077810824355,-13.10497098969863,-15.37927189317985,-15.363570899504225,-16.785250694819478,-16.406395377628858,-16.580315930356203
962,6.670783214271069,-12.920589201708669,-15.592308387494382,-13.475436376018038,-12.802035734356835,-13.996294880114048,-12.102250312925953,-10.12876066396068,-11.088799427097289,-14.063059367745778,-15.277648535791638,-13.95888111763611
963,6.008837498724461,-13.105087333482404,-13.77391287550752,-12.994681559620616,-12.430172934892791,-14.876114755512047,-13.900867864537021,-11.463989974328847,-12.089159599912797,-13.167075634903062,-14.186730722806473,-13.268523256934522
964,5.053871707990766,-14.163600840383388,-15.610205161329986,-12.372551588999006,-15.416345657842722,-14.82705786941384,-11.098299370990345,-13.14491551815944,-14.856140108946432,-14.560170391430063,-17.11407533259439,-16.360507463905055
965,5.736279230564833,-13.198758137135094,-15.320984961429156,-14.021880266025988,-13.982422006071577,-14.39330193819174,-13.888929551979112,-13.190105290360155,-11.685258784463446,-11.559356213782356,-13.36933017589356,-12.151562448163451
966,4.5938419215381145,-14.375260056283302,-16.178580091165774,-14.420602420284574,-13.327766789096627,-15.582053960683327,-13.708736751821842,-13.012621512952352,-13.305959568780104,-15.324259831866385,-15.365212266151929,-14.801356712742768
