farm_id,village_id,area_ha,buffer_level,g0_db_20250606,g0_lin_20250606,cv_20250606,ktex_20250606,npix_20250606,inc_20250606,g0_db_20250619,g0_lin_20250619,cv_20250619,ktex_20250619,npix_20250619,inc_20250619,g0_db_20250814,g0_lin_20250814,cv_20250814,ktex_20250814,npix_20250814,inc_20250814,g0_db_20251013,g0_lin_20251013,cv_20251013,ktex_20251013,npix_20251013,inc_20251013,d_aug_jun19,d_oct_aug,d_oct_jun,jun_baseline_db,ref_aug,ref_oct,temporal_cv,temporal_range_db,season_integral,glcm_ent_20250606,glcm_resid_20250606,glcm_ent_20250619,glcm_resid_20250619,glcm_ent_20250814,glcm_resid_20250814,glcm_ent_20251013,glcm_resid_20251013,n_dates,qc_flag,subcoh_20250606,subcoh_20250619,subcoh_20250814,subcoh_20251013,subcoh_drop_jun_aug,wcm_k_db,vwc_20250606,vwcflag_20250606,vwc_20250619,vwcflag_20250619,vwc_20250814,vwcflag_20250814,vwc_20251013,vwcflag_20251013
1,22,0.2842602108358393,0,-19.872297088656623,0.010298412683824946,0.3748683996782557,0.0,66,35.26639366149902,-15.624114379092703,0.027389781145293925,0.4710830306753132,0.0317256762459636,66,28.79837154619621,-21.25539975900287,0.007489624149112296,0.4537487364222979,0.0224313664176254,66,28.72305043538412,-20.297476383706666,0.009337967576477377,0.4376499206820058,0.0193928921679618,66,31.555676980452105,-5.631285379910167,0.957923375296204,-0.42517929505004304,-17.748205733874663,-3.507194025128207,-2.5492706498320032,0.5876239526707587,5.631285379910167,1.7264243599003373,3.128857595865335,-0.0977350864066366,3.036525160421986,0.0388288851022666,3.080947568303221,0.0341395468760321,3.0606826878857287,-0.0691179022441086,4,ok,0.2349933268445911,0.1635816008078329,0.1889691998561223,0.1781521545666637,0.0103182639700896,18.80501233720453,1.4590732730436156,ambiguous,4.145135745420581,ok,1.3881604083129664,floor,2.023054615824418,ambiguous
2,22,0.2215418251883499,0,-18.965252006517474,0.01269038504261826,0.2939484530161643,0.0,55,35.263114443692295,-15.469318221880709,0.02838364574737083,0.4757526415952613,0.0354588400795723,55,28.794760339910333,-20.425299814622853,0.00906713367585484,0.5061885853115872,0.0651120660570985,55,28.71933444630016,-20.188923244887356,0.009574314197832164,0.4515869349684592,0.0299957051893104,55,31.55208337957209,-4.955981592742145,0.2363765697354978,-1.2236712383698816,-17.217285114199093,-3.2080147004237602,-2.9716381306882624,0.5285747660551648,4.955981592742145,1.874846460195858,3.241476502345737,0.0287071020505234,2.974255718522774,-0.0054672938472202,2.98952598584617,-0.0429706511260707,3.1231134546588235,0.0070244195363677,4,ok,0.2149552196264267,0.2115175538442351,0.1867347121238708,0.2117513057183135,0.02650167461146,19.71223318046056,1.4590142240569886,ok,3.3825896303660663,ok,1.3881110754369292,floor,1.039742112018072,floor
3,22,0.5008628882666493,0,-19.24955790972914,0.01188623217234792,0.445345295297621,0.0444366404021885,148,35.25994669424521,-15.86637422248078,0.025903746286895936,0.4766750551380531,0.0362006274401214,148,28.79118284019264,-20.924292968078554,0.008082965091672863,0.443054756370882,0.01429999344346,148,28.71569567757684,-18.815355782347716,0.013136038776094103,0.4375156226333939,0.0192923394495854,148,31.54858524734909,-5.057918745597773,2.108937185730838,0.4342021273814254,-17.55796606610496,-3.3663269019735935,-1.2573897162427556,0.4542963985004051,5.057918745597773,1.8338328946180202,3.240590429544677,-0.0472297656443765,3.0882407848807123,0.0109354708922668,2.9995014430762943,-0.1106960453421646,3.180769582583297,-0.0097636477935756,4,ok,0.2209938410166147,0.2088108958827482,0.178142346592771,0.1904875265585409,0.0367600218569104,19.4280970435677,1.4589571913603003,ok,3.267120426244849,ok,1.3880627767815097,floor,2.9161013066589057,ok
4,22,0.033637670655093,1,-18.653676729591197,0.013634283717396493,,,1,35.25602340698242,-17.306113093220187,0.018594679220297602,,,1,28.78679656982422,-17.301801965423465,0.01861314683693595,,,1,28.711292266845703,-19.981630583784668,0.010042386722616595,,,1,31.544313430786133,0.004311127796722047,-2.679828618361203,-1.3279538541934706,-17.979894911405694,0.6780929459822289,-2.001735672378974,0.2373879432006766,2.679828618361203,2.1109733954841277,,,,,,,,,4,ok,0.1047652214765548,0.1200914159417152,0.3148283958435058,0.0786672532558441,-0.2024000771343708,20.02418845327629,1.4588865681937742,ok,1.1850084792856643,floor,1.388004340744832,floor,1.0396555470646391,floor
5,22,0.5675288112319056,0,-19.2772854989609,0.011810586102836002,0.4148586510288917,0.0215798187469897,165,35.2569497310754,-15.758904959131304,0.02655274985191643,0.4942674014407103,0.0506230760316099,165,28.78780212402344,-20.444753468358073,0.00902660946475483,0.6094731668903571,0.1628122227723412,165,28.712301658861566,-17.789670108312812,0.016635390086064798,0.4732568449000728,0.0471415697755879,165,31.5453049399636,-4.685848509226769,2.6550833600452606,1.487615390648088,-17.518095229046104,-2.926658239311969,-0.27157487926670854,0.4166958169051712,4.685848509226769,2.015443731097275,3.301901426499384,0.0058372819268774,3.054916352256221,-0.0331078829162199,3.035797174446984,-0.082935358633958,3.2306581138545227,0.0319475659897094,4,ok,0.2054374487562613,0.1816247813403606,0.1867188104625904,0.1829263021774364,0.0068123045857205,19.400530049531547,1.4589032417375445,ok,3.405263838193744,ok,1.388017734854371,floor,3.8922988997993793,ok
6,22,0.8378502189360072,0,-18.76083148884905,0.013301997170401468,0.4149546291447148,0.0216492343956928,259,35.252090041701855,-16.999320943439436,0.019955743156853965,0.488317886194393,0.0456870938750957,259,28.782343271616345,-19.026748033377558,0.012511955660031542,0.5367944224949459,0.0921771088351819,259,28.706782094300024,-19.529683118620827,0.01114375840650768,0.5187989271342978,0.0857945402197433,259,31.53997704053017,-2.027427089938122,-0.5029350852432692,-0.7688516297717776,-17.880076216144243,-1.1466718172333152,-1.6496069024765845,0.23865389955334487,2.5303621751813914,1.8349423009961312,3.3281709797471146,-0.0020782456197525,3.181351853759825,0.0488796034844773,3.204923847994529,0.050799153001952,3.231184268018058,-0.001435059001503,4,ok,0.2041898003588772,0.1763301675556709,0.1905022325231531,0.1790467452933889,-0.0002422485658791,19.91724443296446,1.4588157773406896,ok,1.1849578778133998,floor,1.3879445015100604,floor,1.4994871213987282,ambiguous
7,22,0.1950720911999547,0,-18.836587032024962,0.013071977654506042,0.4344447321778358,0.036078055566705,46,35.25274102584176,-16.974204110096558,0.020071488872693884,0.5125735040031175,0.0661855445153485,46,28.783102657483973,-21.1448035055093,0.007682802153690287,0.3550976084579361,0.0,46,28.70755324156388,-20.080064888625014,0.00981733274678368,0.4604984540339523,0.0369494883255623,46,31.540707795516305,-4.170599395412744,1.0647386168842878,-1.2434778566000517,-17.905395571060758,-3.2394079344485434,-2.1746693175642555,0.3703659910383464,4.170599395412744,1.5175567281797755,3.273322327085931,0.0741010064921341,2.905471706967057,-0.0566358650649032,3.0038798059756253,-0.0145903662569635,3.156018423239709,0.053367965177514,4,ok,0.1667747693541257,0.1634653157190136,0.2010207381909308,0.1676734614631404,-0.0359006956543611,19.841454013959645,1.4588274924970872,ok,1.1849665056720189,floor,1.3879547318201833,floor,1.0396153880939214,floor
8,22,0.8917320682281362,0,-19.294170805032564,0.01176475586781708,0.4032473297243577,0.013300473437986,283,35.24506378173828,-17.136164548635783,0.019336752794191277,0.4445202318378377,0.0111902885259855,283,28.774473850802902,-20.63492938021776,0.008639867096902547,0.4977434491483267,0.0579235675006044,283,28.69882200126513,-19.90677038694904,0.010216989835197914,0.4686031507319202,0.0433916835314065,283,31.532283371834367,-3.498764831581976,0.7281589932687176,-0.6125995819164771,-18.215167676834174,-2.4197617033835854,-1.6916027101148678,0.3286493028521251,3.498764831581976,1.5512108712166952,3.227711979334541,-0.1092561616627265,3.063675271455884,-0.0775330255531732,3.051824581122872,-0.109256275573466,3.1493864891798165,-0.0898974476922447,4,ok,0.2190379829609983,0.1898284913846966,0.186911096960938,0.1895014562054994,0.0175221402119094,19.38428148817917,1.458689356227416,ok,1.7323856100742925,ambiguous,1.387838923626166,floor,1.7698300711906152,ambiguous
9,22,0.4170669829003039,0,-19.56571424282095,0.011051686978536156,0.416908198008713,0.0230656321462281,117,35.23719869108282,-18.651395777332155,0.013641446442170437,0.4134830192079347,0.0,117,28.76568138905061,-18.889574344944087,0.012913458331186421,0.513975263364367,0.071847248579612,117,28.68994742173415,-18.493222553246888,0.014147436218896492,0.5971432959100877,0.1605914058242916,117,31.5236993936392,-0.23817856761193212,0.3963517916971995,1.0724916895740613,-19.10855501007655,0.21898066513246306,0.6153324568296625,0.09076361466334348,1.0724916895740613,1.7158695373910722,3.26957554478176,-0.0004244798689714,3.0046439734539168,-0.0494912560760956,3.212442385358518,0.1206943007831897,3.264045267812759,0.0911881760683734,4,ok,0.2022420262806435,0.1929416451762374,0.1923206319921037,0.1726837949429312,0.0052712037363368,19.113159238770617,1.458547894317886,ok,1.1847686557164936,floor,1.387721267053203,floor,3.507023093490803,ok
10,22,0.3860355851925647,0,-18.71117700956104,0.013454956531599817,0.4416151208464177,0.0415530194844593,92,35.21871052617612,-15.842665150514641,0.026045547130401334,0.5044650853310234,0.0592225614515242,92,28.74506483907285,-18.918859774811587,0.012826672983290493,0.5454692513015084,0.1001372581798647,92,28.66913414001465,-18.403827162310368,0.014441665572726362,0.468508556375849,0.0433158448991644,92,31.503604826719865,-3.076194624296946,0.5150326125012192,0.3073498472506735,-17.27692108003784,-1.6419386947737458,-1.1269060822725265,0.32534618392938713,3.076194624296946,2.1632255936668843,3.3259035258644545,0.0741290727899879,3.163581085593292,0.1331430497470966,3.178641219674037,0.1057622547605716,3.252501354102036,0.097722525365604,4,ok,0.2140989519007828,0.2163464992266634,0.1764292865991592,0.1897115478211123,0.0387934389645638,19.96868606023368,1.4582155814691011,ok,2.718060171233986,ok,1.3874455394620435,floor,2.794508099744603,ok
11,22,0.4430542916703957,0,-19.55510339714774,0.011078721887582422,0.4486059890923285,0.0469771957188509,130,35.21731538038988,-17.07463532976633,0.019612658529655796,0.5147129077895083,0.068041237157981,130,28.74348435035119,-19.90983439909253,0.010209784139118232,0.5350897066106152,0.0906278389834152,130,28.66751180795523,-19.699840361804245,0.010715586929249022,0.5229670781409336,0.0895094436547212,130,31.502052307128903,-2.835199069326201,0.20999403728828625,-0.14473696465650576,-18.314869363457035,-1.5949650356354965,-1.3849709983472103,0.30109694167616513,2.835199069326201,1.6622834994887388,3.2837580369190063,0.0057697735609858,3.2062034662484944,0.1416817948421833,3.187430584999004,0.0874121956255722,3.262689423435693,0.0819086580925736,4,ok,0.2051842008359157,0.1973391997986115,0.1846631046098012,0.1936480289754959,0.0165985957074623,19.124834321020984,1.4581905169264833,ok,2.248466149272685,ambiguous,1.387424059628234,floor,2.3412763452197187,ok
12,22,0.5516646220761335,0,-16.694047847701327,0.021408942474798867,0.6039007673139491,0.1894350934148243,127,35.2105092626857,-15.806988910219792,0.026260386212022823,0.5059534470918398,0.0604923504174435,127,28.73585224902536,-18.660649729252057,0.013612410178312315,0.5344659086504318,0.0900621541386592,127,28.65979525047963,-19.31255827546679,0.011715050699765568,0.4284313065735037,0.0125623030148309,127,31.49460550743764,-2.8536608190322656,-0.6519085462147345,-2.6185104277654645,-16.25051837896056,-2.410131350291497,-3.0620398965062314,0.3222763079111082,3.505569365247,2.1861127617360614,3.4293077261642444,0.1530896166027338,3.111863438907128,0.0496433511406224,3.2255046694907845,0.1273189383506752,3.254414241233789,0.0753893223816248,4,ok,0.200476565698939,0.1712580845933261,0.1941549848970465,0.1830666658329212,-0.008287659750914,21.986253981838303,1.4580682661168496,ambiguous,1.184430299542437,floor,1.3873219159897017,floor,1.0391025442821982,floor
13,22,0.4815186925147954,0,-19.257875524271935,0.011863489427779627,0.4650856530662107,0.0601007898331811,125,35.31769146728516,-16.574243395713566,0.022007750833378716,0.5187822698633404,0.0715922850525434,125,28.85576150512696,-20.539706763398016,0.008831395281832457,0.4469712682012973,0.0172554825961959,125,28.781081558227537,-19.382650449894612,0.011527495331585313,0.4901258552400401,0.0610450124602011,125,31.611743896484374,-3.9654633676844497,1.1570563135034035,-0.12477492562267756,-17.916059459992752,-2.6236473034052636,-1.46659098990186,0.3701485737178896,3.9654633676844497,1.6944258713259752,3.284321616166047,0.0093069944704877,3.1390200203647094,0.0783647276959178,3.092741261169888,-0.0041984867395057,3.206993145227848,0.0291619870254664,4,ok,0.1923338706791401,0.2039765585660934,0.1700568880736827,0.1983043462336063,0.0280983265489339,19.416681637664865,1.4599982396978064,ok,2.5077887077713825,ok,1.3889320337386044,floor,2.3651009005826373,ok
14,22,0.2896841758437599,0,-16.083865250699876,0.024638455216970157,0.4062487656311948,0.0154180963039736,67,35.326263256927035,-15.334070555470792,0.02928147464511383,0.6257058013355743,0.1749174974809775,67,28.86542556534952,-14.816172342723567,0.032990034196892594,0.922436010385172,0.5693051731538852,67,28.790788280430125,-17.517280012133188,0.017712179254172455,0.5539912021229447,0.1180940562237518,67,31.621115812614786,0.5178982127472249,-2.7011076694096214,-1.433414761433312,-15.708967903085334,0.8927955603617672,-1.8083121090478542,0.2180223778157428,2.7011076694096214,3.6151481952116775,3.32649355269293,0.0987607264752985,3.3545158259050187,0.3553371163146002,3.223544858319995,0.175556434267166,3.3548953399162262,0.2239638210783199,4,ok,0.206002831403444,0.1960058622062206,0.1953002873863747,0.2007243391960414,0.0057040594184576,22.590231502210088,1.4601530288050304,ok,1.1859038095234469,floor,1.3890613245065029,floor,1.0405126760605696,floor
15,22,2.257871362413479e-07,2,-18.769919635188305,0.013274190209689908,0.3817826770271627,0.0,40,35.33023548126221,-17.56129150804963,0.01753359009143167,1.184623234697952,1.0292499729252245,40,28.8699520111084,-19.409466613633295,0.011456536382615042,0.5339595179855342,0.0896034241553185,40,28.795354175567628,-18.553041936226467,0.013953906428421219,0.4593549160345905,0.0360495699752061,40,31.62550582885742,-1.848175105583664,0.856424677406828,0.21687769896183795,-18.16560557161897,-1.243861042014327,-0.387436364607499,0.15698695748678954,1.848175105583664,1.774287397561686,,,,,,,,,4,ok,0.197911324724555,0.1993888756260275,0.2132556552067399,0.2091497711837291,-0.0146055550314485,19.903963711603343,1.4602247813170406,ok,1.1859554603115574,floor,1.389122163039011,floor,2.710103518387985,ok
16,22,1.198032268621871e-07,2,-18.780950682111506,0.01324051665056478,0.5345847415860739,0.1206544954585333,26,35.32688346275916,-19.44305858794251,0.011368263757788051,0.5604618294956529,0.1095731234131802,26,28.866263903104343,-20.411303837125445,0.009096401398419501,0.5691809778018394,0.1225465951903121,26,28.791662216186523,-18.213865054226922,0.015087368386150999,0.6372725520752788,0.2029709715145897,26,31.621917137732872,-0.9682452491829352,2.197438782898523,0.5670856278845839,-19.112004635027006,-1.2992992020984389,0.898139580800084,0.18213373064777,2.197438782898523,1.45848079056522,2.450483352029196,-0.7054803165476202,2.279331401021096,-0.6265318467182581,2.1730510026264365,-0.8006340824123659,2.385159045581943,-0.6745833913519639,4,ok,0.2204448093588535,0.1878596088634087,0.2195262524944085,0.1986873124081354,-0.0153740433832774,19.893112752561237,1.46016423100339,ambiguous,1.1859133748079114,floor,1.389072968218768,floor,3.042454077794875,ok
17,22,8.170756718469804e-09,2,-16.289991606870878,0.023496373617281775,0.3331767440779885,,5,35.32736892700196,-18.455207081142976,0.014271817773822354,0.4530550056837597,,5,28.866868591308595,-19.09752787468893,0.012309692734615133,0.3808251271354777,,5,28.79227523803711,-17.87133168484508,0.016325512790538912,0.3651311003134515,,5,31.622492218017577,-0.6423207935459523,1.2261961898438472,-1.581340077974204,-17.37259934400693,-1.724928530682,-0.49873234083815277,0.25461192230357,2.807536267818051,1.848831704033048,,,,,,,,,4,ok,0.2009590506553649,0.1238584637641906,0.2526817917823791,0.201776722073555,-0.0902730345726013,22.38404574751885,1.4601729997296204,ok,1.185920274446021,floor,1.3890811360049389,floor,1.040528066952822,floor
18,22,5.084064626714735e-09,2,-19.36204773655665,0.011582311112624779,0.1848773000277256,,6,35.32817014058431,-16.472160410336148,0.022531181132714247,0.2747852533597896,,6,28.867781321207683,-19.624409293274006,0.010903327841863248,0.6965420991838238,,6,28.793195724487305,-17.886566569914713,0.01626834384512346,0.7985058034337125,,6,31.623374303181965,-3.152248882937858,1.737842723359293,1.4754811666419378,-17.9171040734464,-1.7073052198276066,0.030537503531686383,0.3033022956565769,3.152248882937858,1.9730541014924747,,,,,,,,,4,ok,0.1661324898401896,0.1558702935775121,0.1229582484811544,0.2616132621963818,0.0380431432276964,19.311946573727106,1.4601874721563093,ambiguous,2.745443986539009,ok,1.389093400869822,floor,3.88296692437221,ok
19,22,4.845720711671931e-09,2,-20.426070528032692,0.009065524734970382,0.3572854271971208,,10,35.32927589416504,-18.239218767580223,0.01499954631192896,0.3741138363359339,,10,28.869044303894043,-21.051094174819614,0.007850378248586512,0.3444107939129967,,10,28.794464302062988,-19.202803662756693,0.0120148854259653,0.502386481766298,,10,31.62459392547608,-2.8118754072393912,1.8482905120629205,1.223266865275999,-19.332644647806458,-1.7184495270131563,0.12984098504976416,0.25220051318543196,2.8118754072393912,1.3921787597358333,,,,,,,,,4,ok,0.2063297219574451,0.1976668708026409,0.1233543705195188,0.1549208275973796,0.0786439258605241,18.2478643750539,1.4602074464692518,ok,1.794126139647717,ambiguous,1.3891103047580788,floor,3.648639001676671,ok
20,22,0.3876135438595965,0,-19.054446535831516,0.012432410641846886,0.3438348867488767,0.0,79,35.201038650319546,-13.79798813976716,0.041706254208941015,0.4365375660938148,0.0052518251002029,79,28.724971843671195,-19.153762548010036,0.012151328036178823,0.5640582978148805,0.1176245446869452,79,28.648775269713585,-18.185307285122626,0.015186904832634277,0.4093471522980662,0.0,79,31.48406955863856,-5.355774408242876,0.9684552628874101,0.8691392507088906,-16.426217337799336,-2.7275452102106996,-1.7590899473232895,0.6075786127984762,5.355774408242876,2.68006061045787,3.1956023429049027,-0.0446219192350891,3.1131969839012004,0.0977766999270919,2.998969730487189,-0.0619512042515855,3.135786449926247,-0.0075355425385894,4,ok,0.2128920707427248,0.2107240564272373,0.1715431501499459,0.1996142724646797,0.0402649134350351,19.62636179656636,1.457898224240422,ok,5.212551868001404,ok,1.387176114815304,floor,3.318810461929776,ok
21,22,0.5725174781550666,0,-18.897049467195465,0.012891250668546171,0.4337197220518876,0.0355294618131494,162,35.195548045782395,-13.887401574735652,0.04085637608104582,0.4279853954139967,0.0,162,28.718791914574894,-19.703264787620128,0.01070714098510599,0.4195176073474814,0.0,162,28.64250171331712,-19.412748039795737,0.011447883364703171,0.4387919661187014,0.0202492206933493,162,31.478024941903573,-5.8158632128844765,0.2905167478243911,-0.5156985726002716,-16.39222552096556,-3.311039266654568,-3.0205225188301768,0.6670242480377168,5.8158632128844765,2.4577887822188735,3.255603854304251,-0.0390690926375336,3.047954939993053,-0.0382604366988901,3.0228220339770355,-0.0944701780441512,3.2003678856885784,0.0030372910701679,4,ok,0.203009592116247,0.1857084930862909,0.1807771943003675,0.1987174307858502,0.0135818483009014,19.78405242976356,1.457799678552169,ok,4.941088818648826,ok,1.387093148384037,floor,1.9048944131313283,ambiguous
22,22,0.3980899814218664,0,-18.235624578931514,0.015011964962348285,0.4796664159099442,0.0721069154695952,108,35.18781202810782,-14.341629046111317,0.036799091372283585,0.572942230763462,0.121516718052929,108,28.710128007111727,-19.017911251458784,0.012537440208113123,0.7084353399437763,0.2733935264648688,108,28.633693642086453,-17.72477509808983,0.016885833014858548,0.5389937296112377,0.104070241918007,108,31.469517884431063,-4.6762822053474675,1.2931361533689554,0.510849480841685,-16.288626812521414,-2.72928443893737,-1.4361482855684145,0.474917775633195,4.6762822053474675,2.600892947115365,3.4441888258712567,0.1802574907260945,3.3815590236984625,0.3353144059947315,3.3320533642409,0.2465882556475378,3.3478235471377915,0.1809860945875021,4,ok,0.2060539717613547,0.1975881369715487,0.1795924967844729,0.1981090477633255,0.0222285575819788,20.44589083609246,1.4576608773758457,ok,3.783259949633395,ok,1.3869767083475182,floor,2.986324631664769,ok
23,22,1.1280382993849755e-09,2,-21.8197364729757,0.006576977448095562,0.3333206531880167,,5,35.1802734375,-19.608516028489674,0.010943302318255054,0.696080089993414,,5,28.701694107055665,-24.178072985676746,0.0038211378148867658,0.4452318194194887,,5,28.625116729736327,-22.648222213949662,0.005434727567361744,0.3125839309336533,,5,31.46125030517578,-4.569556957187071,1.5298507717270837,-0.8284857409739637,-20.714126250732686,-3.4639467349440594,-1.9340959632169756,0.39459987946936237,4.569556957187071,0.8049621036767052,,,,,,,,,4,ok,0.2156708300113678,0.2356490448117256,0.194503566622734,0.1572272971272468,0.0311563707888126,16.862181792888084,1.4575256694562322,ok,1.833369988554278,ambiguous,1.3868633744402836,floor,1.354681686599149,ambiguous
24,22,0.256617417728398,0,-18.119035676076507,0.015420428159681815,0.4972388868703657,0.0870689305133312,58,35.18282120803307,-13.757063627222323,0.042101118828787934,0.5845501285012498,0.1328614293537791,58,28.70445264618972,-19.62818508381956,0.010893852522030388,0.6275887562190496,0.1818129895658096,58,28.627925938573377,-19.643021760647095,0.010856699666855128,0.5193082087734593,0.086246848042139,58,31.46398860010608,-5.871121456597237,-0.0148366768275352,-1.5239860845705877,-15.938049651649415,-3.6901354321701447,-3.70497210899768,0.6558818088958481,5.885958133424772,2.5102658189145317,3.362369511256168,0.1455734225980371,2.958285212933376,-0.0266733671465866,3.1153542403017047,0.0786887319037878,3.2117538871564024,0.0916707094650148,4,ok,0.2086096512603348,0.207496922206262,0.1800456736879102,0.2381448298692703,0.0280076130453882,20.562746453388293,1.4575713592065935,ok,4.258813956460759,ok,1.386900489400826,floor,1.0387626114840631,floor
25,22,0.1020199392891068,0,-18.159255615916287,0.01527827906675729,0.5267684938456484,0.1134240833705657,16,35.172585248947144,-15.436903023675086,0.02859629032655697,0.35957633320904,0.0,16,28.69286108016968,-18.81548288352583,0.013135654340729934,0.4717335737435122,0.0365437982488885,16,28.61622655391693,-17.70111796509655,0.016978065451849614,0.3455643448110477,0.0,16,31.45276391506195,-3.3785798598507455,1.1143649184292812,0.45813765081973656,-16.798079319795686,-2.017403563730145,-0.9030386453008639,0.3237070920327911,3.3785798598507455,2.3570907455179624,2.993216097372779,-0.1259372699018457,2.938808077100769,0.0808062001759082,2.795961396635575,-0.1396136089934367,3.08909467774978,0.06586502207809,4,ok,0.23792813019827,0.1597057078033685,0.184131377376616,0.1556512583047151,0.0146855416242033,20.523073379161573,1.45738783024217,ok,2.5489284578150824,ok,1.3867459534639188,floor,2.9364409944389287,ok
26,22,0.4838093252761882,0,-18.674836245352903,0.013568016887654273,0.4107863261784538,0.018649326724383,133,35.17875292785185,-15.107856327122045,0.03084710184151372,0.4400239082360143,0.0078321484170731,133,28.699809899007462,-19.6686979493621,0.010792702478419016,0.4105858889821396,0.0,133,28.62321941117595,-19.349583869609866,0.0116155990634823,0.4497128906582538,0.0285506546198874,133,31.459490367344447,-4.560841622240057,0.3191140797522358,-0.6747476242569626,-16.891346286237475,-2.7773516631246267,-2.458237583372391,0.4924282853381512,4.560841622240057,2.126861838954748,3.3038834394705647,0.0241654095971832,3.0892659041615875,0.0224951613354438,3.086548013887791,-0.0152612203559288,3.149360032389433,-0.0331365185945471,4,ok,0.2119543963581099,0.1874342490743873,0.1908067656134752,0.1987323784514477,0.0088875571027734,20.00716326059919,1.45749840454747,ok,3.452218860868669,ok,1.3868383102845985,floor,1.6701416005012757,ambiguous
27,22,0.5415105264041837,0,-19.46219951481045,0.011318269963482602,0.4025826152310703,0.0128336170175589,154,35.17756447234711,-16.352859842022156,0.023158691410611987,0.490650076502749,0.0476148593937941,154,28.698447896288588,-19.888893237808457,0.0102591333814477,0.4977653694085225,0.057942069473388,154,28.621844873799905,-19.965868121513257,0.01007890119686621,0.4277823448103222,0.0120869293046721,154,31.45817947387696,-3.5360333957863013,-0.07697488370479988,-0.5036686067028064,-17.907529678416303,-1.981363559392154,-2.058338443096954,0.3998402063897921,3.613008279491101,1.7699403804587033,3.2478618530709045,-0.0429713800629274,3.1104369062810804,0.0292139898484355,3.164712639369472,0.0513957221151124,3.194161092713605,0.0006391773349636,4,ok,0.2054608023253741,0.1930217385872618,0.183707704307971,0.1926945489045087,0.0155335661483468,19.2198634865515,1.4574770952683134,ok,2.9789713813161747,ok,1.3868201537433031,floor,1.9203571764497185,ambiguous
28,22,0.259927890220491,0,-18.96740510846689,0.012684095089165627,0.4250959477305395,0.0290743743898143,61,35.17337236248079,-15.198439299318371,0.030210371792075877,0.3987956778604493,0.0,61,28.69369803882036,-19.47674209491355,0.011280433522739669,0.4048283311569822,0.0,61,28.61706902550869,-18.7409626056479,0.013362992954638633,0.3771408464123842,0.0,61,31.453592957043256,-4.278302795595179,0.7357794892656493,0.22644250281899048,-17.082922203892632,-2.393819891020918,-1.6580404017552688,0.45783356794309116,4.278302795595179,2.179859377864254,3.1844037834978023,-0.0362158788631399,3.151004919862024,0.1610748651580293,3.0171067125233737,-0.0235173806263251,3.151643162720692,0.0277673154419346,4,ok,0.1831966881624988,0.18725349925092,0.189746905301438,0.1986269288864292,-0.0045218115947285,19.71488184170331,1.4574019397599056,ok,3.656520719544474,ok,1.3867570784997174,floor,2.71540651344789,ok
29,22,0.5681262967499147,0,-19.621146241529324,0.010911523085758443,0.3511944215162978,0.0,162,35.17658749333135,-15.581483907536684,0.027659963918202614,0.46284534250306,0.0252297563607224,162,28.697301864624023,-19.81718661836929,0.010429928666508003,0.4582252555650663,0.0258927531160872,162,28.6206909933208,-20.292523374434914,0.009348623347149915,0.4254966620647675,0.0104183728170443,162,31.457087069381902,-4.235702710832607,-0.475336756065623,-0.6713771329055902,-17.601315074533005,-2.215871543836286,-2.691208299901909,0.5188394550438021,4.71103946689823,1.9105882183073817,3.2046769453278734,-0.0899960016139114,3.054844712257986,-0.0313706644339566,3.103464926897431,-0.0138272851237557,3.0815846040810904,-0.1157459905373201,4,ok,0.2192909367566491,0.1930164710883005,0.1720768592469854,0.1713711512217551,0.0340768446754894,19.06096895462952,1.4574595787471716,ok,3.930199395747205,ok,1.3868049128867304,floor,1.6756311196049798,ambiguous
30,22,0.3338709047267693,0,-15.93635425303856,0.0254896912318707,0.3932200852578397,0.0063397496329489,82,35.169589670693,-13.489810103607818,0.044773288098507336,0.5415121202462316,0.0919413652232994,82,28.689392182885147,-13.236019899288328,0.047467680451809255,0.5674592018203432,0.1208872877118789,82,28.612738120846632,-13.341901137695732,0.04632440887939332,0.5275977125279447,0.0936713972841747,82,31.449424394747105,0.25379020431948973,-0.10588123840740415,2.5944531153428283,-14.713082178323189,1.477062279034861,1.371181040627457,0.21977244130453627,2.7003343537502325,5.8532191649923995,3.363786912438476,0.1207368023350889,3.12642016573834,0.1073256668717448,3.011465668668327,-0.0523808952143349,3.126845774078032,-0.0192792263741798,4,ok,0.2328835807558966,0.1691409435304926,0.2143006650958119,0.2054186573751815,-0.0132884029526172,22.74613474434689,1.457334137582835,ok,2.200754184074124,ambiguous,3.010988203723428,ok,4.973170988301611,ok
31,22,0.5907185134228785,0,-19.636398744012034,0.010873268829132494,0.4193548280332046,0.0248488975427791,172,35.1620845572893,-16.80148844205393,0.02088580196503039,0.5083355915832135,0.0625324509762683,172,28.68090439951697,-18.17919389849645,0.015208297873852302,0.4357230449771779,0.0088372392377424,172,28.604191003843795,-19.76230114931751,0.010562576930464754,0.4507116080357568,0.0293200043620014,172,31.44117503942445,-1.37770545644252,-1.5831072508210582,-0.12590240530547447,-18.218943593032982,0.03974969453653188,-1.5433575562845263,0.2906141879238889,2.960812707263578,1.990194999780286,3.223561140892629,-0.0756531719497033,3.060721137836266,-0.0313989989277563,3.059145447378046,-0.0628484869593468,3.0987166811743827,-0.1031185736584912,4,ok,0.1871768816179314,0.2050914571209009,0.1650726456238433,0.1787164072224567,0.0310615237455728,19.046491044699582,1.457199651001519,ambiguous,2.6784211795821737,ok,1.386587073408488,floor,2.359869647490739,ok
32,22,0.1085043476881907,0,-17.464191149581218,0.017930024584604916,0.3427150787578977,0.0,21,35.15452085222517,-15.458629606261049,0.028453588040389013,0.4495516763229837,0.0149885676530496,21,28.67241596040272,-20.088597866233272,0.00979806267968862,0.5800999324340659,0.133186419969157,21,28.595658983503068,-20.390677576381407,0.009139706347245006,0.3689789061355169,0.0,21,31.43290828523181,-4.629968259972223,-0.30207971014813495,-2.9264864268001887,-16.461410377921133,-3.6271874883121384,-3.9292671984602734,0.4781758625197855,4.932047970120358,1.940672773032643,3.0543501113848768,-0.0854207653835152,3.0718195400183235,0.1870104316325842,3.021210388206544,0.0642898652564665,2.8398166627019847,-0.2038638610062779,4,ok,0.2031631586807114,0.217515314973536,0.2059920096681231,0.1793854669446037,0.0043472271590005,21.219102446591226,1.457064164894449,ok,1.2103250506245071,ambiguous,1.3864745021915117,floor,1.0384180641677432,floor
33,22,0.6522243259691243,0,-18.499258467828387,0.014127787476552488,0.4848734080797452,0.0764842715269695,194,35.17399013165346,-14.249817701230842,0.037585318071136936,0.5482857160140843,0.0981742192935632,194,28.6942705763984,-18.646533865405857,0.013656726546395602,0.6631998288776505,0.2207863086243,194,28.617647406981163,-18.475981634490374,0.014203711305218691,0.467005957111474,0.0421132271627915,194,31.454188897437657,-4.3967161641750145,0.170552230915483,0.023276833338012892,-16.374538084529615,-2.2719957808762423,-2.1014435499607593,0.513567213983923,4.3967161641750145,2.606725570899321,3.398758813474929,0.0904187496859809,3.0307554821578133,-0.0732301089645162,3.1833833886259866,0.0519414714971899,3.2664114101160067,0.055524163411841,4,ok,0.2190026798352752,0.1927577607794521,0.1911189606048397,0.1878200342936307,0.0147612597025239,20.18299548237041,1.457413014054726,ok,4.143316906427869,ok,1.386764716440205,floor,2.5144525206838546,ok
34,22,0.4679714340427883,0,-18.97913611800351,0.012649879490179906,0.4368070355423613,0.0378718973122926,135,35.171229892306854,-14.010449438839693,0.03971504473877948,0.4336426401865371,0.0031248206657001,135,28.69119702091924,-19.652981775196857,0.010831829678613875,0.4723640397165481,0.0370484662551915,135,28.61455436989113,-18.441049597577724,0.014318418116811641,0.4062909689624359,0.0,135,31.451190778944227,-5.642532336357164,1.2119321776191327,0.5380865204257859,-16.4947927784216,-3.158188996775255,-1.9462568191561225,0.6092078318383755,5.642532336357164,2.5101919250380154,3.2861520670469213,0.0053024020818939,2.9965055172124453,-0.0717365965297722,2.9707665760218043,-0.132214251544434,3.143494550446741,-0.0401244891642877,4,ok,0.2322985411794097,0.1834462841903721,0.1922215525198865,0.1700781441397137,0.0156508601650043,19.70326527270684,1.4573635358849084,ok,4.895869527640319,ok,1.3867238732968703,floor,3.0113948291844137,ok
35,22,0.992270754998336,0,-19.517613557148152,0.011174771314141942,0.4947828964926949,0.0849454286058164,313,35.202079931387125,-16.174143263897655,0.02413157531102879,0.4740733089421801,0.0341120419467733,313,28.72606377403576,-19.844724896695265,0.010364002529981651,0.5290775969258558,0.0852032850979926,313,28.64987645743373,-20.67446838561828,0.008561565063410275,0.4770062867024678,0.050189776382133,313,31.4851487497933,-3.67058163279761,-0.8297434889230146,-1.1568548284701272,-17.845878410522904,-1.9988464861723614,-2.828589975095376,0.45563611448771674,4.500325121720625,1.76313446041366,3.3226787055699214,-0.0219285905121222,3.145990246667929,-0.0051506078396479,3.111760958326792,-0.0572287933420301,3.1203882931530336,-0.1264730551710218,4,ok,0.1997536846433584,0.1871776248271854,0.1832909644864047,0.1837767743097897,0.0101746902488672,19.16313909463901,1.45791691622636,ambiguous,3.2244311944296147,ok,1.3871906805253953,floor,1.0389974925665273,floor
36,22,0.902129946251072,0,-19.899400567180994,0.010234342415395727,0.4118664105604436,0.0194237511080885,289,35.19601724222045,-16.798085890580026,0.020902171701469827,0.4679959335060275,0.0292778862588183,289,28.719259156487805,-19.58925471674441,0.01099194453602753,0.5328222678502665,0.0885747950457556,289,28.642975493698383,-20.76750874243468,0.008380098545966962,0.4535975358846207,0.0315527348078894,289,31.47850417430838,-2.791168826164384,-1.1782540256902685,-0.8681081752536848,-18.348743228880508,-1.2405114878639019,-2.4187655135541704,0.38576920144011717,3.9694228518546524,1.676583888869387,3.224016924984217,-0.1145418647798153,3.125958863373987,-0.0173176218261081,3.139911906857002,-0.0228157646892568,3.06879213108742,-0.1720695980990561,4,ok,0.2083260484529614,0.1786390542210592,0.180566824160542,0.1907981541974528,0.0129157271764682,18.781676245721897,1.457808098673417,ok,2.971015303271244,ok,1.387099413100509,floor,1.2251425614210274,ambiguous
37,22,0.5266487272851875,0,-18.947056052946035,0.012743666417559262,0.3963347268931133,0.0084831097998456,151,35.1916834344927,-15.326978004859498,0.029329333880121846,0.4483789182341941,0.0140994219204708,151,28.714399767237783,-19.931769373739225,0.010158347439064512,0.4966092758915851,0.0569673711272427,151,28.63804017629055,-18.98200480740579,0.012641526495989732,0.4311196212528781,0.014539207196909,151,31.473740293490177,-4.604791368879727,0.9497645663334353,-0.034948754459755094,-17.13701702890277,-2.794752344836457,-1.8449877785030218,0.47108547771860637,4.604791368879727,2.0631257969237726,3.272239783698252,-0.0171018968681515,3.145317954977272,0.0660343801961103,3.147090093108688,0.0353173954009689,3.180946882726684,-0.0110955355897495,4,ok,0.2147416239049261,0.1814732537512353,0.184607559654689,0.1928807913220876,0.0134998791733916,19.734252436252525,1.4577303322982345,ok,3.5064937023354448,ok,1.3870341616744355,floor,2.455510434380674,ok
38,22,0.492507854010358,0,-19.197871426641512,0.012028538354484756,0.4160770308086324,0.0224621971652445,137,35.18826561252566,-15.172510476859872,0.030391277237157337,0.4632498772368701,0.0255460811309315,137,28.710574713936687,-20.245343615903874,0.009450736147990295,0.5127268065525674,0.0707604597093685,137,28.634150665171823,-19.39830536016879,0.011486017244782277,0.4374116673180469,0.0192145263766907,137,31.469983929265155,-5.072833139044002,0.8470382557350824,-0.2004339335272789,-17.18519095175069,-3.0601526641531827,-2.2131144084181003,0.5338962435411436,5.072833139044002,2.0194077779129844,3.2991360195029777,0.0171713617431636,3.1844737338556763,0.1147818877907411,3.05097007903346,-0.0531651119160554,3.0993603561097127,-0.0853646643432215,4,ok,0.2264935461274028,0.1808567724469369,0.1827614390338859,0.1793099869939967,0.0209137202532839,19.48361974592977,1.4576690142155453,ok,3.9160982250577296,ok,1.3869827487673212,floor,2.2804853980668547,ok
39,22,0.6675339882764417,0,-18.5432862517332,0.01398528673028973,0.4409789918684185,0.0410636791756868,188,35.18452368391321,-14.38418969832976,0.036440223347752855,0.5378364033159541,0.0885915141277506,188,28.70640232207928,-19.25621019965168,0.011868039416372968,0.6370264040499247,0.1919322639650076,188,28.629906776103567,-18.580276867863418,0.013866674243673174,0.6351079546499074,0.2006146852712864,188,31.465881875220767,-4.87202050132192,0.6759333317882614,-0.03699061613021826,-16.463737975031478,-2.7924722246202016,-2.11653889283194,0.529470527330731,4.87202050132192,2.452438582704184,3.31881173803448,0.0128535919233292,3.286280617385106,0.1853920355562017,3.2325470456745986,0.1035711521489028,3.272260563148216,0.0637359822217638,4,ok,0.2028731869811073,0.1949563728883228,0.1873814887466265,0.1872856470538263,0.0115332911880884,20.13840490125332,1.457601893297832,ok,4.051633237158095,ok,1.3869266632086807,floor,2.4532268460777407,ok
40,22,0.5319990846374182,0,-19.520727000661775,0.011166763026551754,0.3971288674930519,0.0090323081079812,158,35.18067038813724,-15.307103385161389,0.029463861303857086,0.4279265266061277,0.0,158,28.701982123942315,-19.330341783856603,0.01166717794342625,0.4118223248776525,0.0,158,28.62541783006885,-19.33053829553467,0.011666650033231479,0.4204281879512547,0.0067502580188045,158,31.46159775649445,-4.023238398695215,-0.00019651167806600256,0.19018870512710606,-17.41391519291158,-1.9164265909450222,-1.9166231026230882,0.4865936636849349,4.213623615500387,2.1157829963713226,3.2884769095229687,-0.0043004850976928,2.9685566001359893,-0.1151941476523545,3.098600321205093,-0.0167294062145582,3.10933358056423,-0.0861167825748432,4,ok,0.1900752580760023,0.1922717951709711,0.174525582691348,0.1802070324745359,0.0166479439321386,19.16117005556959,1.4575327876847206,ok,4.107007627467028,ok,1.3868673522904456,floor,2.6803242603477866,ok
41,22,0.944772147474751,0,-15.373033756163512,0.029019947631207,0.4608653937959512,0.0566948894195942,302,35.18117382984288,-13.433908837365028,0.04535332334551283,0.5214804033307157,0.0739621750418555,302,28.70228499608324,-13.565199191879021,0.04400277652246176,0.5340779773633421,0.0897106953625421,302,28.62573645130688,-14.361786194488465,0.036628689481594444,0.5118568951744461,0.0796733739990847,302,31.462003720517192,-0.13129035451399318,-0.7965870026094439,1.011247561675047,-14.40347129676427,0.8382721048852488,0.04168510227580491,0.1684150263857335,1.939124918798484,5.404341037773654,3.392623200005439,0.0507283869583656,3.199745552720444,0.0521315141250471,3.214171893342753,0.0479904029541575,3.3330618094628286,0.0888910204721589,4,ok,0.2171664612725475,0.2014112472410825,0.2041115361999794,0.2032798827557966,0.0051773180568356,23.30883640001861,1.457541815741085,ok,1.1840501561103096,floor,1.386871561676644,floor,3.4491388583358056,ok
42,22,1.3556459123480105,0,-17.45661011884497,0.017961350512059722,0.414542134509161,0.0213510136947381,438,35.1774853919739,-16.117266882807684,0.02444968744897526,0.4724253093221724,0.032795002345533,438,28.69808526235084,-14.050565501586838,0.039349883402569376,0.5383699346191946,0.0936133382910928,438,28.62149095317545,-13.406910721385458,0.045636142532019607,0.4898496740529445,0.0608134632913772,438,31.457933826533623,2.0667013812208452,0.6436547802013806,4.049699397459513,-16.786938500826327,2.7363729992394887,3.3800277794408693,0.34891428236903416,4.049699397459513,4.611640508627647,3.275404536501441,-0.0946788476833901,3.102839829296664,-0.0814254620249537,3.229450108460912,0.0340847036107265,3.1762783405688824,-0.0958531848362467,4,ok,0.2022208518191287,0.1906305580446709,0.2027039026850026,0.2000742747988466,-0.0062781977531028,21.225457107431367,1.4574756773834814,ambiguous,1.184002640613004,floor,3.8299391956049695,ok,6.652524006057383,ok
43,22,0.6459871347636221,0,-19.22455277418222,0.011954866276193571,0.4252956592200715,0.0292223965717923,194,35.186330244713226,-15.743684250635628,0.026645972475022452,0.5100186701584103,0.0639796391972975,194,28.707990528381977,-19.361456403855378,0.011583888260367051,0.4732477934068669,0.0377570176541119,194,28.6315259441887,-18.956458394160194,0.012716106617724428,0.5161779312790719,0.0834737767666844,194,31.467607989753645,-3.61777215321975,0.4049980096951842,0.2680943800220277,-17.484118512408926,-1.8773378914464516,-1.4723398817512674,0.40179452577569325,3.61777215321975,2.050341398816555,3.3176154657288657,0.0092754019399174,3.132086971226263,0.0281013801039335,3.136333570980714,0.0048916538519172,3.2030884628778846,-0.0077987838262809,4,ok,0.2034637705067691,0.185784451260241,0.1794684192108124,0.188886870505269,0.0151556916726925,19.45704183398472,1.4576342969696805,ok,3.364821446088313,ok,1.386948060060479,floor,2.755994375282966,ok
44,22,0.3342891034507806,0,-19.155681883731045,0.012145959023658316,0.3944590237844186,0.007190307510331,92,35.188318915989086,-17.12485411313362,0.019387177596689856,0.4300551768236788,0.0005086200797181,92,28.71017080804576,-18.882127571494664,0.012935619812585725,0.5201192704168959,0.0772341517515082,92,28.633732464002527,-18.585890958808974,0.013848760482853455,0.4304674005042164,0.0140584479321725,92,31.46974474450816,-1.7572734583610448,0.29623661268568924,0.5697909249220707,-18.140267998432332,-0.7418595730623316,-0.4456229603766424,0.1948252805851391,2.0308277705974263,1.9135351243551546,3.26282208092269,0.0110476278482236,2.9655494231933885,-0.0648886126528069,3.177041815917959,0.1041628510044936,2.994776106586256,-0.1600027221501756,4,ok,0.1866248771953194,0.1907350517323483,0.1885716208135304,0.1629647959185683,0.0001083436503034,19.52580643993543,1.457669970437025,ok,1.3731265373816353,ambiguous,1.3869772214466949,floor,3.041436689669553,ok
45,22,0.4164261151889281,0,-18.297206209241658,0.014800601959739876,0.458090231496045,0.0544721542901027,116,35.184467776068324,-16.915096142649837,0.02034653152885643,0.5720082240585039,0.1206137790146013,116,28.70585166996923,-18.70816026636138,0.013464306005553255,0.474696449317233,0.0389213454278338,116,28.62935385210761,-18.377260901702925,0.014530277542615896,0.4775011344951238,0.0505938726597634,116,31.465533749810582,-1.7930641237115417,0.33089936465845327,-0.08005469246126751,-17.606151175945747,-1.1020090904156312,-0.771109725757178,0.16979737811372977,1.7930641237115417,2.0149973250844218,3.3591624608154422,0.0898132396766424,3.1073566627583062,0.0540676188641082,3.138516384597872,0.0474420835190785,3.251224414886355,0.0790128665207312,4,ok,0.2078044902340605,0.2132382609977804,0.1907727236955844,0.1865345970245784,0.019748651920336,20.384487931425383,1.4576008905437663,ok,1.184090517202927,floor,1.386919356878175,floor,2.408629589503225,ok
46,22,2.8816279759477605e-12,2,-18.622588550645258,0.01373223240808777,0.405585795816181,,9,35.1495246887207,-17.323885969264694,0.01851873866813293,0.2381127216509227,,9,28.666824764675564,-18.22119919711441,0.015061911112289607,0.516461020105552,,9,28.590009477403427,-18.72122242766949,0.013423870603996546,0.4731165954509431,,9,31.42743513319228,-0.8973132278497147,-0.5000232305550796,-0.09863387702423054,-17.973237259954978,-0.24796193715943105,-0.7479851677145106,0.13311245721796294,1.3973364584047943,2.0044629573358503,,,,,,,,,4,ok,0.1967768718798955,0.1983033724957042,0.2081206399533483,0.2027704922689331,-0.0105805177655484,20.0609717162149,1.4569746980343723,ok,1.1836492811029709,floor,1.3863999897546952,floor,2.388290688434443,ok
47,22,0.9941431838624308,0,-18.753408414582758,0.013324752731674959,0.4628738952147306,0.0583119502009801,326,35.17934071359459,-15.406728197740795,0.028795669492414046,0.4754646843809205,0.0352275646704314,326,28.700098944587943,-17.42367561132546,0.0180980773016639,0.5125645054441318,0.0706193697902628,326,28.62352094474745,-18.02359701175177,0.015763051658565654,0.5024262220130363,0.071489936050906,326,31.4599163546884,-2.0169474135846652,-0.5999214004263109,0.7298114028309861,-17.080068306161778,-0.3436073051636832,-0.9435287055899941,0.3108411825532585,3.3466802168419623,2.6026415234976477,3.323362551307392,-0.0243301027789559,3.180874778246812,0.025722289541318,3.2173367656669054,0.0451527114688437,3.2941959552082563,0.0442741863513194,4,ok,0.203168312041946,0.188304479822425,0.201022329837358,0.1849179785195852,-0.0052859339051725,19.928559686806835,1.4575089441423692,ok,3.2270383788826607,ok,1.386842293472671,floor,3.1896940754537444,ok
48,22,0.5443159741193601,0,-18.825781012182325,0.013104543560073331,0.5147859591653225,0.1025464238632389,161,35.17306260292575,-15.469580141329303,0.028381934004537007,0.4914072538470109,0.0482427098218416,161,28.69303324207756,-18.49856119138518,0.014130055929102698,0.6163155631639305,0.1699235566276946,161,28.616388474932368,-19.171584878485604,0.01210156428446973,0.4661082193568187,0.0413965588863043,161,31.45302909945849,-3.028981050055876,-0.6730236871004251,-0.3458038663032781,-17.147680576755814,-1.3508806146293644,-2.0239043017297895,0.39285417066988304,3.702004737156301,2.2469464287190517,3.4324508948080594,0.138247411555779,3.250150735762808,0.16454576362971,3.223644090547734,0.1068379190601511,3.191058021332772,-0.0058069040463482,4,ok,0.2192161674177424,0.1918265377142414,0.1939612897286504,0.1831134153495294,0.0115600628373415,19.856522484428197,1.4573963870546869,ok,3.2366523740011104,ok,1.386748091631934,floor,2.116000743562953,ok
49,22,1.4403908240645713,0,-18.521849315580464,0.014054489275174145,0.4412559815518869,0.0412766659566519,464,35.16686104906017,-14.001549023509344,0.039796520066250556,0.4391921968010003,0.0072147151159056,464,28.68621741081106,-19.510142541174908,0.011194011426428396,0.4970657562140715,0.0573519572948577,464,28.609539266290337,-17.950404095444753,0.01603096221394458,0.4645546195822719,0.0401595710594526,464,31.446361825383946,-5.508593517665563,1.5597384457301544,0.5714452201357112,-16.261699169544904,-3.248443371630003,-1.6887049258998488,0.5626628311203806,5.508593517665563,2.5945156517254606,3.352656474137225,-0.0217990119629134,3.0296909762371893,-0.1602589952854787,3.0660769290785512,-0.1338149573619955,3.2516603045784103,-0.0248079851356872,4,ok,0.2049956431226997,0.1814818730063993,0.1800719727360611,0.1829351518897275,0.0131667853284884,20.160785409743085,1.457285236755376,ok,4.421679805088598,ok,1.3866576632212873,floor,3.0424289686169,ok
50,22,1.308755997789612e-07,2,-18.48371520713842,0.014178440965893433,0.3974115018630322,0.0092280328490279,25,35.16898620605469,-15.34630300603852,0.02919911572878016,0.3944460373056552,0.0,25,28.688502655029296,-15.932352126790168,0.02551319141083089,0.5416020511696489,0.0965728953986537,25,28.61183631896973,-18.089271891313814,0.015526472944582162,0.5149521927153193,0.0823924791944477,25,31.44861259460449,-0.5860491207516478,-2.1569197645236464,0.39444331582460634,-16.91500910658847,0.9826569797983034,-1.174262784725343,0.3034444346122449,3.1374122010999006,3.045088649086879,,,,,,,,,4,ok,0.2042524549365043,0.1989141881465911,0.2313280165195465,0.1815556481480598,-0.0297446949779987,20.19880602085029,1.457323322060591,ok,3.0084692758361613,ok,2.822590252082174,ok,2.876211032194269,ok
51,22,0.021906183441864,1,-15.824932708041676,0.026152109693307606,0.8329985270804385,,2,35.1656494140625,-14.969337016782251,0.0318468365055124,0.0508062653184854,,2,28.684814453125,-18.931172098569988,0.012790360640675066,0.0154139778081596,,2,28.608125686645508,-15.922708029492938,0.025569909860752395,0.1140326516897103,,2,31.44500732421875,-3.9618350817877364,3.00846406907705,-0.09777532145126244,-15.397134862411963,-3.5340372361580243,-0.5255731670809745,0.2893110882298366,3.9618350817877364,2.777642785428403,,,,,,,,,4,ok,0.1760975830256939,0.1402180269360542,0.1559114642441272,0.2106227651238441,0.0022463407367467,22.857766722543083,1.4572635246236545,ok,1.1838525624563785,floor,1.386639004013134,floor,2.3896097076420264,ok
52,22,7.831776115873674e-09,2,-18.864287245348933,0.01298886716798455,0.4682506224666454,0.0626754057330141,16,35.14954733848572,-15.814183564966708,0.026216918470821117,0.6717277542881336,0.2253339068499125,16,28.666833519935608,-17.540640283885864,0.01761716295998543,0.7069082314571506,0.2715609631490918,16,28.59001672267913,-18.094106597559488,0.015509197991426025,0.5137259091480149,0.0813132733052177,16,31.427449345588684,-1.726456718919156,-0.5534663136736242,0.7701806477894451,-17.339235405157822,-0.20140487872804158,-0.7548711924016658,0.2750499335856997,3.0501036803822252,2.475982715257164,,,,,,,,,4,ok,0.225752561353147,0.2066500531509518,0.2330595809035003,0.1893581408075988,-0.0168582736514508,19.81927181268939,1.4569751035764704,ok,2.91482714521854,ok,1.3864000853002874,floor,3.2262201956138203,ok
53,22,0.2259368620071783,0,-19.586750554201444,0.010998284370898672,0.3427948779785364,0.0,47,35.16808992751101,-16.320595517729604,0.023331381133902186,0.4828602466880038,0.0412117595619108,47,28.687394730588224,-18.458470591824174,0.014261097229079566,0.4342339943577574,0.0077389050817775,47,28.610682020796105,-18.944495881525807,0.01275118103962477,0.4922988478457515,0.0628713936514846,47,31.447522305427714,-2.13787507409457,-0.48602528970163306,0.6422546726756373,-17.953673035965522,-0.5047975558586515,-0.9908228455602845,0.31030249302276736,3.26615503647184,2.0861005680058247,3.1857772552918857,-0.0150746258579257,2.9253014679688736,-0.0389261862315599,2.971667903181589,-0.0484904049823535,3.190450109466638,0.0861822698886602,4,ok,0.1924446688053455,0.1967688879751144,0.2178112862909093,0.1787189597937654,-0.0232045079006793,19.09581854203567,1.457307259210987,ok,3.1433913969727736,ok,1.386672748529936,floor,3.108293048727355,ok
54,22,0.1833500946954329,0,-18.2145410998471,0.015085019989864525,0.4466949863063802,0.0454859982302524,40,35.16561689376831,-17.32057060051511,0.018532881120031368,0.4551217339355899,0.0192433098973445,40,28.68445210456848,-18.6184735387801,0.013745250091107119,0.3969070778364467,0.0,40,28.60762152671814,-20.401952361479097,0.009116009389913795,0.4299073676702126,0.0136462222374136,40,31.444608640670776,-1.2979029382649898,-1.7834788226989957,-2.187411261631997,-17.767555850181104,-0.8509176885989973,-2.634396511297993,0.2390856010742719,3.0813817609639855,1.8081418155568283,3.1628361251465567,-0.0257887044286029,3.111913645578975,0.1635838088013921,3.0021601189796208,-0.005339398303144,3.0551754174986385,-0.0369641959080278,4,ok,0.1937834782525897,0.1986929329112172,0.197771543264389,0.2104886125773191,-0.0015333376824855,20.468160067387405,1.457262941887738,ok,1.183848466119736,floor,1.3866323494431658,floor,1.0385477082031247,floor
55,22,0.2351931151356756,0,-18.8938597520852,0.012900722242034477,0.4526587743549455,0.0501607390897831,52,35.16233649620643,-22.069830237535097,0.006208933040106065,0.5342328811770131,0.0853296055102141,52,28.68077820997972,-17.070556767581017,0.01963108589253012,0.4609432001984123,0.028010933484335,52,28.603909675891583,-19.96252954145346,0.010086652194626655,0.453654528845948,0.0315969715455817,52,31.4410216991718,4.99927346995408,-2.8919727738724426,-1.0686697893682613,-20.481844994810146,3.4112882272291287,0.5193154533566862,0.40147876041532227,4.99927346995408,1.73926543206243,3.111728369407828,-0.0967884316496587,2.7994632982252874,-0.174730413328302,3.0506507626769634,0.0225568849572845,3.2226909463876177,0.110820138779474,4,ok,0.2153926015330048,0.2013873559637711,0.1881587287554374,0.2162288847164465,0.0202312499929506,19.789016584283583,1.457204164769247,ok,1.1838069371556066,floor,1.3865833607943918,floor,1.0385079555912795,floor
56,22,0.3370215314449604,0,-18.28155623888858,0.014854032715901494,0.4665350450991375,0.0612776633346208,100,35.15775840759277,-15.146044519642457,0.03057704750916969,0.4864300757197708,0.0441333749008669,100,28.67566230773926,-20.303761752655838,0.009324462887220882,0.4901392102420507,0.0515543169051595,100,28.598744602203368,-19.645364885359278,0.010850843792280901,0.4674026164810637,0.0424303214626566,100,31.4360334777832,-5.157717233013381,0.6583968672965597,-1.363808646470698,-16.713800379265518,-3.58996137339032,-2.9315645060937605,0.5139521455627505,5.157717233013381,2.0178035129469523,3.2828656021260647,0.0247693102503707,3.159723361173329,0.121065564543024,3.1988861002004385,0.1194620712639209,3.1177766947500967,-0.0432728763915455,4,ok,0.204352463632822,0.1800013964623212,0.1896358050778508,0.1846622402966022,0.0025411249697208,20.4015645260902,1.4571221519438202,ok,3.006112769562176,ok,1.3865152080919645,floor,1.0384526849887532,floor
57,22,8.545364638340783e-16,2,-21.22395942630302,0.007544041301396226,,,1,35.17851257324219,-15.70246732084358,0.026900061190959872,,,1,28.69867897033692,-19.71295197004472,0.010683284721823408,,,1,28.62198829650879,-21.339077864062396,0.007346698437855297,,,1,31.45859909057617,-4.010484649201141,-1.626125894017676,-0.11511843775937791,-18.4632133735733,-1.2497385964714205,-2.8758644904890964,0.6148659915018521,5.636610543218817,1.8171198465486078,,,,,,,,,4,ok,0.294051855802536,0.0685286745429039,0.2055632472038269,0.1442493498325348,-0.0242729820311069,17.4580529212595,1.4574940948334738,ok,5.511923342389287,ok,1.3868220481832667,floor,2.371710956036684,ok
58,22,0.096016580764782,1,-16.623620865942065,0.0217589489574159,0.6392793141333222,0.2277686238877807,13,35.2564823444073,-14.274599597721842,0.03737145787950064,0.4637238557347128,0.0259170588361219,13,28.78531837463379,-17.238107284586558,0.0188881434115908,0.4545201673670158,0.0230254379241618,13,28.709868357731747,-19.026460939984705,0.01251278279891612,0.419219735064058,0.0058821758312479,13,31.543510583730843,-2.963507686864716,-1.7883536553981472,-2.40284007404264,-15.449110231831954,-1.7889970527546044,-3.5773507081527516,0.4040014742942372,4.751861342262863,2.9016442669057256,3.046630240137341,-0.0567802959588057,2.8113864277899845,-0.0261463561351344,2.8995935796670325,-0.0196827126908933,2.8915649503539296,-0.1160491159057404,4,ok,0.226076361651604,0.196253390266345,0.1729263783647464,0.1898409586686354,0.0382384975942281,22.05421972631472,1.4588948288285033,ok,2.064069617711573,ambiguous,1.3879854473799602,floor,1.039646604461785,floor
59,22,0.8144783422308708,0,-17.8271974360458,0.01649226317364184,0.5333482457072202,0.1195035852014025,255,35.254072481043195,-16.689278604484514,0.021432465807909404,0.4740378456410395,0.0340836522889413,255,28.782617883121265,-17.8898915532639,0.01625589347483809,0.5970007542548469,0.1500538399107185,255,28.70714090384689,-18.424610269099833,0.014372720267169263,0.5165264166854762,0.0837816660016534,255,31.540866500256108,-1.200612948779387,-0.5347187158359326,-0.5974128330540331,-17.258238020265157,-0.6316535329987438,-1.1663722488346764,0.15239044470234686,1.7353316646153196,2.2206432105572333,3.43261822779069,0.1035490751742043,3.094358144733784,-0.0365797551696283,3.364413099674254,0.2115101460050414,3.3668130591855747,0.1353642669533945,4,ok,0.1913434176760561,0.186619297473454,0.1892327569132926,0.1844734062312864,-0.0002513993385375,20.85077227593024,1.4588514546309772,ok,1.1849609978082305,floor,1.3879492615533435,floor,1.7926332140650667,ambiguous
60,22,0.2806386983997658,0,-17.801564327748128,0.016589892322540403,0.3675972470731594,0.0,71,35.20220119852415,-17.051983549465547,0.019715220788627013,0.5378741498592632,0.0886257983544465,71,28.726489053645604,-19.65165687563714,0.010835134642464777,0.4534128533761639,0.0221730214787421,71,28.650321288847582,-18.90090110928316,0.012879822829952562,0.3734292616447583,0.0,71,31.48547884444116,-2.599673326171594,0.7507557663539792,-1.0993367815350332,-17.426773938606836,-2.224882937030305,-1.4741271706763257,0.22747663250099032,2.599673326171594,1.8028419114656784,3.339828611080555,0.1076992986346629,3.072479480549478,0.0675843858655458,3.019162980984312,-0.0333771699861418,3.2123332891600542,0.0770408187869513,4,ok,0.1934358332778366,0.1736618576859924,0.1931805818433493,0.1637328393022779,-0.0096317363614347,20.87918183935984,1.4579190931493156,ok,1.184324197519955,floor,1.3871965646637838,floor,1.0390011586346013,floor
61,22,0.3749607207946541,0,-17.54161278008846,0.017613218469157164,0.5183262903811897,0.1057342614805263,103,35.20515312268896,-15.923299569352917,0.02556642729501246,0.6059821859006335,0.154405451843987,103,28.72980986289608,-19.003930530286887,0.01257786551834693,0.5954707634850881,0.1485069334733137,103,28.65369163439112,-18.3499310244608,0.014622003972385215,0.4959731150535719,0.0659779634420636,103,31.48872982876972,-3.08063096093397,0.6539995058260857,-0.8083182443723409,-16.73245617472069,-2.2714743555661983,-1.6174748497401126,0.28067711048892285,3.08063096093397,2.1647039809631297,3.424019658473465,0.1636822730843916,3.067205016015945,0.0256333120314669,3.279337793955033,0.1975935381054436,3.344178805427222,0.1809062544579927,4,ok,0.1937215909434175,0.1799871580837999,0.196606908282898,0.2220339601841366,-0.0097525337692892,21.13897552585792,1.4579720885366911,ok,1.1843618225297066,floor,1.3872411512398393,floor,1.408396656677135,ambiguous
62,22,0.4876136060365847,0,-19.841564360480202,0.010371547577972576,0.516054133574203,0.1036858208647057,136,35.202254575841565,-17.932783251168097,0.016096137557993887,0.8157471738378057,0.4062146995765423,136,28.726497439777148,-18.116852328017757,0.015428182489470007,0.7591795067137681,0.3365365601378389,136,28.65032916910508,-19.36035595267149,0.011586823853438497,0.5066177293095195,0.0751083163745693,136,31.485508063260248,-0.18406907684966,-1.2435036246537337,0.48120840780871177,-18.887173805824148,0.7703214778063909,-0.4731821468473427,0.18258077674391746,1.9087811093121054,1.8651711050000261,3.38019747924952,0.098788268249522,3.343043967205368,0.2740743223286541,3.313259067866237,0.2096989365977255,3.2442154929291576,0.0600414298258376,4,ok,0.2109870686305358,0.2163202373639625,0.2210417255101835,0.179586639846949,-0.0073880725129343,18.83917895230212,1.4579200513545731,ok,1.184324292527412,floor,1.387196668903412,floor,2.958883020701086,ok
63,22,0.7577981760913929,0,-19.114981386891976,0.012260321572277818,0.4660781943130289,0.060906315634331,230,35.20487918024478,-14.984035161649425,0.03173923711518107,0.45093162232239,0.0160377705867031,230,28.72940692072329,-19.42619777313134,0.011412485077759897,0.4569396459389765,0.0248952007741689,230,28.65327378148618,-19.326220547969296,0.011678254762481232,0.454964031577438,0.0326149109255817,230,31.488360023498537,-4.442162611481914,0.09997722516204277,-0.21123916107731944,-17.0495082742707,-2.376689498860639,-2.276712273698596,0.5155109180485192,4.442162611481914,2.186967548078064,3.3255729418915205,0.0043270265165196,3.094743057607489,-0.0260229380914283,3.1392884365115616,-0.0055150400556565,3.140832032526397,-0.0828567539450109,4,ok,0.2159649643237176,0.1889474388697873,0.1893525062371855,0.1882870276822992,0.0131036953595669,19.5656215695046,1.457967170169997,ok,4.023699287769029,ok,1.3872356230133691,floor,2.269109721829329,ok
64,22,0.9613098902533448,0,-18.270123283084388,0.014893187998490043,0.4383129183036636,0.0390204833532334,305,35.21011121155786,-17.534210477831046,0.017643264796402675,0.4853121950900386,0.043216165984308,305,28.73534774780273,-18.592283167428988,0.013828392033756465,0.6202669887689866,0.1740664537164382,305,28.659278325565527,-18.44405294029216,0.0143085197062511,0.5343747535858938,0.0998286542235671,305,31.49410345358927,-1.0580726895979424,0.14823022713682832,-0.17392965720777198,-17.902166880457717,-0.6901162869712714,-0.541886059834443,0.09742739537963217,1.0580726895979424,1.9368006866114855,3.311766085979005,-0.0308781711631409,3.188599784166948,0.0400113057959958,3.202640645599065,0.0356832481147373,3.3384398696985764,0.0935256940106064,4,ok,0.2028377831592911,0.1809000001456893,0.1945294537505165,0.2048711427288954,-0.0026605620980262,20.410199838417512,1.458061117633218,ok,1.1844245813357546,floor,1.3873150749203882,floor,2.3097882027399192,ok
65,22,1.1754314082487507,0,-19.09410970385801,0.012319385051054949,0.4222467092996417,0.0269701470957712,246,35.216809016902275,-15.038349183439257,0.03134476958229638,0.456699860446626,0.0204583019327873,246,28.74279678158644,-19.341091478021372,0.011638334955712797,0.4576219408487494,0.0254242697661275,246,28.666812989769912,-19.511362717713194,0.01119086684317494,0.4260107674748636,0.0107928923894966,246,31.501341230501005,-4.302742294582115,-0.17027123969182156,-0.4172530138551842,-17.066229443648634,-2.274862034372738,-2.4451332740645597,0.5118655900440058,4.473013534273937,2.1722199861476725,3.3073688381726325,-0.0189760162080463,3.1138302302027427,-0.013565491466299,3.0883312178835367,-0.0617512421078267,3.1220023748868604,-0.1067441383077087,4,ok,0.2147149695007781,0.1807394406750677,0.1702588708329249,0.1902606862074718,0.027468334254998,19.58585510673364,1.458181420261656,ok,3.947820997719284,ok,1.38741480775539,floor,2.031439660954504,ambiguous
66,22,0.4845022201146881,0,-19.883556358419,0.0102717481888511,0.4227436268351071,0.0273361131895153,136,35.21270017062916,-14.886798535512042,0.032457879712851086,0.5123353313803958,0.0659794346316238,136,28.73820303468144,-20.09477971080349,0.009784125819993791,0.4118965969616338,0.0,136,28.662169386358823,-19.94937067915044,0.01011726049299584,0.3945800297228002,0.0,136,31.49686614204856,-5.207981175291447,0.14540903165304897,-0.065814320731441,-17.38517744696552,-2.7096022638379686,-2.5641932321849197,0.6195753351641,5.207981175291447,2.05756032567041,3.2389499218631475,-0.0424592891368504,2.9828300159242707,-0.0861396289524427,2.995559700250268,-0.1080004310182443,3.1335875618329365,-0.0505865012703834,4,ok,0.2186432988108957,0.1864699619438718,0.1847509997349013,0.1825629748294458,0.0178056306424824,18.79662827269244,1.45810761450514,ambiguous,4.927766467662631,ok,1.3873533380112388,floor,2.424160443393588,ok
67,22,0.9000453815698743,0,-15.144305658752774,0.03058929262851168,0.4645619977494075,0.059676494085423,287,35.21106418250745,-14.137128717168693,0.03857332960534604,0.5421757196677764,0.0925485654724811,287,28.73620608791657,-14.417093996034742,0.036165177452128244,0.5098728601846562,0.0682860097493833,287,28.66013530239411,-16.6870118037414,0.021443655406819237,0.5458359005328848,0.110420470535189,287,31.494962911572607,-0.27996527886604916,-2.2699178077066566,-1.5427061449886246,-14.640717187960734,0.22362319192599145,-2.046294615780665,0.20786987871317472,2.549883086572706,4.270500227897779,3.351966338277504,0.0139340655156336,3.265728050337145,0.1231361513694127,3.203423209534737,0.0412406463970804,3.353825207769235,0.1134857400000988,4,ok,0.2056101480635201,0.1858973142136057,0.2027141499213017,0.2021988133935562,-0.0069604187827388,23.535966487312407,1.4580782319938077,ok,1.1844343101732984,floor,1.387326416391021,floor,1.0391065155278023,floor
68,22,0.5116644737487964,0,-19.15713774781247,0.012141888075793498,0.4568137628665282,0.0534542886470084,150,35.2163112894694,-15.976570731806854,0.025254741456790988,0.5238107277718659,0.0760188961154504,150,28.74217758178711,-19.604737545472666,0.010952827439187443,0.5260357472538434,0.0824820624024598,150,28.66619473775228,-19.453831950231322,0.011340097928820153,0.5049451987282957,0.0736608753573517,150,31.50071896870931,-3.6281668136658123,0.15090559524134406,-0.2966942024188519,-17.56685423980966,-2.037883305663005,-1.886977710421661,0.400792405304238,3.6281668136658123,1.9256777820894233,3.315233045900672,0.0263951422283552,3.207162016035136,0.1285334604166195,3.2411237752438087,0.1298726428794667,3.319397651744659,0.1278549385348961,4,ok,0.2109847062329451,0.191271677489082,0.1919721057265997,0.1969758039961258,0.0091560861344138,19.52285369264419,1.4581724789624846,ok,3.055435840974693,ok,1.3874066227982151,floor,2.17395735864781,ok
69,22,1.0442634460811326,0,-16.640377213425428,0.02167515833585536,0.5024073282786597,0.0915720213643376,309,35.22246602129396,-15.785167746510972,0.02639266378570613,0.5264236782908985,0.0783359661974716,309,28.74901353039788,-14.760608086527814,0.03341482502823962,0.6367924010127389,0.1916795342128083,309,28.673106017621976,-19.41222408911863,0.011449264567625182,0.4696568977319729,0.0442375337749769,309,31.507379420752663,1.024559659983158,-4.651616002590817,-2.7718468756932033,-16.2127724799682,1.4521643934403876,-3.1994516091504295,0.3436220204849173,4.651616002590817,3.3329732184565746,3.47356502628446,0.129932896618095,3.208906346528366,0.059033419741441,3.408372353376287,0.2403922014179964,3.159510315825074,-0.0863837478865128,4,ok,0.2218347568920901,0.2002487234940035,0.2028078224666681,0.1890583037245042,0.0082339177263786,22.039284896474346,1.4582830595312364,ok,1.1845795264217145,floor,1.5685080814354992,ambiguous,1.039244523772423,floor
70,22,1.121296032217443,0,-17.6172147672157,0.017309260869908923,0.5714526906344611,0.15619500006563,361,35.22673411910884,-16.048007601597913,0.024842725453897638,0.558857086004196,0.1080564879453473,361,28.753832898972107,-15.870335160683382,0.025880131811537876,0.8102801215846861,0.4045357119905335,361,28.677969206072948,-18.68683968627743,0.013530568097663244,0.5090163288980093,0.0771924660933243,361,31.51209915774021,0.17767244091453094,-2.8165045255940484,-1.0696249190617308,-16.832611184406808,0.962276023723426,-1.8542285018706224,0.2530671924083031,2.8165045255940484,2.8765489118129706,3.51367074869792,0.1582461165814099,3.221426423691293,0.05622068753767,3.511996154105163,0.3318071043949704,3.2921122216487384,0.0345209686378433,4,ok,0.2133637848116684,0.1917442858033398,0.198530776070178,0.1862089789351267,0.0040232592373261,21.06221891901791,1.4583597631343823,ok,1.184634195028934,floor,1.387562547795247,floor,1.0392970055918778,floor
71,22,0.5035004939765695,0,-19.627352787023135,0.010895940457243885,0.3715117355411527,0.0,147,35.233160732554744,-16.211508840267165,0.023924844071451914,0.471638000241656,0.032167423751356,147,28.760995877843325,-19.645726111998286,0.010849941305375487,0.4397770066385066,0.0118465222572159,147,28.68520858660847,-19.448879527230666,0.011353036844131185,0.4592792972981581,0.0359901399471236,147,31.51912532209539,-3.4342172717311215,0.19684658476761996,0.17847325979246875,-17.91943081364515,-1.7262952983531363,-1.5294487135855164,0.3918231365881478,3.4342172717311215,1.8661184344728903,3.2583915227971936,-0.0289146491103511,3.091928869808986,0.0152918975078746,3.001420656450401,-0.1082446584355469,3.1075622461334333,-0.0824611155659909,4,ok,0.2078298475263881,0.170540013382224,0.1740744649781053,0.1862541840848874,0.0151104654762007,19.05173688614769,1.4584752887290002,ambiguous,3.299797515302336,ok,1.3876584627705806,floor,2.670209163395466,ok
72,22,0.3691253187355509,0,-19.753276636868936,0.010584548476935171,0.3853364655931325,0.0009901582192282,90,35.24727516174316,-17.96101883243022,0.01599182824572486,0.3743442781156917,0.0,90,28.77684800889757,-19.222915182980024,0.011959374939346065,0.4168373025292465,0.0,90,28.70121250152588,-19.964691583928644,0.010081632019602662,0.4123001303442964,0.0009596520989068,90,31.53463511996799,-1.2618963505498044,-0.7417764009486199,-0.21141494705970842,-18.85714773464958,-0.3657674483304447,-1.1075438492790646,0.19085646548358942,2.0036727514984243,1.6166103466477377,3.190245480413177,-0.0598625727552279,2.9707472168985,-0.057524137855506,2.923487853152108,-0.1476658709863056,3.087429171533582,-0.0656967260093255,4,ok,0.2056696794099277,0.167377089543475,0.1837539727903074,0.1664444120393859,0.0027694116863939,18.925057211254007,1.4587291401099802,ambiguous,1.184895452637464,floor,1.387870625281167,floor,2.2700380314972453,ok
73,22,0.3509148390410827,0,-18.001479413539286,0.015843533944139357,0.4197884879547272,0.0251660661625632,85,35.240602695240696,-17.541091933439453,0.017615330938075238,0.6606097598178362,0.2128266389541333,85,28.76937026977539,-18.925807455071396,0.012806169757374437,0.7202775374133098,0.2877386561624397,85,28.693647070492016,-20.432422513591366,0.009052275201781151,0.4489046065190862,0.0279292523567964,85,31.527335380105413,-1.384715521631943,-1.5066150585199694,-2.4309431000520796,-17.77128567348937,-1.1545217815820266,-2.661136840101996,0.23502986658442376,2.8913305801519122,1.7250379899816533,3.3119888574632608,0.0662144491240668,3.141759399814629,0.1191227227136639,3.181434577577768,0.1147675200172559,3.1169985205324644,-0.0318287589573578,4,ok,0.2070315279943101,0.1969240805682014,0.1791706394623307,0.1660161843194681,0.022807164818925,20.677211793158957,1.458609112164189,ok,1.1848105349619669,floor,1.3877703094399654,floor,1.0394665113642891,floor
74,22,0.9351467283416492,0,-15.791936267321807,0.026351562604757513,0.5708297000018766,0.1555747600468455,295,35.27397847579697,-15.251801628743188,0.02984144418596755,0.5675336635768756,0.1163084889332077,295,28.806787219290005,-14.807848926049573,0.03305332146190997,0.588067459732062,0.1410778527350722,295,28.73162117650953,-14.524854790568233,0.03527885821574472,0.5893132262603978,0.1526435248153888,295,31.563984537932832,0.44395270269361475,0.28299413548134034,1.2670814767535745,-15.521868948032498,0.7140200219829254,0.9970141574642657,0.10822548194870452,1.2670814767535745,4.176273372609924,3.518247313816403,0.1781305621736497,3.359000160412202,0.2136979870608431,3.3839740162938314,0.2196333709653686,3.4752125139309222,0.2328054151256098,4,ok,0.202179373990176,0.2058633358801825,0.1889268658297546,0.2009833203407667,0.0150944891054246,22.88496654219372,1.4592098896792771,ok,1.1852357684290014,floor,1.3882742277396427,floor,3.68766208832577,ok
75,22,1.1755913536809968,0,-19.348678488970407,0.011618020838388966,0.4636945897794822,0.0589747217660849,389,35.27579557129534,-17.062864656517498,0.019665886772091152,0.573655161776868,0.1222069263877914,389,28.80874757840272,-19.73015876888267,0.010641041161159987,0.5923918754118899,0.1454060364399632,389,28.733629712102346,-19.56094678279386,0.011063825609816216,0.5368788211575216,0.1021235989571154,389,31.56594764297603,-2.667294112365173,0.16921198608881127,-0.21226829382345258,-18.205771572743952,-1.5243871961387185,-1.3551752100499073,0.2809647040919396,2.667294112365173,1.7030853847284386,3.360080867281897,-0.0010074851922872,3.2430982221294697,0.0705284218242696,3.196435164858114,0.0103824078445264,3.253006407327871,-0.0102027889009406,4,ok,0.2039031358411808,0.202102612052831,0.1826263776427293,0.2014042736919343,0.0203764963042766,19.32812689043063,1.4592426265496503,ok,1.9660967522881605,ambiguous,1.3883009082815525,floor,2.269853223124072,ok
76,22,1.311939657480852,0,-18.922672053133915,0.012815418547938452,0.5487538900168625,0.1340331600474731,434,35.26870981559226,-16.468660155031607,0.022549347763702553,0.5036718343452791,0.0585473312139512,434,28.800937542717577,-19.329733411145675,0.011668812431117748,0.6300215331693445,0.1844070231570265,434,28.72565783223798,-18.861946952588468,0.012995868395214416,0.5098068343037483,0.0778814951830706,434,31.55821156831381,-2.861073256114068,0.4677864585572067,0.06072510054544722,-17.69566610408276,-1.6340673070629137,-1.166280848505707,0.2921239828151006,2.861073256114068,1.9279198912706002,3.443267052276936,0.0738792522701614,3.1562772693694967,-0.0270836117435391,3.2494003581462607,0.0547550986718046,3.3027016125522897,0.0312600492513652,4,ok,0.2081315993387166,0.1931273371221557,0.1958391402981111,0.1838342707844511,0.0047903279323251,19.75451321751021,1.4591149858691297,ok,2.214533141770474,ambiguous,1.388195029275686,floor,2.5545799236491447,ok
77,22,0.9373809699681762,0,-19.13884561644929,0.012193136575154763,0.5199585101292622,0.1072113275104764,310,35.267960603775514,-18.02069617294241,0.015773583992848606,0.5479654459550503,0.0978777715502177,310,28.80005571919103,-19.786610066804343,0.010503619803158662,0.6472138171646938,0.2030249675118149,310,28.7247461688134,-18.010859714199896,0.015809350519069055,0.5026042450707847,0.0716430058058401,310,31.55735962160172,-1.7659138938619314,1.7757503526044474,1.1279859022493959,-18.57977089469585,-1.2068391721084915,0.5689111804959559,0.16952818579038678,1.7757503526044474,1.7069344996470568,3.3318080996373447,-0.0120690000114809,3.158364124062352,0.0081726831977313,3.20786167054972,0.039627898676505,3.324927358039276,0.0787903043203002,4,ok,0.2099311486367256,0.1921154060190723,0.1831341503848952,0.1896438113023196,0.0178891269430037,19.538379816140058,1.459101492401457,ok,1.1851592069544088,floor,1.388182923703959,floor,3.558999466151949,ok
78,22,0.4008839929677567,0,-19.681386802178412,0.010761215284021727,0.4768189491862541,0.069733128329956,108,35.26360423476608,-15.205714054320552,0.030159809536025033,0.5133004693722251,0.0668152384014002,108,28.795236711148863,-20.421382953983944,0.009075314926246827,0.5506934213586544,0.1049925969367602,108,28.719781434094465,-19.129466886823664,0.012219496499770327,0.4454126232832921,0.0252574910794503,108,31.55255541978059,-5.215668899663392,1.2919160671602796,0.5519199153547483,-17.44355042824948,-2.9778325257344633,-1.6859164585741837,0.5468558498484138,5.215668899663392,2.0034144890544305,3.2411771287362403,-0.0227542064089218,3.146049603519375,0.099804985815644,3.040954370507993,-0.044510738085369,3.1119796038645795,-0.0548578486857098,4,ok,0.1894701219129341,0.1875230392648114,0.1697236464048425,0.1743524771666637,0.0187729341840302,18.99607213409412,1.4590230431343492,ok,4.37879576095054,ok,1.388117009080859,floor,3.0266753739419388,ok
79,22,0.5705266848847619,0,-19.48266539587687,0.011265058734333628,0.4411143294711818,0.0411677281489906,169,35.27195997068868,-15.95936844933629,0.025354973154926977,0.6807933881075597,0.2356868535417999,169,28.804449848874786,-20.51677085929453,0.008878158907604825,0.5251946499747657,0.0817323902827511,169,28.729258746085083,-19.793737410223077,0.010486396119172375,0.4745734022672471,0.0482091591794668,169,31.56174035608416,-4.557402409958241,0.7230334490714547,-0.31107201434620535,-17.72101692260658,-2.7957539366879516,-2.072720487616497,0.47257746410182255,4.557402409958241,1.7774945558344002,3.325684894394618,0.0278046595542709,3.2158430527386908,0.1254575065563732,3.075213857361631,-0.0453988924487145,3.2566733028927217,0.0561613433481245,4,ok,0.197607427438688,0.2118600344164131,0.1880399875739622,0.189166653658864,0.0166937433535883,19.19434563537058,1.459173527647074,ambiguous,3.41074669842877,ok,1.3882428497033987,floor,2.158989033230989,ok
80,22,1.3581766549317962,0,-19.938353936457606,0.010142957514060606,0.4253916548408105,0.0292935713567066,446,35.275004014840576,-16.37949329655568,0.02301710348687609,0.5361218967182756,0.0870368079594614,446,28.80779563151133,-21.017965817684583,0.007910490589589854,0.4787448387012631,0.0421940247571963,446,28.732664736931635,-20.109987043892136,0.009749925463635435,0.4304946446022903,0.0140785152969189,446,31.56504953067933,-4.638472521128904,0.907978773792447,-0.17163310743453053,-18.15892361650664,-2.8590422011779424,-1.9510634273854954,0.4732715852852103,4.638472521128904,1.6113255122438934,3.227406197957204,-0.1440494977843656,3.1638050807748064,-0.0222445130373247,2.9994178177320907,-0.1973683552333263,3.113349797120297,-0.1601429481043443,4,ok,0.2120069795760071,0.1880066448847675,0.1798646438432515,0.1954022719620856,0.0201421683871358,18.738493885897046,1.459228365473689,ok,3.4470119031456865,ok,1.3882880896163854,floor,2.313964755403396,ok
81,22,1.496181459322255,0,-20.097333007893635,0.009778375243175163,0.4596947560603023,0.0557556431559835,492,35.27876353070019,-17.842940733387962,0.01643258648511605,0.5407529298016218,0.0912476102502204,492,28.81190780701676,-17.702752862766367,0.016971675277248466,0.456511811727135,0.0245638498360278,492,28.73686985077897,-19.42417548552772,0.011417800526683917,0.4582411255552469,0.0351752126842077,492,31.569132925049075,0.14018787062159532,-1.7214226227613523,0.6731575223659156,-18.9701368706408,1.2673840078744334,-0.4540386148869189,0.22801391893366096,2.394580145127268,1.957374854698071,3.228298790948656,-0.1505991959126928,3.132250826016968,-0.0634753594663086,3.121635144668596,-0.0828561080036438,3.168544121441074,-0.1123307624277316,4,ok,0.2126552296832688,0.1897485359019138,0.1814701934988663,0.1850771289470234,0.0197316892937249,18.579313219587647,1.459296103748635,ok,1.9139994310578965,ambiguous,2.615817482257208,ambiguous,3.139800682705904,ok
82,22,1.064641333179936,0,-20.03842940281937,0.009911903374932312,0.4652576037648633,0.0602402184582382,347,35.267988947008114,-18.105829218199517,0.015467391498140316,0.4583152323177962,0.0217063247225226,347,28.80005784818006,-19.786403438547666,0.010504119555370632,0.4569223291502808,0.0248817831635008,347,28.72471094268887,-20.03259659950585,0.009925224525992277,0.4704010302191146,0.0448359988138329,347,31.55735868954177,-1.6805742203481486,-0.24619316095818533,0.005832803313520429,-19.072129310509446,-0.7142741280382197,-0.960467288996405,0.20349810605473145,1.9326001846198544,1.505048048614166,3.2524026415470235,-0.1000231420102628,3.1108887572301014,-0.050417825756281,3.115091981494136,-0.0619923297953715,3.14031190893977,-0.1143047337689013,4,ok,0.193811463422923,0.1810679278559231,0.1842742813616905,0.1777799907073335,0.0031654142777325,18.6387945104344,1.459102002860155,ok,1.1851592311645551,floor,1.388182455963262,floor,2.499158007016223,ok
83,22,0.490880855487086,0,-18.473294536783257,0.014212502245815868,0.3950660111241746,0.0076079939001634,134,35.26429674518642,-17.687120334699024,0.01703287528545593,0.5067991303376292,0.061215507802971,134,28.795971358000344,-19.730032604550747,0.01064135029226931,0.651064408130503,0.2072635670066624,134,28.72050619837064,-18.821578492821516,0.013117230516646025,0.4211374294312107,0.007260899409758,134,31.55328465931451,-2.0429122698517226,0.9084541117292311,-0.3482839560382587,-18.08020743574114,-1.6498251688096062,-0.7413710570803751,0.1668462722466706,2.0429122698517226,1.6907306943970335,3.308861745410041,0.0285757867117406,3.080057749802924,0.0125485763982702,3.2079321525272126,0.1055349357935071,3.184473196399841,0.0014133068876978,4,ok,0.1946321421705965,0.1818519626090775,0.1919911591641938,0.1931304375349141,-0.0037491067743568,20.204127283081977,1.459035512698432,ok,1.185112765807113,floor,1.3881266304209725,floor,2.115561761999076,ok
84,22,0.16524761421084,0,-19.400379318405232,0.011480533446570629,0.5833046409897934,0.1681234864099734,37,35.18225974005622,-16.886525653045297,0.02048082443273618,0.501640635102431,0.0568231800585294,37,28.7033284161542,-17.778096682951073,0.016679780520241605,0.4554949727036073,0.0237775693539303,37,28.626777752025703,-18.195128962741663,0.015152598077411972,0.502223406630974,0.0713156151662519,37,31.463073782018714,-0.8915710299057764,-0.41703227979058966,1.2052503556635692,-18.143452485725263,0.36535580277418944,-0.05167647701640021,0.2023852821864766,2.5138536653599353,2.2032171228284794,3.3081040433781856,0.1253901131504711,2.8796843713996,-0.0609600149603748,3.20704795559287,0.205668052536164,2.9886125572940583,-0.0976639317343406,4,ok,0.2373055825765068,0.1906475877842387,0.1727350946213748,0.1927374246958139,0.041241490558998,19.28143281338553,1.4575612897796275,ok,2.2914671426114848,ambiguous,1.3868853190425805,floor,3.627997831279171,ok
85,22,1.280637977935705,0,-14.800252683214108,0.0331111856019754,0.4722524768015695,0.0659558018815471,410,35.17408658469596,-12.92942351621152,0.05093984842760832,0.4659327342044576,0.02765092717555,410,28.69412671531119,-12.870769085763467,0.05163249259474928,0.4887243395355004,0.0503800518600849,410,28.61746298161949,-13.024151237964306,0.04984078526326083,0.4639631499626798,0.0396897239439042,410,31.454079553557605,0.05865443044805296,-0.15338215220083917,1.776101445249802,-13.864838099712813,0.9940690139493462,0.840686861748507,0.16575654522789704,1.9294835974506412,6.46255560555861,3.256132912032645,-0.1089417928519456,3.0925889708961685,-0.0851639516373836,3.05149870659974,-0.1386811616175518,3.123891044812189,-0.1432722840492348,4,ok,0.2058286221743357,0.1812791988162732,0.1922469054507773,0.2053494569822782,0.0013070050445271,23.881996114591335,1.457414743128148,ok,1.1839578631999068,floor,1.7510853812362754,ambiguous,4.162118738095805,ok
86,22,2.734616647205324,0,-15.490872804798622,0.02824312313763337,0.4825830659676538,0.0745530300532522,944,35.18244786585792,-13.825164473289528,0.04144608875372432,0.5533204405267093,0.1028572155283895,944,28.703477194753745,-13.3369692747826,0.04637704491690812,0.5277589230341995,0.0840216797680331,944,28.62690838110649,-13.565324049993167,0.044001511476520185,0.5090606133065447,0.0772310374889593,944,31.463215076317223,0.4881951985069275,-0.22835477521056724,1.9255487548054546,-14.658018639044075,1.3210493642614747,1.0926945890509074,0.1753684543433929,2.153903530016022,5.623384311874382,3.405364696275715,-0.0229399905085121,3.259074863781437,-0.0008907411599055,3.209539844941109,-0.0461026667762314,3.2246193785488804,-0.1052628745441661,4,ok,0.2104409448289454,0.1887644293354982,0.2057219371160145,0.2015695298816693,-0.0061192500337926,23.19092927446411,1.457564663616861,ok,1.184063646418,floor,2.2413165312773904,ambiguous,4.305676791101552,ok
87,22,0.777248708882525,0,-18.025156048174903,0.015757394031722056,0.4855570814155361,0.0770625244820768,235,35.171901767811875,-16.24943917821496,0.023716799503786676,0.5208530305856278,0.0734100288790478,235,28.69161059602778,-18.864242473791897,0.012989001071321792,0.5637017537244361,0.1172836210047216,235,28.614891872000182,-19.174950420588992,0.012092189874066465,0.4693636729008033,0.0440019693225615,235,31.451610410974386,-2.6148032955769374,-0.3107079467970948,-1.1497943724140889,-17.13729761319493,-1.7269448605969657,-2.0376528073940605,0.2837234528785556,2.925511242374032,2.036780402445492,3.365167751109815,0.0422912751787993,3.072608282828287,-0.0502777950391037,3.2183237282487367,0.0718321157501646,3.222629564681444,-0.0026766033057463,4,ok,0.21739937371396,0.1878550916593125,0.2061072135859347,0.1920661358757222,-0.0034799808992984,20.65720945512799,1.4573755788466842,ok,1.1839294066187416,floor,1.386728329653965,floor,1.038625326470067,floor
88,22,0.260868006603177,0,-17.168842363658058,0.01919180240771561,0.4184533935441759,0.0241906585979159,68,35.18890941844267,-15.923960463416806,0.02556253698206511,0.4335617587858696,0.0030655974646012,68,28.71077585220337,-20.015917306447058,0.009963416130090734,0.4747727029056695,0.0389827312909558,68,28.634339304531323,-19.356896296260437,0.011596057772374132,0.3944605867555099,0.0,68,31.4703423836652,-4.0919568430302515,0.6590210101866205,-2.1880539326023793,-16.54640141353743,-3.4695158929096266,-2.810494882723006,0.3768461442722301,4.0919568430302515,1.9324141102478845,3.1977975838154507,-0.0310584947038781,3.0383806211548805,0.0377414400924021,3.027341700647312,-0.0218096379403234,3.1291223221547275,-0.0029233702743556,4,ok,0.1980884643819402,0.1959170476697823,0.1823691379498033,0.1709786765277385,0.0146336180760579,21.51261439910716,1.4576805637468382,ok,1.184146252155673,floor,1.386985242032386,floor,1.0388331134669562,floor
89,22,0.7261771928709487,0,-18.157329204181345,0.015285057597442904,0.4618531905537912,0.0574892938360003,226,35.19353812563736,-15.904938529189788,0.025674745483384654,0.4664954784396421,0.0280939725456552,226,28.715971355944607,-19.759496169605725,0.010569401190305475,0.5558091053375864,0.1097919570672734,226,28.63960743794399,-19.52174376137647,0.011164148994494168,0.4881817871666302,0.0594178878362179,226,31.475403237131843,-3.854557640415937,0.23775240822925525,-1.3644145571951256,-17.031133866685565,-2.7283623029201607,-2.4906098946909054,0.3862059804726868,3.854557640415937,1.933081332432692,3.299094234289288,-0.0208215040970083,3.1475380459935,0.0285015687134251,3.1234625472459854,-0.0199637835529209,3.169716608640305,-0.0526527520260851,4,ok,0.2007653880864381,0.1948934322536255,0.2057618417702945,0.194879196650159,-0.0079324316002626,20.523880141662467,1.4577636110663656,ok,1.9070303195108045,ambiguous,1.3870548811667602,floor,1.0388892850047673,floor
90,22,0.3848799608978606,0,-19.4063335280748,0.011464804334599269,0.4268350713617678,0.030365711623562,101,35.19047134701568,-17.5697496935135,0.017499475442922012,0.429829804898594,0.0003449904602514,101,28.712467665719515,-18.925728187259928,0.012806403498846257,0.5045960583286868,0.063747254610984,101,28.63602857306452,-18.06914510955159,0.015598595244043906,0.5469471114092981,0.1114593479905778,101,31.471991699520903,-1.3559784937464272,0.8565830777083363,1.3371884185232084,-18.48804161079415,-0.43768657646577935,0.41889650124255695,0.16420268870475593,1.8365838345612993,1.8889823912101047,3.3174774750356986,0.0586267675463818,3.145556058850972,0.1059173583933548,3.022334930939027,-0.0578701521569531,3.16937877425225,0.0075808850771617,4,ok,0.2129617584961475,0.2119754189164331,0.189294799977895,0.1860157366436307,0.0231737887283953,19.275039750126915,1.457708585429348,ok,1.1841654043816183,floor,1.3870075703313285,floor,3.750353359715882,ok
91,22,0.2342812214481492,0,-19.068009863298577,0.012393643900865744,0.3786625646821447,0.0,50,35.1920132446289,-14.829076139136331,0.03289215938806435,0.5869064857450527,0.1351921438902041,50,28.71420299530029,-18.4571492978244,0.014265436673783558,0.5341850002681009,0.0898076307014354,50,28.637791481018063,-16.923119184920054,0.020308978578389193,0.4465107737632121,0.0260954511322621,50,31.473680877685545,-3.6280731586880695,1.5340301129043468,2.1448906783785233,-16.948543001217455,-1.5086062966069456,0.025423816297401203,0.40151340459944196,4.238933724162246,2.6520028686749697,3.279849376982324,0.0743062175872992,3.135310097021466,0.1649827642053964,3.074608085669394,0.0495928494137531,3.145255489757227,0.0363342892898215,4,ok,0.2140494829416275,0.1878606186807155,0.1795723722875118,0.1952633149921894,0.0213826785236597,19.61328099624797,1.4577362498667847,ok,4.133205219708648,ok,1.3870308740287105,floor,4.519833329777062,ok
92,22,0.2264409709599675,0,-19.173136008395314,0.01209724285112295,0.4060704249262595,0.0152918315961743,54,35.193827593768084,-15.320250494199785,0.02937480217854456,0.4807661390548097,0.0395079171470544,54,28.71623773928042,-18.488950300035846,0.014161360219980226,0.5331042978371378,0.0888296832834532,54,28.63985672703496,-17.03763056398655,0.019780485350387,0.4282140486152549,0.012403078233381,54,31.475662690621835,-3.168699805836061,1.451319736049296,2.135505444408764,-17.24669325129755,-1.2422570487382956,0.20906268731100042,0.35503587103215545,3.8528855141955294,2.5068362069625496,3.1766361948451625,-0.0347420078193305,3.0884518848580145,0.1105377309685189,2.9342433706455733,-0.0968129452669122,3.1562685191274893,0.0415594372514362,4,ok,0.1813999511715438,0.1979407582570005,0.1841647356610607,0.1826842396899506,0.0055056190532114,19.508057863183787,1.4577688052749085,ok,3.741943398625515,ok,1.3870581769679204,floor,4.51064498650271,ok
93,22,0.1393293747212762,0,-18.907310645884778,0.01286082815910226,0.4498143045279854,0.0479233558901821,28,35.14904063088553,-16.584101457037725,0.021957852038755356,0.3549896877271713,0.0,28,28.665882996150422,-19.58888603696157,0.01099287770002347,0.4755978896336736,0.0396476559588276,28,28.588839530944824,-16.998482462479537,0.019959596331768668,0.6700417646713062,0.2396214734225246,28,31.426459312438965,-3.004784579923843,2.590403574482032,1.908828183405241,-17.74570605146125,-1.843179985500317,0.7472235889817149,0.2808725804739071,3.004784579923843,2.077516074925646,3.2844853511855416,0.122902953733103,2.922455294679334,0.009286481467571,2.9537132289209547,-0.0257889832821747,3.017404542985858,-0.0479112093285203,4,ok,0.1954759774463517,0.1952237454908234,0.1744732191520077,0.183364734585796,0.0208766423165798,19.776275454982247,1.456966031128781,ok,2.0204516413138185,ambiguous,1.3863845617885415,floor,4.288551087230527,ok
94,22,0.2785054924750704,0,-18.099265120755454,0.01549078719753683,0.5483042695334985,0.1336032470989085,68,35.15332777359907,-15.566486859969517,0.02775564435186848,0.4831977662766931,0.0414870707955212,68,28.67065168829525,-19.024150706872547,0.012519440754838984,0.4808068219469921,0.04387159500376,68,28.59365213618559,-17.57405363509656,0.017482141717685834,0.4594558712221434,0.0361289275941159,68,31.43112642624799,-3.4576638469030296,1.4500970717759856,0.5252114856588932,-16.832875990362485,-2.191274716510062,-0.7411776447340763,0.3129720058919756,3.4576638469030296,2.308851662234688,3.338694955045852,0.1098388765265232,3.0667319761443026,0.0660927950818242,3.188659714914736,0.1395083763271003,3.160500688182486,0.0284549957534028,4,ok,0.2263595711658982,0.1956253710257656,0.2085393231690806,0.1795866686631651,0.0024531479267513,20.584092160588263,1.4570427982963483,ok,2.3151024378953844,ambiguous,1.3864480310302654,floor,2.998907801121813,ok
95,22,0.2840433751677662,0,-17.13693233546188,0.019333334562461866,0.4115147725935857,0.0191714021686275,69,35.15088189166525,-14.980705574603196,0.03176357983137461,0.5492834109113199,0.0990988139424253,69,28.66790835062663,-17.040032804112375,0.01976954707274348,0.5227084267476979,0.079523427207955,69,28.590868604355965,-18.616478436880875,0.01375156596101215,0.4692540544863383,0.0439139442946112,69,31.428434454876445,-2.0593272295091793,-1.5764456327685004,-1.4795461014189968,-16.058818955032535,-0.9812138490798397,-2.55765948184834,0.31051018561068683,3.6357728622776797,2.7806908878879124,3.272981915748334,0.0430189833579146,3.2028078515710323,0.2007295205508605,3.0554038353514783,0.0051065596910651,3.1736127306088453,0.0404691304785291,4,ok,0.1852869042127892,0.2179314518968264,0.180768415223861,0.2061228003838787,0.0208407628309467,21.546555495452683,1.456998999436982,ok,1.724123506132964,ambiguous,1.3864113195620815,floor,1.0383685125578237,floor
96,22,1.1554552082194167,0,-18.904838995414632,0.012868149578191622,0.4280225412525816,0.0312504628551004,381,35.14576181526885,-17.991611577314764,0.01587957380996983,0.463531295927267,0.0257662986586506,381,28.66216865799872,-18.86335658316414,0.0129916508880882,0.4291156308679557,0.0039922384629327,381,28.58502180244666,-19.106831764908492,0.012283349908383145,0.4190282500743888,0.0057448535033157,381,31.42278871010608,-0.8717450058493768,-0.24347518174435123,-0.20199276949385947,-18.448225286364696,-0.41513129679944427,-0.6586064785437955,0.10339619026224788,1.115220187593728,1.7535045174628148,3.259360378608733,-0.1001524752300699,2.992292933761517,-0.1782283768074357,3.0488502852487094,-0.1355713420001012,3.1286646817120163,-0.1329817498825058,4,ok,0.2046629265244082,0.1805461685116992,0.1938340155178011,0.1889508611710835,-0.0012294679997474,19.778922082552885,1.456907330402558,ok,1.1835966980263737,floor,1.386334224196032,floor,2.277689843252259,ok
97,22,0.5991694971966668,0,-18.572678338179394,0.013890956975755079,0.5639974148396103,0.1488170356749891,178,35.15154538529642,-16.36039073952665,0.023118567805185685,0.5841220975751881,0.1324390627087754,178,28.668605182947736,-19.660264093728422,0.010813681914845677,0.6159805528582373,0.1695735304962558,178,28.591535525375537,-19.414051788717813,0.011444447234109579,0.4435375190046968,0.0238314345817767,178,31.42909748634596,-3.2998733542017717,0.24621230501060865,-0.8413734505384198,-17.466534538853022,-2.1937295548754,-1.9475172498647915,0.3326502555711625,3.2998733542017717,1.8584087777056508,3.491326822373341,0.1895127756336472,3.175825288871727,0.0803249345142886,3.1858105136578767,0.0611250483694219,3.2272004748485785,0.0227864985226355,4,ok,0.2023914171738571,0.1815624354679263,0.1930416688699735,0.2083252355288923,-0.0010647425490818,20.11077407976384,1.4570108802172783,ok,1.8341085462436333,ambiguous,1.3864201149804931,floor,1.3158493839488938,ambiguous
98,22,0.2332142299587677,0,-17.38578278428605,0.01825667656071757,0.5102420716621731,0.0984869654343403,57,35.1561338859692,-17.628770212933944,0.017263266648701803,0.4878003733288354,0.0452605680517164,57,28.67372425815516,-17.905483901838743,0.016197635057234015,0.5123331330074538,0.0704183127273105,57,28.596690629657942,-18.11017010965994,0.015451939143486663,0.38444703147275,0.0,57,31.434095048067864,-0.27671368890479897,-0.20468620782119729,-0.7243873253738897,-17.507276498609997,-0.3982074032287457,-0.602893611049943,0.06327819141248826,0.7243873253738897,2.1172721046490492,3.437809780530646,0.2223323015191254,3.0495428237945843,0.066298722081366,3.114584239422587,0.0792839010060366,3.099544222651632,-0.0192310030835445,4,ok,0.2150724277292427,0.1920248196182543,0.1780439906083701,0.2098234196503957,0.0255046330653784,21.29742470551272,1.457093054382516,ok,1.1837272225152782,floor,1.386488111094085,floor,1.582895791862294,ambiguous
99,22,0.0758460241113632,0,-15.651919793629192,0.02721498007158056,0.4338171274152563,0.0356031122941511,12,35.15892346700033,-15.474935640711973,0.02834695641309027,0.498166971361919,0.0538907615362709,12,28.6768315633138,-16.979175276637754,0.020048527118899637,0.5985327723698082,0.1516067734921942,12,28.59981203079224,-17.124755147200126,0.01938761939184728,0.4349399016887226,0.0173697966819923,12,31.43711757659912,-1.5042396359257815,-0.1455798705623721,-1.4728353535709342,-15.563427717170583,-1.415747559467171,-1.561327430029543,0.17086648168930513,1.6498195064881536,2.899310521368485,3.3050238094685227,0.2076819628779445,2.685113521230299,-0.1445286508685384,3.126389608674057,0.2133962922980976,3.011199593226118,0.0096051661605436,4,ok,0.2462105800708135,0.2032291938861211,0.2628028293450673,0.2180423149839043,-0.0380829423666,23.031138771628296,1.4571430213007424,ok,1.1837623337253187,floor,1.386529291247352,floor,1.0384646958749812,floor
100,22,1.038304978411163,0,-18.154343033882476,0.015295571081413923,0.4180379981546647,0.0238878083498372,329,35.15784308250914,-16.230285494795112,0.023821628665276057,0.4372978800871971,0.0058128012316964,329,28.67565331270629,-18.507038559633447,0.014102501157284276,0.4777502364963558,0.0413874226035568,329,28.598651468572644,-20.532300701629765,0.008846468385910636,0.4151965902937202,0.0030101895811336,329,31.43598235341916,-2.276753064838335,-2.0252621419963184,-2.377957667747289,-17.192314264338794,-1.3147242952946527,-3.339986437290971,0.34632982675395924,4.302015206834653,2.0046065196810217,3.310145631594012,-0.0382415446949524,3.011667002697968,-0.1443885154178383,3.1125479626014245,-0.0603551374983886,3.0549262071828363,-0.1956844703863036,4,ok,0.2048204150220724,0.1796458187572499,0.1857263450836338,0.1900245663469323,0.0065067718060274,20.528773210596583,1.4571236686595537,ok,1.1837490193459463,floor,1.3865139793666352,floor,1.038452118590633,floor
101,22,0.863408252802758,0,-19.16779291246798,0.012112135167070584,0.4457152041510254,0.0447239212696586,270,35.165907315854675,-17.86115585793808,0.01636380947017802,0.5297676835736964,0.081318128721693,270,28.68461825052897,-18.467676558175732,0.014230899255855979,0.5652717128513812,0.1187864144854207,270,28.60766600149649,-18.156078719349175,0.015289459330713604,0.4856103044231635,0.0572755707051317,270,31.44471107059055,-0.6065207002376525,0.31159783882655745,1.0117141931188058,-18.51447438520303,0.046797827027297956,0.3583956658538554,0.1083472228072196,1.3066370545299009,1.9273562420681554,3.2615164980721225,-0.071886299373574,3.086293766449044,-0.0502788111074083,3.1032689881476507,-0.054120632099464,3.2480431749649186,0.0122957646796528,4,ok,0.2024720729501159,0.1761895493086841,0.1897585626967527,0.1859437595225042,-0.0004277515673526,19.51489274556327,1.4572681460367762,ok,1.1838503443840995,floor,1.3866329364732657,floor,3.449176034504692,ok
102,22,0.8774275405357334,0,-18.559943610282183,0.013931748921065266,0.415511511808209,0.0220523136200316,274,35.161399660319304,-16.420490416089834,0.02280084584661787,0.5250322378259833,0.0771006519790185,274,28.67963564656947,-18.72239542498022,0.013420245405311244,0.5340024987202984,0.0896423427243517,274,28.60267514555994,-17.79443370128611,0.016617153431747824,0.571672015892105,0.135121310765365,274,31.43986755566005,-2.3019050088903867,0.9279617236941107,0.7655099089960729,-17.490217013186008,-1.2321784117942123,-0.3042166881001016,0.22344435823498124,2.3019050088903867,2.1540743861557274,3.334490924419692,-2.686582079158839e-05,3.1973909985890927,0.059368688709922,3.1876901635837456,0.0291461799533534,3.2946578409572576,0.0578044498300869,4,ok,0.2113419234426352,0.2002930990998109,0.1848918810133298,0.188995089422721,0.0209256302578932,20.122982748043068,1.4571873805893256,ok,1.6885309360215297,ambiguous,1.386567069638928,floor,3.222225829540045,ok
103,22,0.8204243197416506,0,-19.057875171831324,0.012422599467452415,0.4302501787906079,0.0329168450714714,253,35.16470633947802,-19.311257921516336,0.011718558916871753,0.5748763009429281,0.1233911393203626,253,28.68333279756689,-14.00788897322128,0.039738466401513045,0.4435946510700067,0.0147058646222999,253,28.606410060475465,-13.42350635772496,0.04546208652808957,0.4415223809250146,0.0223055862142644,253,31.443474524577145,5.303368948295056,0.5843826154963203,5.634368814106363,-19.184566546673828,5.176677573452547,5.761060188948868,0.5633863600399454,5.887751563791376,4.15373082630096,3.2906294252580883,-0.0378427310171018,3.001211448361487,-0.1289502268913551,3.130952958993368,-0.0213319182904503,3.0582444414699057,-0.1726121796565527,4,ok,0.1937343870020902,0.1997690926721916,0.181474880429478,0.194979755642268,0.0152768594076628,19.62487462000124,1.457246625911779,ok,1.1838358128747366,floor,5.726433105645795,ok,9.049841195565076,ok
104,22,1.2056742022049345,0,-18.711471368111685,0.013454044604911723,0.4150011163923695,0.0216828618162554,401,35.158804543892344,-16.697450210968775,0.02139217678301733,0.4783715568910312,0.0375686731962408,401,28.67679323876588,-19.64561812975743,0.01085021107982335,0.4750359656753453,0.0391947395580531,401,28.599855451512514,-18.600388234665054,0.013802608715845856,0.4881006607773516,0.0593501281272894,401,31.437120765819216,-2.9481679187886556,1.0452298950923762,0.11108313344663046,-17.704460789540228,-1.9411573402172024,-0.8959274451248262,0.26433859923218406,2.9481679187886556,1.8688718930511539,3.338706984941888,-0.0246848807166264,3.119031528811216,-0.056533337950686,3.05919119731026,-0.129246410336731,3.288841543193453,0.0233474519744163,4,ok,0.2044418482226029,0.1894771100354016,0.1829101103090883,0.187621996085394,0.0140493688199139,19.9715935462878,1.4571408910120631,ok,1.2807273674189952,ambiguous,1.386529864136343,floor,2.60199642996035,ok
105,22,0.8695715446656979,0,-14.423629912530261,0.03611079158852558,0.4215014665277443,0.0264221031238804,274,35.16555763857208,-13.313338401975221,0.04663007992037145,0.5075475455163535,0.0618564970431261,274,28.68434440306504,-13.558581527111611,0.0440698779034002,0.4812687293052203,0.0442483779868585,274,28.60748167803688,-14.796494593812131,0.03313985017293524,0.4601606764147721,0.0366834380959906,274,31.4444870148262,-0.24524312513639046,-1.2379130667005196,-0.3728646812818699,-13.868484157252741,0.3099026301411296,-0.92801043655939,0.13851030082240065,1.48315619183691,5.3937063261635,3.2405389376664275,-0.0939788525740557,3.103441765497559,-0.0345805443816118,3.0890083684285603,-0.0695356152018318,3.267686860950577,0.0308334698234062,4,ok,0.2082373716725702,0.1975129610403393,0.2103926893731538,0.2009055483406477,-0.007517523016699,24.259074419046662,1.4572618800876014,ok,1.1838472485729314,floor,1.3866305035655204,floor,2.0837935557356544,ok
106,22,1.232768008182174,0,-15.365168710542807,0.029072550190040812,0.4206436165827939,0.0257924475809676,410,35.16915617221739,-13.21641087339643,0.04768248849502418,0.4630802167131718,0.0254133819266344,410,28.688324044390423,-12.71418129475067,0.05352810521527325,0.4920900685457464,0.0531789893827912,410,28.611460797379657,-13.175644432484564,0.048132182724981175,0.4171823334234201,0.0044242828237817,410,31.448350231821944,0.5022295786457605,-0.4614631377338938,2.1895242780582436,-14.290789791969619,1.576608497218949,1.115145359485055,0.20754505225117992,2.6509874157921374,6.382613013548884,3.262339222313748,-0.1027354825708437,3.1452955138382874,-0.0324574086952647,3.050084268143213,-0.1400956000740785,3.1161634331730808,-0.1509998956883436,4,ok,0.2007210935852149,0.1803319456828076,0.1913944535320851,0.2014182799018737,-0.0008679338980738,23.31734343975089,1.4573263682260644,ok,1.7091706940947526,ambiguous,2.9496256237425684,ok,4.563205202138077,ok
107,22,0.345415721487276,0,-18.55128316366371,0.013959558519071217,0.4791528865559943,0.0716777677316917,92,35.193746898485266,-16.215967541010084,0.023900294143989434,0.4869014506947515,0.0445207654800194,92,28.71651726183684,-18.57835149400063,0.013872823170799744,0.709664755134246,0.2748717247099062,92,28.64018494149913,-19.19506989836426,0.01203630017579513,0.4979255380682496,0.0676381233576555,92,31.475883089977764,-2.3623839529905446,-0.6167184043636311,-0.6437867347005479,-17.3836253523369,-1.194726141663729,-1.81144454602736,0.2922009844132355,2.9791023573541757,2.0810100275218373,3.402418928873859,0.1506444757993925,3.1403444208028075,0.1099063849566119,3.223399082334751,0.1505201174212858,3.215362825687515,0.0605839969510832,4,ok,0.2097459735915712,0.1826049569670273,0.233445001118209,0.1697608358024255,-0.0372695358389097,20.129915021706324,1.4577673572734091,ok,2.0408174304719733,ambiguous,1.387062516289567,floor,1.720479891157204,ambiguous
108,22,1.440513439912615,0,-14.920555446097087,0.03220656855199388,0.4183110139572558,0.0240868207417321,492,35.203133862193035,-13.467193587667406,0.045007059670814135,0.5311974303826856,0.082598930677274,492,28.72704999815158,-13.291052057385134,0.04686998281245718,0.4802275819759694,0.0433996138260304,492,28.650859545886032,-14.156366266310657,0.03840284269637242,0.4933936967512396,0.0637946654357923,492,31.48614178246599,0.17614153028227264,-0.8653142089255237,0.7641891797864293,-14.193874516882246,0.9028224594971128,0.03750825057158913,0.14248912998256805,1.629503388711953,5.632630538244737,3.3443128364109915,-0.0345851504503569,3.2084259794914143,0.0126997940081374,3.150422993059811,-0.0540682596124288,3.303127190687769,0.0222523068189635,4,ok,0.2096799546928425,0.1952428091014546,0.2032447706801983,0.1895494144107025,-0.0007833887830497,23.76014084647,1.457935836265481,ok,1.1843305526148518,floor,1.3872036847956537,floor,3.222073989804036,ok
109,22,0.3839817922403229,0,-18.710401115515445,0.013457360557830566,0.5109534794059781,0.0991201528693239,105,35.208651188441685,-14.859172428392275,0.03266500711786775,0.4625392351752754,0.0249905802906718,105,28.73328319731213,-19.684593770982286,0.010753271793069456,0.6555984316594851,0.212286698316356,105,28.65715644473121,-17.01402763234476,0.01988828051050816,0.4525121766584584,0.0307113625441679,105,31.49218145098005,-4.82542134259001,2.6705661386375255,1.6963734831706851,-16.78478677195386,-2.8998069990284243,-0.22924086039089886,0.44069237351703044,4.82542134259001,2.4347537685056095,3.338403095183395,0.0766076236337989,3.0659745817151567,0.0225070496624604,3.1395508287860614,0.0562970015013548,3.23282278733716,0.0681039352196841,4,ok,0.1969322567184766,0.1964810141850085,0.1732932586045492,0.207630205863998,0.0234133768471933,19.970000100695746,1.458034898708025,ok,3.740739666131837,ok,1.387286995490458,floor,4.087363543708064,ok
110,22,0.902733476203221,0,-15.30858338889394,0.029453822218131212,0.4494657036381352,0.0476501259947705,283,35.203859052893975,-13.760005419871458,0.042072610332992075,0.5088426622892889,0.0629679501453601,283,28.72795277518013,-13.672377436506409,0.04293013521412451,0.5276308051601554,0.083907036169986,283,28.65178174938836,-14.810805526696965,0.03303082699827815,0.5700113635743064,0.133499282948432,283,31.487006359302534,0.08762798336504929,-1.1384280901905566,0.4977778621969744,-14.534294404382699,0.8619169678762901,-0.27651112231426644,0.15669915883522642,1.636205952387531,5.123827553273646,3.46219621379664,0.1252280727993722,3.2614304362451545,0.1202221392360973,3.223172781521232,0.0620919248248941,3.356720230634732,0.1174362937626707,4,ok,0.2317457650080586,0.1966546870531126,0.2048899240449544,0.1995826413716739,0.0093103019856311,23.372074122636267,1.457948855373406,ok,1.184340780806178,floor,1.3872158842741502,floor,2.9744820155494627,ok
111,22,1.7360962439700336,0,-19.582067736832773,0.011010149760849337,0.4628789052514719,0.0583159926144376,592,35.19640889038911,-16.121931240500963,0.024423442384080597,0.5306416713594545,0.0821006581085324,592,28.719588621242625,-20.046635886696116,0.009893191400757501,0.5205773193687757,0.0776383209810414,592,28.64330390015164,-17.613937426746947,0.017322327983007077,0.4816534125036177,0.054001161230031,592,31.478856019071632,-3.9247046461951527,2.432698459949169,1.9681303100858258,-17.85199948866687,-2.194636398029246,0.23806206191992274,0.3701491758221435,3.9247046461951527,2.0076496764304483,3.28005170243775,-0.1128747577126425,3.1519578831129995,-0.0620083585039163,3.0776366543116827,-0.1413784194685297,3.258478964414033,-0.0363110073113133,4,ok,0.1991855142310865,0.1911079688941606,0.1897948027298961,0.1896471335565218,0.0053519388327274,19.098988137545145,1.457815127275648,ok,3.3439666085404545,ok,1.3871037556514056,floor,4.347266010552077,ok
112,22,0.4228356993263947,0,-19.361125095082016,0.011584771990269712,0.4393203834167311,0.0397911168742808,120,35.19352935155233,-15.891207104616118,0.025756051780666145,0.5065238809276659,0.0609800050198623,120,28.71606569290161,-18.445068193835823,0.014305175183558274,0.4167703319131408,0.0,120,28.639711332321166,-20.636387160794072,0.00863696747065058,0.409369385443327,0.0,120,31.47547887166341,-2.553861089219705,-2.1913189669582493,-1.275262065712056,-17.626166099849065,-0.8189020939867575,-3.010221060945007,0.4304145651712095,4.745180056177954,2.0526939891356326,3.264825606085718,-0.0070939677667332,3.06899086302148,0.0123598034414502,3.0397602019164296,-0.053975211475036,3.018935583036311,-0.1558255431127126,4,ok,0.1803006798028946,0.198184903152287,0.1787540522093574,0.1673098639895518,0.0104887392682334,19.320084719800526,1.4577634536255732,ok,3.353871727405212,ok,1.387056254728425,floor,1.0388901245967934,floor
113,22,0.4519441090941869,0,-19.26601995571381,0.011841262381682692,0.4724919727918258,0.0661530066361355,122,35.20717539552783,-15.450566031178322,0.028506467085416477,0.6673219406922168,0.2203525855406753,122,28.73170368006972,-20.131072743975572,0.009702702727079713,0.4459740499717379,0.0165004906917611,122,28.655571968829044,-17.994618724632726,0.015868582261315194,0.5498246049260488,0.1141593525609643,122,31.49064403283792,-4.68050671279725,2.136454019342846,1.2714012310810823,-17.358292993446064,-2.7727797505295086,-0.6363257311866626,0.4422392165880321,4.68050671279725,2.0992555459378854,3.380014541998952,0.1068417471573397,3.2750705356191485,0.2168100171009186,3.0702053389481416,-0.0248275468824337,3.042655187998854,-0.1333490299541395,4,ok,0.2010043533976938,0.2028481736473861,0.1982590741187822,0.187284090968429,0.0036671894037576,19.41446019441937,1.4580083985108347,ok,3.704558681285212,ok,1.3872660296692152,floor,3.689834639078864,ok
114,22,2.7160552186196507,0,-19.25808126064473,0.011862927437339065,0.4134090778026884,0.0205333754865151,925,35.253277785842485,-16.479275603287675,0.022494297760745165,0.5698225480574294,0.1185065619780325,925,28.781782395646378,-20.143712058453318,0.009674505907758337,0.7266617036465605,0.2955708189051709,925,28.706309698981208,-18.972846784966656,0.012668211968238682,0.5225671070032132,0.0891516762308497,925,31.540016149572423,-3.6644364551656423,1.1708652734866618,0.2852344756780738,-17.868678431966202,-2.275033626487115,-1.1041683530004534,0.34754821081442605,3.6644364551656423,1.794330002785556,3.272117185252079,-0.1546459345380433,3.152699589491682,-0.1052616442022076,3.0994869641374905,-0.154559547588474,3.162523246992429,-0.1658298988543958,4,ok,0.2044652740979516,0.1863746799448052,0.1897790088121955,0.1899357803931107,0.0056409682091828,19.419931028323436,1.458837152351001,ok,2.61733507036757,ok,1.3879382347467146,floor,2.7742031849482736,ok
115,22,1.1777386518729067,0,-19.481925925363974,0.011266976992182787,0.4138638112235394,0.0208612521084008,372,35.24788569378597,-17.4641574159829,0.01793016385568052,0.4244369973536578,0.0,372,28.775719816966724,-18.929356716491736,0.01279570822072997,0.444734180244116,0.0155641395529031,372,28.70018456059117,-17.655269127803283,0.0171582537890048,0.4252492833257889,0.0102383215580368,372,31.53409091375208,-1.4651993005088357,1.2740875886884524,1.826656797560691,-18.47304167067344,-0.45631504581829674,0.8177725428701557,0.19084345159573068,2.0177685093810744,1.9487246939426484,3.2916880913648163,-0.0660122902607671,3.016310251114568,-0.1518544526997773,3.0940877919054484,-0.0884573644227146,3.185370127958783,-0.0744784807675742,4,ok,0.2115958134333292,0.1929505916252251,0.201099572012261,0.1891192016442136,0.0011736305170161,19.19637521996686,1.4587401246656595,ok,1.3145555395164013,ambiguous,1.3878569927535136,floor,4.212607739130944,ok
116,22,1.4371211218304338,0,-19.737435885560615,0.010623225770707618,0.4459455680021801,0.044902948369661,468,35.25341529520149,-15.821717090494968,0.02617148049515302,0.4923989847891195,0.0490665162527421,468,28.78202093564547,-20.037842939803745,0.009913241949906124,0.4917999046119459,0.0529369326391944,468,28.706583630325447,-18.93168402301888,0.012788853066274468,0.4327541403464729,0.0157472273644252,468,31.540237202603592,-4.216125849308778,1.1061589167848638,0.805751862541733,-17.779576488027793,-2.2582664517759525,-1.1521075349910888,0.44425466153903953,4.216125849308778,1.9306006696751679,3.24016682539997,-0.1349394642121,3.1213277023511337,-0.0694684548073496,3.073746659674743,-0.1268190102623378,3.222766450045494,-0.0543473830473648,4,ok,0.2032113596478588,0.1887402283027768,0.1993407665903115,0.1853841099187604,-0.0033649726149936,18.9405690362262,1.4588396270928288,ok,3.8073676158986047,ok,1.387941868682432,floor,3.261765846795144,ok
117,22,0.5394947723443138,0,-15.793636096416373,0.026341250618354288,0.3421596423290746,0.0,164,35.25877161723812,-14.785805719846802,0.03322151456603195,0.4673542298192714,0.0287710933808973,164,28.787946782461027,-15.218181780110054,0.030073350918253906,0.5625802143018931,0.1162126224219444,164,28.712526844768988,-18.058372067980027,0.015637336908637584,0.3913289906616588,0.0,164,31.54604282611754,-0.4323760602632518,-2.840190287869973,-2.2647359715636544,-15.289720908131589,0.07153912802153428,-2.7686511598484387,0.25192301106786125,3.272566348133225,3.530734842065259,3.280403022474617,-0.0152002201094387,3.1043124875436705,0.0168875248628403,3.23362431718153,0.115368960617991,3.163389206720144,-0.0348641644063043,4,ok,0.2109774605984368,0.1996133031278121,0.2125285973817837,0.1926504936205541,-0.0072332155186592,22.88408182665228,1.458936037342648,ok,1.185021550667399,floor,1.3880207230488364,floor,1.039674811346495,floor
118,22,0.973816937519818,0,-19.38024655601736,0.011533877762686438,0.4177177075299372,0.0236545010311566,310,35.26378579908802,-15.861608230108237,0.02593218892862427,0.4596043493713107,0.022705447202161,310,28.79363539911085,-19.860838706391032,0.010325619788760648,0.5145309670670554,0.0723318419169187,310,28.71827596233737,-19.73412826936649,0.010631319573174546,0.4543485012761264,0.0321360642051216,310,31.55156389667141,-3.9992304762827953,0.126710437024542,-0.35388171334912855,-17.6209273930628,-2.239911313328232,-2.11320087630369,0.44875419232890223,3.9992304762827953,1.8874562584383532,3.2326621845351564,-0.1112149151136692,3.1108576907145866,-0.0393337501500341,3.0904440432109634,-0.0777897286622515,3.0891895517600485,-0.156947501958927,4,ok,0.2110549477079222,0.1959153428914085,0.1817680591056424,0.1896785543931107,0.0217170861940229,19.29720264906358,1.459026312398365,ok,3.405779738386889,ok,1.388097024883402,floor,2.109001966964631,ok
119,22,0.5508221864634812,0,-15.520470444843243,0.028051297588184178,0.4274995622088597,0.0308605026349229,150,35.265145975748695,-14.361047051236005,0.036634923996155255,0.4870600657213635,0.0446512046022919,150,28.79510965983073,-14.215803594810444,0.03788084346176218,0.6205763229860943,0.1743918946130458,150,28.71974165598552,-18.613972580202898,0.01375950283292922,0.4491162149287925,0.0280918271584706,150,31.553037757873536,0.14524345642556113,-4.398168985392454,-3.093502135359655,-14.940758748039624,0.72495515322918,-3.673213832163274,0.3308509439448056,4.398168985392454,4.056112317960636,3.3038756753947807,0.0150377717224641,3.029384009392856,-0.0492445462256605,3.2397792778588865,0.1285281454945446,3.2950496915772547,0.1035069783674917,4,ok,0.202900519768397,0.1800116964926322,0.1859007931749026,0.1911245296398798,0.005555314955612,23.156905857602844,1.459050804797371,ok,1.1851029691195154,floor,1.3881164810315754,floor,1.0397527470537735,floor
120,22,1.090826826352455,0,-19.74285068413504,0.010609988949760583,0.4158963124955895,0.0223311534005468,351,35.273027914541736,-17.226663373010894,0.018937980398208393,0.4881729541144439,0.0455675975798752,351,28.803927310171968,-17.242342750310918,0.0188697316909945,0.5332149642677412,0.0889297363440912,351,28.72864611807712,-18.18626854963511,0.01518354374522197,0.4739242215692928,0.0476823713303824,351,31.561684654648825,-0.015679377300024555,-0.943925799324191,1.55658213449993,-18.484757028572965,1.2424142782620464,0.29848847893785546,0.21453902199710728,2.5161873111241455,2.2722760023459734,3.215980041319093,-0.1373147276089303,3.0417904592013545,-0.1206459931311045,3.332878991845763,0.154895011161734,3.2110880234957184,-0.0443905809910245,4,ok,0.1950197628993764,0.1897973573456207,0.1837978837878955,0.1799170791869319,0.008610676334603,18.934103090532098,1.4591927654967056,ok,2.2977220939371628,ambiguous,2.759893015972316,ambiguous,3.957400732572214,ok
121,22,1.3062825103304567,0,-15.674883713066896,0.02707145689635138,0.451190377370505,0.0490039765277636,416,35.27035910349626,-14.957636661596844,0.03193275094911317,0.5261038302749277,0.0780517172543868,416,28.8009850199406,-15.286299219331392,0.029605341704377005,0.5969921366779438,0.1500451159413898,416,28.7256803054076,-15.195054177897852,0.030233928536860657,0.5004897471268991,0.0698283978956795,416,31.558775136104,-0.3286625577345479,0.09124504143353995,0.4798295351690438,-15.31626018733187,0.02996096800047887,0.12120600943401882,0.05875171669939211,0.7172470514700517,3.9017720525303745,3.447005906391646,0.0808297078921516,3.230903150273549,0.0517180472772533,3.241867961645927,0.0505477058836181,3.3973900834213744,0.1291341637905207,4,ok,0.2069785711803258,0.2012606642674654,0.1999252046404693,0.2089593471833863,0.0041944130834263,23.002213142592367,1.4591446916611912,ok,1.1851697748993582,floor,1.3881953276939805,floor,2.959353628043677,ok
122,22,0.8742570352409497,0,-20.133612025124727,0.009697031301403532,0.4458126536405619,0.044799642780819,267,35.282450058040546,-19.337197731223522,0.011648774197333431,0.4562806195414595,0.0201351201410802,267,28.81449822986617,-20.442924031135583,0.00903041266618862,0.4890771077808779,0.0506725124704474,267,28.73929795968845,-18.629145697897936,0.01371151459292271,0.5800800212445137,0.1434061840768294,267,31.57200691851784,-1.1057262999120603,1.8137783332376465,1.5044663272267904,-19.735404878174123,-0.70751915296146,1.1062591802761865,0.16573916907454883,1.8137783332376465,1.4000227856937477,3.2872668592409013,-0.0452887992954149,3.0230564074366075,-0.1124147059090425,3.0951958484647752,-0.0613167202515039,3.196984727493465,-0.037922390900599,4,ok,0.1895845733052782,0.1728413117149572,0.1840711913668037,0.184576044870673,-0.002858248856686,18.542836494068958,1.4593625391374547,ambiguous,1.185323502739732,floor,1.3883762176310543,floor,3.908810534961345,ok
123,22,0.6430006209264557,0,-19.629542657955632,0.010890447712211027,0.4223123487826543,0.0270184640958426,196,35.28336384831643,-17.07015346955044,0.019632908974845327,0.8031794788334413,0.3890354358115213,196,28.81557757513864,-19.71282828494397,0.010683588981264477,0.4724616327270707,0.0371266466072424,196,28.74038587297712,-17.227950469888953,0.018932368675087626,0.4362934797123609,0.0183787050054686,196,31.573024973577382,-2.64267481539353,2.484877815055018,2.4015921880666795,-18.349848063753036,-1.3629802211909343,1.1218975938640838,0.2830529993712718,2.64267481539353,1.9357424909275038,3.32356306694252,0.0144453743509282,3.2215859619141245,0.1165892847869893,3.130179969949804,-0.0020670341891966,3.20574377892905,-0.0059148113764897,4,ok,0.2114521837318126,0.1885897411527682,0.1970123206170237,0.1984024738360728,0.0030086418252666,19.04685685053589,1.4593790085406704,ok,2.3537422741226672,ambiguous,1.3883906743301575,floor,4.779308499062694,ok
124,22,0.7598516798762366,0,-19.68870985382687,0.010743085066924377,0.4450461369184492,0.0442044806509831,240,35.27554734547933,-18.495405717517098,0.014140326200985593,0.461089876317665,0.0238602762399988,240,28.806867011388142,-20.20702556492676,0.009534489471387336,0.74057689209028,0.3128816156034362,240,28.73161305586497,-20.08603421370828,0.009803848211048617,0.508416577473078,0.0766704174501009,240,31.5644832611084,-1.7116198474096613,0.12099135121847837,-0.39732435988140935,-19.092057785671983,-1.1149677792547763,-0.9939764280362979,0.16613540592368295,1.7116198474096613,1.4047871425409353,3.3496219006949874,0.0251491943618664,3.152223065083481,0.0272615416892159,3.1618998744128235,0.0137556683404809,3.248427809682052,0.0215383128587909,4,ok,0.2062911843260129,0.1977356782803933,0.1823862445540726,0.1826536886549244,0.0196271867491304,18.9881088354811,1.4592381543295494,ambiguous,1.1852366761108517,floor,1.3882741198739603,floor,2.0574343956915397,ambiguous
125,22,1.0225539443500316,0,-19.84423916589685,0.010365161742672765,0.4371333612620673,0.0381204611266539,333,35.27132062940626,-16.562923078548586,0.022065191051806227,0.5030161690243572,0.0579900186303077,333,28.8021623365156,-20.11122093056453,0.009747155777450755,0.4791612216171737,0.0425322009607969,333,28.72689815326496,-19.758412442318523,0.010572038980611343,0.5108909983313598,0.0788282250738352,333,31.559884526708103,-3.5482978520159456,0.3528084882460085,0.08582672357832877,-18.20358112222272,-1.9076398083418127,-1.5548313200958042,0.38935528372754663,3.5482978520159456,1.7111188471251717,3.243045670416035,-0.1062577483662639,3.0870188594823667,-0.0702279724825021,3.085861886720324,-0.0879898085537846,3.1264153853252,-0.1251041291879144,4,ok,0.208562861881904,0.1825377274159196,0.1758678933946757,0.1882436830248381,0.0196824012542361,18.83280614181425,1.4591620110929318,ok,3.1623949510132823,ok,1.3882114998484198,floor,2.57976711240077,ok
126,22,0.7150948808813716,0,-20.12131377612572,0.009724530043352681,0.4482244683651588,0.0466789781180358,217,35.26699447631836,-17.56699257890387,0.01751058849633983,0.5622661591433264,0.1112835804764349,217,28.79740066352528,-20.296199518060092,0.009340713428303766,0.5154226725465817,0.0731105350292757,217,28.72213427811724,-18.08575336153271,0.015539057146243264,0.4290346263017581,0.0130048896593268,217,31.55524151006602,-2.729206939156221,2.2104461565273823,2.035560414593011,-18.844153177514798,-1.4520463405452944,0.7583998159820879,0.27381750061985505,2.729206939156221,1.675257841634433,3.236693235448161,-0.0801414320779438,3.1774173107369656,0.0623868934381648,3.063135810344379,-0.0771006564492005,3.2021975772520417,-0.0171156153746463,4,ok,0.1971359189067568,0.1990108994191967,0.1822269811779947,0.1844455514463686,0.015846427984982,18.55596344465637,1.459084092972574,ok,2.346719122127762,ambiguous,1.3881482446877784,floor,4.414992399368406,ok
127,22,0.5040409155123979,0,-19.211533452687004,0.011990758460686882,0.3835753402707616,0.0,136,35.26487322414623,-19.06054962732224,0.012414951785292323,0.4915397563199673,0.0483526802287395,136,28.79505137836232,-20.203729396296666,0.00954172861800891,0.4337496179784447,0.0073824361345145,136,28.71974553781397,-18.918915718261374,0.012826507758139302,0.3934321230137459,0.0,136,31.55292503974017,-1.1431797689744272,1.2848136780352917,0.29261773442562955,-19.13604154000462,-1.0676878562920464,0.21712582174324524,0.10920413435032192,1.2848136780352917,1.4444712591757458,3.235871121994111,-0.0455380890058867,3.043606698415449,-0.0253629464612643,3.098551785411118,-0.0050083458573939,3.121557601867564,-0.062616461235756,4,ok,0.2033506098805981,0.1916392854250529,0.1866857833502923,0.182823723209474,0.0108091643025331,19.46585746897093,1.4590458932880357,ok,1.1851023065302466,floor,1.3881165325623022,floor,2.781583104344749,ok
128,22,0.2558524131024084,0,-19.204979013693787,0.012008868760169815,0.4324209895408356,0.0345490400331702,61,35.24096523347448,-17.39405079499498,0.018221952931847658,0.3979913639556465,0.0,61,28.76789843449827,-20.097830149928058,0.009777255965049634,0.4396636254365539,0.0117619798119452,61,28.692268590458102,-19.15646718414621,0.01214376296435937,0.4893170486608692,0.0603672809115987,61,31.526485443115234,-2.7037793549330793,0.941362965781849,0.0485118295475786,-18.299514904344385,-1.798315245583673,-0.8569522798018241,0.24060975151463218,2.7037793549330793,1.6381087579935079,3.261229580014281,0.0406099176533389,2.915271179662169,-0.074658875041826,3.0383062404012606,-0.0023178527484382,3.100948094044845,-0.0229277532339118,4,ok,0.2430589153874116,0.1521607201363219,0.216374615482131,0.1914263101386242,-0.0187647977202642,19.4736927787429,1.458615632682979,ok,1.184793824518576,floor,1.3877520352857335,floor,2.5416440218335428,ok
129,22,0.2873982682578124,0,-20.582906860103687,0.008743983189255896,0.4316131388779405,0.0339406714641263,67,35.24027491327542,-20.099716084826156,0.009773011088374913,0.4831502802185516,0.0414483252807635,67,28.76714971172276,-20.108383423134292,0.009753526262285336,0.3924734674054957,0.0,67,28.691512862248207,-19.275534832532212,0.011815347978798805,0.4361669858184888,0.0182842882175655,67,31.52574032456128,-0.008667338308136152,0.8328485906020795,1.3073720275714749,-20.341311472464923,0.23292804933063138,1.0657766399327109,0.111379630764957,1.3073720275714749,1.3141697358556115,3.1589881540574734,-0.0687446721601579,3.0213058645462114,0.0221271549557928,2.9406712694178214,-0.1073171546350075,3.162912075082043,0.0319805562441368,4,ok,0.1877541499796198,0.1791193849448837,0.2028539785698278,0.1809577610510498,-0.019417211107576,18.095801899401035,1.458603216863085,ambiguous,1.1847853243949868,floor,1.387742017336945,floor,3.724087351570751,ok
130,22,1.129894981372383,0,-19.076107708522972,0.012370556271347533,0.4212586672173388,0.0262437600621938,375,35.239496185302734,-16.721582295256894,0.021273638275285806,0.4841402060401106,0.0422568276765431,375,28.7663091583252,-18.79574965091409,0.01319547520329243,0.4705095093323352,0.0355658982387676,375,28.69067385864258,-18.968447046154253,0.012681052349269535,0.4983455703302672,0.0679961324762927,375,31.524905008951823,-2.0741673556571953,-0.1726973952401636,0.10766066236871907,-17.89884500188993,-0.8969046490241581,-1.0696020442643217,0.2488546816602643,2.354525413266078,1.9601182685301664,3.2400385228928266,-0.1182708430800247,3.065001459771852,-0.103955055699386,3.082652914271719,-0.1005227297463751,3.1626297594531367,-0.097822911491602,4,ok,0.221556962052981,0.1841740453541278,0.1861220468481381,0.1838768833676974,0.0167434568554162,19.602642751205632,1.4585892114845291,ambiguous,2.071672569631059,ambiguous,1.387730895940006,floor,2.600667787859623,ok
131,22,0.3506813898908201,0,-18.737242936869567,0.013374443065570445,0.3680967893622864,0.0,95,35.24312712016859,-18.88489854849545,0.01292736898881346,0.4404637441671934,0.0081591393550823,95,28.77040090058979,-20.05445240951844,0.009875401442347985,0.4485246820447964,0.0184349284786746,95,28.694841284500924,-19.875380608174424,0.010291103337921012,0.3865298746573538,0.0,95,31.528906972784743,-1.1695538610229903,0.17907180134401557,-1.1381376713048574,-18.81107074268251,-1.2433816668359299,-1.0643098654919143,0.13333285909579345,1.317209472648873,1.4144344938340858,3.271931911177391,0.017724581661958,3.0744821307305927,0.040880828152864,2.875375319104358,-0.2000224275381206,2.9901928958116017,-0.16699914559043,4,ok,0.2077318566410165,0.1920528977717223,0.1760729111338916,0.1722125434561779,0.0238194660724777,19.94131307910041,1.4586545182398718,ok,1.1848222369480412,floor,1.3877861418655286,floor,1.039484002949702,floor
132,22,0.2254981623826314,0,-18.52188010872552,0.014054389623806089,0.4454386628103841,0.0445091295447619,56,35.24494246074131,-17.801942319881785,0.016588448469079017,0.3887101205314208,0.0,56,28.772470712661743,-20.447113541329166,0.009021705495094016,0.4089180211503989,0.0,56,28.696933678218297,-19.001449121455202,0.012585054130216305,0.427790020468306,0.0120925476220234,56,31.53092098236084,-2.645171221447381,1.4456644198739639,-0.47956901272968366,-18.16191121430365,-2.285202327025516,-0.8395379071515521,0.20955878204589878,2.645171221447381,1.5644655473599076,3.1455111498842654,-0.0686243800488428,3.012883520398809,0.0313842433728108,3.139444051901844,0.1055330470178379,3.1184272550286454,0.0009831320400301,4,ok,0.2399735812629972,0.210984820233924,0.1631594433316162,0.1583024025894701,0.0623197574168443,20.156578682354308,1.4586871737248994,ok,1.1848457398599952,floor,1.3878138843334862,floor,1.9538125526152288,ambiguous
133,22,0.2754255023970374,0,-20.07208120225328,0.009835396663124938,0.4331403175379939,0.0350917022488992,68,35.24744190889246,-18.603024324479414,0.013794233321384167,0.5012084870960495,0.0564572569347852,68,28.775312451755298,-19.928680535854674,0.010165574942680717,0.4001029463232095,0.0,68,28.69980464262121,-19.192629664092806,0.012043065089149646,0.4601856380642911,0.0367030924358622,68,31.533687367158777,-1.3256562113752608,0.7360508717618686,0.879451538160474,-19.337552763366347,-0.5911277724883277,0.14492309927354086,0.13868749506619968,1.4690568777738662,1.490726427248037,3.219372029367628,-0.0094840491517014,3.0180444128499904,0.0174052317875119,3.021487453667004,-0.0276638849206314,3.086133774636864,-0.0459119177922198,4,ok,0.2090612154673127,0.1901797140564988,0.2038059985703405,0.1679923940888222,-0.0041855338084346,18.60624371422944,1.4587321401544595,ok,1.184878012114185,floor,1.3878519544714876,floor,3.3295512250305106,ok
134,22,0.5424562315593663,0,-18.724061774652633,0.013415097163091666,0.3789445347462525,0.0,162,35.23765653445397,-17.27670946929166,0.018721000422308332,0.4876179598000129,0.0451103335430276,162,28.764293258572803,-20.16511774442789,0.009626939123928929,0.5316257859581061,0.0874949589915858,162,28.68865650082812,-18.51489165611978,0.01407702346015912,0.4201433138894784,0.0065453959882899,162,31.52293571425073,-2.8884082751362286,1.6502260883081092,0.20917011853285317,-18.000385621972146,-2.1647321224557423,-0.5145060341476331,0.23143485596759583,2.8884082751362286,1.7137458191223849,3.217104610868879,-0.0775683360729058,3.097943356632696,0.0117279799407525,3.1285117797331097,0.0112195677119228,3.1961946434021664,-0.0011359512162441,4,ok,0.2140430410243111,0.1870294755071769,0.1773940426883874,0.1780437644525074,0.0231422155773566,19.954787192045625,1.45855612760606,ok,1.1847528985418387,floor,1.387704156837891,floor,2.700287030586693,ok
135,22,2.340303052373448,0,-19.080546070408165,0.012357920384490916,0.5016507522472592,0.0909099326274178,803,35.24139667952788,-17.22529973078683,0.01894392767259266,0.5448563725795911,0.0950089596672967,803,28.768570604241205,-18.96213765508798,0.012699488656566416,3.057223360370592,7.772542822188019,803,28.692982888607723,-18.87918473781371,0.012944388120642676,1.974411051676262,3.190628815263985,803,31.52709270444041,-1.736837924301149,0.08295291727426957,0.20136133259445543,-18.152922900597495,-0.8092147544904833,-0.7262618372162137,0.1914695876873341,1.8552463396213348,1.8587939729037704,3.399801048857519,-0.0162384267314137,3.1945520825873586,-0.0494660891526943,3.185927155626149,-0.0570170581665641,3.2254920391863293,-0.0922241365407052,4,ok,0.2050299657738372,0.1913107381588495,0.1869983335824713,0.1848800708429602,0.011172018383872,19.59810261734908,1.4586233927120302,ambiguous,1.1848014558247273,floor,1.3877615043916929,floor,2.6927806889923165,ok
136,22,0.6784272025058703,0,-18.569928497453926,0.013899755156786969,0.4296748316024961,0.0324856285806818,173,35.17182686425358,-15.212895051436664,0.030109981928477213,0.4931273631073827,0.0496726200311012,173,28.69126333115418,-17.934270203587406,0.016090627450264513,0.5239607078924653,0.0806347455447327,173,28.614431645828866,-19.01026082456524,0.012559545324735261,0.5613673594393814,0.1251325313336067,173,31.45124444244914,-2.721375152150742,-1.0759906209778336,-0.44033232711131376,-16.891411774445295,-1.042858429142111,-2.1188490501199446,0.3859453820599703,3.7973657731285755,2.4391855369089788,3.369968384251096,0.0703145447076312,3.2223466058127985,0.129654989064055,3.1770822745470264,0.0546332937446409,3.277506217582192,0.0752349885320575,4,ok,0.2099875895403368,0.1732562638690017,0.1760875352502213,0.2057175944650793,0.0155343914544479,20.11244100677509,1.4573742362259552,ok,3.2374792830460524,ok,1.3867222528749292,floor,2.0015860866212747,ambiguous
137,22,1.780815864649631,0,-18.924502209176126,0.012810019152953855,0.3879321232727242,0.0027395318303606,601,35.17379607138737,-16.186614808620288,0.024062376571664074,0.4638477132372696,0.0260140632485634,601,28.693654052429707,-15.514275842469468,0.028091337383230178,0.4720927873465947,0.0368312547260867,601,28.61690639299085,-13.684201916582484,0.04281340886316685,0.4934444835429287,0.0638375430512832,601,31.45358193852937,0.6723389661508197,1.8300739258869836,5.240300292593641,-17.55555850889821,2.0412826664287405,3.871356592315724,0.39852999928295046,5.240300292593641,3.827116950338967,3.27317099406106,-0.1208994329591641,3.0795873825953177,-0.1358662639223902,3.1719095732602103,-0.0482898610579272,3.2367848196811617,-0.0591398727775591,4,ok,0.2094900535292514,0.1949443353429907,0.1812113658734248,0.1903606012413981,0.0210058285626962,19.75776210740837,1.4574095352423018,ok,2.5672140790472406,ok,3.834497072803701,ok,8.380553740620963,ok
138,22,0.8420534802994826,0,-19.669165547493527,0.010791540507440892,0.3865003941433667,0.0017731489518151,273,35.180784707540994,-16.46963885877898,0.022544266730999993,0.4749958986076078,0.034851354721662,273,28.701534872089987,-14.782814035764158,0.033244407446478934,0.4515086573856397,0.0207120229467405,273,28.62492838709346,-14.381934429731833,0.03645915147993201,0.4418534655108169,0.0225558041204343,273,31.46133637340951,1.6868248230148204,0.40087960603232453,5.287231117761694,-18.069402203136253,3.286588167372095,3.6874677734044194,0.3905638832654459,5.287231117761694,3.8698723918116045,3.179258295194029,-0.1549822803185625,3.045181713464914,-0.0924801571780236,3.1093966857592874,-0.0488602946432101,3.1876965567409234,-0.048881860252266,4,ok,0.2136263638843983,0.1836405244174894,0.1896168872877791,0.193729839604962,0.0090165568631647,19.01272540043298,1.4575348377177189,ok,3.07424253915921,ok,5.5264925967002645,ok,8.457901733965949,ok
139,22,0.9984049705209734,0,-19.41661986134936,0.01143768189741863,0.3906595129395023,0.0045903412904428,327,35.175067843282626,-16.807896318168417,0.020855008355616197,0.4194164203961348,0.0,327,28.69501371121188,-19.98485377241866,0.010034936363551662,0.4740811011855615,0.0384263370973716,327,28.618266330217367,-18.134287050539896,0.015366370310800584,0.6372619189722086,0.2029593771884454,327,31.454919558417178,-3.1769574542502426,1.8505667218787636,1.2823328108094643,-18.11225808975889,-1.872595682659771,-0.022028960781007356,0.2909187765480806,3.1769574542502426,1.8368601390119939,3.2446060703642945,-0.1033187987385368,3.0472889461617507,-0.1081654724008602,3.0770539424196057,-0.0953705263473474,3.459406106291672,0.2092539993010409,4,ok,0.2071913606416012,0.1898766857563355,0.1899923178216368,0.1907695582996632,0.0085417053773315,19.2655765178795,1.457432334209032,ambiguous,2.4119446567601446,ok,1.3867728900133531,floor,3.6990879918131343,ok
140,22,0.2669220443432319,0,-19.504953405660306,0.011207394501979008,0.3595562602509268,0.0,65,35.177917773907,-17.415220127560744,0.018133347624132407,0.3858861950494151,0.0,65,28.698244740412783,-19.828311376880933,0.010403245860420077,0.4181517401852013,0.0,65,28.62156424889198,-16.470692093591097,0.022538800042254392,0.3772937758265282,0.0,65,31.45810323861929,-2.413091249320189,3.3576192832898357,3.0342613120692086,-18.460086766610523,-1.3682246102704099,1.9893946730194259,0.3224980004042945,3.3576192832898357,1.9780008184674278,3.165183542526761,-0.0602515883505896,2.864709721693085,-0.1314814858989907,3.0037744985149986,-0.0418350981775561,3.037584772838717,-0.0910676218301658,4,ok,0.1783213049173355,0.1651312309962052,0.1782519050515615,0.1666473224759102,-0.0065256370947911,19.17709072021151,1.4574834299155568,ok,1.568962885674887,ambiguous,1.386816447068869,floor,5.442881454900904,ok
141,22,0.4840316854581701,0,-19.861157560239672,0.010324861721852442,0.3655066104609966,0.0,134,35.179134625107494,-19.503988430629793,0.011209884991240947,0.5237091366663986,0.0759290416436289,134,28.69954576065292,-19.362272308709155,0.011581712210866402,0.431458840247501,0.0057019654900736,134,28.62288976071486,-20.029132331489965,0.00993314480968872,0.4147183156235127,0.0026706074347364,134,31.4594111940754,0.14171612192063776,-0.6668600227808099,-0.16797477125029303,-19.682572995434732,0.3203006867255773,-0.3465593360552326,0.061469076027907014,0.6668600227808099,1.4235862859107664,3.183114231803114,-0.097171726895187,3.0885376401508484,0.0210284667461948,3.007472891624906,-0.0949243251087996,3.194919606548012,0.0118597170358687,4,ok,0.2114529791496583,0.1840908208500538,0.1860663212224174,0.1863903033811209,0.0117055787774386,18.820821552244755,1.4575052487318283,ok,1.1840191634359267,floor,1.38683395574911,floor,2.315415890630194,ok
142,22,1.945272622124535,0,-19.945446006025335,0.010126407486289037,0.4359134048890914,0.0371921648813464,652,35.18595940057485,-19.00112435988534,0.012585995264613976,0.5239901398710635,0.0761776236328122,652,28.707164351925528,-19.64757832033286,0.010845314935999835,0.5055075407471349,0.0645278777777556,652,28.63062458974452,-19.583681689919537,0.01100605885837055,0.4912372223556168,0.0619780973566006,652,31.466885277098672,-0.6464539604475199,0.06389663041332128,0.3617643161057984,-19.473285182955337,-0.1742931373775214,-0.11039650696420011,0.080571490385194,0.944321646139997,1.4592485173291678,3.250575748948933,-0.1496700376180837,3.1289552759614785,-0.0945276765582505,3.097605741873607,-0.1289871050053315,3.137666199089905,-0.1643839404412688,4,ok,0.2024192925759711,0.1824951822315257,0.186502088198404,0.1843929855621482,0.0059551492053444,18.736168421033355,1.4576276450277303,ok,1.1841053735846765,floor,1.3869361486963403,floor,2.8456296483467045,ok
143,22,0.6452601611646481,0,-19.348509231280897,0.011618473636608893,0.4067576164414987,0.0157786659893979,199,35.19439244869366,-17.684121088240524,0.017044642286199424,0.4564323060393084,0.0202520170069762,199,28.71664726794065,-19.129014569638564,0.012220769225149811,0.4815138522993495,0.0444484744898212,199,28.64023285295496,-19.023701833466507,0.012520734792565023,0.4056536544554472,0.0,199,31.47611104303868,-1.44489348139804,0.10531273617205628,0.3248073978143893,-18.51631515976071,-0.6126994098778553,-0.507386673705799,0.16156255802607178,1.664388143040373,1.7479868963474776,3.276273960269674,-0.0339954224708454,3.0343983947190925,-0.0720957292457833,3.1422086387764,0.0087692781100567,3.162623268968624,-0.0501777029258212,4,ok,0.1997311348703938,0.1903819456396989,0.1885849750933036,0.185219610755767,0.0064715651617427,19.33265444404489,1.4577789412305864,ok,1.1842127267769718,floor,1.3870631497327417,floor,2.810613717110332,ok
144,22,2.464586531116192,0,-19.991448055420562,0.010019710980753292,0.4470272516040273,0.0457448149539629,859,35.18536666941171,-19.301322563472837,0.011745398161063033,0.4983263552614463,0.0540248651820864,859,28.70657929719119,-19.886700778304245,0.010264313832480672,0.4874908556092094,0.0493590976152873,859,28.630039072980427,-16.8057480786874,0.020865326846081632,0.4959214876992839,0.0659341528320833,859,31.466295155712835,-0.5853782148314082,3.0809526996168444,3.1856999767331615,-19.6463853094467,-0.2403154688575455,2.840637230759299,0.337351852094592,3.1856999767331615,1.6916343655978991,3.279394486506158,-0.1417562091893209,3.0196245971627427,-0.231039268640655,3.088502831914334,-0.1597330800511889,3.30505569513022,-0.017730389158586,4,ok,0.2074206354697175,0.1859913410941991,0.1773376834640611,0.1893825962298199,0.0193683048178971,18.69019804819385,1.457617013284859,ok,1.184098752058674,floor,1.3869284114084572,floor,5.611567125698442,ok
145,22,1.280297201865029,0,-18.753067998935606,0.013325797214690564,0.5835543174579252,0.1683774086629772,415,35.189765323501035,-18.123388646681065,0.01540497987638417,0.5626847127737316,0.1116811438910447,415,28.71137677388019,-19.672949666426284,0.010782141657424815,0.4682599783402683,0.0337753823975996,415,28.634884505674066,-19.377766338776098,0.01154046653912702,0.4683630474216275,0.0431992166654404,415,31.47100159059088,-1.5495610197452194,0.29518332765018584,-0.6246983398404922,-18.438228322808335,-1.2347213436179487,-0.9395380159677629,0.1396904784562563,1.5495610197452194,1.5896676999351924,3.4111439008967324,0.0451501769585145,3.202372787707404,0.0234249411945524,3.0817464743055387,-0.1093848636871643,3.1635008190880844,-0.104574100835999,4,ok,0.2028826562844845,0.1954083256513239,0.1844171191464705,0.1905277719519224,0.0147283718214336,19.928343016586965,1.457695918790788,ok,1.184153054718467,floor,1.386992448144705,floor,1.7498653447838963,ambiguous
146,22,0.6950063945810191,0,-18.554803652567806,0.013948247171703702,0.5874847450347755,0.1723889933618685,210,35.19199424017043,-16.477335167275534,0.022504350501428207,0.5932429247041324,0.1415061353692805,210,28.71382716950916,-19.527060326528193,0.011150490379867626,0.5294364968911794,0.0855253899616712,210,28.63736035483224,-17.831890508517482,0.016474450932197026,0.5587534044375987,0.1226275940422116,210,31.47339847201393,-3.0497251592526595,1.6951698180107115,0.7229131440503238,-17.51606940992167,-2.0109909166065236,-0.3158210985958121,0.2616199485607202,3.0497251592526595,2.0080256689135805,3.3920784936919457,0.0777298896616804,3.2931369318622385,0.1813389359953068,3.242497055835442,0.1048344358698587,3.381926909430244,0.1650796866385322,4,ok,0.2145751256850503,0.1927935536418642,0.1884731892318952,0.1812542874898229,0.015211150431562,20.12648822284781,1.457735908879544,ok,1.5357452659579305,ambiguous,1.3870251748227471,floor,3.183649304929609,ok
147,22,0.6208175701277161,0,-19.360972270660024,0.011585179655415709,0.3840054156635703,9.763708710996966e-05,183,35.194793054966325,-16.504560633843862,0.022363714360479174,0.517140034437545,0.0701558554640184,183,28.7169390402205,-15.800132531860584,0.02630187726313747,0.4720470721171543,0.0367946594980233,183,28.64050829736261,-16.289081508542196,0.023501297983581804,0.5308269835857524,0.0965955386743724,183,31.476432581416898,0.7044281019832788,-0.48894897668161263,3.071890762117828,-17.932766452251943,2.13263392039136,1.6436849437097472,0.26682591196206296,3.560839738799441,3.077399633966161,3.287202160859418,-0.0167122457788164,3.041642617446529,-0.0565886600599125,3.169338939905945,0.0424789506475451,3.238916877728508,0.0324195177073924,4,ok,0.2108894456076166,0.18760297813865,0.1939502588264603,0.1687922531871196,0.0052959530466729,19.320169988503263,1.4577861300218942,ok,2.703744001453655,ok,4.003665134046551,ok,5.485021856564802,ok
148,22,0.2687311528820438,0,-18.770998268862794,0.013270893780362608,0.3249667565769423,0.0,71,35.19663705960126,-16.02172289752683,0.024993536418733496,0.4973759040845508,0.0532258021341063,71,28.719055095189056,-19.728953786989187,0.010643994005702397,0.4366720714575242,0.0095392096022337,71,28.64265793813786,-17.391180451007102,0.018234000186234507,0.4305131662218657,0.0140921586134241,71,31.478480083841674,-3.707230889462359,2.337773335982085,1.3798178178556917,-17.396360583194813,-2.3325932037943744,0.00518013218771074,0.3256796579445625,3.707230889462359,2.1129094739364365,3.2877006271873648,0.0555713147414729,3.1187494718953053,0.1138543772113731,3.12770780667293,0.0751676557024758,3.0846974075160394,-0.0505950628570635,4,ok,0.1929946223824796,0.1747216092238963,0.1931056586999288,0.1822257961710573,-0.0092475428967408,19.91004540685828,1.4578192221120194,ok,2.581259686741575,ok,1.38709521410123,floor,3.790124511207118,ok
149,22,1.1391172504945166,0,-19.593803063167535,0.010980438748370895,0.4070529163158577,0.0159881212895229,371,35.26964132098175,-15.95321946960798,0.025390897543918586,0.4792318874869404,0.0382642943968782,371,28.80033653444357,-19.262960169770203,0.011849607984972825,0.4658240416270359,0.0318461739071,371,28.7250894202055,-19.707983422456344,0.01069551393164907,0.9977045616202432,0.707131608135126,371,31.558113463162734,-3.309740700162223,-0.4450232526861413,-0.11418035928880954,-17.773511266387757,-1.4894489033824456,-1.934472156068587,0.4189148426530258,3.7547639528483643,1.9555014982074979,3.229954513690546,-0.1275417812879502,3.155520888608058,-0.0123784583265833,3.0794017157535203,-0.1029321475927376,3.231319255388799,-0.0283269162251187,4,ok,0.205662675352511,0.1927478196465905,0.1946810185808859,0.1980430350771972,0.0045242289186648,19.08333227202237,1.459131763179592,ok,3.5297743002300157,ok,1.3881874815199629,floor,2.375070534421749,ok
150,22,0.7710070888383248,0,-18.80495547268154,0.013167534130538663,0.4928512409592157,0.0832826648050262,240,35.19095989863078,-15.76863385600708,0.026493333984918814,0.5023395169457285,0.0574156285898237,240,28.71259600321452,-19.25092195073971,0.011882499506396187,0.596947598948685,0.1500000303575028,240,28.636109105745952,-19.107961390583377,0.012280155351785393,0.494593555502073,0.0648088461962737,240,31.472220532099406,-3.4822880947326293,0.1429605601563324,-0.3030059179018352,-17.28679466434431,-1.9641272863953994,-1.821166726239067,0.38240202209875007,3.4822880947326293,2.057198626252741,3.35027124188216,0.0257985355490388,3.095810094679765,-0.0291514287144996,3.2119310871177205,0.0637868810453778,3.155727390255964,-0.0711621065672964,4,ok,0.2074009809022148,0.1808802492295702,0.1832455323388179,0.1937631513457745,0.0108950827270746,19.87639169160646,1.4577173507028098,ok,2.9013255813088565,ok,1.3870086348388009,floor,2.1660867974252267,ok
151,22,0.4696501216122695,0,-18.453386895384437,0.014277800535527048,0.3763178653190148,0.0,139,35.181923708469746,-16.44409065641144,0.022677278535918458,0.4061329521855921,0.0,139,28.70255654149776,-17.478138264860746,0.017872535711570322,0.3703016798776581,0.0,139,28.62595191790903,-18.747203779941096,0.013343803010178285,0.4063883213451676,0.0,139,31.462419262892908,-1.0340476084493062,-1.2690655150803494,-0.29381688455665866,-17.448738775897937,-0.029399488962809528,-1.298465004043159,0.21511558817335535,2.3031131235296556,2.31209297454654,3.265008979819125,-0.0180545108497396,2.94148676687734,-0.1296338001559864,3.040463247806203,-0.0648095760324931,3.269797968525469,0.0839829965037468,4,ok,0.2165852955026592,0.1732806773226467,0.1857909146669528,0.1801224392738273,0.0091420717457001,20.22844319212586,1.4575552634865732,ok,1.249812607968614,ambiguous,1.3868744082995073,floor,2.176336178674177,ok
152,22,0.3038206362764897,0,-18.8787571447307,0.012945662648305344,0.4516556914616338,0.0493701313023597,85,35.17937631046071,-15.85996747178985,0.02594198792328267,0.5350694646986037,0.0860849265245273,85,28.6996800142176,-19.775174995381143,0.010531312512191995,0.4936754067161402,0.0545040103214859,85,28.62301626766429,-18.912119806389,0.012846594601605619,0.412462210980021,0.0010740172893426,85,31.45958049998564,-3.9152075235912935,0.8630551889921421,-0.03336266165830182,-17.369362308260275,-2.405812687120868,-1.5427574981287258,0.3897983961016336,3.9152075235912935,1.9753593543225412,3.225156564008861,-0.0206178443303328,3.0315833483069845,0.0089466712060195,3.0008617086024287,-0.0658053489580825,3.090819627276929,-0.0580076522128933,4,ok,0.2046935647726059,0.1792860816068509,0.1722675898495842,0.1949467428028583,0.0197222333401441,19.80320905474662,1.4575095824401256,ok,2.882048605095695,ok,1.3868356268407982,floor,2.456843793831857,ok
153,22,0.2807673441173454,0,-18.92932333948506,0.01279580656047354,0.4989931271335847,0.0885921214754776,71,35.1769179223289,-15.94408088743396,0.025444382244925796,0.4215308964506893,0.0,71,28.696939844480703,-19.794871387704934,0.010483658395062549,0.463791506077754,0.030244150895192,71,28.620219163491694,-18.197463871968942,0.015144453734451302,0.5011380041089203,0.070383902233851,71,31.45686587481432,-3.850790500270973,1.5974075157359913,0.7318594675161165,-17.43670211345951,-2.358169274245423,-0.7607617585094317,0.357891102335651,3.850790500270973,2.023389729040185,3.246208591293057,0.014079278847165,2.949629899276424,-0.0552651954075082,3.0851816374239336,0.0326414864534796,3.1649015544769017,0.0296090841037988,4,ok,0.2054239414947133,0.1641499946864558,0.1700130289709064,0.1902777213131038,0.0147739391196781,19.752774203819943,1.4574655030035466,ok,2.8455931422520906,ok,1.386798681051987,floor,3.1915337697443555,ok
154,22,0.723847460353637,0,-17.966674123801077,0.015971017575988854,0.4525991166021143,0.0501136691117747,213,35.20160146722211,-16.065800775727155,0.024741152284853157,0.4157921271792205,0.0,213,28.72463335565558,-12.924790234437856,0.0509942227345493,0.464317282775926,0.0306578908296915,213,28.648316199790703,-13.51554633077762,0.04450874685917597,0.4912559854049751,0.0619938686343755,213,31.48391241870576,3.1410105412892992,-0.5907560963397636,4.451127793023458,-17.016237449764116,4.09144721532626,3.500691118986497,0.4178747445995226,5.041883889363222,5.2503086924505,3.390445371646049,0.0750213149228651,3.1050969526384016,-0.0080993648479772,3.0258106342360023,-0.1129654128431525,3.24368564266774,0.0257716595522796,4,ok,0.2107295290055409,0.1899978257540805,0.1849390825545284,0.2000301997286613,0.0154245948252823,20.71410411325363,1.4579083272200375,ok,1.1843031751009403,floor,5.718093363726704,ok,7.192969836655568,ok
155,22,0.4358413456392997,0,-18.48638462520011,0.01416972877668802,0.4550731857694696,0.0520709164265353,129,35.194484740264656,-17.1389027903038,0.019324564747653997,0.464361172928215,0.026416477932017,129,28.716690226118693,-20.180530334459874,0.009592834823988754,0.4775320052685654,0.0412106659291793,129,28.64026752738065,-19.721079034785532,0.010663311509386994,0.4577429933473913,0.0347848516407887,129,31.47616581584132,-3.041627544156075,0.45945129967434184,-1.2346944095854226,-17.812643707751953,-2.3678866267079215,-1.9084353270335797,0.2825710738130004,3.041627544156075,1.6350844859154927,3.2843458742088703,0.0069430820505842,3.087819362011805,0.0240589300738065,3.004425287626746,-0.094986957457595,3.10407983978269,-0.0761201864440677,4,ok,0.1888212639289771,0.2052753038357856,0.1952652096344057,0.2033990811296673,0.0017830742479756,20.19477411630381,1.4577805973698936,ok,1.184213213211469,floor,1.3870636081685002,floor,1.0388977502647423,floor
156,22,0.8466172172870067,0,-19.099496696337866,0.012304113548617783,0.4205619698892361,0.0257325863648196,268,35.19866290021299,-16.836480692295556,0.020718195688443315,0.4490378478915495,0.0145987143441703,268,28.72138263930136,-19.551049802870715,0.011089067312248785,0.4152828914031265,0.0,268,28.645025972110123,-19.241062249173517,0.011909506754981744,0.444716811072887,0.024727609147382,268,31.480735999434746,-2.714569110575159,0.3099875536971979,-0.14156555283565098,-17.96798869431671,-1.5830611085540056,-1.2730735548568077,0.27849908613667196,2.714569110575159,1.7952055960771918,3.308792989028684,-0.0240461021502866,3.024539875872121,-0.1112997613467681,2.981798566371355,-0.1750074430432273,3.0697575501502645,-0.1654307100361154,4,ok,0.1941350398779805,0.1976868660369915,0.1929711209915912,0.1787863950342384,0.0029398319658948,19.581438666932748,1.457855580861893,ok,1.925291393758841,ambiguous,1.3871265279697664,floor,2.344196179980666,ok
157,22,0.4224371561524075,0,-20.525609868649806,0.008860107946899034,0.3727950230037132,0.0,120,35.19122362136841,-19.515584882090135,0.011179992489268608,0.5903864884982992,0.1386514252125716,120,28.71316941579183,-20.3176732524322,0.009294642170499641,0.4880682903240242,0.0498367189476833,120,28.63671816190084,-18.482006328343584,0.01418402105167687,0.4339101492213748,0.0166043559387489,120,31.472707001368203,-0.8020883703420658,1.835666924088617,2.043603540306222,-20.02059737536997,-0.2970758770622304,1.5385910470263866,0.192800528889931,2.043603540306222,1.407910319973896,3.2487721487083645,-0.0231474251440868,3.102911569110815,0.0462805095307854,3.099282893204984,0.0055474798135182,3.1598087686986123,-0.0149523574504115,4,ok,0.2117212319125731,0.1935714866966009,0.1817290810868144,0.1900184684743484,0.0209172782177726,18.155723199013405,1.457722082331485,ambiguous,1.184173349049217,floor,1.3870166856850237,floor,4.420490847602883,ok
158,22,0.4537630693477505,0,-19.14115714481489,0.012186648516268007,0.4931599065700082,0.0835479266934415,125,35.19689404296875,-15.129925350309056,0.03069074741424287,0.4515488914591987,0.0165081346556112,125,28.719467483520507,-18.422416629704625,0.01437998182140347,0.5956985015291086,0.1487369379487697,125,28.64309420776367,-19.74235231976276,0.010611206543835607,0.3921559587760863,0.0,125,31.47885508728028,-3.292491279395568,-1.3199356900581343,-0.6011951749478683,-17.135541247561974,-1.2868753821426502,-2.6068110722007845,0.4735960682498557,4.612426969453702,2.2904191431035903,3.3005066577533766,0.0254920360578174,3.0837020642002435,0.0230467715314519,3.096653821106565,-0.0002859268028285,3.083607429645111,-0.0942237285572704,4,ok,0.190432726830244,0.1822836644053459,0.2098310889005661,0.1925251272320747,-0.0234728932827711,19.539872791628813,1.4578238341165504,ok,3.90209395420347,ok,1.3871009828598966,floor,1.7852780737806808,ambiguous
159,22,0.6722226892039258,0,-18.6525165980081,0.013637926332413484,0.5532111211475413,0.1383140862986984,211,35.20349376009539,-15.059814233899276,0.031190229950333548,0.5152939260793541,0.0685465398966602,211,28.72682505422294,-17.88413832773679,0.016277442400609392,0.5843518238809569,0.1373843083788444,211,28.650548067138093,-18.95600949443114,0.01271742106036061,0.6407913706058098,0.2068185133370585,211,31.48603118426427,-2.8243240938375127,-1.0718711666943506,-0.303492896423041,-16.856165415953686,-1.0279729117831025,-2.099844078477453,0.4046141828715662,3.8961952605318633,2.4903237454933578,3.350235677158941,0.0355268912464756,3.030581959199492,-0.0816843511885054,3.151824358791293,0.0137888388589342,3.275140397667124,0.0579359041709044,4,ok,0.2116838620172292,0.2037730589155902,0.1895224114447408,0.1975113171819262,0.0182060490216689,20.028160448422284,1.4579422973348022,ok,3.479124734341944,ok,1.3871995644917272,floor,2.1658631551266043,ok
160,22,0.702019525588388,0,-18.090636179103072,0.015521596241896782,0.763491255850897,0.379632605609125,209,35.206855700917224,-16.03402669457469,0.024922828588076942,0.6746990118983857,0.2287117912734968,209,28.730561735527367,-19.11985653322226,0.012246566544514188,0.7722004764389905,0.3534430526509289,209,28.65433788755864,-17.646663203889176,0.017192288075102785,0.5563230749449569,0.1203091121110246,209,31.48968389045679,-3.085829838647573,1.4731933293330854,0.4439729752138959,-17.062331436838882,-2.0575250963833795,-0.5843317670502941,0.2664845600822438,3.085829838647573,2.18679746369589,3.542581502858391,0.2285947999620998,3.3114246686626503,0.2000972227167619,3.277778342000261,0.1404904019603061,3.305278808528436,0.0887905617971172,4,ok,0.2039744500872906,0.1918854328612106,0.17018020461407,0.1829428625199498,0.0277497368601805,20.58986106957413,1.4580026581425705,ok,1.4724841902963706,ambiguous,1.3872497014516387,floor,2.92398286474991,ok
161,22,0.5002484352402639,0,-18.710831443663317,0.01345602717820333,0.3964642493401498,0.0085726077126673,139,35.21317691940198,-17.268788714022406,0.01875517533664656,0.4215511132772327,0.0,139,28.73758265268889,-19.924373982928095,0.010175660334365929,0.5325686493474462,0.0883456992360722,139,28.66148476634952,-18.914961147470475,0.012838192556293218,0.4769960480317422,0.0501814198340364,139,31.496585777337604,-2.655585268905689,1.0094128354576206,-0.20412970380715834,-17.98981007884286,-1.934563904085234,-0.9251510686276134,0.22538939393201987,2.655585268905689,1.7098518018546485,3.3064599268036914,0.0233964361348268,3.1160593893971305,0.0449388223638038,3.1689777035894338,0.0637048797507375,3.225812372456205,0.0399974004344825,4,ok,0.2056667793997757,0.1838309263689912,0.1613615658000218,0.183231602791402,0.0333872870843616,19.96932768342451,1.458116177407569,ok,1.1844499137057916,floor,1.3873442765788817,floor,2.277127308218012,ok
162,22,0.3072359700729527,0,-18.329718524211422,0.014690214850661888,0.5854253951675121,0.170283762816108,71,35.211157516694406,-16.024397954752157,0.024978146273084593,0.5314171338272646,0.0827960523483601,71,28.735304819026464,-19.413173340389427,0.01144676233890062,0.4917292003909212,0.0528779723263252,71,28.65915830370406,-19.085605746868765,0.012343531375985558,0.4723601790055966,0.0464161659582214,71,31.49435422118281,-3.3887753856372704,0.3275675935206621,-0.7558872226573428,-17.177058239481788,-2.2361151009076394,-1.9085475073869773,0.33995733637151865,3.3887753856372704,1.9914505998865235,3.4227914118881904,0.1906620994422985,3.058679773593106,0.053784678909174,3.048776183862649,-0.0037639671078051,3.2303142912284346,0.0950218208553317,4,ok,0.2233253352239098,0.1898074858415294,0.1733357538010033,0.186926169504582,0.0332306567317163,20.35054862921137,1.4580799082213785,ok,1.994845774574046,ambiguous,1.3873134865571424,floor,1.5244642342814865,ambiguous
163,22,0.980347962241822,0,-15.067947559173888,0.031131872567894712,0.5023292541628709,0.0915036516011893,297,35.21315204093753,-13.933705249456132,0.04042308688209586,0.5782147286495308,0.1266414682386794,297,28.737440256960063,-13.880387593244441,0.04092241362199735,0.5132020598052517,0.0711738588493946,297,28.66132049046783,-14.54849304769544,0.035087360196907835,0.4689475251727943,0.0436679063582796,297,31.49647786561086,0.053317656211691045,-0.6681054544509983,0.5194545114784486,-14.50082640431501,0.620438811070569,-0.04766664338042936,0.1093956260378158,1.187559965929447,5.0230744651067045,3.443771167466552,0.1031421291206657,3.341909536423601,0.1959412793132231,3.2205957766238624,0.0557247556601474,3.345289266000316,0.1023740210599997,4,ok,0.2114047008231031,0.2079615217040885,0.1975661514558976,0.2098820793006556,0.0121169598076981,23.612212898816693,1.4581157305595605,ok,1.1844482995817691,floor,1.3873421023179189,floor,2.9950472591958746,ok
164,22,0.906192737167293,0,-18.205071997528645,0.015117946365556436,0.8437862148103321,0.4921148370668453,290,35.21111252883385,-16.056132931655203,0.024796289995539195,0.7746587810036795,0.3510388677143277,290,28.735146943454083,-17.93195371460782,0.016099212340295217,0.9632214877086738,0.634512377811965,290,28.65897833067796,-18.169111446232463,0.015243646024196322,1.0228965124220162,0.7506804171394539,290,31.49423112540409,-1.8758207829526157,-0.23715773162464515,0.035960551296181364,-17.130602464591924,-0.8013512500158946,-1.0385089816405397,0.22727351499428006,2.148939065873442,2.3448023526852313,3.431253189862219,0.092432506422885,3.26340878363988,0.1197917798929606,3.2839807955221865,0.1209819827896403,3.3703931468486408,0.1292716407480405,4,ok,0.2085866467320713,0.2069720721193428,0.1968670557285177,0.2019405794811659,0.0109123036971894,20.47519756239179,1.458079100264673,ok,1.71165670058262,ambiguous,1.3873111048214395,floor,2.5282304864950245,ok
165,22,0.7514389364106688,0,-19.702407804739494,0.010709254008017772,0.4417993803897428,0.0416948923367557,238,35.206650116864374,-17.40514077065742,0.01817548141786394,0.447960539506026,0.0137827833235364,238,28.73018618992397,-19.62630248635467,0.010898575857403964,0.5309171822944421,0.0868565821609586,238,28.653930912498662,-19.022867932596462,0.012523139164378161,0.5184877043502992,0.085518352688978,238,31.489358525316256,-2.2211617156972494,0.6034345537582091,0.6795398721430317,-18.55377428769846,-1.0725281986562116,-0.46909364489800254,0.2314886320298419,2.297267034082072,1.7044758346291964,3.2501533640496563,-0.0736848771281555,3.0426251105851367,-0.0815114705784783,3.073255240243096,-0.0742320975995332,3.138807889973143,-0.0874522697728652,4,ok,0.2027561926916867,0.1822607376526634,0.1837139304007301,0.1855476516760698,0.0087945347714449,18.97810043928657,1.457998966767007,ok,1.981835266085685,ambiguous,1.3872443169608963,floor,3.1438749298758677,ok
166,22,1.1973765742523796,0,-19.675440622879748,0.010775959183184547,0.4285814108822504,0.0316677119172443,403,35.20253052250032,-17.0391177491354,0.019773712939252702,0.4744357180213968,0.034402285297975,403,28.725523842179747,-19.779503950897094,0.01052082035273107,0.5012108233850984,0.0608603619317962,403,28.64919505817423,-19.056129150584965,0.012427594806836471,0.4686384626969224,0.0434199979306564,403,31.48482105453908,-2.7403862017616945,0.7233748003121292,0.6193114722947826,-18.357279186007574,-1.4222247648895205,-0.6988499645773913,0.2816085338913786,2.7403862017616945,1.7352722557584137,3.2982609873959614,-0.0655080837351906,3.132309727262501,-0.0437455883781261,3.0827022476369588,-0.1061258846731703,3.1743754828371844,-0.0914927650832688,4,ok,0.2125135582153022,0.1952910464321709,0.1777018962460327,0.1903352403537215,0.0262004060777038,19.00528793370144,1.4579250050634034,ok,2.446830349568738,ok,1.387181667375169,floor,3.0878702281409147,ok
167,22,0.7704174140296096,0,-19.61484964294716,0.010927354581183303,0.3836812159137662,0.0,244,35.27622926430624,-16.90739716983559,0.020382632914061453,0.4385159824954306,0.0067135783777434,244,28.807477294421588,-20.486357738764777,0.008940549790200826,0.4996292393174824,0.0595182640710307,244,28.732223862507304,-18.580110254201664,0.013867206237927483,0.4713254841010894,0.0455808061605735,244,31.565179777927085,-3.578960568929187,1.9062474845631137,1.0347393887454963,-18.261123406391377,-2.2252343323734003,-0.31898684781028663,0.3198582878350286,3.578960568929187,1.708796715282284,3.211867811153382,-0.1138581161688994,3.0947746096109734,-0.0318163727214919,3.1399103979256275,-0.0095312805858243,3.228577510700012,0.0004449220727811,4,ok,0.2026846786564002,0.1852840545633044,0.1986915795590545,0.1813454710893699,-0.0047072129492022,19.06193248147353,1.459250440415569,ambiguous,2.5347911151829097,ok,1.3882822332800655,floor,3.4733164988062817,ok
168,22,0.7724193757020149,0,-18.977411277192108,0.01265490450493412,0.4423104337334524,0.042088693714666,234,35.28509203592936,-18.031386683451615,0.015734803787867124,0.5439439956694682,0.0941701869666604,234,28.81744107629499,-19.792008632527356,0.010490571225500168,0.526251488619,0.0826745465403673,234,28.74226270170293,-19.4275662981269,0.011408889404494981,0.5122728943649657,0.0800378604489946,234,31.57489325042464,-1.760621949075741,0.36444233440045437,-0.450155020934794,-18.50439898032186,-1.2876096522054965,-0.9231673178050421,0.1575583239870551,1.760621949075741,1.5758274231773468,3.359809697276063,0.0372565401446625,3.1263677508696737,0.0039020575254258,3.157304168411559,0.0111472911553542,3.186676025802547,-0.0383094366160752,4,ok,0.2045793770852252,0.2041718787871874,0.1801944412131849,0.1863344554176442,0.0241811867230213,19.6988955362552,1.4594101580016838,ok,1.1853569949333067,floor,1.388415616389894,floor,1.9924661616150416,ambiguous
169,22,1.2283106611993748,0,-16.281974862093023,0.02353978618607029,0.464989621732742,0.0600229439151902,402,35.28828542149482,-15.778589713649481,0.0264326696719712,0.5620940799376839,0.1111202167565712,402,28.8209847549894,-16.097627839997486,0.0245605006854791,0.5578876891060945,0.1117546923182364,402,28.74583263302324,-20.627967642093978,0.008653727905508446,0.4800549725784984,0.0526860162714444,402,31.57836384085281,-0.3190381263480049,-4.530339802096492,-4.345992780000955,-16.030282287871252,-0.06734555212623405,-4.597685354222726,0.34077939606525964,4.849377928444497,2.7490565908155045,3.399707384442832,0.0361266814672385,3.3466257785035656,0.1708153822964648,3.3494342984344123,0.1608011855920055,3.100539545100177,-0.1651418571543237,4,ok,0.199710274013269,0.2033416552663739,0.1949429059428955,0.1950612640036131,0.0065830586969259,22.394160651677492,1.4594677236975369,ok,1.1853973317912114,floor,1.3884630654720729,floor,1.0400351511289765,floor
170,22,0.5500544157715738,0,-19.616004693961223,0.010924448724849555,0.5041047395806472,0.0930610767841064,164,35.28966231462432,-17.935739649786143,0.01608518406732449,0.4356061585371867,0.0045659428570856,164,28.822373750733167,-20.703804369070383,0.008503927776632742,0.507933738313341,0.0666126181355892,164,28.74723015761957,-18.34134394296745,0.014650943910330508,0.4597248635381667,0.0363404589196048,164,31.57977178620129,-2.76806471928424,2.3624604261029347,1.2746607509937746,-18.775872171873683,-1.9279321971967,0.43452822890623466,0.23896131009263585,2.76806471928424,1.5587038953888315,3.3133517035444404,0.0177484609603841,3.112955283373322,0.0255303206924919,3.120434988124915,0.002179631561376,3.182350144114194,-0.0159032270122541,4,ok,0.2239639171649043,0.1725218459827507,0.1905365357084608,0.1942276528741165,0.0077063458653666,19.060056954222667,1.4594925471178095,ok,1.1854131443877851,floor,1.3884816427633415,floor,3.695138605735392,ok
171,22,0.3239565531048635,0,-19.16806713823903,0.012111370396878296,0.4425165936126821,0.0422476828021525,76,35.29403425517835,-17.853488966780887,0.01639272311233078,0.5424194427707197,0.0927717613166294,76,28.827234544252093,-19.70738016167843,0.010696999705120181,0.537996508503256,0.0932725441980943,76,28.752132014224404,-17.529821850849885,0.01766110265675199,0.4965053562673148,0.0664298854578846,76,31.58450688813862,-1.8538911948975425,2.1775583108285446,1.6382452873891467,-18.51077805250996,-1.1966021091684702,0.9809562016600744,0.20333284498554,2.1775583108285446,1.794531917554651,3.225696056764208,-0.0115929429313599,3.0307067060175363,0.0191028994782946,3.214353496012277,0.1564714683426751,3.233891615854075,0.0934811615127824,4,ok,0.1975557238941914,0.1865138834048258,0.2093930480707632,0.196052137860342,-0.0173582444212546,19.507759945398437,1.459571378157672,ok,1.185468489409486,floor,1.3885468135926746,floor,4.034890091915014,ok
172,22,0.7412361949080405,0,-19.661847978484197,0.010809738852296155,0.3821353022904207,0.0,221,35.28798606492815,-16.114236771949876,0.02446675216369753,4.153157075961192,14.40827424966569,221,28.820541735687947,-20.85520190822527,0.00821258370752662,0.4784441567138379,0.041950000875919,221,28.745385018948514,-16.05840272936651,0.024783333842647224,1.507036347722969,1.798565642941285,221,31.577976891357974,-4.740965136275392,4.796799178858759,3.603445249117687,-17.888042375217037,-2.967159533008232,1.829639645850527,0.44605696563112024,4.796799178858759,2.1341961225034503,3.2493160130064407,-0.0689034992957489,3.1209965345468627,0.0041655188556561,3.095545961784935,-0.0461242488933675,3.181138380608942,-0.0395484637565948,4,ok,0.1986965039803971,0.2079148634054542,0.1993058347290727,0.1844702397907211,0.0039998489638529,19.014303594239617,1.4594623269486646,ok,3.436026056415672,ok,1.3884571156189645,floor,6.1011384961732,ok
173,22,1.0505682467249404,0,-15.249622477608598,0.029856421427709747,0.6548498233295884,0.2453310785709272,341,35.30163112204096,-14.455756769460068,0.03584464825999744,0.8832480477046009,0.503047679020411,341,28.835825481023257,-14.826153000912957,0.03291430581111627,0.6326330149653192,0.1872027759764218,341,28.76080296535996,-15.100663211917771,0.030898235489501828,0.6482025000362779,0.2149912810103231,341,31.592856505049987,-0.37039623145288836,-0.27451021100481476,0.14895926569082718,-14.852689623534333,0.026536622621376793,-0.24797358838343797,0.07051838260279068,0.7938657081485303,4.266683905979823,3.4239660325606724,0.0728626920116575,3.2814854683071832,0.1218983478886377,3.311327283780422,0.1356121111906079,3.3786822552774023,0.1253773669033764,4,ok,0.2272041854817321,0.1823218735126106,0.2075620926916599,0.1962855710508711,-0.0027990631944884,23.425796926572087,1.459708398741172,ok,1.1855663393710918,floor,1.3886621349076371,floor,2.6430387286455823,ok
174,22,0.9525668214601076,0,-18.33433085822795,0.01467462169585489,0.7163522167215477,0.3188329257223088,304,35.31717355627762,-17.674884776546286,0.017080930371835494,0.712670863934031,0.2731929182911281,304,28.85303192389639,-17.359026909951428,0.018369498883916105,0.6863124585591323,0.2472319086645122,304,28.778107862723505,-18.73006330186074,0.013396571607193814,0.8065777713099685,0.4121058287146066,304,31.609718341576425,0.3158578665948575,-1.3710363919093105,-0.39573244363278803,-18.004607817387118,0.64558090743569,-0.7254554844736205,0.12299526731538085,1.3710363919093105,2.1520052223343296,3.590070899918473,0.2476756352615665,3.3657062441862458,0.2174415100185331,3.364866653978594,0.1981670409472382,3.435053444404834,0.1903862487150682,4,ok,0.2127540940541382,0.1907720747771427,0.1969468146133677,0.1823637082952221,0.0048162698022727,20.34025411713161,1.4599888893750892,ok,1.1857624478970052,floor,1.3888924377559548,floor,2.060529048456619,ambiguous
175,22,0.1686314783880216,0,-19.666557115954404,0.010798023999821108,0.4451754550093594,0.0443048179010212,38,35.310027273077715,-19.801110973855263,0.010468607151162398,0.545377323060562,0.0954885139634704,38,28.84522533416748,-19.752185040969998,0.010587209229572734,0.3901494580118217,0.0,38,28.77031331313284,-18.497119687728436,0.014134746734272933,0.421233015170652,0.0073297852766536,38,31.60205037970292,0.0489259328852647,1.2550653532415623,1.1694374282259687,-19.73383404490483,-0.018350996065166214,1.236714357176396,0.1328488094630136,1.303991286126827,1.4694546400573465,3.20290624883342,0.0181703816185221,3.0471634838172825,0.1038901410922759,3.088849933268259,0.0853766982795329,3.0124017011410986,-0.0758803825259573,4,ok,0.2081786196090673,0.1965078390938671,0.2037770622654965,0.1858011705702857,-0.0014338329140292,19.00841158250178,1.4598598953677768,ok,1.1856734518642644,floor,1.3887886785784325,floor,3.5984122077941016,ok
176,22,0.1731525057273974,0,-18.253726347560153,0.014949524017472194,0.4769574568625851,0.0698482680592591,38,35.31213730259945,-17.759683312696133,0.016750650172245616,0.4519558278697721,0.0168185754010234,38,28.84755932657342,-20.231771536925656,0.009480316714425181,0.6380900115769877,0.19308215969229,38,28.77265443299946,-18.281256536018617,0.014855057815236588,0.4384104804959587,0.0199629269133827,38,31.60432830609773,-2.4720882242295232,1.950515000907039,-0.027530188458463556,-18.006704830128143,-2.225066706797513,-0.27455170589047384,0.19426877502967768,2.4720882242295232,1.6705794409498012,3.149205212027642,-0.035530655187256,2.985571784541569,0.0422984418165626,3.133212193141065,0.1297389581523389,3.24072127746824,0.1524391938011842,4,ok,0.1957965716719627,0.1984959099637834,0.2234645424116599,0.1912965348088427,-0.0263183015937867,20.421129062407488,1.4598979777282826,ok,1.185700055943041,floor,1.3888198386759107,floor,2.4662621480442084,ok
177,22,0.417016906292713,0,-19.542251259067207,0.011111555865157023,0.4022363347697317,0.0125907150868629,114,35.3141370070608,-18.39111100251891,0.014484012793416655,0.4838461632624031,0.0420165012656021,114,28.84982883721068,-20.00160191042754,0.009996312145110146,0.5153406853454366,0.073038882379802,114,28.774939269350288,-18.853344047035684,0.013021637323966448,0.495925382719918,0.0659374579601586,114,31.60653094241493,-1.610490907908627,1.148257863391855,0.6889072120315234,-18.96668113079306,-1.0349207796344793,0.11333708375737572,0.14206431665025263,1.610490907908627,1.5423587786317772,3.2927959117765035,0.0247653002843133,3.0941634954811104,0.042588929953657,3.219758412609605,0.1300492815121776,3.347871315674433,0.1769677192650194,4,ok,0.2169986856088303,0.1979417596665913,0.1945569466211293,0.1826443022541832,0.0129132760165814,19.132496777653063,1.4599340725743744,ok,1.1857259280562904,floor,1.3888502532289424,floor,3.1553410641937814,ok
178,22,0.2664482686812132,0,-18.19766503758262,0.015143752258172124,1.0886228833025298,0.904478435433426,68,35.31754140292897,-17.547306236690254,0.017590143252703007,0.6474951595543851,0.1983416096285351,68,28.85362294140984,-18.28612359079662,0.014838419362427526,0.5489400070205372,0.1033578154584804,68,28.77874206094181,-17.955811473525266,0.016011014566928862,0.8574413029818088,0.4845158566822642,68,31.610236252055447,-0.7388173541063665,0.33031211727135457,0.24185356405735448,-17.872485637136435,-0.4136379536601851,-0.08332583638883051,0.0672257509765086,0.7388173541063665,2.046253091925035,3.4066731895521807,0.1778171110328519,3.1659555291285244,0.165316348066046,3.0683288861662605,0.0191775475786251,3.3400604572155523,0.2080147647864692,4,ok,0.2082135633510702,0.1996205252430894,0.2083549666054108,0.1735676672747906,-0.004437922308331,20.47690018332903,1.4599955304236705,ok,1.1857691870059386,floor,1.388900881863653,floor,2.7340211645028867,ok
179,22,0.2934827487748793,0,-18.119604083137943,0.015418410057436169,0.4573693385564063,0.0538969597871099,76,35.31412586412932,-18.283829780323526,0.014846258631233221,0.605176008926243,0.1535810233299324,76,28.849762841274863,-19.381789089000392,0.011529781871902168,0.7120487333406649,0.2777454257555189,76,28.77486158672132,-18.56374792968451,0.013919550374234833,0.5727837430636281,0.1362098175301132,76,31.6064823050248,-1.0979593086768666,0.8180411593158823,-0.4441438465465666,-18.201716931730736,-1.180072157269656,-0.3620309979537737,0.10658656465239931,1.2621850058624489,1.698729447948252,3.317548447352789,0.0802594476572213,3.1568460898557813,0.1452422833165396,3.183558359469653,0.1256763318000504,3.248407179402472,0.107996725061179,4,ok,0.1743232593136398,0.1941455636957758,0.2010710117848295,0.1963648325518558,-0.0168366002801217,20.55514455191912,1.4599338714335837,ok,1.185725175669377,floor,1.3888492191000477,floor,2.0008488673429023,ambiguous
180,22,0.5213027996045472,0,-17.508386297048943,0.017748488369008428,0.9652300264867576,0.6835944943082524,152,35.32285966371235,-18.54553701386189,0.013978040633524003,0.464747890570944,0.0267198547728857,152,28.8595332220981,-20.183635457229816,0.00958597858126064,0.4965744397006663,0.0569380360339646,152,28.784707182332088,-19.887786689600556,0.010261747661039721,0.5055449482040413,0.0741793599595723,152,31.61603957728336,-1.6380984433679266,0.29584876762925916,-2.379400392551613,-18.026961655455416,-2.1566738017743994,-1.8608250341451402,0.2531441381075322,2.675249160180872,1.4614467637994417,3.4466001850571657,0.1567580528809284,3.0971460327349947,0.0172117623815175,3.146176940257563,0.0338861199070841,3.188870071966692,-0.0036687530488377,4,ok,0.2157646454380531,0.1710172805592025,0.2057760086547779,0.1921036324806903,-0.01238504565615,21.16589328755955,1.4600915589862202,ok,1.1858365904525658,floor,1.3889803185359926,floor,1.0404559229925174,floor
181,22,0.3170852062888362,0,-19.96762214445683,0.010074831365184599,0.4864761468388603,0.0778411566188683,86,35.3222230866898,-17.248572811003022,0.018842682005162457,0.6345480082871755,0.1843264317909605,86,28.858852164689885,-21.02506467270156,0.007897570886921336,0.4863151909509877,0.048388401813864,86,28.78401938150096,-19.513299481072508,0.01118587731886812,0.6183365587807971,0.1826297770061609,86,31.615357021952786,-3.7764918616985383,1.5117651916290527,0.45432266338432115,-18.608097477729928,-2.416967194971633,-0.9052020033425805,0.3436390381413106,3.7764918616985383,1.509194364059286,3.238142768915294,-0.0085184114463694,3.149703664607853,0.1259139916580656,3.104133981987464,0.0365488403309477,3.2235082064327445,0.0738013222741074,4,ok,0.2067818127052728,0.203438198237225,0.1949711572812047,0.1924948217563851,0.0101388481900442,18.706691632768937,1.4600800633784576,ok,2.5500019288061626,ok,1.3889711579588964,floor,2.9366910936158366,ok
182,22,0.4785180004657791,0,-20.222924110921248,0.009499649655199564,0.5031196783129144,0.0921963194090278,140,35.321729741777695,-16.259277590054232,0.023663132797557412,0.7122843581516083,0.2727278904496764,140,28.8582300731114,-20.8354012400217,0.00825011260050719,0.5255875938196201,0.082082472811225,140,28.78337184361049,-18.826403197670118,0.013102666291733884,0.6103138039801886,0.1741967064193168,140,31.61477083478655,-4.576123649967467,2.008998042351582,1.3965209132511305,-18.24110085048774,-2.5943003895339594,-0.5853023471823775,0.44471997453770423,4.576123649967467,1.7497123238559613,3.2830232614306425,-0.0005837308030001,3.370511572550871,0.2986843356721511,3.0336401117174043,-0.0721954048203543,3.260290987501775,0.0739369067781838,4,ok,0.2103900995371597,0.1894509733787604,0.1732892408700926,0.1944200193509459,0.0266312955878675,18.451416164906536,1.4600711545720657,ok,3.8580597239187857,ok,1.3889625339230816,floor,3.809163110630288,ok
183,22,0.3600646109439386,0,-19.465361323520675,0.011310032884166333,0.4965434535547771,0.0864665768539889,98,35.218746068526286,-15.341068880488463,0.029234327774447563,0.6347956479518478,0.1845918441648013,98,28.74361176393469,-19.99011129428539,0.010022795528756802,0.5723441580263722,0.1256081119204883,98,28.66760830003388,-18.828409820149567,0.013096613709275357,0.4277526919900185,0.0120652254082125,98,31.50254839293811,-4.649042413796929,1.1617014741358247,0.6369515033711082,-17.40321510200457,-2.586896192280822,-1.425194718144997,0.48796731475285343,4.649042413796929,2.056320073911677,3.37202243063196,0.1154578705210376,3.287276170296719,0.2506099569838187,3.2423595676626307,0.1645213562045069,3.1874984592324003,0.0279682396010967,4,ok,0.198260450925754,0.1821838044466412,0.1911958046257496,0.2079222462691214,-0.0009736769395519,19.21449984450221,1.458216220029039,ok,4.017427011391802,ok,1.3874253371429988,floor,3.10467819355765,ok
184,22,0.8761300156238778,0,-19.29548450543711,0.011761197676803715,0.411965698897921,0.0194950432625582,271,35.22489902454109,-14.79350164468444,0.03316269643848308,0.416748943991968,0.0,271,28.750390837553244,-20.03845104700946,0.009911853976518309,0.4553790147433122,0.023688015127139,271,28.674512835006432,-18.056024246031008,0.01564579283196965,0.4791321664806032,0.0519287515830866,271,31.509206046917345,-5.24494940232502,1.9824268009784518,1.2394602594061013,-17.044493075060775,-2.993957971948685,-1.0115311709702333,0.5226265639367695,5.24494940232502,2.2648221276240417,3.2728641252895048,-0.0608189613612277,3.034157399668784,-0.1027796146106232,3.1002428417616,-0.0574369647508743,3.1221051414174847,-0.11392029262938,4,ok,0.203373665546799,0.1789640962830108,0.183461178644007,0.1930846236921104,0.0077077022708979,19.384047397364203,1.4583267819742087,ok,4.404723324409691,ok,1.387516766621769,floor,3.660784324232651,ok
185,22,0.4617213093585915,0,-19.017698661884538,0.012538053937834045,0.4158878150983633,0.0223249931080256,119,35.22263974101604,-15.485614221033527,0.028277341573993926,0.4367529314368584,0.0054106272194478,119,28.74790685317096,-19.143740553645838,0.012179401421341524,0.4223942860645506,0.0,119,28.671987629738176,-18.673970304873635,0.013570722486491221,0.4711928112849126,0.0454738254101108,119,31.50676613495129,-3.6581263326123103,0.4697702487722033,0.3437283570109031,-17.251656441459033,-1.8920841121868044,-1.422313863414601,0.40485919306880336,3.6581263326123103,2.1705925919312565,3.2532095082613752,-0.0180756004357673,3.075748427700471,0.0199423103510909,3.113956919230336,0.0208783740685833,3.25196350570229,0.0778317166305191,4,ok,0.1974427490925588,0.188550209548293,0.1907674302073086,0.1947055989641602,0.0022290491131173,19.66195415144135,1.458286181198721,ok,3.4181568331301837,ok,1.3874833242555278,floor,2.829393856014148,ok
186,22,0.7721688846969385,0,-19.066253344545103,0.012398657565981148,0.4622721394785022,0.0578267339741118,230,35.291909325641136,-17.725260969784287,0.016883943999519185,0.5136283406724746,0.0670995309541095,230,28.82512008832849,-19.580221236715843,0.01101483196755687,0.7811172754726798,0.365186524350074,230,28.75000120245892,-18.601602237754335,0.013798750949159904,0.8372886687375449,0.4552967969551595,230,31.582351974819016,-1.8549602669315561,0.9786189989615082,0.46465110679076815,-18.395757157164695,-1.184464079551148,-0.2058450805896399,0.16084390719678282,1.8549602669315561,1.715910124755385,3.304015157796393,-0.0172307575786079,3.0990662514533707,-0.0216997442455468,3.258118959488516,0.1133154829212976,3.376082569172636,0.1523937827012278,4,ok,0.2027505852120078,0.1751802844359823,0.1768083743994002,0.1862768077979917,0.0121570604245947,19.609687751131887,1.4595330611465809,ok,1.1854444125191863,floor,1.3885184821691503,floor,2.945634362482614,ok
187,22,0.2648420259177794,0,-18.9902351740616,0.012617592074338097,0.3391024465443151,0.0,65,35.28890046339769,-18.154393497893935,0.015295393351458315,0.4762373395898417,0.0358484458161891,65,28.821799997183,-18.721888499035984,0.013421811961625856,0.4387665304146897,0.0110938314556017,65,28.74665524409368,-18.832713702967546,0.013083641320117191,0.4372401767841913,0.0190862019680209,65,31.57909249525804,-0.5674950011420492,-0.11082520393156159,0.15752147109405357,-18.572314335977765,-0.1495741630582188,-0.2603993669897804,0.07475967721948808,0.8358416761676644,1.780679752486325,3.2513231265695395,0.0258879956921886,3.008702314211946,0.0125111066198697,3.004830361677536,-0.0407792350150186,3.03298536380438,-0.0956670308645031,4,ok,0.1977523722327672,0.1957687481091572,0.1875542806891294,0.1709684100288611,0.0092062794818328,19.68586734528876,1.4594788118177724,ok,1.1854066125306533,floor,1.388474000278953,floor,2.6511232601075165,ok
188,22,0.7572062780518057,0,-19.38374486893853,0.0115245907768469,0.5128807105280624,0.1008399143380476,232,35.29388130122218,-18.575776065335944,0.013881052394007661,0.5236496849876673,0.0758764663920585,232,28.827384060826795,-19.901673336691736,0.01022898793425637,0.6223120769367895,0.176221037019328,232,28.75228659037886,-18.62012373166205,0.013740028287459717,0.5099396958567904,0.0779974063996542,232,31.58453261441198,-1.3258972713557924,1.281549605029685,0.763621137276477,-18.979760467137236,-0.9219128695545002,0.3596367354751848,0.1245611612459223,1.3258972713557924,1.5592882964534303,3.3641737670410725,0.0422714134216031,3.180976103498482,0.059356595790049,3.202566763945652,0.0570836701859818,3.22927676712218,0.0049368480823188,4,ok,0.1944764406131259,0.1939086478749482,0.1781875463202595,0.1824771044294125,0.0160049979237775,19.29209042166701,1.4595686199374236,ok,1.185470192023216,floor,1.3885488689678167,floor,3.223926123263383,ok
189,22,0.4966935727849175,0,-18.425225971312187,0.014370682781366946,0.4301213567218501,0.0328202441901235,143,35.1855967595027,-17.508370498612617,0.017748552933235028,0.4680583004462761,0.0293271783441979,143,28.706923211371148,-19.1038343888746,0.012291830450593776,0.3759225994117319,0.0,143,28.63039522237711,-19.02201750791723,0.012525591654530755,0.4044494664493045,0.0,143,31.466609621381423,-1.595463890261982,0.08181688095736916,-0.5967915366050427,-17.966798234962404,-1.1370361539121951,-1.055219272954826,0.15336135854128446,1.595463890261982,1.7944284300458553,3.3406646270639127,0.0554501228057029,3.0222983858471,-0.0516189651131355,2.9920737656452565,-0.1154260244447753,3.1513038295560687,-0.0366447704421011,4,ok,0.2244045652605437,0.1995067157216005,0.1721518457040086,0.1946885025949328,0.0398037947870634,20.256407835981285,1.4576211403443802,ok,1.1841026443828488,floor,1.386933117702888,floor,1.791390940622547,ambiguous
190,22,0.6007625556064117,0,-19.29268162811423,0.01176879064322728,0.408828023731099,0.0172504027730446,182,35.22955406105125,-16.62647158886682,0.021744671000011723,0.3985918015329442,0.0,182,28.755750624688115,-20.156701667220585,0.009645613001063551,0.414565731554751,0.0,182,28.67996619297908,-19.062232722791585,0.012410141339502374,0.4760496788789756,0.0494097914092137,182,31.5144161601643,-3.530230078353764,1.094468944429,0.23044890532264617,-17.959576608490526,-2.197125058730059,-1.102656114301059,0.33454382443110303,3.530230078353764,1.758438082928139,3.2539683759782463,-0.0495305877377227,3.0683513242596137,-0.0293397873951128,3.118804079421476,-0.0076257975531968,3.1859191613448608,-0.0201661135802075,4,ok,0.215049419429276,0.1775446817442611,0.2011428794281168,0.2057974091270467,-0.0048458288413482,19.38660111826979,1.4584104502457311,ok,2.483991610276862,ok,1.387589002454489,floor,2.7207306179801654,ok
191,22,0.181773638670406,0,-18.059797784812954,0.015632204272525773,0.4573016518241562,0.0538429996258427,41,35.23570149119308,-17.472685427281537,0.017894989886122346,0.4402390898061615,0.0079920818505894,41,28.76257938291968,-18.724439208304464,0.013413931343743265,0.4145925687779649,0.0,41,28.68691016406548,-19.975682199987027,0.010056150862113745,0.4059186460774568,0.0,41,31.52113933098025,-1.2517537810229271,-1.2512429916825631,-1.915884415174073,-17.766241606047245,-0.9581976022572185,-2.2094405939397816,0.20304550903213797,2.5029967727054903,1.7986790226431602,3.2946023063964027,0.1041053287736852,3.0976413836457217,0.1468773485933621,3.011079271095608,0.0016414998938221,3.135009276916609,0.041012647138634,4,ok,0.2092146517300024,0.1901047535058928,0.1967252308457363,0.1690280366598106,0.0029344717722113,20.61915586036528,1.4585209718283347,ok,1.184733445252565,floor,1.3876810122099517,floor,1.0393975636419728,floor
192,22,0.5115188564422274,0,-19.44390934035939,0.011366037012794651,0.3616520617252122,0.0,147,35.24059238563589,-16.92743047726443,0.020288827620458215,0.4867871432292639,0.0444267895959273,147,28.768000349706533,-20.504710951402345,0.008902846897364916,0.4332058899431444,0.0069827622626825,147,28.692414069662288,-20.044811701651685,0.009897347751634221,0.4231257538840677,0.0086970467814437,147,31.526474440178905,-3.5772804741379147,0.4598992497506593,-0.6009023612922952,-18.18566990881191,-2.3190410425904346,-1.8591417928397753,0.35810105767545697,3.5772804741379147,1.5871293460851654,3.305972305940993,0.0186661340334484,3.051807255885923,-0.0248297164151884,3.030027304981262,-0.079638009904686,3.107243171397416,-0.0827801903020089,4,ok,0.1929994065593294,0.1874986650282833,0.1896720115526192,0.1906652479958372,0.0005770242411871,19.234782418424015,1.4586089267400135,ok,2.2969571795151813,ambiguous,1.3877539638053875,floor,1.7870770379317933,ambiguous
193,22,1.1708722939039171,0,-19.3345186911409,0.011655962214172597,0.3782402079214974,0.0,363,35.23898709509984,-16.195566200593017,0.02401283186174491,0.4513630458230679,0.0163664510811876,363,28.76614703554096,-19.63899524228885,0.01086677001622206,0.4375100442342102,0.0101603060544264,363,28.69052948964857,-18.757173550590952,0.013313205782003497,0.4781778245175028,0.0511471408487833,363,31.524662911070937,-3.4434290416958326,0.8818216916978976,0.5773451405499479,-17.76504244586696,-1.8739527964218894,-0.9921311047239918,0.3541897058430487,3.4434290416958326,1.9338752880233057,3.239706575038781,-0.1161369429145828,3.0579007230673594,-0.1078496554732417,3.0766524978972747,-0.1039702285811441,3.1520019706098106,-0.1060047825842898,4,ok,0.2013175325986439,0.1959790213972576,0.192069425306619,0.191057154277632,0.0065788516913317,19.344259029287112,1.458580055817024,ok,3.012313174654544,ok,1.38772898230743,floor,3.049789135223776,ok
194,22,0.5905895150811981,0,-19.0565432312005,0.012426409947022685,0.3870101991483686,0.0021168454809425,178,35.24700025494179,-15.363676248356052,0.02908254275038214,0.476104685504471,0.0357417775291051,178,28.775132843617644,-19.67711388921872,0.010771808180251554,0.470337529189843,0.0354287075779609,178,28.69961796449812,-19.395628723772308,0.011493098469400083,0.440373860556615,0.021439043257861,178,31.533444501041025,-4.313437640862668,0.2814851654464121,-0.3390854925718081,-17.210109739778275,-2.467004149440445,-2.185518983994033,0.4772172132000862,4.313437640862668,2.053677218080424,3.2382345848793754,-0.0635794618603182,3.111226435141889,0.0157260807844505,3.1250891389555515,0.0004036736670967,3.122166618320455,-0.0822473580054881,4,ok,0.2004910528324963,0.1847158090075415,0.200547535139858,0.1799654960423038,-0.0079441042198391,19.621805341903205,1.4587241941565086,ok,3.5819725103875117,ok,1.3878494788753848,floor,2.1258914447940285,ok
195,22,0.2704750222983429,0,-18.64368130417768,0.013665699592785787,0.4028773081967509,0.0130404970099704,70,35.24332460675921,-16.970615652992308,0.02008808025123222,0.434076895335835,0.0034429810438714,70,28.77095944540841,-20.47417578377554,0.008965663226712987,0.4329937592379531,0.0068269689684574,70,28.695402990068708,-16.984162432697662,0.02002551790477759,0.3829332403942054,0.0,70,31.52938139779227,-3.5035601307832316,3.4900133510778772,1.6595188714800173,-17.807148478584992,-2.6670273051905475,0.8229860458873297,0.2980860428878021,3.5035601307832316,1.9026398203133001,3.226845838601011,-0.0042080211519626,3.090038189266079,0.0865414162015945,3.118430334156714,0.0670036102998317,3.1353656420316565,0.0011399319823022,4,ok,0.2046070159545966,0.1744989336601325,0.1708357098379305,0.1974454438047749,0.018717264969434,20.03486413524421,1.4586580706107055,ok,1.1848285790331283,floor,1.3877935890732107,floor,4.053508379084824,ok
196,22,0.2478605627610821,0,-19.034241155538,0.012490386705442743,0.3928980230695246,0.0061190852065191,59,35.24095690452447,-19.263009153225898,0.01184947433568677,0.4695416815665239,0.030501513546723,59,28.76829199063576,-20.2099558853987,0.009528058423497934,0.445870450001856,0.0164221520587759,59,28.69270906610004,-18.931990343202276,0.012787951064101397,0.5290451611725777,0.0949798718810348,59,31.52678457357116,-0.9469467321728011,1.2779655421964229,0.10225081233572197,-19.148625154381946,-1.0613307310167528,0.2166348111796701,0.109649449206909,1.2779655421964229,1.4262602986524935,3.255036796776676,0.0369446399151258,2.969919110445928,-0.0167246392384741,2.968082641273284,-0.0699246997205502,3.2201279835004475,0.0987592131043482,4,ok,0.1997702796075303,0.1937268741302571,0.1904513755087125,0.1848422593231928,0.0062972013601812,19.64443108292468,1.4586154828793316,ok,1.1847982926251606,floor,1.387757874418046,floor,2.5953287388933566,ok
197,22,0.2251970800390402,0,-19.166242454891947,0.01211646004456372,0.4418266802730015,0.0417159172441516,53,35.23907240381781,-17.329074370905037,0.018496628029562447,0.4153100223855743,0.0,53,28.766176079804044,-19.763950075223143,0.010558567300718994,0.4027621224943912,0.0,53,28.69057223481952,-20.07412841175065,0.009830761473565049,0.3364291521769929,0.0,53,31.524722585138285,-2.434875704318106,-0.3101783365275068,-0.9078859568587028,-18.24765841289849,-1.516291662324651,-1.8264699988521578,0.26811889876400674,2.7450540408456128,1.6242104049582218,3.22216940106314,0.0122084012237966,2.937841650353445,-0.0382298326658236,2.899804561970568,-0.1297845094398191,2.967173804390129,-0.1461295292326268,4,ok,0.1976258514343567,0.1750505154706397,0.1563514693165725,0.1782125385021263,0.0299867141359257,19.51253069747121,1.458581590024682,ok,1.1847742714007952,floor,1.3877295488995864,floor,1.039437434390786,floor
198,22,0.1275051537003932,0,-18.713626184747923,0.013447370836448426,0.5151795320856581,0.1028997312105766,27,35.24208068847656,-17.713854238431164,0.01692834791490965,0.4831595235558628,0.041455866940423,27,28.76950334619593,-20.14939884493424,0.009661846100408647,0.4825236812187568,0.0452738830490069,27,28.69393249794289,-19.719562752530464,0.010667035114809108,0.4492010984673194,0.0281570631321497,27,31.527971974125617,-2.4355446065030755,0.4298360924037752,-1.0059365677825411,-18.213740211589545,-1.9356586333446941,-1.505822540940919,0.22242634240618295,2.4355446065030755,1.5518340407692723,3.022672992573062,-0.1361520776107614,2.9434914655462885,0.0339077754710279,2.906115108429129,-0.0705324148024804,2.971779393979411,-0.0908013172224051,4,ok,0.2136077290331876,0.1871200728195685,0.1832320309347576,0.2064930164703616,0.0171318699916203,19.964985872395115,1.4586356956996234,ok,1.1848120459034108,floor,1.3877740934385845,floor,1.039473596392904,floor
199,22,2.2064500138134653,0,-19.169146259374237,0.012108361375879926,0.422729925878857,0.027326017041888,760,35.26940016997488,-17.62513520515001,0.01727772190431255,0.4427917380635849,0.0098953000549679,760,28.801567697525023,-18.648312651714146,0.013651134160344337,0.5568109082596782,0.110737010541694,760,28.726213294581363,-17.641716497844122,0.01721188161161504,0.4672418423225715,0.0423017642096643,760,31.55886053035134,-1.0231774465641372,1.0065961538700243,1.5274297615301151,-18.397140732262123,-0.2511719194520232,0.7554242344180011,0.14936484315200704,1.544011054224228,1.9829079842904254,3.3042532275321914,-0.1076134994252493,3.073455636503188,-0.1651370575172461,3.2441714998728366,0.0055473751877284,3.2346180252527974,-0.0789591281719443,4,ok,0.2087979477487112,0.1888971690725731,0.1837555398478319,0.1885147887674209,0.0150920185628102,19.50800200342627,1.4591274197433746,ok,1.1851764013244013,floor,1.3882024052880493,floor,3.929926410963791,ok
200,22,0.9396453164725428,0,-15.900737091955689,0.025699595678585766,0.5388348947937928,0.1246307932965773,278,35.260311112987054,-14.78508991566913,0.03322699058742565,0.6159701817860918,0.1647106031841816,278,28.791421451156943,-14.841999017962598,0.03279443085877027,0.5961079450405903,0.1491506774101108,278,28.71580471066262,-14.768124747731244,0.03335704149722373,0.5366534376854624,0.1019165986130266,278,31.54881271526968,-0.056909102293468905,0.07387427023135373,1.1326123442244445,-15.342913503812408,0.50091448584981,0.5747887560811638,0.10305666484849453,1.1326123442244445,4.21616678190238,3.514849482075241,0.1792328589257068,3.2957437567996166,0.1562927259520545,3.3612065115754506,0.2015248950558779,3.4682466077384624,0.2303032650425032,4,ok,0.2149857529204526,0.1863936038701225,0.1972088431068461,0.1888696421875799,0.0034808352884414,22.776898332392065,1.4589637519630163,ok,1.1850610425581356,floor,1.3880642238857457,floor,3.563063453428668,ok
201,22,1.0044624331766328,0,-19.278784063067626,0.011806511478834946,0.4631546577221668,0.0585385545684158,322,35.25309915720306,-16.851336799122926,0.02064744510273036,0.4607569748479009,0.0236011590464242,322,28.78323909806909,-19.784789564381924,0.010508023698318197,0.5009209378644016,0.0606140539012609,322,28.70761369622272,-19.016609929103964,0.012541197496426602,0.496241888118378,0.066206116049498,322,31.54089241738645,-2.9334527652589983,0.76817963527796,0.2621741339636614,-18.065060431095276,-1.7197291332866484,-0.9515494980086885,0.28660084941478026,2.9334527652589983,1.774780480051878,3.2542576078541674,-0.0924990078787821,3.0470114947531224,-0.1069239411942102,3.078733526614384,-0.0924814375540759,3.211925381020845,-0.0370679150325119,4,ok,0.2042566397753746,0.1875178768930042,0.1804734507795446,0.1927997868924592,0.0154138075546448,19.399237796026437,1.4588339376147856,ambiguous,2.177318303988549,ambiguous,1.387955533849898,floor,2.751977202012033,ok
202,22,0.7478270702787766,0,-19.187346071993385,0.012057725502343799,0.5544317006852133,0.1394924262650199,232,35.25495672225952,-15.497240142034805,0.028201745286531726,0.585476859086733,0.1337769562720454,232,28.78529344756028,-20.104279623611053,0.009762747064131801,0.8070795072420012,0.4001466959628286,232,28.70963635115788,-19.442286750997738,0.011370284328180765,0.5478008828074438,0.1122589790651542,232,31.54288001718192,-4.607039481576248,0.6619928726133146,-0.2549406790043527,-17.342293107014093,-2.7619865165969593,-2.0999936439836446,0.4865499195510055,4.607039481576248,1.9586832877156468,3.3404154208809924,0.018513067261523,3.1325179007256927,0.0108983930172597,3.177660082848852,0.0321769890891818,3.272669182685393,0.0483292636455328,4,ok,0.2233961975234079,0.1913888769641775,0.2041214853364588,0.1838551946787227,0.0032710519073338,19.49057626395527,1.4588673691469811,ok,3.57940852570488,ok,1.387982369093729,floor,2.222118003115117,ok
203,22,0.6296053964305492,0,-18.94415244500732,0.01275218943244636,0.5052264912161237,0.0940478905713289,184,35.251416392948315,-15.67821913296903,0.027050673760669455,0.4387543213929984,0.0068901212129264,184,28.781252125035163,-20.494959184303347,0.00892286005396375,0.5936417784928884,0.146662935994386,184,28.705579560735952,-19.492892426491323,0.011238562298795244,0.5728013718797594,0.1362270951698192,184,31.538979281549867,-4.8167400513343175,1.002066757812024,-0.5487399814840046,-17.311185788988176,-3.1837733953151712,-2.1817066375031473,0.47327585811705064,4.8167400513343175,1.8708202281477524,3.3641125580801567,0.059784972525021,3.1254435435787142,0.0266750439182832,3.0701920770376296,-0.0570956805567122,3.193753403956568,-0.0131537954541012,4,ok,0.2043466579735927,0.190138916829196,0.1895464067347347,0.1938919356578718,0.0076963806666595,19.73395956598416,1.4588036547066336,ok,3.145761967153005,ok,1.3879285490806197,floor,1.8616793184895128,ambiguous
204,22,1.0112498838353696,0,-19.491902814896882,0.01124112348233765,0.4106312549341381,0.0185383070238567,313,35.25888496618301,-18.237307482472737,0.015006148909921958,0.481936484989284,0.040459240479618,313,28.78976079069388,-20.523203877682963,0.00886501780566228,0.4049512505161823,0.0,313,28.714103784043186,-18.941482595805525,0.012760031321177182,0.450755947325519,0.0293542001594602,313,31.5472042583429,-2.2858963952102265,1.5817212818774387,0.5504202190913574,-18.86460514868481,-1.6585987289981539,-0.0768774471207152,0.1869037400371344,2.2858963952102265,1.4877514123912299,3.2094358240225223,-0.1351714720595214,3.00452378803095,-0.1466170664766273,3.059984593300256,-0.109005158368566,3.139647342044856,-0.1072140062791997,4,ok,0.2099624825552248,0.1882362653034182,0.1914946949377227,0.1768239123014786,0.0076046789915988,19.185809034172483,1.4589380778240255,ok,1.1850421671896991,floor,1.3880416498365955,floor,3.025157931578899,ok
205,22,0.6349802383745021,0,-15.070210270351016,0.03111565682222183,0.4172085605341391,0.0232839943053131,192,35.25917077064514,-14.901253768997673,0.032350025184280644,0.5133310655526232,0.0668417602355766,192,28.790073106686275,-14.584147715531815,0.03480047954107604,0.5096524273239843,0.0680954629930501,192,28.71439762910207,-14.978694030287867,0.03177829534133732,0.499651752263742,0.0691113689174787,192,31.547504762808483,0.3171060534658583,-0.3945463147560524,0.0915162400631484,-14.985732019674344,0.40158430414252955,0.00703798938647715,0.04281837020421009,0.4860625548192008,4.2901043118246545,3.335380962169001,0.0278265856557453,3.239061634854353,0.1360976074985749,3.2619558063247176,0.1313273192252513,3.265503954795064,0.0553960450325425,4,ok,0.2170588091636697,0.1981577324719789,0.1845245725514056,0.1897021243930794,0.0230836982664186,23.607486263278684,1.4589432228602526,ok,1.1850457169080777,floor,1.3880455494962318,floor,2.585100560954998,ok
206,22,0.784311710682565,0,-19.221266245093677,0.011963916560629584,0.4229270195072052,0.0274712855881493,247,35.261765900893735,-17.282848889479475,0.01869455410740737,0.6611141502104406,0.2133895364211397,247,28.793013028287696,-18.00692043593077,0.015823696932972857,0.4766676338882463,0.0405113605835703,247,28.71734718755189,-17.839578549399945,0.01644531305043789,0.5123261562336424,0.0800845483395114,247,31.550362768443488,-0.7240715464512952,0.16734188653082427,1.3816876956937314,-18.252057567286577,0.24513713135580772,0.412479017886632,0.1540470464040597,1.9384173556142024,2.133861387975209,3.298991980901376,-0.0276604525770527,3.044980066830057,-0.0828155743379133,3.088585377613544,-0.0618155221467251,3.301187018570687,0.0721354122929409,4,ok,0.2039795450353429,0.1858582983645591,0.1791567003980339,0.1805139425161638,0.0157622213019171,19.45629121554764,1.458989943574298,ambiguous,1.1850791342114777,floor,1.3880846967430902,floor,3.793662148778086,ok
207,22,0.6967410053794851,0,-16.912033729456432,0.020360883878015868,0.5079525607952136,0.0964551778682967,215,35.251562979055,-15.8333430405566,0.026101513815419714,0.46704814365476,0.0285296032569255,215,28.781375902752544,-19.48329884494285,0.011263415766059852,0.6422278568093062,0.1975739479001559,215,28.705687199082487,-17.91947558474215,0.016145535041283205,0.5676217320399689,0.1311735113548733,215,31.53910809006802,-3.649955804386252,1.563823260200703,-1.007441855285716,-16.372688385006516,-3.1106104599363356,-1.5467871997356326,0.2955338452892985,3.649955804386252,2.1704921375090507,3.407924568858445,0.0917919261962474,3.165929530534375,0.0518118977318655,3.204677281542497,0.0651676282322282,3.277960747447983,0.0593439055543698,4,ok,0.213612598388694,0.2051967812485473,0.1776823107413081,0.1856390991876291,0.0317223790773125,21.766070428599164,1.4588062925599723,ok,1.1849468874130902,floor,1.387929976936982,floor,1.0395975731506086,floor
208,22,0.4266130349569345,0,-19.076053566599334,0.012370710491563488,0.3866953628587016,0.0019045380034699,119,35.24293540505802,-16.286011324778837,0.023517917769553587,0.4781959893493359,0.0374268714390275,119,28.77159655595026,-20.033012636325566,0.00992427377454554,0.4791776417881868,0.0425455430548431,119,28.695922530999702,-18.729192404482426,0.01339925831159833,0.5194459953194582,0.0863692965539297,119,31.52966919265875,-3.747001311546729,1.3038202318431402,0.34686116211690887,-17.681032445689084,-2.351980190636482,-1.0481599587933417,0.3504309632719012,3.747001311546729,1.8693634095163527,3.431071329235545,0.1597862205384022,3.1017110315827656,0.0459049142333856,3.123295796116655,0.0302172509549021,3.2462122254506456,0.072080436378874,4,ok,0.2176242842018103,0.1850031957405956,0.1957474169986588,0.1947690178053218,0.0055663229725441,19.602512716748645,1.4586510697190231,ok,2.629886456995738,ok,1.38780047744338,floor,2.8328787154996107,ok
209,22,0.1582519835685695,0,-18.077124087085856,0.015569963385996649,0.3779817473745359,0.0,38,35.247304012900905,-18.331359628706256,0.014684664786311256,0.4501959393448786,0.0154780146316531,38,28.776570822063245,-18.26727044559636,0.014902974400295275,0.3970660395413484,0.0,38,28.70089932491905,-18.24937621842637,0.014964505773751165,0.4082502017595904,0.0,38,31.53446739598325,0.0640891831098962,0.017894227169989563,-0.17225213134051387,-18.204241857896058,-0.06302858770030184,-0.04513436053031228,0.021845183231687867,0.25423554162039963,1.9211333855663772,3.287403953324888,0.1026680861099893,2.978555727658896,0.0352823849338892,3.0610280721860885,0.0575548371973626,3.1910109769430486,0.1027288932759926,4,ok,0.1857411669273125,0.198303710865347,0.1651770416647195,0.1766868658167751,0.0268453972316101,20.601208215658325,1.4587296591860923,ok,1.1848923043089017,floor,1.3878664718649452,floor,2.3125797271005424,ok
210,22,0.3129597991705544,0,-17.750128071521694,0.016787545116646187,0.5165518605198162,0.1041337719368755,76,35.24826150191458,-17.082930065805137,0.019575235404238465,0.6115290175920883,0.1601076157485428,76,28.777607842495566,-19.351088915946328,0.011611574378228214,0.7765790349284436,0.3591927895389117,76,28.70191902863352,-18.2757265643273,0.01487398515033378,0.5071444055382192,0.0755651033225919,76,31.535475429735687,-2.268158850141191,1.0753623516190274,-0.5255984928056066,-17.416529068663415,-1.9345598472829124,-0.859197495663885,0.18445369773428852,2.268158850141191,1.9041555331516768,3.374265166143612,0.136976166448044,3.263354751784937,0.2517509452456958,3.2084045087419604,0.150522481072358,3.4030181029419344,0.2626076486006417,4,ok,0.2072521469212676,0.1948432080251605,0.2066175256316599,0.2021154982871131,-0.0055698481584458,20.92815294349869,1.4587468862858788,ok,1.1849040831664814,floor,1.387879995640814,floor,1.893165321704783,ambiguous
211,22,0.1802465149020178,0,-18.33006823450129,0.014689031986804503,0.371076834625443,0.0,37,35.245686195992135,-18.082978351529572,0.015548989305243717,0.624220552137079,0.1733500049010479,37,28.77474073461584,-18.20698495261327,0.015111288766792763,0.4030027696820146,0.0,37,28.69907332755424,-19.695028556285276,0.010727465941519672,0.4090268975380275,0.0,37,31.532699636510905,-0.12400660108369621,-1.4880436036720077,-1.364960321783986,-18.20652329301543,-0.0004616595978390592,-1.4885052632698468,0.1372867367636395,1.612050204755704,1.830197565664708,3.21781832358916,0.0351043933614456,3.038093999400555,0.0974496130405802,2.944135719005226,-0.0572441840514792,2.947854438469502,-0.1384220505588969,4,ok,0.1924339387867902,0.199832050180113,0.1862782376843529,0.2041045034656653,0.0098547567990986,20.34835072217741,1.4587005533461657,ok,1.1848715190241257,floor,1.387842256411741,floor,1.039526220360991,floor
212,22,0.4319206022836689,0,-19.63151651372472,0.01088549916008656,0.4443593464707921,0.0436720919442166,122,35.24423661779185,-15.699350031321696,0.0269193765137441,0.443560448612149,0.010470595457404,122,28.773141720255868,-20.014102680453405,0.009967580044752232,0.4722184290906368,0.0369318497100568,122,28.69747218147653,-19.161749476255878,0.012129001572938183,0.4149245742183092,0.0028170061122094,122,31.531138169960897,-4.314752649131709,0.8523532041975272,0.4697670374688414,-17.66543327252321,-2.3486694079301955,-1.4963162037326683,0.4633215863211859,4.314752649131709,1.941463924048509,3.253354784814067,-0.0198180100275449,3.086243035554026,0.0279825170357961,3.055605544665569,-0.0394273411650063,3.146681370482769,-0.0293228474702247,4,ok,0.2086958171891384,0.2111162316725879,0.1912493239172169,0.1732775717973709,0.0186567005136462,19.04698008123286,1.458674476231449,ok,3.823665057736292,ok,1.3878210246777631,floor,2.9492073507009264,ok
213,22,0.3845928018852836,0,-15.300953442840012,0.02950561394244632,0.5378338146788492,0.1236913821431022,91,35.2454099550352,-14.54741635358352,0.035096060062794865,0.4395404294433595,0.007473088618046,91,28.774488239497927,-14.623682813398107,0.034485118180935866,0.466595272798352,0.0324558835402535,91,28.698821916685,-14.89498369330711,0.03239676388516069,0.5225927493174615,0.0891746046357202,91,31.5324340233436,-0.0762664598145868,-0.27130087990900265,0.4059697495329022,-14.924184898211767,0.3005020848136599,0.029201204904657274,0.06648975396228854,0.7535370892564917,4.374640333841424,3.352787617341185,0.1018417861058855,3.209709163014555,0.1803485151740638,3.171092034885861,0.0990709505920648,3.292867614478788,0.1389107102279561,4,ok,0.2118842155560032,0.1869949844184812,0.2164314645496043,0.19190125896053,-0.016991864562362,23.377480309410537,1.458695583779344,ok,1.1848686514537778,floor,1.3878389225045742,floor,2.889060972071947,ok
214,22,0.5767319613707624,0,-19.549197974668093,0.01109379668992494,0.4235853125328599,0.0279569735385252,165,35.24720886692856,-17.411202041799022,0.018150132332420733,0.4617054556455527,0.0243399115616405,165,28.77653632886482,-19.84934302746206,0.010352987681202642,0.6689029932283447,0.2272277173418033,165,28.70087618972316,-18.499759724130442,0.0141261569622031,0.4400224148607677,0.0211743332696683,165,31.53441277706262,-2.4381409856630363,1.3495833033316167,1.0494382505376514,-18.48020000823356,-1.369143019228499,-0.019559715896882324,0.22855091980120212,2.4381409856630363,1.7225472383288736,3.314640963002572,0.0185768184300654,2.983861944442344,-0.1041622907300969,3.0841586936001395,-0.0345738394808026,3.126577451813802,-0.0721330960510111,4,ok,0.2206052242354913,0.176954895483725,0.1772786709169546,0.1886508561445005,0.0215013889426534,19.129139424453356,1.458727947368459,ok,1.6896413191596662,ambiguous,1.3878661650435795,floor,3.486059513764965,ok
215,22,0.368371320561087,0,-19.460469307532954,0.01132278000339067,0.3323864921335594,0.0,94,35.25020128615359,-17.536932239512176,0.017632211071412045,0.4293600597430003,4.211167369705393e-06,94,28.77993147423927,-20.44213851293823,0.009032046164961146,0.433291063349004,0.007045336890503,94,28.704283917203863,-19.347879431149085,0.011620158633109062,0.47427204682176,0.0479645299058677,94,31.537696189068733,-2.905206273426053,1.0942590817891436,0.11258987638386841,-18.498700773522565,-1.9434377394156641,-0.8491786576265206,0.2565351072107893,2.905206273426053,1.554372788546773,3.173982151387149,-0.0794228622433319,2.990606800053368,-0.0419513179613004,3.0537724790952576,-0.0207946217495615,3.1854119975919337,0.0290157873397189,4,ok,0.2182035159240377,0.1799863377150068,0.177514407268547,0.1821861851247067,0.0215805195509753,19.217707797725577,1.458781789293394,ok,1.184930478085791,floor,1.3879113625784238,floor,2.60580005418357,ok
216,22,2.257866105104644,0,-15.610257662695695,0.027477311280487682,0.5126485963293799,0.1006324446905051,747,35.250522332657454,-14.526836908075603,0.035262760638970214,0.5368077691363343,0.0876581580041719,747,28.78035477940816,-14.55486672044789,0.03503590402179305,0.511643746919476,0.0698197910460527,747,28.70472629450092,-15.649756870432817,0.02722853736383574,0.5245142433581713,0.0908959341089268,747,31.53809360264136,-0.028029812372286855,-1.094890149984927,-0.03949920773712279,-15.068547285385648,0.5136805649377578,-0.5812095850471692,0.12479616484653139,1.122919962357214,4.244106319546711,3.4115810917639413,0.0010224740523434,3.2429510996128186,0.0060592311620308,3.2271048373480955,-0.0101649885273804,3.4279302007595995,0.1156505837600132,4,ok,0.2166075686035226,0.1925117308785079,0.1934162792681131,0.2017447820938176,0.0111433704729021,23.067902244123157,1.4587875662832113,ok,1.1849352868889396,floor,1.387917230514175,floor,2.452341895736497,ok
217,22,1.618538722957794,0,-19.727276074311483,0.010648106656019106,0.4573883665273489,0.0539121304075109,542,35.26473820253492,-18.227546946618805,0.015039912352355522,0.4752230048870484,0.0350335657044815,542,28.7964204035122,-19.485840793612766,0.011256825157934023,0.5852694173770834,0.138294269411231,542,28.72092971942521,-19.460107221881067,0.0113237240603064,0.5275783538178989,0.0936539215572362,542,31.553735015137168,-1.2582938469939613,0.0257335717316991,0.2671688524304159,-18.977411510465146,-0.5084292831476205,-0.4826957114159214,0.14389469646010777,1.499729127692678,1.580697250389755,3.3101088702461743,-0.0761273488852278,3.062885014723729,-0.1423824633699131,3.183950886529894,-0.0281377126634563,3.1996966510828764,-0.0884571536382252,4,ok,0.2179394482164145,0.1920872935922163,0.1858795796455712,0.196280457003805,0.0191337912587442,18.950122084314533,1.4590434619430894,ok,1.1851178711973964,floor,1.3881322528826674,floor,2.757084456229162,ok
218,22,0.5209821847620844,0,-16.402698461956646,0.02289444678415963,0.5000070726703777,0.0894749675467614,157,35.261288005075635,-15.408839167588035,0.028781676217879127,0.575846969769878,0.124334252296798,157,28.792576103453424,-14.909895882815178,0.032285715221315923,0.552964974065094,0.1071182124485448,157,28.71701251473397,-16.739005347320287,0.021188463532215714,0.5063649890856107,0.0748892829943543,157,31.549934690924967,0.49894328477285654,-1.829109464505109,-0.3363068853636406,-15.90576881477234,0.9958729319571624,-0.8332365325479465,0.1698175783127554,1.829109464505109,3.650007122416662,3.3991919426605186,0.1068959346958298,3.2347953566053427,0.1516705158167135,3.367041659450776,0.2522103165332052,3.2632853949579186,0.0683125276569742,4,ok,0.2326915758145842,0.1896668747304731,0.1993291586590041,0.2019787109486616,0.0118500666135245,22.27488461011773,1.458981339458725,ok,1.185074167486986,floor,1.3880802545891395,floor,2.129494812420971,ok
219,22,0.4809575378341605,0,-15.781540318265666,0.0264147173671814,0.4734561011113603,0.0669478964334144,139,35.25767876604478,-14.392151070279697,0.03637348328273316,0.5811598303607819,0.1295244759653393,139,28.788490171912763,-14.801659437686324,0.03310046205671709,0.4585455425433555,0.0261417117972877,139,28.71291695738868,-15.764384999890664,0.026519266031173785,0.4988007651232071,0.0683844527688619,139,31.545976570184283,-0.40950836740662666,-0.9627255622043407,0.017155318375001727,-15.086845694272682,0.28518625658635877,-0.6775393056179819,0.14031831720796908,1.389389247985969,4.141985616365778,3.325589997601938,0.0425265069330733,3.183039010702197,0.1119184436688702,3.1680196121809163,0.0627467883422201,3.333588948494671,0.1477739764729486,4,ok,0.2114864631736878,0.2057163990337214,0.1836065298093737,0.2159766246356981,0.0249949012943309,22.89623616581688,1.458916364674959,ok,1.1850277261841209,floor,1.388025899885473,floor,2.510388330534616,ok
220,22,0.6791941181350513,0,-19.622336208243055,0.01090853373841096,0.4368479259588572,0.03790303355956,207,35.253971302566896,-16.264754268217615,0.023633311169796896,0.5297727993034038,0.081322705363118,207,28.784302891164582,-20.016533828038497,0.009962001830475794,0.4460166260655165,0.0165326905047815,207,28.708725989152843,-19.989845351772804,0.010023409298710166,0.4812988904096296,0.0537090945694058,207,31.5419217630285,-3.751779559820882,0.026688476265693595,-0.3675091435297482,-17.943545238230335,-2.072988589808162,-2.0463001135424683,0.42448492313252023,3.751779559820882,1.764753089786565,3.247731042980622,-0.0655266336870896,3.180463008929138,0.070083455106519,3.1153123508333325,-0.021220820935782,3.206472669083401,-0.0092924437892727,4,ok,0.2163828415211272,0.1869311071032487,0.1863846521518656,0.1883406483428777,0.0152723221603223,19.055638924591825,1.458849633671617,ok,3.2406000646652062,ok,1.387970290672111,floor,2.0925735168616253,ok
221,22,0.4398077316451554,0,-19.85205672234552,0.01034652062367715,0.4048336192556859,0.0144177022111358,120,35.26179354985555,-16.467111002735024,0.022557392674783894,0.4372364951786059,0.0057674738909663,120,28.79317871729533,-20.628723537303422,0.008652221843950845,0.4035907068862752,0.0,120,28.71765333811442,-19.291194987302276,0.011772819927522866,0.4502251297190057,0.0289450385367089,120,31.55052599906921,-4.161612534568398,1.3375285500011458,0.5608617350432432,-18.159583862540273,-2.4691396747631487,-1.1316111247620029,0.40799544521579295,4.161612534568398,1.7004958961087806,3.275509219338495,0.0035896454860435,3.089891093705469,0.0332600341254392,3.044983013919452,-0.048752399472014,3.193637546982822,0.0188764208337981,4,ok,0.2141227836410204,0.1915864150971174,0.1816833296169837,0.1978980618839462,0.0211712697520852,18.82549925651643,1.4589904413770038,ok,3.268990532307019,ok,1.3880887603839744,floor,3.034978409400163,ok
222,22,0.31199362653037,0,-19.363343796777812,0.011578855132031714,0.5848671692187318,0.1697143735811626,75,35.2597287495931,-16.435013633412936,0.022724725014927474,0.5169483373780427,0.069988478823046,75,28.790856450398763,-20.790049607320533,0.008336716619442892,0.6027921524017417,0.1559452185277163,75,28.7153160349528,-19.325928313925253,0.011679040611388698,0.495654487951716,0.0657076515055179,75,31.548267415364585,-4.355035973907597,1.46412129339528,0.03741548285255902,-17.899178715095374,-2.890870892225159,-1.426749598829879,0.4012057832090688,4.355035973907597,1.6931663536425527,3.2689586751277657,0.0326739039361188,3.0145285565377904,0.0042304647335091,3.103342758759853,0.0465004190763882,3.198422667929792,0.0590083253942657,4,ok,0.1956586922705173,0.1854994335770607,0.1820074501633644,0.2026001736521721,0.0085716127604245,19.314322835896725,1.4589532677758037,ok,2.785856505476556,ok,1.3880577381677528,floor,2.5309192267947016,ok
223,22,0.7449046251333464,0,-19.496914001239077,0.011228160186735194,0.3843254370935151,0.0003119419964534,230,35.256667178610094,-16.623968960729854,0.021757205008666482,0.4793697411887099,0.0383758723364502,230,28.787396970002547,-20.61722987844844,0.008675150386371566,0.4437239183872626,0.0148031159473822,230,28.71185352491296,-19.91739356261709,0.01019202883621097,0.4115313964004869,0.0004178404115786,230,31.544917745175567,-3.9932609177185867,0.6998363158313516,-0.4204795613780128,-18.060441480984466,-2.5567883974639756,-1.856952081632624,0.3978821945548556,3.9932609177185867,1.6325262015086524,3.295215786914292,-0.0260301284607087,3.1055200218076093,-0.0152459738913082,3.030350806712998,-0.11445266985422,3.108468761898949,-0.115220024572459,4,ok,0.2023121847892585,0.1886239233224288,0.1823491541587788,0.1768428042692982,0.0131188998970648,19.18091668718365,1.4588981558007896,ok,2.724245764601975,ok,1.38801178826377,floor,2.028584956710181,ambiguous
224,22,0.4594212551855331,0,-19.22363254740351,0.011957399661752256,0.4132219716526453,0.0203985709329708,133,35.25060272216797,-15.987607568934337,0.025190642416945474,0.4620293878058476,0.0245925637912081,133,28.780515426979925,-19.837543618270445,0.010381154107775669,0.5616648430875466,0.1153400821934,133,28.70491644493619,-20.092745531804805,0.009788709650987618,0.4949420414620151,0.0651038656202367,133,31.53823942887156,-3.849936049336108,-0.2552019135343606,-0.8691129844012941,-17.605620058168924,-2.231923560101521,-2.4871254736358814,0.4410901617800305,4.105137962870469,1.8425684889666258,3.2612841021097725,-0.0184339277636089,3.0571102139933,-0.0096605288328435,3.088141592538195,-0.0136676417055245,3.0869507866495405,-0.0955457643344401,4,ok,0.2048752943151875,0.1924349944338314,0.2036093214624806,0.1969584082918507,-0.0049541770879711,19.45452305292264,1.4587890128461836,ok,3.114585085173601,ok,1.3879197528147935,floor,1.2247369710435263,ambiguous
225,22,0.4347827927627647,0,-19.49442837254222,0.011234588319384758,0.4014549992796992,0.0120434073056596,124,35.2470245668965,-16.45326838054118,0.022629406398677006,0.4412360395372253,0.0087340838336731,124,28.7764535873167,-20.070469878397354,0.009839046479153514,0.6772369562030437,0.2367396551263583,124,28.70080238772977,-20.17492132071105,0.009605232196208072,0.4665443036125822,0.0417445147663413,124,31.53428537614884,-3.6172014978561755,-0.10445144231369596,-0.6804929481688298,-17.9738483765417,-2.0966215018556547,-2.2010729441693506,0.4056943514612139,3.7216529401698715,1.7125610065075036,3.287196338855832,0.0127907015075403,3.08462384999038,0.0247603689784812,3.0872791335458523,-0.0090301266736099,3.11374646262546,-0.06348063335854,4,ok,0.2043666402178426,0.2037801842595781,0.1988144309950932,0.1945295535448578,0.005258981243617,19.183918898333225,1.458724631559485,ok,2.9082770256533457,ok,1.3878651862763156,floor,1.6628864944714798,ambiguous
226,22,0.980848019215926,0,-19.353718014460302,0.011604547179936708,0.4039546348638929,0.0137980888351931,311,35.2452950431603,-15.400068949911136,0.028839857157298913,0.474171242870361,0.0341904526362919,311,28.77454822086445,-20.523253762374427,0.008864915979330912,0.467506821535237,0.0331778241313747,311,28.69888045013526,-19.998622852580965,0.01000317150193284,0.4499501764997249,0.0287332902976689,311,31.532416996848543,-5.1231848124632915,0.524630909793462,-0.644904838120663,-17.376893482185718,-3.146360280188709,-2.621729370395247,0.5494969195845282,5.1231848124632915,1.8846649004555793,3.2295729855154014,-0.1145482951612746,3.1144069040130984,-0.0361020251172079,3.0396568833965807,-0.1288296915788236,3.131823389272628,-0.1145558718758676,4,ok,0.2012734940437258,0.1909475388346761,0.1840080036946431,0.1848892135563579,0.0121025127445578,19.324721892469864,1.458693516537997,ok,3.845412459874475,ok,1.3878396987006485,floor,1.7203910065877042,ambiguous
227,22,1.6989458802815125,0,-18.563393215319117,0.013920687313874861,0.4453326423940683,0.044426818046015,569,35.23113737458294,-14.741886484469067,0.03355918085094593,0.4702069026296909,0.031029350041605,569,28.75864953776864,-20.24192684101527,0.009458174359843507,0.5017688786016465,0.0613349278413331,569,28.68284537544988,-18.506952173413346,0.014102781675213038,0.4653495218138702,0.0407919622352854,569,31.51683967938952,-5.500040356546204,1.734974667601925,0.05644104190577082,-16.652639849894094,-3.5892869911211776,-1.8543123235192525,0.5241644968547359,5.500040356546204,2.2199337700251363,3.345652758375602,-0.0442693167949057,3.1295244710492165,-0.0805354188535072,3.06111140344773,-0.154793199999164,3.236753125410287,-0.0550567443404119,4,ok,0.2044890232266357,0.1878572656054488,0.1857154233567744,0.1937926175737318,0.0104577210592678,20.11580477591716,1.458438912644184,ok,3.71144144742687,ok,1.3876271485547444,floor,2.5493294322462026,ok
228,22,0.4754910576842381,0,-18.730227219135898,0.013396065985279305,0.4008275103989333,0.0116046360744461,137,35.23699522366489,-15.011433012996312,0.03153963758940481,0.4662177901135064,0.0278752832530493,137,28.76516885130945,-18.974489631642825,0.012663420750545175,0.5678661644439649,0.1212790314715435,137,28.68942842692354,-20.426309033886998,0.009065026888131083,0.5579749354032638,0.1218838512278162,137,31.523302106091577,-3.9630566186465135,-1.4518194022441726,-1.6960818147510999,-16.870830116066106,-2.1036595155767195,-3.555478917820892,0.5245593018908222,5.414876020890686,2.1816211359143343,3.2945477606662976,0.0125831029064835,3.1761653055896155,0.1064734595246803,3.1615539342558203,0.0574187433063047,3.1586141314676874,-0.0261108889852468,4,ok,0.2149204675407305,0.1852176660658234,0.1925215347241746,0.1890985673959672,0.0075475320791023,19.948657156838493,1.4585442354715434,ok,3.6078483237361785,ok,1.387714388020029,floor,1.0394216279157764,floor
229,22,0.7804683459311321,0,-18.44988588226694,0.014289315054495287,0.4358863637328268,0.0371716179583641,247,35.23708752774999,-17.564063524302572,0.017522402316607424,0.4609371406202137,0.0237413696454085,247,28.76523464218325,-20.430524304026815,0.009056232625101246,0.4622251949550744,0.0290143803901787,247,28.689498754648064,-18.888075996300337,0.012917914340120138,0.4665009750597867,0.0417099279325905,247,31.52338031815131,-2.8664607797242425,1.5424483077264775,-0.4381901140333966,-18.006974703284754,-2.42354960074206,-0.8811012930155826,0.2258086740111408,2.8664607797242425,1.6102023502366518,3.3493695900787723,0.0227171566003439,3.055015348662473,-0.072780292505497,3.055767182396561,-0.0946337173637084,3.205353837815246,-0.0236977684624997,4,ok,0.2107826204676377,0.191294580049481,0.1876900528485958,0.1906699977272194,0.0133485474099635,20.22899355142244,1.4585458953222512,ok,1.1847635844084528,floor,1.3877153201704198,floor,2.0060763910728703,ambiguous
230,22,1.6167286085644208,0,-16.016672137540034,0.02502262032207713,0.4778926815131887,0.0706265840379829,548,35.23512371787189,-14.214169031302388,0.03789510343987531,0.4983811636567571,0.0540709902016705,548,28.76288073254328,-14.334827829318682,0.036856765297206676,0.4996448248836319,0.0595314689498378,548,28.687141957944327,-15.737095524700754,0.026686428031981423,0.566572360407627,0.1301552702993054,548,31.52112474928807,-0.12065879801629364,-1.402267695382072,0.27957661283928026,-15.115420584421212,0.7805927551025302,-0.6216749402795418,0.18352819794027395,1.802503106237646,4.40831332896663,3.3677898768201864,-0.0192810459009664,3.2211195201068525,0.0147667464134464,3.219012329116304,0.0060595528050355,3.424879375355447,0.1358976135540395,4,ok,0.2036158941536598,0.1967080180621604,0.1923516991201543,0.193733527515437,0.0078102569877557,22.66231244178556,1.458510582901824,ok,1.1847368655884667,floor,1.3876840841122464,floor,2.768280240302928,ok
231,22,0.9411568183957834,0,-18.55993398219959,0.013931779807061647,0.4314697519944607,0.0338328098987701,281,35.22805404663086,-16.768043361875197,0.021047264740343057,0.4863509055606811,0.0440683472102256,281,28.754934114069275,-19.826861287332513,0.010406720036932531,0.4916839324805797,0.0528402278267243,281,28.679117582870973,-19.64649579852335,0.010848018574602573,0.4620639292688642,0.0381850824871934,281,31.51328686887259,-3.0588179254573156,0.18036548880916214,-1.086561816323762,-17.66398867203739,-2.1628726152951216,-1.9825071264859595,0.3028352493913495,3.0588179254573156,1.7457175216679,3.234539298022595,-0.1018911233901671,3.0754719347873856,-0.0650372102039531,3.111997526256899,-0.0485266238833728,3.149891732858846,-0.088858830558641,4,ok,0.2064408516889153,0.1900315832651594,0.1837651543982088,0.175362814734839,0.0144710630788285,20.119429055726016,1.4583834873236854,ok,1.1846466885698332,floor,1.38757776034339,floor,1.0393102144684632,floor
232,22,0.2671883684737131,0,-19.234753535762916,0.011926819492177113,0.4223453637204048,0.02704276911795,66,35.223979487563625,-17.5797945139894,0.01745904758279639,0.479857888361203,0.038771233676357,66,28.750457908167984,-19.803931132431963,0.010461811405442415,0.5239951937698187,0.0806653871496341,66,28.67458742315119,-19.58744888826034,0.010996516017991011,0.5540749423649537,0.1181734403740606,66,31.508815649783973,-2.2241366184425644,0.21648224417162254,-0.3526953524974239,-18.40727402487616,-1.3966571075558036,-1.180174863384181,0.21956738637875955,2.2241366184425644,1.6165420103610169,3.3307031394859945,0.104110457214023,3.052613163798932,0.0549168884792128,3.2119188340399214,0.165110812612732,3.2519453836566217,0.1221447935267843,4,ok,0.2015972031336842,0.1740703517288872,0.1791157835925167,0.2268053421355558,0.008717993838769,19.44482757930234,1.4583102567579496,ok,1.1845959093418332,floor,1.3875177544897526,floor,2.109285229686635,ok
233,22,1.4462685345625117,0,-18.52607723399377,0.014040813688182533,0.4449645529173303,0.0441411950353389,478,35.222308865152144,-14.682374436579293,0.03402221277603316,0.4790070729183988,0.0380823997081791,478,28.74861843715652,-20.099888422278834,0.009772623281831396,0.6442659584874869,0.1997970569704665,478,28.67271796430005,-19.587748413590894,0.010995757633610489,0.4947056506073635,0.0649037204150975,478,31.50700162145383,-5.417513985699541,0.5121400086879397,-1.0616711795971234,-16.60422583528653,-3.495662586992303,-2.9835225783043633,0.5713321337214096,5.417513985699541,2.161716509100866,3.348387595335142,-0.028321674569411,3.1962802447996026,0.003399865793626,3.1439099051929933,-0.0583153465480328,3.178553788786516,-0.1001500684766578,4,ok,0.2130146002139755,0.1868204725555545,0.1948399888624332,0.1900736302620571,0.0050775475223318,20.15359328603188,1.4582802355271112,ok,3.733578376075067,ok,1.387492995943707,floor,1.039240323310712,floor
234,22,0.7494096865565114,0,-17.335924376484186,0.018467476810465715,0.4674769698303043,0.0620444480522019,235,35.22197949023957,-17.371778877674412,0.018315640569153947,0.4998056258309067,0.0552715518929067,235,28.74833533916068,-20.068901894792432,0.009842599425258839,0.5162990578194115,0.0738771633696524,235,28.67243488392932,-19.05393562135187,0.01243387330658695,0.5069752748696352,0.0754183643480495,235,31.50668422617811,-2.6971230171180203,1.0149662734405638,-1.7180112448676823,-17.3538516270793,-2.7150502677131314,-1.7000839942725676,0.2533694888450721,2.732977518308246,1.6958151647664597,3.3583182462144223,0.0354417702834068,3.1399208961159766,0.0170348182485859,3.059339089378712,-0.0871525231198599,3.2154072356078967,-0.0098989323792939,4,ok,0.205995261146033,0.1902091094946607,0.1851105447303741,0.1798294864753459,0.0129916405899727,21.34376376970282,1.4582743169232817,ok,1.1845718344230154,floor,1.3874892471189268,floor,1.039236794496348,floor
235,22,0.988305653914853,0,-14.901845508066128,0.03234561769800252,0.4852401642584507,0.076794373697081,320,35.216518342494965,-13.989712802141822,0.03990512906519734,0.5542143448542878,0.1036931460015335,320,28.74217415452004,-14.299556169138796,0.03715732003894272,0.5468579304724636,0.1014233793402605,320,28.66618131995201,-19.703250159556998,0.010707177049344565,0.5511349377220811,0.1153935563470041,320,31.500741809606552,-0.309843366996974,-5.403693990418201,-4.80140465149087,-14.445779155103974,0.1462229859651778,-5.2574710044530235,0.382259207377057,5.713537357415175,4.0633133415253395,3.340078781939474,-0.0062054450776933,3.312110350340861,0.1587891221205719,3.2830637723332377,0.1123378770078433,3.180443079071172,-0.068081646358205,4,ok,0.211651971808169,0.1845314453705214,0.1985719388932921,0.1959301894996315,-0.0004802303039468,23.77813485451121,1.4581761984877557,ok,1.18450196686526,floor,1.3874064451645831,floor,1.039170736764162,floor
236,22,0.9385149634883032,0,-19.027166884512027,0.0125107490146942,0.4099434453607528,0.0180463908241756,300,35.21424854278565,-17.051954107494396,0.019715354443774265,0.5408067393627549,0.0912967498569472,300,28.739689712524413,-20.15300676776463,0.0096538228072594,0.5558679115060859,0.1098473850065226,300,28.66366315205892,-17.391319250502818,0.01823341744118625,0.436109785671277,0.0182416022276743,300,31.4983371035258,-3.101052660270234,2.7616875172618123,1.6358476340092096,-18.03956049600321,-2.1134462717614184,0.6482412455003939,0.2732726703070267,3.101052660270234,1.8684238429623572,3.272522413528613,-0.0688686226243726,3.0332834351601363,-0.1136755842726153,3.078962800636943,-0.0866971244082752,3.1910465767185188,-0.0526245071654809,4,ok,0.2111669222017129,0.2020658516387144,0.182155423661073,0.193923733284076,0.0244609632591406,19.652934913656367,1.45813542561054,ok,1.1844737996109678,floor,1.3873731101603493,floor,4.0302980314677495,ok
237,22,0.5468197505470982,0,-18.523477535495346,0.014049221073269438,0.5102934009251935,0.0985326214406316,157,35.2189810929025,-15.542921910075613,0.027906656645423078,0.4792996863658574,0.0383191663827309,157,28.7450402739701,-19.480443214993425,0.011270824270093143,0.6420471079989561,0.1973771317712951,157,28.66909816766241,-19.11114959497634,0.012271143660512497,0.4982889169752466,0.0679478271023443,157,31.5034869977623,-3.937521304917812,0.36929362001708554,-0.5876720594809939,-17.03319972278548,-2.447243492207946,-2.0779498721908602,0.4111317707007117,3.937521304917812,2.0759417087241245,3.319956734830298,0.027660726865609,3.076104759147295,-0.0070200816413339,3.124295792440852,0.0094644495232807,3.1988683910488622,0.0038955237479179,4,ok,0.2001662484732023,0.1779632271285269,0.2044124890379845,0.1813886327680888,-0.0153477512371198,20.15637105696694,1.458220442545349,ok,2.8417981585696874,ok,1.387445063165342,floor,1.805681865609072,ambiguous
238,22,0.2241986851892471,0,-18.48549434513027,0.014172633791774544,0.4694824702679962,0.0636822008048574,55,35.22820427634499,-16.7567521404753,0.021102056715853818,0.5235560576142887,0.0757936804496279,55,28.755326531150125,-19.34061042853302,0.011639624155872568,0.5774707858925636,0.1306060050338531,55,28.67949458035556,-17.390539719762117,0.01823669051641261,0.5971332976615852,0.1605811902508422,55,31.51355334195224,-2.583858288057719,1.9500707087709017,1.0949546253681532,-17.621123242802785,-1.7194871857302338,0.23058352304066787,0.223599507356547,2.583858288057719,2.0423419928764788,3.308155718616012,0.0953863183207985,3.057227645511277,0.0775046331412823,2.966177889667512,-0.0663187473047286,3.172097752251518,0.0560087171290621,4,ok,0.2089794582941315,0.1838316676968878,0.189878203923052,0.1839305822144855,0.0065273590724576,20.193860651623435,1.4583861876291475,ok,1.184651140802148,floor,1.3875827546235604,floor,3.5274859938438183,ok
239,22,0.6230334578875042,0,-19.83306623630387,0.010391862132392918,0.3999462251255697,0.0109895567636766,189,35.284391231637784,-17.569712147700354,0.017499626730792948,0.4911464876137951,0.0480263735159445,189,28.81793594360352,-20.54003950757894,0.008830718671158984,0.4774697150921851,0.0411602287330168,189,28.74287628496765,-18.500878171863242,0.01412251949163,0.4170860228261792,0.0043555421554337,189,31.575039404409903,-2.970327359878585,2.039161335715697,1.3321880644406292,-18.70138919200211,-1.8386503155768281,0.2005110201388689,0.2649186543334186,2.970327359878585,1.6071414937490318,3.255651219972866,-0.05070914535011,3.154422501323685,0.0530109473330524,3.130109879579323,0.0007175644118433,3.1490100651647053,-0.0599134840282724,4,ok,0.2126315665781182,0.1836760217747675,0.1902181025219972,0.1725599929572097,0.0079356916544456,18.843278166997397,1.4593975261385022,ok,1.9293915522634797,ambiguous,1.388423771104032,floor,3.7483038307672767,ok
240,22,0.647745570913258,0,-19.327453155805962,0.011674940728711529,0.5282098864931253,0.1147494335703689,199,35.28022635761817,-17.11199630766441,0.019444660696163192,0.4870747113032727,0.0446632507288706,199,28.81336675097595,-18.299134381841725,0.014794032274390436,0.5307971949517887,0.0867485705720376,199,28.73818135860577,-18.591310283622544,0.013831490144884816,0.5648683427037704,0.1285058178353324,199,31.57051356713377,-1.1871380741773159,-0.2921759017808192,0.736142872183418,-18.219724731735184,-0.07940965010654111,-0.3715855518873603,0.1899648153796448,2.215456848141553,2.0197264850154446,3.3140142061009263,0.0037448233604067,3.062252409715383,-0.0442417142494928,3.2266472576399643,0.0932078969736212,3.297118325645646,0.0843173537512012,4,ok,0.2178902642885644,0.1783434823342603,0.1751111617976397,0.2100172686442059,0.0230057115137726,19.349114623565427,1.4593224640960665,ok,1.845565782183063,ambiguous,1.3883613805487542,floor,3.198155971669335,ok
241,22,1.2201418833926574,0,-19.850348997450823,0.01035058986377173,0.4788075946803465,0.0713894716503893,400,35.28245950698852,-16.896676027941787,0.020433012336345445,0.5767312578372236,0.1251948217340532,400,28.815784726142883,-20.278265439067205,0.009379365415566459,0.5378972018602712,0.0931819553179496,400,28.74061219215393,-19.211682030477867,0.011990348248261283,0.458141902882943,0.0350974230265812,400,31.572884879112245,-3.381589411125418,1.066583408589338,0.6386669669729557,-18.373512512696305,-1.9047529263709002,-0.8381695177815622,0.33517434055423917,3.381589411125418,1.675931401269127,3.308269718809869,-0.0549328380271632,3.0992998604835504,-0.076018863775225,3.062068384788355,-0.1261732295099156,3.154655187800285,-0.1106511246898303,4,ok,0.199348869472742,0.1862408356368541,0.1819029885530471,0.1818307379353791,0.0108918640017509,18.82609901496156,1.4593627094337096,ok,2.814451548208506,ok,1.3883936818656455,floor,3.1078979159742413,ok
242,22,0.2829378630772339,0,-18.42491884147757,0.01437169910132475,0.4822431724560273,0.07426720732157,73,35.27184232946944,-18.182464192795347,0.015196850137161827,0.4979151638743859,0.0536789812490234,73,28.803951367939987,-20.15109583979443,0.009658071495640599,0.5258381013274112,0.0823057922634515,73,28.728573158995747,-19.898106975151727,0.010237391276529922,0.4459505768573958,0.0256677267316858,73,31.56129920645936,-1.968631646999082,0.25298886464270254,-1.4731881336741566,-18.303691517136457,-1.8474043226579724,-1.5944154580152698,0.19767110055220896,1.968631646999082,1.4849972589337463,3.375752165904488,0.1415166584776179,3.1262263121735714,0.1185927074686357,3.015001990362949,-0.0397187256976581,3.0508750717102124,-0.0865065702783223,4,ok,0.2126276676785456,0.1949622108511728,0.1736199777726441,0.1759889337604176,0.0301749614922151,20.252098496830016,1.4591714085301764,ok,1.185203511354197,floor,1.3882337443747603,floor,1.0398448289757771,floor
243,22,0.3109161381294359,0,-19.211824793236737,0.01198995410393472,0.419352051896475,0.0248468681979774,79,35.2745361328125,-17.343890897888443,0.018433631873218406,0.4313953261390683,0.0014833970494461,79,28.80694488332241,-19.424421462772436,0.011417153859572562,0.6271600014519602,0.1813568550281912,79,28.731622333768048,-20.438700419243773,0.00903919921826337,0.4642739986039071,0.0399365788833616,79,31.56423595283605,-2.0805305648839933,-1.0142789564713368,-1.2268756260070361,-18.27785784556259,-1.1465636172098463,-2.160842573681183,0.27353625933047837,3.09480952135533,1.6472659017047204,3.201824689840426,-0.038399572299566,2.986146745735192,-0.0292735382389164,3.070626561310565,0.0097056265717903,3.132695328192109,-0.0106266642727272,4,ok,0.2115950822547266,0.1858614324768887,0.1948708933365495,0.17830935361076,0.003857364029258,19.465048116188047,1.4592199361396814,ok,1.1852375619532702,floor,1.3882742431113917,floor,1.0398775710238497,floor
244,22,0.8506963185502399,0,-19.16313738371612,0.0121251260362037,0.4968254987022932,0.086710770297985,263,35.291663731912244,-17.830843592474814,0.016478422763914306,0.505876689224523,0.0604267733106582,263,28.825884960450143,-19.71164117139724,0.010686509664636785,0.5269612060412271,0.0833083123014322,263,28.750908224301646,-18.460077358734324,0.014255822001833273,0.4450305484296748,0.0249664270304623,263,31.58283383039468,-1.8807975789224258,1.2515638126629156,0.7030600249817951,-18.496990488095467,-1.2146506833017732,0.03691312936114244,0.16365053812023816,1.8807975789224258,1.6948111251942994,3.335579750868886,0.004168538871291,3.122716293670029,-0.0112667911012973,3.1650270547800154,0.009699343207743,3.264719150014235,0.0309472281455023,4,ok,0.202122177007987,0.1767730912186573,0.1992107592948036,0.1906739514986825,-0.0097631251814814,19.51281688859244,1.4595286328269952,ok,1.1854531216670776,floor,1.3885305416194726,floor,3.1678473849144693,ok
245,22,0.3606361674570256,0,-19.78433574559456,0.010509121798325437,0.4372767180192408,0.0382297153185802,100,35.29759510040283,-15.847922898153533,0.02601403439885147,0.4521106912729884,0.0169367899493251,100,28.83244066238404,-20.344563871557526,0.009237269465327737,0.4865731946441017,0.048601223638675,100,28.75749732971192,-20.18780120058605,0.00957678813959487,0.4053025882212964,0.0,100,31.58922109603882,-4.496640973403993,0.15676267097147445,-0.40346545499149045,-17.816129321874048,-2.528434549683478,-2.3716718787120037,0.5094128904579962,4.496640973403993,1.788858751626346,3.2609196977593915,0.0028234058836975,2.97387090077782,-0.0647868958524848,3.041648355885038,-0.0377756730514797,3.055310353001694,-0.1057392181399481,4,ok,0.2098284578323364,0.1789584402740001,0.2014144293218851,0.1791516917571425,-0.0070209802687168,18.89130026255671,1.4596355968018182,ok,3.829706490487207,ok,1.3886181648333922,floor,2.0505713383677784,ambiguous
246,22,1.3289544930386472,0,-15.698213804353204,0.026926420241976234,0.4822258626263714,0.0742526565551648,436,35.28740575772907,-15.15619483786261,0.030505666369502724,0.568062805668323,0.1168158511068333,436,28.82129404085492,-14.969010684462104,0.03184922959198831,0.5916759652916393,0.1446873121725531,436,28.74629969115651,-14.075627283405906,0.039123461415791115,1.686431373083829,2.2886906141345924,436,31.57833001810476,0.18718415340050676,0.8933834010561981,1.6225865209472978,-15.427204321107908,0.45819363664580415,1.3515770377020022,0.13817688553024102,1.6225865209472978,4.248426380129745,3.452808006815906,0.0830716170290282,3.3293364135255867,0.1455222901369519,3.4039779989676013,0.208971840947596,3.405319674567909,0.1335323389711629,4,ok,0.208348788910571,0.2030345748409355,0.2011971282644556,0.2150044179940169,0.0044945536112976,22.977968898385903,1.4594518654970716,ok,1.1854008526646076,floor,1.3884692739275617,floor,4.019902588341469,ok
247,22,0.3614106724607678,0,-18.42884377317424,0.014358716561122696,0.4441066494734202,0.0434764122873714,103,35.29942506956823,-16.02141269563344,0.024995321686457597,0.5081515666269765,0.0623745079839748,103,28.834436527733665,-19.140092680598393,0.012189635853592581,0.6431025027037588,0.1985271264245918,103,28.75948748542267,-18.234087280716103,0.015017279778192298,0.5318254125377252,0.0975032385898957,103,31.591181930986423,-3.1186799849649525,0.9060053998822895,0.19475649245813642,-17.22512823440384,-1.9149644461945527,-1.0089590463122633,0.29662767419077857,3.1186799849649525,2.1131875286842234,3.358912621854399,0.0985752364653262,3.1904305203389915,0.1488588163545134,3.2523428494424325,0.1705985935928429,3.2945833905818853,0.1313108396126558,4,ok,0.2023083034504964,0.1826254186193341,0.1934527490034844,0.1797106455179672,-0.0009858879685691,20.24669402876251,1.4596686040704965,ok,2.150884395733776,ambiguous,1.388644636099626,floor,2.6878063997213664,ok
248,22,0.5567778905520895,0,-15.626546903861332,0.027374444163526163,0.6006720666215615,0.1860453592770115,163,35.296683071581135,-15.708629789535598,0.02686191812530125,0.5219989828469919,0.0744190748487354,163,28.831339526030185,-14.768725847133915,0.03335242492689793,0.4734375631889511,0.0379093387093261,163,28.75637652391305,-15.842781953004152,0.026044846650896486,0.506182273953821,0.0747310038394459,163,31.588185608752667,0.9399039424016831,-1.0740561058702376,-0.21623504914282066,-15.667588346698466,0.8988624995645509,-0.1751936063056867,0.10185527197972358,1.0740561058702376,3.820456107672788,3.366490123877119,0.0713506022714405,3.2126936387192755,0.1258716138280169,3.1529586349187624,0.0351833734015771,3.35061167511154,0.1528182769288393,4,ok,0.2092232740272773,0.1857153558018017,0.1848005591406047,0.2053442102816938,0.0126687557739348,23.049138046291468,1.4596191475939448,ok,1.1855152394256003,floor,1.3886032580615988,floor,2.266075329114739,ok
249,22,0.3292725539449389,0,-19.009358863837917,0.012562154013893165,0.4184496994203034,0.0241879640158628,84,35.29533249991281,-17.074207295141118,0.019614591621371514,0.3991688049416921,0.0,84,28.8298917952038,-20.252374886674232,0.009435447691778768,0.5377007173556346,0.0930027687377501,84,28.754937035696848,-18.967277755437138,0.012684467044530332,0.4929019524375531,0.0633797301512431,84,31.58675922666277,-3.1781675915331142,1.2850971312370945,0.0420811084007795,-18.04178307948952,-2.210591807184713,-0.9254946759476184,0.2742426833052419,3.1781675915331142,1.6861473894867016,3.306963165142367,0.0620860234126361,3.030496592060798,0.0090265560465883,3.1102480227317626,0.0445099144199319,3.204220491232202,0.0562832261754659,4,ok,0.2160101271278801,0.2184431815431231,0.1736291485528151,0.1969494175698076,0.0435975057826865,19.666398558710096,1.459594790256704,ok,1.1854987506755252,floor,1.3885841140470412,floor,2.5365444643031325,ok
250,22,0.511454514602527,0,-19.268626952151315,0.011834156404845378,0.3991594093169041,0.0104415548743608,139,35.289937739749604,-16.99817465390079,0.01996101102915962,0.4466613296768609,0.0128013957601422,139,28.82392757059001,-19.0556482646441,0.012428970966735418,0.4410231282035547,0.012777126451559,139,28.74894368562767,-17.66999284827349,0.01710018131053289,0.4474794505684062,0.0268363272131106,139,31.58094498064878,-2.0574736107433083,1.3856554163706072,1.5986341038778242,-18.133400803026053,-0.9222474616180456,0.4634079547525616,0.2193040494897908,2.2704522982505253,1.9994626525241426,3.2324728916849343,-0.0505905989839301,3.11167008744729,0.0405495204139634,3.110775283397861,0.0055024595591648,3.2216988397539192,0.0358838677321968,4,ok,0.2028479387970279,0.21369615457148,0.1884084607896616,0.1969542753138988,0.0198635858945923,19.4074199199689,1.459497512842679,ok,1.9414775335473893,ambiguous,1.388504422493089,floor,3.99740916294288,ok
251,22,0.5215320846717192,0,-19.180991286723643,0.012075381803983659,0.4656618261061582,0.0605681907796695,157,35.29207389977328,-17.623888516176628,0.01728268237197059,0.4694578757871747,0.0304350687313745,157,28.82622875529489,-20.42765410435417,0.009062219757838656,0.4970343702521697,0.0573255032068769,157,28.75126073314885,-18.67554634089028,0.013565798623081953,0.4777531553706361,0.0507998357578631,157,31.58320477965531,-2.8037655881775407,1.75210776346389,0.5054449458333643,-18.402439901450137,-2.0252142029040314,-0.27310643944014146,0.22767552752298065,2.8037655881775407,1.6073252282059798,3.272970532902033,-0.0193254750626552,3.0869231404518853,0.0037982996632561,3.040726050719268,-0.0741052921983032,3.1742191060155456,-0.0207537612853987,4,ok,0.2063007829058322,0.1913993264412044,0.2000456540874994,0.1921779394244692,-0.001195599413981,19.494940979130316,1.459536028625568,ok,1.185457036366784,floor,1.388535228606235,floor,2.983932311458276,ok
252,22,1.0573110816609477,0,-18.841428048460166,0.013057414632216421,0.4487905415046662,0.0471215430964397,341,35.28592370891851,-17.22660067471719,0.01893825380431361,0.4696770252753395,0.0306088448862329,341,28.81946388088014,-20.640512209632597,0.008628767735382093,0.5125204945007444,0.0705811183512634,341,28.744416994782835,-18.829851136962663,0.013092267985724902,0.4489925551242125,0.0279968123283149,341,31.5765813508691,-3.4139115349154068,1.8106610726699337,0.011576911497503062,-18.034014361588678,-2.6064978480439187,-0.795836775373985,0.27270153008609826,3.4139115349154068,1.6314795195821348,3.3268576876541256,-0.0242456528948893,3.123236675273442,-0.0363504451451035,3.0661351722947034,-0.1095800002951112,3.2307355884792504,-0.0225692998947755,4,ok,0.1978167114762966,0.1773114469546901,0.187735912693211,0.1826752776886361,-0.0001718334777176,19.834834154311583,1.459425149315076,ok,1.1853800191486084,floor,1.3884442487451465,floor,2.5054632953052023,ok
253,22,0.7286031622944441,0,-15.875556401629197,0.025849036502891436,0.4033303259625254,0.0133588192086717,225,35.289739990234374,-14.964408690868693,0.031882996457646515,0.5055659351264,0.0601613861801795,225,28.82355347527398,-14.12666370313987,0.03866639023520382,0.4646767527169093,0.0309410318073612,225,28.748571124606663,-13.543694586792844,0.04422120180942729,0.4724951213916175,0.0465252465767493,225,31.580630154079863,0.8377449877288221,0.5829691163470265,2.331861814836353,-15.419982546248946,1.2933188431090752,1.8762879594561017,0.1969906162627111,2.331861814836353,4.837268802982239,3.381304159185258,0.0617246437163188,3.23749539081854,0.1188960762118123,3.2092026537745006,0.0661244179823343,3.1467472347827705,-0.0752886204951135,4,ok,0.1942788178722063,0.1909511747625139,0.1842577286064624,0.1923106880982716,0.0083572677108976,22.80050107941286,1.4594939475486008,ok,1.1854265754789122,floor,1.3884994694784096,floor,4.709089892893593,ok
254,22,2.1852211968278685,0,-19.703946463920218,0.010705460505208418,0.418827510375007,0.0244636715297275,757,35.295489755930326,-17.073638368478058,0.019617161305212395,0.4590033317554514,0.0222392828968349,757,28.82992820286216,-20.888728707871056,0.008149428039177514,0.5242751740169005,0.0809142315790862,757,28.754949441201777,-18.173116458522443,0.015229594994165992,0.4628414941191583,0.0388003554758753,757,31.586833694337063,-3.8150903393929987,2.715612249348613,1.5308300053977746,-18.388792416199138,-2.4999362916719186,0.21567595767669445,0.32643692983783273,3.8150903393929987,1.675932234410958,3.271756945447212,-0.1398099071168825,3.118201073513019,-0.1200017187943078,3.0704242008329024,-0.1678894608421486,3.2637227032638294,-0.0495569995087019,4,ok,0.2092493798194977,0.1873499667579541,0.1952415300653742,0.1883863093604578,0.0030581432233516,18.971802520372453,1.4595976262595118,ok,2.442586291192604,ok,1.3885842790240994,floor,3.93386839528591,ok
255,22,0.3891005307635708,0,-20.185985023496333,0.009580793896348734,0.4390432675134756,0.0395789680687204,109,35.284201980730806,-17.68792563475838,0.017029717220038224,0.5105407314939933,0.0644295035284139,109,28.81741789721568,-20.19643003194647,0.009557779274879975,0.468925770071342,0.0343044257894595,109,28.742384254385573,-20.387367791868172,0.009146674427601108,0.7858156114223983,0.3838207886277678,109,31.57465038824519,-2.5085043971880907,-0.19093775992170237,-0.20138276837183966,-18.936955329127358,-1.2594747028191122,-1.4504124627408146,0.29094042742298104,2.699442157109793,1.4785518351886573,3.2113620429242147,-0.0532680819013244,3.121336282242307,0.0741830864821428,3.0356948910187818,-0.0504936816394705,3.166897707294127,-0.0006328869541465,4,ok,0.1949296400907936,0.1704710799551338,0.1824481565197673,0.1714653981798286,0.0002522035031964,18.49036953070848,1.459394115002071,ok,2.274265934832073,ambiguous,1.388417231842935,floor,2.2819846982122765,ok
256,22,0.3326938893618243,0,-17.155027829304757,0.019252947078762964,0.4579996393836109,0.0543998218270842,90,35.28681725396051,-16.39295154960848,0.022945886710714177,0.4370674025849779,0.0056426468308392,90,28.820338906182183,-19.56766407898801,0.011046726256441833,0.5346610266785303,0.0902390240225654,90,28.74534471299913,-19.14230016289799,0.012183441538673371,0.6816966426401514,0.2530997476289307,90,31.57749972873264,-3.17471252937953,0.42536391609002067,-1.987272333593232,-16.77398968945662,-2.7936743895313896,-2.368310473441369,0.3017020562128484,3.17471252937953,1.922990616565426,3.4045870083639764,0.1544789551955716,3.1780416753987617,0.1497703206447558,3.189753231293664,0.1185995071552503,3.237317784361016,0.0841918868181084,4,ok,0.205627345210976,0.1947693265146679,0.1951854274918635,0.2092418818838066,0.0050129083709584,21.52118644246377,1.459441256588373,ambiguous,1.18538997970425,floor,1.3884565798639248,floor,1.0400255097797837,floor
257,22,0.2645702222467116,0,-18.804848772993644,0.013167857641220889,0.4977240829304079,0.0874896852065982,69,35.28666521155316,-17.236821699265718,0.01889373545000338,0.5000090751529792,0.0554433021941298,69,28.82006777887759,-19.50559122321257,0.011205748672169072,0.5687150147876874,0.1220970418435898,69,28.7450743412626,-18.566278864820028,0.013911440850111517,0.3953610569086402,0.0,69,31.57727086716804,-2.268769523946851,0.9393123583925416,0.23856990817361634,-18.02083523612968,-1.4847559870828881,-0.5454436286903466,0.198203466000064,2.268769523946851,1.8047015961822042,3.380109452955602,0.1501465205651824,3.1045958300305827,0.1025174990104109,3.158329778487318,0.1080325028269046,3.09181332848734,-0.0413302716429764,4,ok,0.2123752076556717,0.1906367985774641,0.1828684312277946,0.1935373056625974,0.0186375718887733,19.871373654653752,1.4594385157825822,ok,1.185386893370489,floor,1.3884529860551718,floor,2.7300380555809287,ok
258,22,0.6946125446866311,0,-18.111462341173834,0.01544734214462915,0.4786107120414144,0.0712251805891568,211,35.28175370275127,-17.757000113951698,0.016761002413066946,0.483460149500501,0.0417012269785053,211,28.814675471229013,-20.16882818736211,0.009618717754534307,0.6108898183771888,0.1642780381371038,211,28.73959914654917,-19.125763710495892,0.012229920359619862,0.6496090724731005,0.2165530171070828,211,31.57197376450091,-2.411828073410412,1.043064476866217,-1.0143013693220588,-17.934231227562766,-2.234596959799344,-1.1915324829331269,0.20633779277859937,2.411828073410412,1.603445547742485,3.4073326552956544,0.0926238693831891,3.078824900318301,-0.0334414100696967,3.1271364243341773,-0.010899095598182,3.3920766089096928,0.1748721154134731,4,ok,0.2181577848279363,0.190205772817841,0.1991295085699072,0.2010340112574857,0.0050522702529814,20.56502352558804,1.459349989102067,ok,1.1853255197610504,floor,1.388380219862268,floor,1.0399638635367738,floor
259,22,0.7847632123812942,0,-19.193548433354614,0.0120405175947278,0.4239718882071276,0.0282425407401536,233,35.302524091859745,-16.109333234301868,0.0244943927165607,0.4490625588638838,0.0146174529152192,233,28.83786559207245,-20.33486367351886,0.009257924455972451,0.5413850396069053,0.0963736293194772,233,28.762913945406805,-19.254691530335265,0.011872190235629498,0.5098666977194494,0.0779337175489076,233,31.59453346186953,-4.225530439216993,1.0801721431835958,-0.06114309698065057,-17.65144083382824,-2.6834228396906212,-1.6032506965070255,0.41080572136619664,4.225530439216993,1.816445238602362,3.3140640736634106,-0.0081643800011979,3.1205348926022727,-0.0015086158513568,3.0958162723057985,-0.0500044361480238,3.15090361156598,-0.0737597718084983,4,ok,0.2035051584563542,0.189158006559242,0.193968840678874,0.1820852508680503,0.002362741828924,19.481823042824868,1.4597245081303734,ok,2.956168107514733,ok,1.388690218087454,floor,2.431341232455799,ok
260,22,1.8687723631176507,0,-19.47412860392504,0.011287223888488466,0.4601904848805961,0.0561530932508382,625,35.30705801391601,-17.625164150625427,0.017277606749681564,0.4969263998789117,0.0528484264204431,625,28.84282155456543,-20.779910726370446,0.008356201950741805,0.5239609900460322,0.0806349962373813,625,28.767853369140624,-18.802193796713787,0.013175910020309227,0.4796373318255945,0.0523431152447002,625,31.599402374267576,-3.154746575745019,1.9777169296566584,0.671934807211251,-18.54964637727523,-2.230264349095215,-0.25254741943855663,0.25848738477737365,3.154746575745019,1.5493814018914907,3.2778820329494183,-0.1191571835273448,3.1106542288137127,-0.1086594875220359,3.093611545480344,-0.129661506763679,3.2257823999248294,-0.0730870866867645,4,ok,0.19964418104887,0.1885631689965725,0.1886710120439529,0.1844133453965187,0.0054326629787683,19.20099950048681,1.4598063121252371,ok,1.1856460556186013,floor,1.3887559409469172,floor,3.1394135662915383,ok
261,22,0.8134373561379661,0,-20.285902609126833,0.00936288607596868,0.4353247712457815,0.0367451862478105,257,35.31241892655072,-19.05251375573502,0.012437944781602832,0.434832490117954,0.0039973324846076,257,28.848779648658365,-19.83169340901579,0.010395147572930679,0.4263533644082226,0.0019887028544998,257,28.773840351327383,-18.360393064215806,0.014586822342516778,0.4362477843098999,0.0183445941678015,257,31.605214976151167,-0.7791796532807709,1.4713003447999853,1.9255095449110264,-19.66920818243093,-0.16248522658486309,1.3088151182151222,0.17123250312941085,1.9255095449110264,1.5304910839645771,3.237408994544083,-0.0922524903321497,3.03038546059879,-0.1013225996381756,3.027731874925664,-0.1257843263578677,3.2032415570013866,-0.0287947799525043,4,ok,0.2090469675160335,0.1817339969516264,0.1830349970130605,0.1902566774954823,0.0123554852207694,18.38893767964785,1.4599030608504855,ambiguous,1.185713967077635,floor,1.3888356245618827,floor,4.309581392424685,ok
262,22,1.2893564361958316,0,-20.023284872522943,0.009946528073665773,0.413740995965313,0.0207726630437945,424,35.306982346300806,-17.585893401101863,0.017434546689242957,0.517096610474417,0.0701179352202128,424,28.84261808305417,-20.23971871989438,0.009462984484231012,0.4475172329159402,0.0176695457242566,424,28.76763201209734,-19.060225393487826,0.01241587869038882,0.4958184825901899,0.065846757047272,424,31.59924977680422,-2.653825318792517,1.1794933264065541,0.9630594790351168,-18.804589136812403,-1.4351295830819772,-0.2556362566754231,0.2566660128290214,2.653825318792517,1.5874737540547728,3.2365497463174746,-0.1310706509638768,3.146326404214661,-0.0347364702473136,3.064576834221797,-0.1282386152312198,3.1666293889370074,-0.1030590567084588,4,ok,0.1931593732047334,0.1841500023256917,0.1820239857682642,0.1942135675300685,0.0066307019969483,18.65184729390853,1.4598049467302794,ambiguous,2.1931218057659443,ambiguous,1.38875299526591,floor,3.4081161348338576,ok
263,22,0.828263028546942,0,-19.820733287260467,0.010421414535055299,0.4262462429324662,0.0299279033291066,266,35.30488453054787,-18.131429140671557,0.015376485602588336,0.4595486811025372,0.0226622438663324,266,28.84021023341588,-18.43586252984161,0.014335529772281887,0.5086528281879956,0.0672324226874572,266,28.76520559841529,-20.637945081403604,0.008633869734660524,0.5277433876475355,0.0938029234435005,266,31.596920457997715,-0.3044333891700539,-2.2020825515619933,-0.8172117941431374,-18.97608121396601,0.540218684124401,-1.6618638674375923,0.2266059555475089,2.506515940732047,1.6887047665993222,3.3077233581595054,-0.0245478041945452,3.0822152473519586,-0.0528859592884205,3.126870617896035,-0.0293474090285617,3.162268795415438,-0.0723561262427794,4,ok,0.2236091417953708,0.1930308850356062,0.1860893734667758,0.1806811738787289,0.0222306399487126,18.85451149043889,1.459767094428485,ok,1.185616297789522,floor,1.3887207082491506,floor,1.3906920313200022,ambiguous
264,22,0.6158419783830043,0,-18.87544674114248,0.012955534223294686,0.4433730957348172,0.0429090046585338,184,35.31323119868403,-17.780152825263492,0.016671885442920448,0.5351566876386722,0.0861637449986691,184,28.849595733310867,-20.09019086626556,0.009794469391588869,0.5646878991000862,0.118227089187844,184,28.77467161676158,-18.381775356861613,0.014515181287067322,0.482055239537829,0.0543324592293383,184,31.606045557105023,-2.3100380410020662,1.7084155094039453,0.49367138428086577,-18.327799783202984,-1.7623910830625746,-0.05397557365862937,0.18583776034012622,2.3100380410020662,1.6629256835563448,3.2852235076891807,-0.019104077865955,3.121186156543942,0.022417656883511,3.1969432486231373,0.0696554910287954,3.2561634066369742,0.0492562072263056,4,ok,0.2166438707676918,0.1958283248721905,0.1949271802264063,0.186101582771896,0.0113089175935348,19.79934993354261,1.45991772220997,ok,1.1857232705657128,floor,1.3888466901938097,floor,2.973438820972451,ok
265,22,0.2161711378282018,0,-17.720668351926342,0.016901808034193787,0.5475067514201158,0.1328415522732557,51,35.30874678667854,-17.103739047998182,0.019481666081290025,0.4507238095521663,0.0158795603511145,51,28.84450471167471,-19.51410237930201,0.011183809530459195,0.521739692824244,0.0786655628944208,51,28.76952683691885,-18.455744585170375,0.014270051533365512,0.4590877340740355,0.0358396309972566,51,31.60111962112726,-2.4103633313038273,1.0583577941316342,-0.7350762332440333,-17.412203699962262,-2.1018986793397474,-1.0435408852081132,0.19925546055954146,2.4103633313038273,1.8587417307943643,3.2804975049474323,0.0734529471121505,3.0034952838104068,0.0312158075739525,3.277643301142277,0.2510736518076939,3.2131904529514386,0.102779989128471,4,ok,0.197613541986428,0.1978842740257581,0.2155524718703008,0.1998693396647771,-0.0178035638642077,20.95436909214106,1.4598367867506716,ok,1.1856652384670106,floor,1.3887782114839355,floor,1.5685552897088904,ambiguous
266,22,0.60773561308754,0,-19.73737817669032,0.010623366932628107,0.4657700854365029,0.0606560770906181,182,35.316478917886926,-17.31918224509708,0.018538806670585897,0.4942113696542143,0.0505763107495138,182,28.853232488527404,-19.946381268507228,0.010124226977513947,0.4922998136258705,0.0533540490687982,182,28.77835145887438,-19.634390332054657,0.010878298378057535,0.5313539667178566,0.0970744213498404,182,31.60958311059973,-2.6271990234101494,0.31199093645257037,0.10298784463566335,-18.528280210893698,-1.41810105761353,-1.1061101211609596,0.27695493584426634,2.6271990234101494,1.622194831234831,3.297697773515509,-0.0058011902004602,3.0613091897788856,-0.0363819218758409,3.105731451660401,-0.0206984253142712,3.2687590773164503,0.0626738023913819,4,ok,0.1921800065499085,0.1911991958475702,0.191064706358772,0.1873346131786213,0.0006248948399673,18.937244102062213,1.4599763488060358,ok,2.1667186279865827,ambiguous,1.3888956811136404,floor,2.5979843764183834,ok
267,22,2.1551723531181226,0,-19.114939310952078,0.012260440355056327,0.4263936712798392,0.0300374631824449,744,35.28516759154617,-16.941493090138668,0.020223237908840924,0.4528023500098963,0.0174652600930258,744,28.818278263973934,-17.514931612367427,0.01772175951076509,0.5034115240746918,0.0627348860626524,744,28.743264726413194,-14.142104793571797,0.03852915821424246,0.4909953323971061,0.0617748307357737,744,31.575564494697,-0.5734385222287592,3.3728268187956303,4.9728345173802815,-18.028216200545373,0.513284588177946,3.8861114069735763,0.44476801621424406,4.9728345173802815,2.9611313682145273,3.297292673209755,-0.1129608408964975,3.089728579285681,-0.1467665883429001,3.1592441719570603,-0.0777097770519796,3.303539207462188,-0.0084377719384058,4,ok,0.1986287978467761,0.181815954200643,0.182518586641558,0.194224614785203,0.0077037893821515,19.561363449772603,1.4594115199033064,ok,1.765831074969494,ambiguous,1.3884289337445683,floor,7.963200165701705,ok
268,22,0.6035998364536282,0,-16.259627942497282,0.02366122393103048,0.4116938520812832,0.0192998895685803,175,35.292587890625,-15.143497515746,0.030594985268900293,0.5067166699819258,0.0611449414830016,175,28.8265739440918,-14.872580203521796,0.03256431744100858,0.491609281812251,0.0527779914983452,175,28.751574325561524,-16.318702710328214,0.023341551982891878,0.5372137403001859,0.1024313613733534,175,31.58359565734863,0.27091731222420457,-1.446122506806418,-0.05907476783093202,-15.70156272912164,0.8289825255998444,-0.6171399812065737,0.1488810414326802,1.446122506806418,3.798301918394012,3.406367357398513,0.1058420353450051,3.168780011584477,0.0749552786672702,3.2170298098241816,0.0936785743135466,3.38902955424488,0.185893886460549,4,ok,0.2153373145631381,0.1926812976598739,0.1904825585016182,0.2062512660878045,0.0135267476098878,22.41627674608681,1.4595452966835356,ok,1.185460967008004,floor,1.388539398227639,floor,2.433228625514664,ok
269,22,0.6948285958534068,0,-19.496118728011883,0.011230216458040282,0.4043517257818964,0.0140778392481999,216,35.295318285624184,-17.21375907681342,0.018994334956354483,0.4900992625401776,0.0471587335214889,216,28.82960142029656,-19.514240463716835,0.011183453945640968,0.5326919053679009,0.0884570238528665,216,28.75460274131209,-19.18105231880829,0.012075212107941767,0.4674524025915002,0.042470140097403,216,31.586544469550805,-2.3004813869034137,0.33318814490854365,0.31506640920359175,-18.354938902412652,-1.1593015613041828,-0.8261134163956392,0.244269980007064,2.3004813869034137,1.7391976550569206,3.22835572963256,-0.0881287379932724,3.16252813097109,0.0479530494531239,3.1151596368102457,-0.0247142644639932,3.1859322465402578,-0.0330335766842684,4,ok,0.2047014023280806,0.1977787647154872,0.177959874600034,0.1757535249581215,0.0232802089217498,19.179639457263164,1.459594533912988,ok,1.9613079124465187,ambiguous,1.388579668406393,floor,2.8038634651122765,ok
270,22,1.471214069823128,0,-19.602387598537803,0.010958755566093329,0.4456561234431144,0.0446780216447626,492,35.28907882101168,-17.09129175211922,0.019537582495125876,0.4701929048423484,0.0310182354460217,492,28.822571006247667,-19.42127606562061,0.01142542577929405,0.5364686784580555,0.0918806872032174,492,28.747553736213742,-19.807406034033797,0.010453443989596028,0.5479982407234587,0.1124439993744184,492,31.57973720969224,-2.3299843135013916,-0.3861299684131865,-0.20501843549599386,-18.34683967532851,-1.0744363902920995,-1.460566358705286,0.2853383981671938,2.716114281914578,1.721556522148385,3.3652753500362254,-0.0136226368251231,3.1112886156171253,-0.0844375698661514,3.181008952484848,-0.0234823001873927,3.23718398181348,-0.0436909020553253,4,ok,0.2044581267755569,0.1951205595888621,0.181954692114084,0.1961492073336025,0.0178346510681255,19.07370535253366,1.4594820273537954,ok,2.291602675603566,ambiguous,1.3884859442815072,floor,2.2781541376998384,ok
271,22,0.5089799478166456,0,-20.785362985472855,0.008345717914397048,0.3598024436740382,0.0,141,35.188139299974374,-19.504784374651102,0.011207830711543802,0.4872132339187161,0.0447772047760444,141,28.70977752090345,-20.31346496763808,0.009303652982267381,0.4861821870025662,0.0482787337454764,141,28.63328920188525,-18.2934177969663,0.014813518367215835,0.4447008281841388,0.0247154474296902,141,31.469387663171645,-0.8086805929869776,2.0200471706717806,2.4919451885065556,-20.145073680061977,-0.1683912875761031,1.8516558830956775,0.22660081121729078,2.4919451885065556,1.4249347499798253,3.1439152726909305,-0.1402313527361731,3.0492900177617024,-0.0232388592411778,3.052628905344545,-0.053765298928099,3.1379514632359897,-0.0489378890843457,4,ok,0.2073959724594515,0.1884446493382995,0.1956022415072359,0.1753661797401753,0.0023180693916395,17.89613493809008,1.4576667482794972,ok,1.1841349512910877,floor,1.3869713630269271,floor,4.868183758095434,ok
272,22,0.9326545888768212,0,-18.58934726256325,0.013837743423423634,0.4641475735590535,0.059341042533932,304,35.19892816794546,-17.12833800769214,0.019371631509584725,0.4593420833938272,0.0225019521314664,304,28.7220395928935,-20.462598772811095,0.008989594925833157,0.5250787685951825,0.0816291989427093,304,28.64575992759905,-19.443708461573046,0.011366562750196374,0.5035381652499747,0.0724469078222878,304,31.48131229375538,-3.3342607651189553,1.0188903112380494,-0.8543611990097943,-17.858842635127694,-2.6037561376834013,-1.584865826445352,0.28785750551473427,3.3342607651189553,1.6206600075371411,3.3184668880291035,-0.0239283766278028,3.098434234425887,-0.0498304997418257,3.102473315769516,-0.0642262972618397,3.121672600745881,-0.1229945949438851,4,ok,0.2125029116011175,0.1802884958635427,0.1909821665551709,0.1726169113167806,0.0054135371771592,20.091573917450503,1.457860342020525,ok,1.1842737947899535,floor,1.3871362342512992,floor,1.276524484923774,ambiguous
273,22,1.1231173649206252,0,-18.858915382962394,0.013004943259269656,0.4067728369837566,0.015789458158105,366,35.202762009667566,-15.806216601960257,0.026265056526158265,0.5012777779762986,0.0565159080469508,366,28.72627207229697,-19.856674810462174,0.010335524456146664,0.4945452806967767,0.055232859222114,366,28.65004362825488,-19.773508895922276,0.010535353452359989,0.4509040300366848,0.0294684303899364,366,31.48544607527269,-4.050458208501917,0.0831659145398973,-0.9145935129598826,-17.332565992461326,-2.5241088180008475,-2.44094290346095,0.4368570476643311,4.050458208501917,1.906197603365019,3.282622044834372,-0.0738454942845314,3.101838149849623,-0.0647235914710537,3.06969634955003,-0.1115724323892464,3.170693796120279,-0.0879319345750726,4,ok,0.1993176991557651,0.1963810138607937,0.1891660364497392,0.193176021219277,0.0086833200585402,19.82180079476511,1.4579291607012743,ok,2.91929236464302,ok,1.387192891810949,floor,1.039000794693853,floor
274,22,1.126366025944325,0,-19.443718721190557,0.011366535898266791,0.4466397704578597,0.0454430067134843,365,35.20829656940617,-16.1185833378998,0.02444227726094673,0.5105945453248271,0.0644759014932285,365,28.732535432789422,-18.12015318211216,0.015416460758444578,0.5073651571119057,0.066123162163574,365,28.656378847932164,-20.319706128694442,0.0092902924868881,0.4374099626169235,0.019213250520683,365,31.49151669854988,-2.0015698442123586,-2.1995529465822834,-0.8759874075038852,-17.78115102954518,-0.3390021525669802,-2.5385550991492636,0.384093156371667,4.201122790794642,2.090004547437825,3.281023820528906,-0.0752362816791678,3.0897232870596896,-0.0765687413122031,3.149776735594256,-0.0312772848009803,3.0698702029137888,-0.1885497674839586,4,ok,0.1963272956544405,0.1847053828610949,0.1777557855191296,0.1778290962417648,0.0127605537386381,19.23670146248714,1.458028530785859,ambiguous,3.205713551082978,ok,1.3872767061001354,floor,1.1917673912310396,ambiguous
275,22,0.352751469778999,0,-19.165613174693107,0.012118215811934781,0.4096908027840178,0.0178659098506861,84,35.279256729852584,-18.421212522993397,0.01438396930775402,0.4654061218239026,0.027236812587597,84,28.81181791850499,-18.94841467900119,0.012739680373517357,0.5142111775110073,0.0720529101169495,84,28.73671851839338,-19.052661555275872,0.012437521499400604,0.4427524572385925,0.0232361651685644,84,31.56921859014602,-0.5272021560077924,-0.10424687627468288,0.11295161941723464,-18.793412848843253,-0.15500183015793567,-0.25924870643261855,0.06760202317388063,0.7444006516997099,1.6870424505411148,3.2857536718809035,0.0408765301511726,3.0211304597462973,-0.0003395762679123,3.092632901454789,0.0268947931429583,3.1573208257609027,0.0093835607041667,4,ok,0.2144435608670825,0.1757791454327248,0.2004787587072877,0.1941500228962727,-0.0053674055573841,19.511006604104143,1.459304991054255,ok,1.1852930027949953,floor,1.3883419440156552,floor,2.6069062132342617,ok
276,22,1.6402277577174762,0,-19.293968236148054,0.011765304626586134,0.4216198153342121,0.0265090709711501,550,35.27296994989568,-17.529658040262404,0.01766176882459077,0.4794418060558216,0.0384342139703943,550,28.80496832067316,-20.696584693734895,0.008518076392431361,0.4857078128570636,0.0478878340377004,550,28.72968827334317,-20.115450031662768,0.009737668748519498,0.4379107429564954,0.0195882652928254,550,31.562414495294743,-3.1669266534724905,0.5811346620721274,-0.821481795514714,-18.41181313820523,-2.284771555529666,-1.7036368934575385,0.29458633216059993,3.1669266534724905,1.4719839977377953,3.3110554659506697,-0.0762916616064175,3.1439510423192103,-0.0627608575319764,3.081013470131613,-0.1322252638561334,3.1232150142045345,-0.1660407200013707,4,ok,0.2074856313318014,0.1836048416861078,0.1776597919247367,0.1871688963811505,0.0178854445842179,19.38298864628496,1.45919172130048,ok,1.1852150783923756,floor,1.3882485544461824,floor,1.3780773904282468,ambiguous
277,22,0.4988411236106482,0,-18.899315424654592,0.012884526335717138,0.5111750585815771,0.0993175492756892,136,35.268324066610894,-17.411892004851406,0.018147249052406278,0.4327833212882232,0.002496172631111,136,28.799915005179013,-20.05480572529289,0.009874598071978252,0.478227214269011,0.0417740325392026,136,28.724488314460302,-19.070368843282335,0.012386913808656221,0.5024094890319458,0.0714755513020271,136,31.557372415766995,-2.6429137204414843,0.9844368820105558,-0.17105341862774281,-18.155603714753,-1.8992020105398915,-0.9147651285293357,0.22589772430131722,2.6429137204414843,1.6541636159246034,3.3172217169048626,0.0358125059048646,3.0867468395067785,0.0177771946300651,2.979780708392576,-0.1237794228759359,3.163574061282655,-0.0206000018206649,4,ok,0.2040142914663781,0.1794832437025273,0.1841220611103755,0.1925478966577964,0.0076267064740772,19.77789052443233,1.459108038383805,ok,1.1851576068078375,floor,1.3881794998731511,floor,2.314424529205587,ok
278,22,0.4856704379137245,0,-19.09721794415099,0.012310571236642148,0.4483096107651248,0.0467455081107945,137,35.26579067480825,-17.9168685147158,0.016155230116589394,0.4718264174311625,0.032317519291892,137,28.79713746230968,-19.759729614355322,0.010568833072356853,0.4910181635387807,0.0522855093457315,137,28.72162434654514,-18.479517920362365,0.014192150499871103,0.4144335330190383,0.0024685934505115,137,31.55459178451204,-1.8428610996395207,1.2802116939929569,0.6177000237886254,-18.507043229433396,-1.252686384921926,0.02752530907103079,0.1566764684111813,1.8428610996395207,1.6761309852533386,3.306989998637884,0.02502534087807,3.1227686094432063,0.0530767633782711,3.121887305639093,0.0177521146895776,3.1714692498306336,-0.0132557706223006,4,ok,0.2063629384676035,0.1990256770683901,0.1932675164383258,0.1953094145623001,0.009426791329671,19.58012380248636,1.459062414324571,ok,1.1851260239873718,floor,1.3881414746808385,floor,3.087985043853517,ok
279,22,1.4053171179877608,0,-19.652066840133813,0.010834111877715685,0.4474860791875973,0.0461025332238838,457,35.26462805349404,-16.85475515127132,0.020631199796484367,0.4935035086251825,0.0499859719320392,457,28.79565018167641,-20.371452898628945,0.009180254267933629,0.4729897644796998,0.0375500055212418,457,28.720153140813046,-19.852960138210932,0.010344368572674782,0.474043786593911,0.0477793400680248,457,31.55319612866157,-3.5166977473576253,0.5184927604180132,-0.2008932980771192,-18.253410995702566,-2.118041902926379,-1.5995491425083657,0.36016005257325207,3.5166977473576253,1.6249839249042566,3.29051122915245,-0.0827917331147305,3.082010101584316,-0.1064413391306602,3.0791950245897133,-0.1195036422019328,3.167511813691828,-0.1078132674876033,4,ok,0.2030690894248188,0.1891893566763375,0.1925662167419229,0.1869591756253065,0.0035630063086552,19.025337222298763,1.459041478492509,ok,2.638931073882292,ok,1.388121943491529,floor,2.2820034019220063,ok
280,22,1.4554634121873091,0,-19.077562294081908,0.012366413686024123,0.5786175506754853,0.1633768588765416,465,35.2751329073342,-16.860251493810036,0.02060510588552625,0.5107705306719655,0.0646276691591625,465,28.80712579706664,-19.941650501689402,0.010135261299777409,0.5818652978524442,0.1349256417638198,465,28.731971716111705,-19.698215955908864,0.010719595665028517,0.6042655434062598,0.1679119233948407,465,31.56466398751864,-3.081399007879366,0.2434345457805378,-0.6206536618269567,-17.96890689394597,-1.972743607743432,-1.7293090619628941,0.3126717666775515,3.081399007879366,1.7006908673477577,3.441116732722308,0.0664980212768595,3.0966313577821096,-0.0935308420707223,3.1985585629986737,-0.0015023123023656,3.2745111962952165,-0.0021189994918802,4,ok,0.200296896215408,0.1844950135276522,0.1926937905530776,0.1992564697018874,-0.0002978356815474,19.599278617191423,1.459230687627174,ok,1.8487393293276848,ambiguous,1.3882788839634996,floor,1.7586979263622755,ambiguous
281,22,0.6996678405121893,0,-18.28055577295647,0.014857454971114296,0.4248805415402566,0.0289147975432457,216,35.27442029670433,-16.631013679208365,0.021721941116337847,0.4112525643973781,0.0,216,28.80623677041796,-20.748492469809587,0.008416872588159052,0.4524631116820871,0.0214435615121237,216,28.731096965295297,-18.878357835467206,0.01294685298363891,0.409369000972238,0.0,216,31.56382864492911,-4.117478790601222,1.8701346343423815,-0.5978020625107376,-17.455784726082417,-3.2927077437271706,-1.422573109384789,0.330531625735802,4.117478790601222,1.7225646254482911,3.339690089935913,0.0232056223100811,3.062433916174544,-0.0521411653434227,2.994228034472661,-0.1456458668015781,3.144469559010959,-0.0744962642135673,4,ok,0.2086371273768169,0.1818178961639878,0.1799462437457232,0.1921946608840867,0.0152812680246791,20.39632334734413,1.4592178492735044,ok,1.1852295068511858,floor,1.3882672647878675,floor,1.792665068332085,ambiguous
282,22,0.5657004419728286,0,-18.19024761440626,0.015169638748067373,0.4068603036249983,0.0158514844566697,171,35.26972588879323,-16.766828732877084,0.021053152034430905,0.4293737659805229,1.4149157612441954e-05,171,28.80117232339424,-20.79797851258159,0.008321510178776885,0.3999694970247233,0.0,171,28.72586058454904,-17.941949347335818,0.016062201331571664,0.4335014703169712,0.016301077623291,171,31.558740615844727,-4.031149779704506,2.856029165245772,0.24829826707044234,-17.478538173641674,-3.3194403389399163,-0.4634111736941442,0.2993861484189792,4.031149779704506,1.7894500273665135,3.367394944850409,0.0686227215615966,2.9648358054256487,-0.1267095190900162,2.891688923534536,-0.2298473109907162,3.137287604208454,-0.0641091342690804,4,ok,0.2035154124493138,0.1822249299645075,0.184436881555277,0.1783742187925946,0.0084332896516336,20.48688318724949,1.4591332863656352,ok,1.185171904962074,floor,1.3881977216096062,floor,2.7390146707380776,ok
283,22,0.3010912574216349,0,-18.855048776046576,0.013016526965058646,0.4150460414236872,0.0217153627576918,80,35.266538047790526,-17.858308785833707,0.016374540488353014,0.428111930838045,0.0,80,28.797699689865112,-19.620514958233883,0.010913109282036855,0.4130660121119399,0.0,80,28.72226927280426,-19.233002641678755,0.011931628857394422,0.4627178214611549,0.0387024263553308,80,31.555253291130064,-1.7622061724001767,0.38751231655512797,-0.37795386563217903,-18.356678780940143,-1.26383617729374,-0.8763238607386121,0.15726233328848255,1.7622061724001767,1.6404382762010306,3.2124435660054145,-0.0287343960504142,3.275027487050569,0.2583671864587509,3.0293700139911848,-0.0325382959724565,3.2707043065334647,0.1264363224525619,4,ok,0.2078630979172885,0.2061262214556336,0.1921538851223886,0.1777744925580918,0.0148407745640724,19.82225291043716,1.459075873232173,ok,1.1851324165908053,floor,1.3881500369478417,floor,2.0804813734706085,ok
284,22,0.435011895227568,0,-19.07505182638232,0.012373564238970071,0.4319880428179813,0.0342228591241886,116,35.27125621664113,-16.5511070587559,0.022125306421958865,0.5196283950256878,0.072334151094904,116,28.802730774057324,-20.03207380918301,0.009926419365869252,0.5881657832791517,0.1411759096461591,116,28.72749634446769,-19.487675255620154,0.011252071273595357,0.5023988619240606,0.0714664158039917,116,31.560344350749048,-3.480966750427111,0.544398553562857,-0.4126234292378328,-17.813079442569112,-2.2189943666138987,-1.6745958130510417,0.3460113484235722,3.480966750427111,1.7570457005391638,3.308170570359885,0.0388213492210853,3.0925793606493777,0.0392903167551796,3.0128633573814123,-0.078210943697381,3.1587516840817425,-0.0134598642838814,4,ok,0.213239067073526,0.185701470886325,0.1786291744110399,0.1908607908749374,0.0208410945688856,19.601996934590915,1.4591608508359089,ok,2.307742168256026,ambiguous,1.388219443770354,floor,2.038660648884484,ambiguous
285,22,0.858566318658825,0,-19.062942844134984,0.012408112304790463,0.4731576320553076,0.0667016460594995,249,35.26762289024261,-17.159996978539006,0.01923093066838433,0.502902970713325,0.0578938740604453,249,28.798739391158385,-20.00226746565685,0.009994780330101573,0.5963310877834112,0.1493762810861896,249,28.7233798781552,-18.951535315096613,0.012730529525848066,0.5166936596254549,0.0839295000714384,249,31.55635217107444,-2.842270487117844,1.0507321505602363,0.11140752903837026,-18.111469911336997,-1.8907975543198532,-0.8400654037596169,0.2518925649549663,2.842270487117844,1.7057329829617305,3.37995459925464,0.0526907258203341,3.150943562503564,0.0223529168552225,3.092107204185503,-0.0589267255812719,3.3130368994045387,0.0833787951473099,4,ok,0.2119923022138067,0.1897074055061283,0.1862087867346154,0.1869439086820706,0.014641067125352,19.614300691425,1.4590954102704816,ok,1.1851442386176194,floor,1.3881647823934438,floor,2.6050828232863994,ok
286,22,1.626564128640391,0,-19.241726240255066,0.011907686054484586,0.4697013790953543,0.0638613928292928,553,35.26306305483496,-17.99326179420607,0.015873541091605305,0.5134115446351691,0.0669115298535136,553,28.79353191796522,-19.70459754784103,0.010703855688421195,0.5955018999829957,0.1485383746490476,553,28.718084938918487,-18.855371016975717,0.013015561191301367,0.5356998416057893,0.1010417432783579,553,31.55124770538716,-1.711335753634959,0.8492265308653124,0.3863552232793488,-18.61749401723057,-1.0871035306104595,-0.2378769997451471,0.1486937664323472,1.711335753634959,1.6363275926820031,3.352825101585162,-0.0349344556939827,3.149453130694803,-0.0577950171946781,3.191089446014435,-0.0225762806602105,3.271446097750766,-0.0182187327052325,4,ok,0.2084241015247152,0.192411462751101,0.1827813271049133,0.191862568825106,0.0176364550329947,19.435761700918206,1.4590132987721494,ok,1.1850850328114428,floor,1.3880944892764562,floor,2.87094172717303,ok
287,22,1.5955433868042292,0,-15.181682066880809,0.030327163546813876,0.440397327087166,0.0406168526651526,538,35.25911445334055,-14.437328720833033,0.035997067955462876,0.5070050573425802,0.0613917821546441,538,28.789175544086444,-14.725545673371839,0.0336856888382985,0.4657968011204801,0.0318246569131936,538,28.713666104029542,-17.82529375106043,0.016499493971444904,0.4255493861652333,0.0104567608749785,538,31.546963390364525,-0.2882169525388054,-3.0997480776885897,-2.6436116841796196,-14.80950539385692,0.08395972048508149,-3.0157883572035082,0.25969703784894443,3.387965030227395,3.8877801792824194,3.3460956727717823,-0.0395789279130096,3.180050258999777,-0.0244869933750155,3.1483786707856893,-0.0631284791165347,3.1913773319095724,-0.0962193936579098,4,ok,0.2078857116373498,0.1949492809206912,0.1945168362328,0.1847152359105065,0.0069006600462204,23.4960174846442,1.4589422090334865,ok,1.1850355155509926,floor,1.388035841431098,floor,1.039685066480407,floor
288,22,0.4017942140985259,0,-17.955758207250316,0.016011210943435994,0.5132588140798455,0.1011780741230901,112,35.26344568388803,-18.083258204908745,0.015547987382082414,0.4956336689672193,0.0517650317988098,112,28.794201578412736,-18.69604857161956,0.013501907950051748,0.6006965255251805,0.1538068468685429,112,28.71869029317584,-19.67564523538331,0.010775451499081025,0.5603693873376098,0.1241748009816872,112,31.55180045536586,-0.612790366710815,-0.9795966637637505,-1.7198870281329945,-18.01950820607953,-0.6765403655400313,-1.6561370293037818,0.14803347343187148,1.7198870281329945,1.7468526418896093,3.409754303506852,0.1430656410930746,3.092158865454566,0.0423291246143326,3.1538083939008743,0.0654885963359914,3.275898800911281,0.106326307248429,4,ok,0.1988340502471796,0.1972670531831681,0.190003075171262,0.19838058951843,0.0080474765439118,20.721709226722872,1.459020188276503,ok,1.1850926455639124,floor,1.3881025247135756,floor,1.0397389593728132,floor
289,22,0.443959441511126,0,-17.153375824944504,0.01926027206305746,0.6105148878741846,0.1964358382671682,121,35.29417870261452,-17.180625671940234,0.019139801651395002,0.5817166866038402,0.1300712381066331,121,28.82805103901004,-17.605808043302034,0.01735478331734317,0.6105865558450961,0.1639639648142183,121,28.75301007988039,-17.127672043980297,0.019374602257163157,0.609087251123208,0.1729171284973967,121,31.58510279064336,-0.4251823713617995,0.47813599932173645,0.025703780964207112,-17.16700074844237,-0.4388072948596644,0.03932870446207204,0.044104433533903926,0.47813599932173645,2.3733304255037995,3.345549932299266,0.0730011586231933,3.079515742795944,0.0220665870577891,3.2233859587974134,0.1289991284276954,3.375906391892057,0.2005211514403142,4,ok,0.2299595847110117,0.1944642594345837,0.2013303032529748,0.1914074380905175,0.0108816188198229,21.52244350811199,1.459573982998878,ok,1.1854777873672333,floor,1.388558489310709,floor,2.519999398156412,ok
290,22,1.3059679812627736,0,-15.524654323617428,0.028024286718997038,0.4805371833145848,0.0728356515612242,436,35.28265639838823,-14.81247722752348,0.033018115108725266,0.5366296642196904,0.0874967316691621,436,28.815069531082013,-14.80341191560517,0.03308710795504106,0.4776039424577787,0.0412689226287219,436,28.739978755285986,-14.833256049944264,0.032860517228898406,0.550611901630219,0.1149005558300215,436,31.57251101240105,0.00906531191831128,-0.029844134339095163,0.6913982736731636,-15.168565775570453,0.36515385996528416,0.335309725626189,0.06775871999715391,0.7212424080122588,4.226150613183835,3.3606559975103165,-0.0090803922765614,3.160068795038369,-0.0237453283502655,3.182759767057412,-0.0122463909625936,3.3108774309145224,0.0390900953177757,4,ok,0.2101015326900219,0.1833448166437788,0.1923876984916422,0.2067257378062387,0.0043354761752582,23.1517831287558,1.4593662579809803,ok,1.185330004259899,floor,1.3883852642665664,floor,3.156824452384938,ok
291,22,1.1546305771591698,0,-18.967481285526805,0.012683872606809124,0.474843860889378,0.0680949001230606,379,35.28962711545597,-18.77363128343344,0.013262850420860386,0.4846680742486067,0.0426886301155169,379,28.822925758865075,-19.37527652795821,0.011547084586946308,0.5232643448479748,0.0800164402579426,379,28.747871258013483,-19.254289735585132,0.011873288661830054,0.4606031243860308,0.0370319714521258,379,31.580142471595305,-0.6016452445247715,0.12098679237307763,-0.2868084500583272,-18.870556284480124,-0.5047202434780864,-0.3837334511050088,0.054601039293528185,0.6016452445247715,1.5659430773617302,3.358513362357172,-0.0006004476993544,3.0877214095073136,-0.0822810576466404,3.16212054665201,-0.021887946509532,3.252485732220361,-0.0087648808717073,4,ok,0.1987534362950551,0.1990989918837761,0.1848354235114554,0.1863564534658335,0.0140907905779602,19.70858225101844,1.4594919125059698,ok,1.1854194288658682,floor,1.388490165352145,floor,2.1871978473996507,ok
292,22,1.230624620457207,0,-16.420548629307397,0.02280054022410605,0.4195800690559847,0.0250135925890468,410,35.29855903997654,-15.236622876077062,0.02994592360976495,0.4712769074425945,0.0318799401530942,410,28.83289740492658,-14.528360231640374,0.0352503941050143,0.457744198020946,0.0255191545145987,410,28.757855285086283,-13.771367858997168,0.041962679702674574,0.4808938562579481,0.0533756776569041,410,31.58983975852408,0.7082626444366884,0.7569923726432055,2.6491807703102292,-15.82858575269223,1.300225521051857,2.0572178936950625,0.21638915354615684,2.6491807703102292,4.484741125164647,3.359804775398924,-0.0052699294856672,3.1706714571743326,-0.0070814653592194,3.2327283846724693,0.0425485164551777,3.262574244905796,-0.0045890839556284,4,ok,0.2115633937189491,0.196908688418022,0.2033804496704805,0.1973382315439422,0.000855591398005,22.25503564937142,1.459652983068781,ok,1.1855329840512616,floor,1.6308444794612904,ambiguous,5.034602134964689,ok
293,22,0.5258274788244242,0,-18.169052213788454,0.015243853930261134,0.423804130845926,0.0281185847555294,152,35.20074056324206,-16.293365572401353,0.02347812674290745,0.4293437439644765,0.0,152,28.723910005469072,-19.36718753330029,0.011568611764706848,0.4361587184155072,0.0091593059933274,152,28.64761693854081,-19.41247480382322,0.01144860362988611,0.4043976020418717,0.0,152,31.48315389532792,-3.073821960898936,-0.045287270522930356,-1.2434225900347649,-17.2312088930949,-2.135978640205387,-2.1812659107283174,0.3166846055265279,3.1191092314218665,1.9235180144265849,3.2749689487583145,-0.0148731834179227,2.964016538350182,-0.1159177320032949,3.0330254020459364,-0.0792654183045424,3.139451730690189,-0.05308709432534,4,ok,0.1997538221460816,0.196037187951764,0.1762107334982015,0.1817813822264342,0.0216847715507212,20.511772057878066,1.4578928734706311,ok,1.1842949811107493,floor,1.387160794136256,floor,1.03897533877425,floor
294,22,0.6740944677624838,0,-16.541496906668385,0.022174319935915735,0.4075522637584012,0.0163426527527787,209,35.21153797715475,-14.158784983848664,0.03838146094449683,0.5159642399127806,0.0691302098337489,209,28.73602893592068,-13.783272432862798,0.04184781207173615,0.5492483344882307,0.103644904269216,209,28.65992849067068,-14.13153178412458,0.038623072700544894,0.5282863658019261,0.0942934837615518,209,31.4949693999222,0.37551255098586545,-0.3482593512617811,2.409965122543806,-15.350140945258524,1.5668685123957253,1.2186091611339442,0.21771959320136777,2.758224473805587,5.054158763345637,3.2966053377017146,-0.0173813651945766,3.2080623223074847,0.0967348763615962,3.2445583418170623,0.1072704017771069,3.2677213776523883,0.0512331309210694,4,ok,0.2076616585254669,0.2013929630651998,0.1975345128710475,0.2077503458521012,0.0069927979242858,22.13874989494385,1.458086741149285,ok,2.112127013027374,ambiguous,3.0834490117290336,ok,4.785411788884398,ok
295,22,1.5282217972556655,0,-18.189294951376823,0.01517296670634475,0.4386917495163756,0.039310052605648,508,35.20903579081137,-16.715513180038233,0.021303388231623335,0.44477679199207,0.0113829335470283,508,28.7331441744106,-19.77643919213523,0.010528247376877627,0.4565211826319211,0.0245711041311287,508,28.656988973692645,-18.613512032877917,0.013760962035957789,0.4701713971354457,0.0446512164134531,508,31.492175511487822,-3.0609260120969957,1.1629271592573112,-0.4242170815010944,-17.452404065707526,-2.3240351264277024,-1.1611079671703912,0.25737311586866873,3.0609260120969957,1.857058386519882,3.330023403318248,-0.0513009712046015,3.1198850714242825,-0.0789959439706935,3.0934424267716727,-0.11356088973019,3.226171261184186,-0.0571103990164516,4,ok,0.2051266510127567,0.1906151399456375,0.1838471187190629,0.1902298716622896,0.0140237767601341,20.491085693371108,1.4580418051693036,ok,1.1843996069295206,floor,1.3872847794297671,floor,2.022661733110499,ambiguous
296,22,0.8112287225926186,0,-17.333643540140294,0.01847717814369772,0.476097830841914,0.0691342117941382,256,35.21656322479248,-16.444185303438715,0.022676784328945557,0.4607475867939483,0.0235938544738496,256,28.74156392365694,-18.802939492026635,0.013173647875314429,0.5609458591321628,0.1146557364057494,256,28.66555353999138,-18.061244039936582,0.015626999419025987,0.507801648649295,0.0761357967954177,256,31.50041923671961,-2.3587541885879197,0.7416954520900525,-0.7276004997962886,-16.888914421789504,-1.9140250702371304,-1.172329618147078,0.20211896045914235,2.3587541885879197,2.1353322766216736,3.433442922051848,0.1040770248545448,3.079688682851319,-0.0516350493304833,3.162772622730873,0.0095624463783541,3.3103358006006376,0.0785926622320007,4,ok,0.2213462610379792,0.1985869068303145,0.1900062755303224,0.1936699211946688,0.0199603084038244,21.34633442110534,1.4581770047637204,ok,1.1844950480686425,floor,1.387398134338023,floor,1.5791355712938784,ambiguous
297,22,0.9764188898337998,0,-18.888917882760193,0.012915410425475648,0.428982787438513,0.0319677134198723,315,35.21750256977384,-16.62487130418819,0.021752684934608656,0.4614259089741542,0.0241220204199175,315,28.74271142747667,-19.967137695846638,0.01007595525933605,0.4586936115733624,0.0262568644740668,315,28.66671849810888,-19.596703348509084,0.0109731082904721,0.4662600409973497,0.0415176619315538,315,31.501525957622224,-3.3422663916584483,0.37043434733755376,-0.7077854657488913,-17.756894593474193,-2.210243102372445,-1.8398087550348912,0.33253468815352677,3.3422663916584483,1.7480164517652441,3.321067067366201,-0.0240231484606869,3.055359338030577,-0.0964094168245663,3.084957303038681,-0.0845324203547264,3.142806278303919,-0.1045340865559141,4,ok,0.21565011790584,0.1893399169638989,0.1874176084403953,0.2019521120048704,0.0150774089944741,19.791009819917218,1.4581938797839455,ok,1.9277946834333957,ambiguous,1.3874135567760026,floor,1.615021668406005,ambiguous
298,22,0.4933137875261112,0,-18.198228117429068,0.015141788938515382,0.4663107582547507,0.0610953080101515,141,35.205879076152826,-16.527489264437655,0.022245955982349897,0.4457770115973349,0.0121350364551069,141,28.72958549878276,-20.699602237499384,0.008512159959735786,0.4347558808252211,0.0081234242316208,141,28.653360826749328,-19.770138466782477,0.010543532797464008,0.4705625124460617,0.0449659952452106,141,31.48870180008259,-4.172112973061729,0.9294637707169073,-1.5719103493534092,-17.36285869093336,-3.336743546566023,-2.4072797758491156,0.3738446530923878,4.172112973061729,1.6759183710800172,3.367500772972577,0.0833541475454735,3.076946198060449,0.0044173210575686,3.00273070535908,-0.1036634989135643,3.137855973979415,-0.0490333783409204,4,ok,0.2095598343046421,0.1780802991690365,0.1954267704529119,0.182734774597359,-0.0016067037160726,20.48232136378497,1.4579851226375642,ok,1.1843592802673983,floor,1.387236774619261,floor,1.0390369563121515,floor
299,22,0.8369142643465202,0,-19.157990133106363,0.012139505233808594,0.6087703015252287,0.194581868899859,263,35.221746335918006,-16.384035066781696,0.022993045213846368,0.528951474587427,0.0805884966995611,263,28.747340155191747,-19.335213152205505,0.01165409850990896,0.7843573822475057,0.3694871593505222,263,28.67142088422304,-19.59658761303906,0.010973400717574118,0.5956929754844574,0.1591113479318042,263,31.50609356550209,-2.951178085423809,-0.2613744608335544,-0.43859747993269593,-17.77101259994403,-1.5642005522614753,-1.8255750130950297,0.34317399985431557,3.2125525462573634,1.8773065789993986,3.458212037384854,0.1268008253872592,3.241815254255102,0.107832169483776,3.297998401520485,0.1426706899482126,3.2918142569827484,0.0580423351140155,4,ok,0.2018469673202518,0.1882533813497413,0.1975733568261558,0.1872747396561582,-0.0025231824911592,19.52171048996556,1.4582701273847043,ambiguous,2.61069237451002,ok,1.387475819195694,floor,2.00515296052666,ambiguous
300,22,0.8367580792825227,0,-17.42971003548142,0.018072947892684894,1.0785390757821245,0.885431693311971,267,35.21694417660603,-15.458587251191569,0.028453865538636228,0.8081794481017227,0.3958381365577934,267,28.74188303858153,-17.3183255820154,0.018542463884380547,1.3448032434065795,1.3812280755075528,267,28.665877317221423,-18.475885052306538,0.014204027183215681,1.39286064524549,1.5153024363281975,267,31.500761124971653,-1.8597383308238324,-1.1575594702911367,-1.0461750168251172,-16.444148643336494,-0.8741769386789073,-2.031736408970044,0.2655267954948893,3.017297801114969,2.600716243175944,3.573132042716672,0.2405763841803549,3.307597376693137,0.1721262633474873,3.3141493144414014,0.1576367457251222,3.3847915424070143,0.1498844240129502,4,ok,0.2249351328287678,0.1845022823229041,0.2017058082176058,0.2134954971209001,0.0030128993582301,21.250247543588276,1.4581838483420553,ok,1.1844986661663404,floor,1.38740242060982,floor,1.0391709514479963,floor
301,22,0.5822234450337958,0,-19.54534672807468,0.011103638835739676,0.4930077417440533,0.0834171381176629,177,35.2228094197936,-16.38730015650806,0.02297576520111265,0.4658956187994758,0.0276217252246393,177,28.74862251712777,-20.54793169133948,0.008814685686490941,0.4886467123783172,0.0503157238118012,177,28.672722800303315,-20.49267447016618,0.008927555381357751,0.5233053366743289,0.0898122238327239,177,31.507333572301487,-4.160631534831417,0.05525722117329934,-0.947327742091499,-17.96632344229137,-2.5816082490481094,-2.52635102787481,0.45206929683787567,4.160631534831417,1.6439159831279013,3.367829534465221,0.0664426333263796,3.0300808371769,-0.0648641353099486,3.048351758581094,-0.0758914785214406,3.139843190085065,-0.0641470930533922,4,ok,0.2029916849303043,0.1745357003252385,0.1883211750852859,0.1848490492014561,0.0004425175424854,19.13429700486985,1.4582892302780417,ok,3.031951697802726,ok,1.3874930599872224,floor,1.0392440140143098,floor
302,22,0.5615611998131312,0,-19.191976901710646,0.012044875347166504,0.3995650232868314,0.0107239223423978,169,35.22719592032348,-17.287476807299107,0.018674643474618273,0.5187736582804056,0.0715847407995,169,28.75351295245469,-20.04640557128782,0.00989371607121293,0.479120988618235,0.0424995118540785,169,28.67769024640145,-20.092985712350195,0.00978816831493321,0.4759877281120698,0.049359332878182,169,31.5121392244418,-2.7589287639887132,-0.046580141062374736,-0.9010088106395493,-18.239726854504877,-1.806678716782944,-1.8532588578453186,0.2873544919794208,2.805508905051088,1.590047471209259,3.308542834746153,0.0106625999058063,3.111343350184239,0.0209578040019216,3.1588213252994497,0.0382085754891039,3.141250209602907,-0.0592617499416903,4,ok,0.1951315855971102,0.1932328775877783,0.1787322669912724,0.1841890939990797,0.0154499646011717,19.48743206729009,1.458368063307856,ok,1.1846305652928693,floor,1.3875588525508116,floor,1.0392974511724211,floor
303,22,0.1821619080194837,0,-18.754806826766288,0.013320462901225294,0.392964812798214,0.0061648320587335,38,35.21655233282792,-16.554366651105035,0.022108706528404604,0.5760513671912175,0.124533049974099,38,28.74136513157895,-18.403254163147174,0.014443571101936246,0.4741839041310021,0.0385089908360762,38,28.665348655299137,-19.030652905898805,0.012500710839801473,0.46379518799721,0.0395564087289062,38,31.50028590152138,-1.8488875120421397,-0.6273987427516303,-0.275846079132517,-17.654586738935663,-0.7486674242115114,-1.3760661669631418,0.24525432298507488,2.47628625479377,2.0620818331942696,3.3547110028566345,0.1699751356417365,3.1101358111490307,0.166862468424024,3.0442842201910327,0.0408109852023068,3.257175609957671,0.1688935262906152,4,ok,0.2114199486218,0.1954522883813632,0.1915607542583817,0.1784570766122717,0.0118753642431999,19.925171717231077,1.458176809097787,ok,1.8149572982884987,ambiguous,1.3873954220421727,floor,2.197641002832088,ok
304,22,0.8909633496069183,0,-18.875880677069254,0.012954239804154643,0.6021233698554946,0.1875667988929954,266,35.22388891349161,-16.716813002475035,0.021297013184337292,0.5559284444986415,0.1052998528668776,266,28.749531107737607,-19.565452928508932,0.011052351976823185,0.6591703486456982,0.2162684847389615,266,28.673647765826463,-18.380227271117338,0.014520356289651615,0.513545492096296,0.0811547121933717,266,31.508286583692502,-2.848639926033897,1.1852256573915945,0.4956534059519164,-17.796346839772145,-1.7691060887367875,-0.5838804313451931,0.2581887310327306,2.848639926033897,1.8955966169319352,3.368386724968788,0.0361155626147375,3.261888072195304,0.1267868655549247,3.230909990846801,0.0746919639222043,3.265688526959647,0.0310636053014294,4,ok,0.2126081843013154,0.1978253488449897,0.2013075737968871,0.1965020706358932,0.0039091927762654,19.80370528529617,1.458308629070482,ambiguous,1.7336302837991882,ambiguous,1.3875053096580463,floor,2.9730144206435027,ok
305,22,0.5634341572768592,0,-19.099667346455234,0.012303630084687931,0.5139834049406609,0.1018268138566518,162,35.22085778507186,-16.81268157091167,0.020832042020525503,0.4978817553908862,0.0536508914079016,162,28.74620605986795,-20.012950429280124,0.009970224950458021,0.6973247318353779,0.2601508351887838,162,28.670269989673,-19.59933547535948,0.010966459837982416,0.5668853059133437,0.130458734822223,162,31.50500828542827,-3.200268858368453,0.41361495392064285,-0.49966812890424706,-17.956174458683453,-2.0567759705966715,-1.6431610166760287,0.3183222418898489,3.200268858368453,1.705945887524639,3.3577020962193043,0.0630291492775194,3.090872777962003,0.0046574012700602,3.2134014158905813,0.0961092038693944,3.24476298349757,0.0474323888791596,4,ok,0.2090542275044653,0.198112199358918,0.173766579662944,0.1872679517133,0.0298166337687476,19.580080825022563,1.4582541615001097,ok,1.9658188653065372,ambiguous,1.3874605792795789,floor,1.9269079743639843,ambiguous
306,22,0.4512150156524247,0,-19.23715778009034,0.011920218659432668,0.4798917363581294,0.0722953570299493,129,35.22369508965071,-19.96634500413402,0.010077794530966045,0.5169372146835735,0.0699787691587177,129,28.74943039768426,-18.88500231320264,0.012927060122666405,0.5401300110169478,0.0952227934008258,129,28.673544521479645,-19.512206146875158,0.011188693712415551,0.4072756802362495,0.0,129,31.50816457585771,1.081342690931379,-0.6272038336725174,-0.27504836678481936,-19.601751392112178,0.7167490789095368,0.08954524523701934,0.09024324107234653,1.081342690931379,1.5105956310917592,3.2654392970634585,-0.0119634950948275,3.006672115139739,-0.0570883167982594,3.1228882299314145,0.0234759848470735,3.224102294814372,0.043902268587614,4,ok,0.1867015790338664,0.1841453173479368,0.1738071851432323,0.1934890308698942,0.0116162630476692,19.44243855519272,1.4583051459277332,ok,1.1845842546339445,floor,1.387503942325174,floor,2.1987300134441683,ok
307,22,0.4510876346187722,0,-18.82144993897868,0.013117618800499053,0.4433757601261725,0.0429110638818093,129,35.22600939846778,-17.27758172760585,0.01871724078243143,0.481297554856734,0.0399395952625574,129,28.75206351465033,-19.897073853098874,0.010239826889512603,0.7087035059635876,0.2737157396962184,129,28.676218905190165,-19.571773517118558,0.01103627842225626,0.4181844563430825,0.0051404791748912,129,31.51073954086895,-2.619492125493025,0.32530033598031594,-0.7503235781398772,-18.049515833292265,-1.847558019806609,-1.5222576838262931,0.24941016283466325,2.619492125493025,1.6560076414565472,3.3214775572819173,0.0440747651236312,2.9762194797212853,-0.0875409522167132,3.127465858077897,0.0280536129935562,3.1720686227365205,-0.0081314034902373,4,ok,0.2001628109882044,0.1931043186102264,0.188832780043053,0.1830835392077764,0.0078007847561623,19.858022536012182,1.458346737766104,ok,1.1846141224213471,floor,1.3875393632722155,floor,1.5360848229422586,ambiguous
308,22,0.5172944069572172,0,-19.61733788474531,0.010921095668404754,0.41256902845818,0.0199286223647237,154,35.23164808595335,-19.26942280540967,0.011831987970885673,0.4202948545872624,0.0,154,28.758477904579856,-20.89583238796778,0.008136109055774148,0.4572503227373937,0.0251360096519634,154,28.682733449068937,-19.2297823346195,0.011940479478191308,0.4159031608504242,0.0035125814382008,154,31.51701549430946,-1.6264095825581109,1.666050053348279,0.38755555012581056,-19.44338034507749,-1.4524520428902896,0.21359801045798932,0.14349148228570266,1.666050053348279,1.3092994164208265,3.2345584959785563,-0.0562747371552756,3.116780341055829,0.0355574246231844,3.0132064384827544,-0.1001104787716045,3.16940474438321,-0.0241171709954315,4,ok,0.2017061877028121,0.1829282362981663,0.1890133991595599,0.1914058857923978,0.0033038128409292,19.061832766930323,1.4584480939096038,ok,1.184686898454635,floor,1.3876256655448007,floor,2.871277497725301,ok
309,22,0.6354701603562977,0,-19.08506702642839,0.012345062623879443,0.4023692308427055,0.0126839116648251,186,35.2406556119201,-17.222477204976762,0.01895624353338838,0.4971333532947373,0.0530221292255372,186,28.76830833188949,-20.74684363835876,0.008420068723407547,0.4588347631345129,0.0263666720769431,186,28.692724002304896,-18.206161347582885,0.015114154774571934,0.4586353009962345,0.0354844089728076,186,31.52672688679029,-3.5243664333819993,2.5406822907758766,0.8789056788455056,-18.153772115702576,-2.593071522656185,-0.05238923188030853,0.2809609156116792,3.5243664333819993,1.6760219381519113,3.303537796554364,-0.0016094525905505,3.105035979626809,0.0052017396266981,2.958028802169,-0.1701075614782872,3.263990305096386,0.0562700670442657,4,ok,0.2066938326724114,0.1784579942343376,0.1825252187548465,0.1884280612832436,0.0100506946985279,19.59362134654841,1.4586100639026096,ok,1.184798478151999,floor,1.3877580724210246,floor,3.328860472408922,ok
310,22,0.6493259123802336,0,-19.368976463925847,0.011563847443968026,0.4393019078872987,0.0397769685861542,198,35.24708761350073,-16.496718031681525,0.02240413582078481,0.4603081763673416,0.023252128472788,198,28.77555284596453,-20.49297232458104,0.008926943119238024,0.492273555756642,0.0533321293596487,198,28.7000236703892,-19.665495525446044,0.010800663794107738,0.5098997666303579,0.0779625681270923,198,31.53377424105249,-3.996254292899515,0.8274767991349954,-0.2965190615201969,-17.932847247803686,-2.5601250767773536,-1.7326482776423582,0.392789808931049,3.996254292899515,1.6898903089419057,3.287342637851568,-0.022544788697695,3.073464403786806,-0.0325330943353598,3.0943114205615383,-0.0387324969743523,3.2332769778917942,0.0208548750195993,4,ok,0.1972723487726967,0.1927483189248978,0.1836282597723031,0.1781458279324902,0.0113820740764941,19.30936742996066,1.4587257658505006,ok,2.723197880886932,ok,1.387854859096242,floor,2.1750035314348213,ok
311,22,0.3711406347239452,0,-19.147544056550537,0.012168739506134068,0.5097992361174954,0.0980932657941555,101,35.24258887413705,-16.510566240019358,0.02233281025132724,0.5421896268982032,0.0925612986860349,101,28.770506830498725,-18.28417169834635,0.01484508983821588,0.4504636425357193,0.0199128461179367,101,28.694944192867467,-19.351504992359153,0.011610461983069744,0.5772448394521166,0.1405990051387791,101,31.528863623590752,-1.7736054583269905,-1.0673332940128049,-0.20396093580861674,-17.829055148284947,-0.45511655006140117,-1.522449844074206,0.28046296898063305,2.8409387523397953,2.0589078305692743,3.434354214438702,0.1755035069493851,3.165845623062085,0.1262069226044682,3.1567111771590155,0.0765060940630353,3.3411086376519945,0.1793107484769063,4,ok,0.2234475099214233,0.1972821347489215,0.193955018747561,0.1921109066962605,0.0164098035876113,19.53104078521197,1.4586448364950084,ok,2.4489696090571718,ok,1.3877875062298095,floor,2.2780829754743515,ok
312,22,0.8207014904318839,0,-19.93126624887031,0.010159524339415516,0.4147728262851033,0.0215177600685692,255,35.235447124406406,-18.830090391474855,0.013091546747477499,0.5478989872099871,0.0978162778381048,255,28.76248005137724,-20.085167808101914,0.009805804247042636,0.4298032074221841,0.004492964769597,255,28.68680909848681,-20.415219764474028,0.009088203091948932,0.4525455429054825,0.0307371980840234,255,31.52100435892741,-1.25507741662706,-0.33005195637211315,-0.48395351560371935,-19.38067832017258,-0.7044894879293331,-1.0345414443014462,0.1447331122973092,1.5851293729991731,1.3590780100811155,3.2758256045891176,-0.053243548027368,3.11540710203288,-0.0155307978705314,3.0929103857692986,-0.059992567899914,3.078546214589239,-0.1529025776429411,4,ok,0.2046229020345444,0.1899597301494841,0.1796180194207266,0.1800842710131523,0.0176732966712876,18.747701015259334,1.4585163980294955,ok,1.184732317845242,floor,1.3876796728262302,floor,1.9478485990057133,ambiguous
313,22,0.6891098008111272,0,-18.6156221097548,0.013754277715474961,0.4248834524472217,0.0289169534572637,209,35.23562280755294,-16.278232981601924,0.023560076801641988,0.4455909903728943,0.011995032185343,209,28.76251904245769,-19.593981118818995,0.010979988572470057,0.5967746167276248,0.1498249522003216,209,28.6868500230415,-19.50947672001641,0.01119572772293353,0.4653857368027977,0.0408207991256555,209,31.52107669520036,-3.3157481372170707,0.08450439880258642,-0.8938546102616094,-17.446927545678363,-2.1470535731406315,-2.062549174338045,0.345139701508064,3.3157481372170707,1.874936623698505,3.3363143079973883,0.0223276051010969,3.1219961832728726,0.0106687373269842,3.195448109614472,0.0581601695745161,3.2311744826935573,0.0146862359622383,4,ok,0.2096043515362237,0.1814504216589996,0.1904926004877501,0.1974885929821495,0.0050347861098615,20.063335748206764,1.4585195570024962,ok,2.045636951766886,ambiguous,1.3876802151829752,floor,1.0844424243038258,ambiguous
314,22,1.414908514548959,0,-17.86250079719408,0.016358742649577672,0.8309317855798812,0.4733519669750656,445,35.23782621233651,-15.785516974369829,0.026390541566043348,2.363687895617287,4.561740928111908,445,28.765049610780867,-17.094662086195445,0.01952242627308669,2.860853052469707,6.787208500224811,445,28.68942175447271,-19.077388400009454,0.012366908854436403,1.2363949335529774,1.1633484510821974,445,31.52355157230677,-1.3091451118256163,-1.982726313814009,-1.2148876028153737,-16.824008885781954,-0.2706532004134914,-2.2533795142275004,0.2751025402648133,3.2918714256396253,2.5201135007228705,3.442863275502816,0.0715777664625876,3.222792273210299,0.0369639590001389,3.3175198436613336,0.1209098667191264,3.345338452253668,0.0720145181927489,4,ok,0.2090944488145662,0.1927536752033099,0.1999129651972417,0.2004721887577115,0.0010110968116963,20.81633908411868,1.45855917893022,ok,1.5372586881469987,ambiguous,1.3877142995810037,floor,1.03942440378662,floor
315,22,0.8642603734586705,0,-18.99941088273724,0.012590961956811954,0.3653679280736642,0.0,189,35.24378904716048,-16.724080987933995,0.021261402108879723,0.4273912003897865,0.0,189,28.771694809040696,-20.523730557107356,0.008863942788693539,0.543828381396928,0.0986217861309184,189,28.69614478015395,-18.251704610919976,0.014956484970876016,0.4983092735294053,0.0679651834468766,189,31.53005573736928,-3.7996495691733614,2.27202594618738,0.7477062718172647,-17.86174593533562,-2.6619846217717367,-0.3899586755843565,0.31269789632522593,3.7996495691733614,1.778162856346134,3.237475518432292,-0.0688848468906839,3.080122033347502,-0.0212895206431307,3.133484957139556,0.0040926419720763,3.157731127676885,-0.0511924215160926,4,ok,0.2041708552056834,0.1945558742634834,0.1896699037816789,0.1772185596366408,0.0096934609529044,19.679109682912525,1.4586664250588888,ok,1.9476792037267896,ambiguous,1.3878034242052364,floor,3.2079123792074857,ok
316,22,0.3335159108252412,0,-18.439241837995127,0.014324379427989179,0.5008560926050862,0.0902155908614472,87,35.24197111458614,-16.847399446143513,0.020666172750902573,0.4705795928755811,0.0313253971635179,87,28.7696823470894,-17.986052938827374,0.015899911467160504,0.4577334280880958,0.0255107948673565,87,28.69411216385063,-18.60952659337613,0.013773596010389157,0.5008581762862537,0.0701440239890274,87,31.528086125165565,-1.1386534926838614,-0.6234736545487571,-0.17028475538100452,-17.64332064206932,-0.3427322967580544,-0.9662059513068115,0.16780992639686962,1.7621271472326185,2.1414941715950526,3.483741785802562,0.2362040853478091,3.236767455276536,0.2118381162083618,3.225789656660502,0.157297044834761,3.3216295379075564,0.1710532181480482,4,ok,0.2265233985822776,0.1834114818223591,0.2080587410293091,0.1765292884203894,-0.0030913008269907,20.23937608720213,1.4586337248111882,ok,1.184814078284638,floor,1.3877764753524708,floor,2.314574768011314,ok
317,22,0.5913584048082562,0,-19.471554838717022,0.011293915033602648,0.397968950021693,0.0096144747271362,172,35.25023937225342,-17.041822720495677,0.019761400861669883,0.4689043740922785,0.02999652669883,172,28.77889711912288,-20.57922434721815,0.008751400618573345,0.4044377246969745,0.0,172,28.70341673562693,-19.25938733602333,0.011859360376612386,0.4195494872160792,0.0061188026842189,172,31.53709075617236,-3.537401626722474,1.3198370111948208,0.212167502693692,-18.25668877960635,-2.3225355676118014,-1.0026985564169806,0.31909690033881993,3.537401626722474,1.618540824621654,3.268847985956244,-0.0303663268860887,3.063789952035276,-0.0283301847287464,3.0036924868282138,-0.1183014475091792,3.15729108024623,-0.0445441745866439,4,ok,0.2001377623095069,0.1800615128216355,0.1799868691582666,0.1832590362187041,0.0101127684073046,19.206620226282386,1.4587824746192632,ok,2.180437708051365,ambiguous,1.3878998601891073,floor,2.7035117325330136,ok
318,22,0.8234512741447568,0,-19.406243048967422,0.011465043190055958,0.3921947183374845,0.0056378368190215,234,35.24907037131807,-17.59635063853564,0.017392617104577388,0.4296950437464574,0.0002471891002489,234,28.77766916486952,-18.222381592780536,0.015057810964796038,0.5075651597019334,0.0662952693744272,234,28.70216425056132,-20.45352352441664,0.009008399702225887,0.431963456049876,0.0151622873743129,234,31.535864691449028,-0.6260309542448965,-2.2311419316361025,-1.0472804754492167,-18.501296843751533,0.27891525097099645,-1.952226680665106,0.24375440453746347,2.857172885880999,1.8181730978682304,3.193388917779421,-0.1291642393519798,3.052512422822154,-0.0699532705220939,3.172652586984078,0.0264957097278735,3.097399106944386,-0.1275863554742362,4,ok,0.2213451608251302,0.1814965850108454,0.1958765339297362,0.1860987532915722,0.0055443389882516,19.271994637694352,1.4587614400626907,ok,1.1849047797079353,floor,1.387883247990777,floor,1.0395614577604333,floor
319,22,0.6058604186114857,0,-19.996286776851246,0.01000855366844671,0.416154719913562,0.0225185491457859,186,35.27868032968173,-18.208817947483624,0.015104912201712768,0.589220606065748,0.1374902068989891,186,28.81042120533605,-19.284555307951447,0.011790832482641912,0.6593825753058062,0.2165057448486866,186,28.735221770501905,-19.28708906787488,0.011783955483998368,0.4399080069842647,0.0210882064995405,186,31.567949571917133,-1.0757373604678229,-0.0025337599234340757,0.7091977089763652,-19.102552362167437,-0.18200294578401,-0.18453670570744407,0.15136628618458084,1.7874688293676222,1.6235620183171762,3.286368825973966,-0.0187784231709478,3.08527242991868,-0.0145618100814308,3.1894382323275834,0.0613018686802968,3.218927228598631,0.0112069905465106,4,ok,0.2269354979357411,0.1924218211963933,0.1953118919364867,0.1938488139740882,0.0143667676295804,18.68036391238542,1.4592946045117507,ok,1.185277110890633,floor,1.3883220584563776,floor,3.1732076286350663,ok
320,22,0.9906345080041588,0,-15.830120635958874,0.026120887962097137,0.4723632580477801,0.0660470084692046,319,35.27608314203244,-15.044054415339465,0.031303619676830215,0.4837115908695156,0.0419065615485789,319,28.807657809840475,-14.66103806564722,0.03418977111762906,0.4800646853921953,0.0432669835634111,319,28.732497182385675,-14.945011800937907,0.032025713923776594,0.5083554927610193,0.0766172813052323,319,31.5652707138779,0.3830163496922445,-0.2839737352906866,0.8851088350209668,-15.437087525649169,0.7760494600019481,0.4920757247112615,0.09582451104991484,1.1690825703116534,4.193538793140057,3.4414770568911948,0.0954301325516713,3.204795468853363,0.0517827855525188,3.214688273596501,0.0442080601473544,3.3195118524185,0.0712225116628491,4,ok,0.2073536679312166,0.1951821742339941,0.1982722721153105,0.207828111596242,0.0029956489672948,22.846669323701505,1.4592478077054951,ok,1.185245672105867,floor,1.3882858638973277,floor,3.335510293919787,ok
321,22,0.3564729567549488,0,-19.50063967692372,0.011218532031905294,0.5075118282321368,0.0960651060069059,96,35.270828445752464,-18.308080826159703,0.01476358801115861,0.5263972075946562,0.078312435131659,96,28.801830410957336,-18.556461008834212,0.013942925251813095,0.5572259038034459,0.1111289962169286,96,28.726645072301228,-18.300564151992866,0.01478916263288748,0.5059642026766469,0.0745421717764027,96,31.559585571289062,-0.24838018267450934,0.2558968568413462,1.2000755249308526,-18.90436025154171,0.3478992427074985,0.6037960995488447,0.10677368341329117,1.2000755249308526,1.8346287881841403,3.299886162357046,0.0448849183244592,3.132657136375001,0.0980235728334579,3.150948602876758,0.0747289084581681,3.2319723508822547,0.0739928117939703,4,ok,0.2136828097670028,0.1978673778939992,0.1824313702139382,0.1973783967550844,0.0233437236165627,19.176432017260836,1.4591531455596696,ok,1.185179389063068,floor,1.3882081390303582,floor,3.6256317841304826,ok
322,22,0.3236797028551916,0,-19.02830476436514,0.012507471546275847,0.4148386623284982,0.0215653640488031,88,35.27369568564675,-16.904892202217844,0.020394392806300687,0.4780980164790538,0.0373477636935852,88,28.805067669261582,-19.63035334042489,0.010888415019775168,0.679915503280031,0.2398218148652831,88,28.729916897687044,-18.672690848872712,0.013574721086735244,0.4599060754023317,0.0364830308746522,88,31.56274925578724,-2.725461138207045,0.9576624915521776,0.3556139154924267,-17.96659848329149,-1.663754857133398,-0.7060923655812203,0.2526481176181054,2.725461138207045,1.823674820617184,3.379217750492762,0.1308135475367438,3.123437250283742,0.0973812701379994,3.218511862682261,0.1491221520020196,3.1399857620021834,-0.0114500567337696,4,ok,0.2037570022300563,0.1951543312435123,0.1930692035027525,0.2108177771283821,0.0063864632340317,19.648613207372648,1.459204795183846,ok,1.65813490659765,ambiguous,1.388251590958835,floor,2.8420099476469782,ok
323,22,1.5116467373384224,0,-19.786028616081204,0.010505026163690555,0.4162456732009118,0.0225845357019154,510,35.280768458048506,-17.24780189655192,0.018846027059220893,0.5024638209266794,0.0575210886096884,510,28.812860174740063,-20.373454876676693,0.009176023398580313,0.4358377147885137,0.0089219764140762,510,28.73772014543122,-20.676261317538092,0.008558031254953512,0.4315860627443433,0.0148834728833635,510,31.570345100702024,-3.125652980124773,-0.3028064408613993,-0.8902327014568883,-18.51691525631656,-1.856539620360131,-2.1593460612215303,0.3521069777289398,3.4284594209861723,1.5074208983733728,3.2572020051028945,-0.1244202799942608,3.098078492242924,-0.1011898714747228,3.0552058162396407,-0.1521059301104483,3.0593033281715347,-0.2242738347348818,4,ok,0.2005474480489889,0.1857283978704728,0.1842806769571467,0.1963872953665022,0.0088572460025841,18.890510090587377,1.4593322333056873,ok,2.3265654143007084,ambiguous,1.3883552523237523,floor,1.118630148038381,ambiguous
324,22,1.7102559925899008,0,-19.695306517092718,0.010726779375192239,0.5518356147630727,0.1369892932447747,579,35.29043724046882,-18.088332805806186,0.01552983063454982,0.5049797404038321,0.059661213928696,579,28.823752115015743,-17.695539820241247,0.016999886349751494,0.478739912927214,0.0421900259213732,579,28.748686409984845,-20.52375352356082,0.008863895914326092,0.8418847901590943,0.4618994877221756,579,31.580958163800016,0.39279298556493814,-2.828213703319573,-0.8284470064681031,-18.891819661449453,1.1962798412082059,-1.6319338621113673,0.25646744025369395,2.828213703319573,1.8574135085460879,3.27193195868875,-0.1193110234738297,3.0897011375223573,-0.1220762177941918,3.1495882734335723,-0.0676838784598161,3.111249884275056,-0.181870216208972,4,ok,0.2097772613926975,0.1875869362954443,0.1917899046575776,0.1848660043291168,0.0068921941864933,18.98071355732604,1.4595065186680536,ok,1.185428837059492,floor,1.9436271656399449,ambiguous,1.3602662649302186,ambiguous
325,22,0.8448201543654581,0,-20.35921620612384,0.0092061570507351,0.5067535339872534,0.0953947675428086,269,35.30578063057258,-17.012217117946896,0.019896573391579034,0.4611820714999998,0.0239320703752548,269,28.84092467070512,-19.004106871324325,0.012577354816756753,0.5017693267446985,0.061335309150986,269,28.765947802802444,-14.784989962291585,0.033227755319259,0.5020512318953992,0.071167685314083,269,31.59768864656469,-1.9918897533774285,4.21911690903274,5.574226243832255,-18.685716662035368,-0.3183902092889568,3.9007266997437835,0.4923895632265799,5.574226243832255,2.4725910417889163,3.2957404264257653,-0.0373810417783575,3.116181214462224,-0.0200255740983337,3.1247398580236734,-0.0323584991976741,3.324940502418164,0.0894721475249178,4,ok,0.1985530661329017,0.1998629350367532,0.1819557068682514,0.1867871046564836,0.017252293716576,18.315980469774363,1.4597832628848977,ambiguous,3.231355943478375,ok,1.3887305839506472,floor,8.954212424417223,ok
326,22,0.8775631379416673,0,-20.08859922054804,0.009798059624236737,0.4016293642024611,0.0121654537348763,276,35.30235890374667,-20.115747771373663,0.009737001185053329,0.4511363619574594,0.0161937125279947,276,28.83711396784022,-18.287677090390133,0.014833112512566901,0.4982142092696536,0.0583210955364339,276,28.76209633592246,-21.596018455010707,0.006924655217372934,0.5146319462868862,0.0821103941627932,276,31.59396429338317,1.8280706809835294,-3.308341364620574,-1.5074192344626667,-20.10217349596085,1.8144964055707185,-1.4938449590498557,0.2761569381428683,3.308341364620574,1.4676741106919469,3.206752413327584,-0.1283167840241743,2.99011931172586,-0.1486199469227829,3.1584367112268685,-0.0006781497952981,3.060106285282095,-0.1772940561966942,4,ok,0.1982885718318647,0.1939483097470972,0.1849111182534176,0.188844863406342,0.0112073225360633,18.58678112182438,1.4597215280437592,ambiguous,1.1855810188064746,floor,1.3886793407554534,floor,1.0402092849562383,floor
327,22,1.2682139293909993,0,-20.459173624856653,0.008996687541324978,0.4021972200961588,0.0125632908422632,401,35.29853867414289,-17.834427384939648,0.016464830399668992,0.4536819256805592,0.0181384773272805,401,28.832761469624582,-21.34607987417439,0.0073348631021121664,0.4253929081595614,0.0012950933280795,401,28.757716918526743,-19.314595551047198,0.011709556457810385,0.4573954021151741,0.0345127134499716,401,31.58973446510677,-3.5116524892347414,2.0314843231271915,1.1445780738094555,-19.146800504898152,-2.199279369276237,-0.1677950461490454,0.3105276422949674,3.5116524892347414,1.40322387146401,3.191530946707883,-0.1718609189506308,3.0444891119317905,-0.1310757548301113,2.9619048571082263,-0.2265327505387646,3.2269997436621307,-0.0384943475569063,4,ok,0.2079207323250033,0.1760961226375769,0.1877546922450053,0.1902712400807555,0.0042537352362847,18.216411746766425,1.4596526157282592,ok,2.435885889860782,ok,1.388621085475087,floor,3.5751527354210126,ok
328,22,0.7612845343969405,0,-19.31476638330236,0.01170909586466963,0.367653775739712,0.0,236,35.29342127654512,-16.260122171403815,0.02365853142722291,0.4420963354142294,0.0093757272341019,236,28.827026714712886,-20.738873310234958,0.008435535724032935,0.403251487186305,0.0,236,28.75195796610945,-19.510271835506433,0.01119367817313121,0.4423451762943106,0.0229277617568857,236,31.5841507426763,-4.478751138831143,1.2286014747285243,-0.195505452204074,-17.78744427735309,-2.951429032881869,-1.7228275581533445,0.42584030083547897,4.478751138831143,1.7173998745473895,3.25716173690793,-0.066036684914958,3.0149186625791646,-0.1083860147337079,2.993109092300325,-0.1537158340552618,3.145725693357518,-0.0798998183870547,4,ok,0.2244204458291247,0.1947349425468404,0.1753419720236275,0.1720250849848834,0.034235722164355,19.361093590319616,1.459560324433239,ok,2.9242598655047085,ok,1.388544499321274,floor,2.2886442535707734,ok
329,22,0.8387973812945769,0,-19.552050615005463,0.011086512180894563,0.4433209147155389,0.0428686781039158,260,35.28943077967717,-18.269255401214238,0.0148961645086641,0.4324951057625243,0.0022856033617961,260,28.822532074268047,-20.501108368424077,0.008910235098802437,0.4581621291414546,0.0258437055446327,260,28.74744577407837,-20.132206926665276,0.009700169146502303,0.4681504660670589,0.0430288937345755,260,31.57978354967557,-2.2318529672098393,0.36890144175880124,-0.5801563116598132,-18.91065300810985,-1.5904553603142269,-1.2215539185554256,0.20629210967427153,2.2318529672098393,1.3937787148503364,3.2841244235286884,-0.0464169723100016,3.1018930993649967,-0.0309590358555498,3.0463024647457453,-0.1081247173085628,3.126420504816959,-0.1064886312003974,4,ok,0.209229326620698,0.1960052585515838,0.1869894682787931,0.1883654586970806,0.0156278243073477,19.12402345449628,1.459488372754783,ok,1.185414946844585,floor,1.3884845090702589,floor,1.818695325482096,ambiguous
330,22,2.2141617505692937,0,-19.552234873690406,0.011086041821977742,0.4643928963177435,0.0595395804515628,749,35.2873438999395,-19.096006437204647,0.01231400586996874,0.4869597429413117,0.0445686979264734,749,28.820139919326845,-20.64914840996036,0.00861162597432519,0.4859229705837982,0.0480650837072269,749,28.745012102521788,-18.773264535870005,0.013263970472729335,0.4383611136488344,0.0199258967382915,749,31.577441351754324,-1.5531419727557143,1.8758838740903556,0.7789703378204003,-19.324120655447526,-1.3250277545128348,0.5508561195775208,0.15402108599916903,1.8758838740903556,1.3942858950495178,3.284303111450904,-0.1264582286905948,3.06366436026242,-0.173491091290018,3.0628308945893856,-0.1746488118800644,3.168449963529969,-0.144030737391184,4,ok,0.2047337205043542,0.1870390163045699,0.1865200918759698,0.1825843834789477,0.0093662765284923,19.12395114731023,1.4594507503773282,ok,1.1853877145654486,floor,1.38845215877848,floor,3.237930390142984,ok
331,22,0.9905587198819932,0,-19.76802777777247,0.010548658243078093,0.4061867444118258,0.0153741791706893,320,35.295724070072175,-18.639687071727625,0.013678273800229382,0.5144475585955105,0.0678106566402108,320,28.82952979207039,-20.72366536049337,0.008465126724285168,0.4532788694540953,0.0220700209251278,320,28.75446199774742,-19.475932073792187,0.011282537680626079,0.4507067225763932,0.0293162367541455,320,31.58660016059876,-2.0839782887657456,1.2477332867011839,0.2920957039802836,-19.203857424750048,-1.519807935743323,-0.27207464904213907,0.1694555715922726,2.0839782887657456,1.3699202051152435,3.275718139115561,-0.0705660879016063,3.060575238733527,-0.0927459894867617,3.034527552101946,-0.1361983432234481,3.141253020021007,-0.1072717054083693,4,ok,0.2062016839627176,0.1965207006200216,0.1791702265036292,0.183068782906048,0.0221909657877404,18.907708633285065,1.459601851992788,ok,1.1854946278758622,floor,1.3885777967394817,floor,2.7818688089399863,ok
332,22,0.6593476155756809,0,-19.36184991653891,0.011582838695927841,0.4559195435413923,0.0527429232505687,204,35.30211117688347,-17.618968583760992,0.01730227226181363,0.5517418996094128,0.1013843457042085,204,28.83703946132286,-19.93202519910796,0.010157749069398807,0.5028881436180358,0.0622883340487179,204,28.762021709890927,-20.16941801419782,0.0096174114997113,0.6886204974692063,0.26121688595093,204,31.593841234842937,-2.3130566153469694,-0.23739281508985854,-0.8075680976589084,-18.490409250149952,-1.4416159489580096,-1.6790087640478681,0.25085172938992634,2.550449430436828,1.549888635572571,3.321696483967224,0.0095456611706032,3.073410359384865,-0.0355300444800601,3.202415920738885,0.0670286860425486,3.2148011060811,0.0001339009096592,4,ok,0.2092843695415877,0.1929330586400978,0.1967350054787946,0.1867448449427006,0.0043737086120481,19.313543722052845,1.4597170589571422,ok,1.185580169944541,floor,1.3886783479664953,floor,1.414651168444003,ambiguous
333,22,0.8405281011079051,0,-19.644211244146042,0.010853726546696939,0.4111620439076583,0.0189184870302823,267,35.297207250130754,-17.743720787595542,0.016812330592109383,0.5079688310541701,0.0622177282184517,267,28.83148904150345,-20.189421239769693,0.009573216397533883,0.4652948097938301,0.0314283644174782,267,28.75645918256781,-20.49621482333951,0.008920280635532823,0.428134149005045,0.0123445414368292,267,31.588439791390066,-2.445700452174151,-0.30679358356981723,-0.8520035791934681,-18.693966015870792,-1.495455223898901,-1.8022488074687182,0.270581757311272,2.7524940357439682,1.4734295981042538,3.2532181590289726,-0.0793374995073437,3.114924885680862,-0.0205462276647883,3.0582683192861424,-0.0982442494301367,3.0529664802289007,-0.1819406381651633,4,ok,0.2093054857314302,0.1841981305918666,0.2038474707177069,0.1944512761431686,-0.0070956625560584,19.03144557733073,1.4596286015050337,ok,1.185516942382728,floor,1.3886043573966589,floor,1.2901481388981564,ambiguous
334,22,0.5230689440835916,0,-19.871828605515788,0.010299523656483378,0.420440445055831,0.0256435090610749,154,35.298111358246246,-17.421472076205077,0.01810726228316072,0.5090594048170248,0.0631542325658831,154,28.832571723244406,-20.138057762286753,0.009687109831910377,0.5801255457234211,0.1332116161649965,154,28.757553212054365,-17.064894754396892,0.019656696154424547,0.4502629392399741,0.0289741666960228,154,31.5894785051222,-2.7165856860816753,3.0731630078898604,2.8069338511188953,-18.646650340860432,-1.4914074214263202,1.5817555864635402,0.31052127940382035,3.0731630078898604,1.843200707419725,3.2529776903132164,-0.0378555428206155,3.042969763096321,-0.0382531533363232,3.1144095153071887,0.0010925980528297,3.218581873346752,0.0250599579681103,4,ok,0.2184724016719824,0.1895140584848531,0.1974673488165264,0.1926873241152082,0.0065258812618913,18.80377969807247,1.4596449082750251,ok,2.210638254214514,ambiguous,1.3886189080935565,floor,5.201116164374152,ok
335,22,0.8936061282675993,0,-16.370156530301482,0.02306664049435322,0.4708998200949307,0.0648438801898885,281,35.29200534209662,-15.59269052037434,0.027588681658925373,0.5268335535156489,0.0787004748649984,281,28.825712054649703,-20.205970558250172,0.009536805911579384,0.4923093006506208,0.0533619689944833,281,28.75068031935505,-21.058687356465445,0.007836664680826723,0.505044870653273,0.0737469992900285,281,31.582810547852432,-4.613280037875832,-0.8527167982152726,-4.688530826163962,-15.981423525337911,-4.224547032912261,-5.077263831127533,0.4994337996717135,5.465996836091104,1.8899773637426271,3.3176189787332,-0.0188114426795618,3.2253600281076937,0.084850883116355,3.0807076283842463,-0.0798165217560256,3.123992442347324,-0.1147581210701629,4,ok,0.2050068392633755,0.1945724940040145,0.1909281132192586,0.1850749497629993,0.0088615534144364,22.30577941385368,1.4595347924413355,ambiguous,1.185451152860996,floor,1.3885275114212858,floor,1.0400847719241346,floor
336,22,0.5467712647381995,0,-19.63553865689384,0.010875422410387962,0.6316889831827447,0.2193604784386471,159,35.29419485128151,-18.19828642085412,0.015141585663487143,0.6305328478849906,0.1800375613652443,159,28.828208815376712,-20.331745926895678,0.009264572992138344,0.8598338575291236,0.4747054305667044,159,28.75318833117215,-20.193679750219147,0.009563833901838258,0.6637453784521369,0.2324367212943463,159,31.585222844057864,-2.1334595060415573,0.13806617667653143,-0.5581410933253075,-18.91691253887398,-1.4148333880216981,-1.2767672113451667,0.2094848374456461,2.1334595060415573,1.417335201657,3.2898550022637023,-0.0034007418529329,3.0855531943405934,0.0011804885188779,3.197008475220988,0.0811835077018998,3.156085346705339,-0.0398394996597746,4,ok,0.2131628136168111,0.1904518932291546,0.1912255177051766,0.1789641185376629,0.0105818357178062,19.040279809674985,1.4595742742112463,ok,1.1854795841140804,floor,1.388560859597972,floor,1.8499377077230144,ambiguous
337,22,0.4080617585056155,0,-20.38549141072439,0.009150627127038439,0.4698183535750386,0.0639571787799377,112,35.28704186848232,-18.820946268032714,0.013119140198278659,0.4899626147757659,0.0470456556124188,112,28.820209673472814,-20.52030677927523,0.008870933468470767,0.5361314185606573,0.0915739759173366,112,28.74517777987889,-17.95843169205603,0.016001357593181956,0.4693858363232446,0.0440197693409305,112,31.57747183527265,-1.6993605112425172,2.5618750872191995,2.4270597186683602,-19.603218839378552,-0.9170879398966783,1.6447871473225213,0.25095110335295706,2.5618750872191995,1.5066442821331267,3.2120751561230967,-0.0546135062906807,3.085297736296785,0.0354679954565515,3.1209493385714504,0.0326295410065675,3.1703518796139933,0.0007793859511413,4,ok,0.2061523292213678,0.1883250877061592,0.1817185379830854,0.1866767860150762,0.0155201704806781,18.29071081215835,1.459445305659392,ambiguous,1.185388508599318,floor,1.3884543609659814,floor,4.805281128421483,ok
338,22,0.8287246764590369,0,-20.0285316104459,0.00993451886855272,0.4771481298402565,0.0700068268676938,261,35.28362062242296,-17.645580452526143,0.01719657486546978,0.4161383006461589,0.0,261,28.81642047107448,-20.594572766917295,0.008720526844243631,0.4972871684611042,0.057538625097927,261,28.741389797108383,-18.82154350398714,0.013117336195735666,0.49003538667084,0.0609691496108535,261,31.57379884098681,-2.948992314391152,1.7730292629301552,1.206988106458759,-18.83705603148602,-1.757516735431274,0.015512527498881212,0.2679424846269281,2.948992314391152,1.5571668483425007,3.283833566191556,-0.0469988785404891,3.029663870882197,-0.103566690988424,3.0993462245592847,-0.0553822833751578,3.1822269947717823,-0.0509708377300834,4,ok,0.2045392344252588,0.1883316601687235,0.189003227314273,0.1970213911142842,0.0074322199827181,18.647854125791493,1.4593836365593542,ok,2.11518506355161,ambiguous,1.3884040156533646,floor,3.632362381901675,ok
339,22,1.5960100105300083,0,-18.44097654542089,0.014318658967240718,0.4093494530465504,0.0176222356182145,528,35.26657909335512,-18.580951862188805,0.01386451920844261,0.4512566608452667,0.0162853723655234,528,28.7973110964804,-20.922690732856523,0.00808594767633886,0.7027016423304421,0.2665334148747424,528,28.72197604901863,-18.707255582085264,0.01346711106415792,0.4493216303438178,0.0282497172847706,528,31.55503138267633,-2.3417388706677187,2.2154351507712597,-0.2662790366643719,-18.510964203804846,-2.411726529051677,-0.1962913782804172,0.20334460048152944,2.4817141874356317,1.4443954931307261,3.3129754562522384,-0.071276623461741,3.0649203576210264,-0.1377673091413984,3.0343669443254107,-0.1756674551444086,3.1972021555511687,-0.0889835466013786,4,ok,0.2140323494800902,0.1967859765387732,0.1907691041247524,0.1887622809065788,0.0146400588846793,20.23632294093565,1.459076612406888,ok,1.1851279982118643,floor,1.3881461439712168,floor,2.209747418448525,ok
340,22,0.8538129886400763,0,-19.54784607530112,0.011097250574760855,0.3939084089901912,0.0068119683137692,262,35.2543695464389,-14.978529046203612,0.031779502589589885,0.4795270144474511,0.0385032075370932,262,28.783322516288464,-20.252850690725445,0.009434414020270888,0.4517415529604204,0.0208903825630082,262,28.70789380109947,-19.099752997353377,0.012303387436756732,0.4270489450757254,0.0115505709347845,262,31.54145794060394,-5.274321644521834,1.153097693372068,0.44809307794774256,-17.263187560752364,-2.9896631299730814,-1.8365654366010133,0.5620355533246618,5.274321644521834,2.0848226043552103,3.33622996195762,0.0051075813326182,3.025368242209676,-0.1082392991692442,3.0483151488743765,-0.1067135326395654,3.199576004389219,-0.0339094205926073,4,ok,0.203885187501557,0.1873864023768492,0.1848362128442252,0.1992266621469086,0.0107995820949778,19.13010772062728,1.458856801117202,ok,4.475729102154478,ok,1.387959249930496,floor,2.929081283154769,ok
341,22,1.4042032565193134,0,-19.05505913032243,0.012430657110666791,0.4816705252959442,0.0737861132015813,473,35.25479621161366,-16.98217076280924,0.020034703692187326,0.5232944196536713,0.0755624169183404,473,28.78399209391491,-19.943182685695007,0.010131686226432719,0.5771685644472381,0.1303101364495023,473,28.70853877319594,-19.584408446849626,0.011004217236923049,0.5819567302481302,0.1452719222802845,473,31.54204912165507,-2.961011922885767,0.3587742388453812,-0.5293493165271954,-18.018614946565833,-1.9245677391291736,-1.5657935002837924,0.2923279997142062,2.961011922885767,1.6897608668405861,3.372801892459356,-0.0031101235837001,3.209064395881647,0.0172206197109781,3.2233473654990568,0.0219475187913107,3.2634234508928825,-0.0144895963300175,4,ok,0.2034646721820624,0.1871931475388323,0.1950429755461896,0.1989517390696493,0.0002859343142577,19.62287180560834,1.4588644802351962,ok,1.5264611926060732,ambiguous,1.3879678068140648,floor,1.888314371537844,ambiguous
342,22,0.3523437320829827,0,-19.275869439897367,0.01181443768628461,0.4024959109093227,0.0127727777784465,91,35.253584599756934,-16.17497221601166,0.024126969677704783,0.6686764315751492,0.2218805165934152,91,28.782738696087847,-19.74965708324737,0.01059337366624192,0.5425357755242269,0.0974311781915342,91,28.707257805289803,-19.258088889934527,0.011862906597647212,0.585161873950484,0.1484722643531528,91,31.54079179449396,-3.5746848672357103,0.49156819331284396,0.017780549962839842,-17.725420827954515,-2.0242362552928554,-1.5326680619800115,0.3783849997167617,3.5746848672357103,1.879477169413113,3.344606259217607,0.0936604279823072,3.192957951631424,0.1635973037909321,3.179958002306858,0.1079369180130616,3.271782486120279,0.1178255818694471,4,ok,0.1967106966690702,0.1826298369483633,0.1750266340325822,0.2160214643393244,0.0146436327761345,19.402126411201778,1.458842674072617,ok,2.972405269336865,ok,1.3879508124114004,floor,2.510935463840472,ok
343,22,0.4519907706112032,0,-19.562610306519204,0.011059588528136885,0.4512542003080869,0.0490541763425966,125,35.24838977050781,-16.658959801288262,0.02158261282348823,0.5112406847640432,0.0650333809452519,125,28.776959945678712,-20.045351080855603,0.009896118610514497,0.5609670931471267,0.1146759348770822,125,28.70144644165039,-19.251187507391922,0.011881772953228054,0.4368863280876436,0.0188215800625883,125,31.5351609954834,-3.3863912795673414,0.7941635734636812,0.311422799127282,-18.110785053903733,-1.9345660269518703,-1.1404024534881891,0.34248966716550316,3.3863912795673414,1.7469155358499162,3.2877997888308848,0.0127851671353256,3.0699174928338304,0.0092622001650388,3.130522471494424,0.0335827235850305,3.2391450938531854,0.0613139356508041,4,ok,0.2241065772771835,0.1910140231847763,0.1784017129540443,0.1963802189230918,0.0291585872769356,19.11566383767934,1.4587491941505517,ok,2.7582241308983098,ok,1.387873727889216,floor,2.7991835106300647,ok
344,22,0.765893171710428,0,-16.743039512145835,0.02116879069040845,0.4500468862021506,0.0481057688961177,233,35.30191590141329,-15.69255792344792,0.026961509758875544,0.5337025530236601,0.0848514034731331,233,28.836757758144657,-15.289465672077514,0.029583764237179497,0.5459017968682485,0.1005375083407402,233,28.761732355207844,-14.733204188766615,0.033626338548818906,0.5268697885178323,0.0930147182557372,233,31.59358193229708,0.4030922513704063,0.5562614833108981,2.009835323379219,-16.217798717796878,0.9283330457193646,1.4845945290302627,0.16246188792706848,2.009835323379219,3.7924177083898387,3.3466230890872186,0.0243946354226101,3.2706323639227253,0.1485888554690957,3.2875457499117475,0.1417250414579252,3.3741212075294444,0.1494578241549664,4,ok,0.2151412041338216,0.1894208927011285,0.2142278106139709,0.2037434746459318,-0.0119467621964958,21.93236460736093,1.4597135361520757,ok,1.1855769604946236,floor,1.3886744985661672,floor,4.391006473891518,ok
345,22,1.068248846807722,0,-19.04802063513031,0.012450819480017717,0.4283767513708842,0.0315148510432716,343,35.306178735227,-16.941315962319898,0.02022406273421121,0.4433843853788158,0.0103387433656749,343,28.841528928662186,-20.65826868516875,0.008593560354888978,0.5418859738233247,0.0968337216997758,343,28.766535539321232,-21.292086917281345,0.007426621803382787,0.4803737589710237,0.0529479544613287,343,31.598239592838567,-3.716952722848852,-0.6338182321125956,-2.244066282151035,-17.994668298725102,-2.6636003864436475,-3.297418618556243,0.41120624566189984,4.3507709549614475,1.4998856456354464,3.2919791072861373,-0.0595676154832678,3.1070682874247777,-0.0530953259892594,3.1115424553033963,-0.0646317554097213,3.033814479978849,-0.2199302069693791,4,ok,0.2085655773324626,0.1902131399699098,0.1834983668743521,0.1790518561709378,0.015890991776834,19.627154670375127,1.45979044617156,ok,1.620031601439918,ambiguous,1.3887384045822595,floor,1.0402570299254252,floor
346,22,0.9825367848894824,0,-19.194037182761864,0.012039162646654238,0.4505783436993067,0.0485229430874003,321,35.307820186436736,-17.693615404967062,0.01700742088946375,0.4324504242595824,0.0022529717689341,321,28.843319509631005,-20.12496972288055,0.009716347253675461,0.4754567823931655,0.0395338717475202,321,28.76835029815959,-21.2820861890052,0.007443743183008539,0.505903774061154,0.0744898598878673,321,31.59999913961345,-2.431354317913488,-1.1571164661246485,-2.0880490062433346,-18.44382629386446,-1.681143429016089,-2.8382598951407374,0.3068156441418499,3.5884707840381367,1.451871014093185,3.3162013660743925,-0.0303194232052455,3.0292434906760413,-0.124385319763471,3.0508562531320385,-0.120114557510242,3.02974678297358,-0.2190125926987693,4,ok,0.2087753367874295,0.1916798882627413,0.1906616322905103,0.1873701192276128,0.009565980234575,19.481050005761148,1.4598200655392126,ok,1.1856517306136898,floor,1.3887625538883397,floor,1.0402766828511767,floor
347,22,1.2277659917656358,0,-19.65333394967102,0.010830951348491017,0.4679205870424686,0.0624061154865189,396,35.32003168626265,-18.557181701598683,0.013940611676105465,0.4606523240702889,0.0235197417282841,396,28.85716976782288,-20.6550366323331,0.008599958128740657,0.6099945452749738,0.163351299457835,396,28.782340911903766,-19.87444782125356,0.010293313920362009,0.5019613265030429,0.0710904601590249,396,31.613435095006768,-2.0978549307344174,0.7805888110795394,-0.22111387158254203,-19.10525782563485,-1.5497788066982494,-0.76918999561871,0.1768469689030557,2.0978549307344174,1.3589492756686485,3.3115320978272056,-0.0509084612027272,3.13761141105777,-0.0367165508786313,3.062674476887273,-0.124778233329494,3.1815184702638377,-0.0830320032825939,4,ok,0.2084113481181739,0.190144237121473,0.1887089311606203,0.1860367566949189,0.0105688614592031,19.02109752862413,1.4600404927991204,ok,1.1858096341445852,floor,1.388948804360738,floor,2.2613446660498764,ok
348,22,0.5345383746943924,0,-19.625535216049524,0.01090050148452767,0.3928875078303196,0.0061118836235249,155,35.31136622275076,-17.58326946710629,0.017445083531007866,0.4553486263792212,0.0194177344375743,155,28.847271925403227,-20.56588489440889,0.008778322066395035,0.5174880195880811,0.0749193037171991,155,28.772344823037425,-20.829436512026884,0.008261451332203093,0.6558328908971197,0.2235040346738526,155,31.60386096585181,-2.9826154273025978,-0.2635516176179955,-1.20390129597736,-18.60440234157791,-1.9614825528309794,-2.225034170448975,0.32233702117679086,3.2461670449205933,1.429694861286206,3.25133075521737,-0.0399932119507866,2.9734110595280128,-0.1084499175223725,3.018019262510434,-0.0958057166819039,3.1349688361307524,-0.0590398469139863,4,ok,0.1985562042603569,0.1846104266182069,0.1867453145644357,0.1812053956331745,0.0048380008748462,19.049361594587484,1.4598840606191354,ok,1.430008232805444,ambiguous,1.3888157175815377,floor,1.040319822834198,floor
349,22,1.1666711468102835,0,-19.3237062018605,0.011685017840803173,0.5229986392104566,0.1099748517294663,385,35.314344292182426,-16.07048671169155,0.02471447155627237,0.5223711811678595,0.0747472839409435,385,28.850575444605443,-20.233461089864775,0.009476629266768129,0.5508738946546824,0.1051611556522553,385,28.775686239267323,-19.119098401665603,0.01224870456822231,0.4523564492981908,0.030590807786176,385,31.607093394886363,-4.1629743781732245,1.1143626881991722,0.20460780019489633,-17.697096456776023,-2.536364633088752,-1.4220019448895798,0.41083224037213745,4.1629743781732245,1.845707519175838,3.318499864358455,-0.0418048310759111,3.113640416917937,-0.05791045936743,3.1057430127741785,-0.0794984161339331,3.2045247028044965,-0.0579071703091207,4,ok,0.2076986033614579,0.1821710972526631,0.1950305711526375,0.1860707278375502,-9.57208455769909e-05,19.3510307043223,1.4599378142933384,ambiguous,3.134539105022028,ok,1.3888601972719454,floor,2.697793515495273,ok
350,22,0.4777295948184044,0,-19.896708477515407,0.010240688410961186,0.480890054168233,0.0731313418051053,134,35.28068243567623,-19.111749358368822,0.012269449124918274,0.5389630044944985,0.0896158131341078,134,28.81290726163494,-19.85949192527533,0.01032882234066396,0.4846752291452323,0.0470382708421575,134,28.73782009864921,-19.411657478608152,0.011450758415029934,0.4728865523779444,0.0468418359146611,134,31.57040480713346,-0.7477425669065063,0.4478344466671764,0.4850509989072549,-19.504228917942115,-0.3552630073332139,0.0925714393339625,0.07584170946593763,0.7849591191465848,1.432454917690336,3.21582701640816,-0.0644589422901411,3.0742245098178875,0.0067153364132339,2.999781607707805,-0.1026156090259,3.142253781156052,-0.0408061083560915,4,ok,0.1951212940264993,0.2008987261788613,0.1696528929160602,0.2010447013455985,0.0283571171866201,18.779834842549207,1.4593306830762478,ok,1.185305398205341,floor,1.388356580408473,floor,2.964514308161489,ok
351,22,1.390780801866487,0,-19.449378895351447,0.011351731504325717,0.5165299033692612,0.1041140015366604,461,35.28683959894739,-17.584908207076836,0.017438502152717368,0.462405348873695,0.0248860183582555,461,28.81986655692475,-19.97024662833028,0.010068744885662288,0.6851019073735026,0.2458243092639842,461,28.744817142114204,-18.644488579703108,0.01366315962048169,0.5220103319680401,0.0886541061033305,461,31.577167477887,-2.3853384212534436,1.325758048627172,0.8048903156483398,-18.51714355121414,-1.4531030771161397,-0.12734502848896767,0.2133146994408292,2.3853384212534436,1.6692965710297298,3.328995551704027,-0.044968139307794,3.1046737563776023,-0.0846367749271364,3.2706392744688264,0.0712565484862524,3.27671379798884,0.0007333284188417,4,ok,0.2015017678399536,0.1910081677251937,0.1947031509527156,0.1821038942388107,0.0015518168298579,19.22683417778048,1.459441659393974,ok,1.1853846028205284,floor,1.3884495673837678,floor,3.2618354835492647,ok
352,22,0.3683717190155463,0,-18.829698692511172,0.013092727553765511,0.4059319775306454,0.0151938494629653,106,35.28086601113373,-17.457775861643427,0.017956529933862323,0.447335832338103,0.0133105408382545,106,28.813238197902464,-21.557331776596605,0.006986615167057631,0.4534432791355498,0.0221964156164462,106,28.73818841970192,-18.054653287010233,0.015650732596954854,0.345866444771271,0.0,106,31.57073486975904,-4.099555914953179,3.5026784895863727,0.7750454055009399,-18.1437372770773,-3.4135944995193057,0.08908399006706702,0.3050487856593206,4.099555914953179,1.5793486694157142,3.1655291986439664,-0.0969849336760462,3.0888914944909733,0.0444895476574696,2.95105362345764,-0.1329442406336238,3.169807526548898,0.0043758222519048,4,ok,0.210300216837874,0.1785926803032744,0.2130107683533767,0.1878266747127164,-0.0185643197828025,19.84683478234929,1.4593339913407877,ok,1.1853091639969344,floor,1.388361474371968,floor,3.234129247414564,ok
353,22,0.7154449728476883,0,-18.679849373673903,0.013552364151914506,0.3920447193952964,0.0055353090138683,207,35.27938507374934,-18.16564748096371,0.015255809320396363,0.4506554303924379,0.0158275184619667,207,28.81152848690604,-20.676189472198097,0.008558172831643203,0.4773393639590966,0.0410547029527819,207,28.736454572078685,-18.72902566364794,0.013399772765844352,0.4400754757127901,0.0212142853228074,207,31.56906466092465,-2.510541991234387,1.9471638085501581,-0.049176289974035114,-18.42274842731881,-2.2534410448792883,-0.3062772363291302,0.19659851666516512,2.510541991234387,1.5127829957517553,3.2423861998453414,-0.0708714768223703,3.0301777511806884,-0.0802018026419304,3.0444403094536656,-0.0920928623154488,3.2054082825456542,-0.0103568303270193,4,ok,0.2037481168905894,0.1879374696040787,0.1896905053568923,0.1993493911616756,0.0061522878904417,19.99676352237384,1.459307303809512,ok,1.1852897095282802,floor,1.388338437155866,floor,2.4431250812417518,ok
354,22,0.1942681709057613,0,-18.756592344518822,0.013314987576188245,0.4599881571855045,0.0559908254805281,45,35.32417314317491,-18.216117992379388,0.015079543720108226,0.4568004537964232,0.0205358908540504,45,28.86177546183268,-20.645121450789283,0.008619614735491318,0.5492989454352216,0.1036920443625357,45,28.78700408935547,-19.324283470395457,0.011683464759857258,0.5424496236745058,0.107267650233761,45,31.617947006225585,-2.4290034584098947,1.3208379803938257,-0.5676911258766353,-18.486355168449105,-2.158766282340178,-0.8379283019463521,0.19532258912097747,2.4290034584098947,1.4572332750431713,3.273259359742082,0.0757044390543466,3.0618059768550867,0.1018650859153158,3.0800730005121264,0.0633280690545894,3.2387109408559374,0.1377134139872664,4,ok,0.2129100779692332,0.1936789709660742,0.1806854983170827,0.2206244473656018,0.0226090261505709,19.91761668630104,1.460115279558736,ok,1.185862167249884,floor,1.3890109125578345,floor,1.8374570275696225,ambiguous
355,22,0.6405699028036437,0,-19.622458871788897,0.010908225638587538,0.4109032146368897,0.0187330380416061,186,35.32290021834835,-16.443545215225278,0.02268012681030043,0.4537616148364467,0.0181995350471815,186,28.86025245215303,-20.408232717906365,0.009102836205719441,0.5451902698126104,0.0998792747549659,186,28.78546929103072,-16.885887472491405,0.02048383423940007,0.5049568480851974,0.0736709403881139,186,31.616494076226346,-3.9646875026810875,3.522345245414961,2.7365713992974925,-18.03300204350709,-2.375230674399276,1.1471145710156847,0.3719733617889095,3.9646875026810875,1.9958473687199132,3.2258171997496787,-0.0793300493952351,3.0894525534265123,-0.0103816865735981,3.1129762541105666,-0.0151601095367199,3.235772501716702,0.0280522636645814,4,ok,0.1966846677004009,0.2072472318366009,0.1850883701155262,0.1981495490237589,0.0168775796529746,19.05181853447123,1.4600922913531802,ok,3.057080004737593,ok,1.3889904691682995,floor,5.127295659814547,ok
356,22,3.4870211523025763,0,-19.389934543387596,0.011508177338718567,0.4226222824319817,0.0272467066541264,1223,35.32928409404864,-18.88460128421734,0.012928253866860554,0.4605306253399735,0.023425084522503,1223,28.86682802014729,-20.121918605917948,0.009723175829521572,0.4764379019610472,0.0403257128852427,1223,28.792152328366445,-19.079096092354504,0.012362047009554008,0.7745850493349001,0.3688283761600166,1223,31.623186696287267,-1.2373173217006084,1.0428225135634435,0.31083845103309216,-19.137267913802468,-0.9846506921154798,0.05817182144796362,0.10417759367857828,1.2373173217006084,1.4556335195072312,3.2733411331623987,-0.1745955981471212,3.049643886058264,-0.2358476322723222,3.079540418931594,-0.1964273481998035,3.2034787654461185,-0.1458768557565077,4,ok,0.1996630715573311,0.1913219734886242,0.1868891102503239,0.1934375681656238,0.0086034122726537,19.283999919146822,1.4602075945958748,ok,1.1859198115126484,floor,1.3890794983594952,floor,2.8006946505807453,ok
357,22,1.773973407142243,0,-19.65741247507028,0.0108207846122966,0.4369485417177705,0.0379796604280828,610,35.34447596190406,-19.40114839457758,0.011478500581003557,0.480570896391656,0.0393494379949899,610,28.88388363259737,-20.43395119654147,0.009049089431715417,0.4843538306021977,0.046774207615291,610,28.8093421498283,-19.822633605305686,0.010416855492564216,0.455671115960104,0.0331657814777595,610,31.63980380824355,-1.0328028019638928,0.6113175912357853,-0.1652211302354054,-19.52928043482393,-0.90467076171754,-0.2933531704817547,0.08510699957239702,1.0328028019638928,1.3036962218409713,3.272097353139511,-0.1231000364833048,2.9909228238545835,-0.2259961183306038,3.100442867497147,-0.1209233226680575,3.146081137661074,-0.1509614087011326,4,ok,0.1981512803889689,0.1925013954888601,0.1948383858641151,0.1933073930320192,0.0004879520747993,19.015705549980886,1.4604821307484264,ok,1.1861145072520152,floor,1.389308634707062,floor,2.322721197849847,ok
358,22,1.0030560652810323,0,-19.335155675190943,0.011654252747931826,0.4488076810148335,0.0471349517501733,316,35.35137201864508,-18.962416013875607,0.012698674715536028,0.4942715887768453,0.0506265710814288,316,28.891578257838383,-20.0924744988163,0.009789320560434609,0.4965956681673772,0.0569559119986573,316,28.8171590853341,-19.469124720341124,0.011300236373543368,0.5168236732228605,0.0840444584005513,316,31.6473280085793,-1.1300584849406938,0.6233497784751769,-0.13396904515018093,-19.148785844533275,-0.9436886542830258,-0.3203388758078489,0.09178560015225365,1.1300584849406938,1.4206446042590581,3.333841582267344,-0.0114889448339865,3.045496762009664,-0.1065844495929146,3.151889809243297,-0.0178487108572307,3.2722670417589104,0.0246883079456003,4,ok,0.2066337122475799,0.1982350157267308,0.1898278604273366,0.1889747082715547,0.0126065035598187,19.337591592318667,1.460606819115926,ok,1.1862023994099975,floor,1.3894128990278625,floor,2.3562716611543246,ok
359,22,1.1243145242197328,0,-19.50114384496901,0.011217229759527249,0.3898742743205637,0.0040561483509473,371,35.32421068875295,-17.595796921237735,0.01739483477192414,0.4742606117154761,0.0342620198352581,371,28.86164320768372,-20.70270194979144,0.00850608669973384,0.4467156624530105,0.0170618032793754,371,28.786878102551896,-16.441292880503063,0.022691892210947483,0.4167872230796279,0.0041423780047775,371,31.61788224274257,-3.1069050285537045,4.261409069288376,3.059850964465948,-18.54847038310337,-2.1542315666880683,2.107177502600308,0.3683957047470089,4.261409069288376,1.8471435879812972,3.229230935876043,-0.1282653591024529,3.0649257346884213,-0.1029736122462199,2.9864534376915994,-0.1958804256546584,3.1904502198708826,-0.0691959517430351,4,ok,0.2049173709215982,0.1875600523624137,0.1800399347738114,0.1993163266291997,0.0161987768681945,19.173063169032883,1.4601159576297134,ok,1.185860658571227,floor,1.3890092343635807,floor,5.476636041468762,ok
360,22,0.3577856720256962,0,-19.211855094587744,0.011989870448591265,0.500804485493768,0.0901705366992831,96,35.3262984752655,-17.57167439545031,0.01749172176117679,0.4431534134689,0.0101658500652284,96,28.86390556891759,-19.928049154430752,0.010167052931010218,0.7139955484716201,0.2800993091534685,96,28.78916923205058,-19.759281451055003,0.010569923762592873,0.4679372313490541,0.0428581250013067,96,31.6201234459877,-2.3563747589804436,0.16876770337574953,-0.547426356467259,-18.391764745019024,-1.5362844094117278,-1.3675167060359783,0.23335877850234557,2.3563747589804436,1.5881853415528213,3.3210471242912587,0.066045880258672,3.0425143017160976,0.0078807381745544,3.155372220387923,0.079152525969333,3.053766239714226,-0.1042132993740585,4,ok,0.203376967071866,0.1740823271684348,0.2011346338549628,0.1828177930631985,-0.0124049867348124,19.462239766369265,1.4601536649117828,ok,1.1858864676758445,floor,1.3890397548015136,floor,1.8657668947357688,ambiguous
361,22,1.0700679113211724,0,-20.099252812041122,0.009774053655514486,0.3823685614399618,0.0,351,35.33936741277363,-18.404537753130057,0.014439302826730506,0.4289951396907739,0.0,351,28.87797100251896,-20.974649997899096,0.007989783295050271,0.4636778410451023,0.030154768154426,351,28.80336214266612,-19.75562487332458,0.01057882694344273,0.4259018476162869,0.0107135078332794,351,31.63410300882453,-2.5701122447690388,1.2190251245745145,0.3436279387165406,-19.25189528258559,-1.7227547153135063,-0.5037295907389918,0.22026333011345525,2.5701122447690388,1.3424595356992444,3.182111598796024,-0.1711831701319996,2.994351803292198,-0.168084649040261,3.001545985201464,-0.1764379954825652,3.0780064013027624,-0.1774722031839806,4,ok,0.2064680639877278,0.1894798847154165,0.1870373976111751,0.1826374924547991,0.0109365767403969,18.57413980655519,1.4603897898674776,ok,1.1860469933853468,floor,1.389228899835123,floor,2.832278457515485,ok
362,22,0.8972080155162842,0,-19.986689382628633,0.010030695844694359,0.4625712830130324,0.058067864736192,276,35.34579488505488,-19.28580582615902,0.011787437890098243,0.4618172755183932,0.02442710590785,276,28.885257320127625,-21.30985668296914,0.0073962968240979966,0.4817233697063809,0.0446195865374976,276,28.810682614644367,-19.855692346297946,0.010337862830558743,0.522080213820755,0.0887165279305146,276,31.64114846353945,-2.0240508568101205,1.4541643366711945,0.1309970363306867,-19.636247604393827,-1.6736090785753142,-0.21944474190411967,0.16021663696114485,2.0240508568101205,1.2109872309133487,3.29288690065008,-0.0421822967016787,3.051104342907629,-0.0876349157410127,3.015309032887605,-0.1438058281345617,3.18204842383205,-0.0553519176467394,4,ok,0.1996288662506402,0.1816023559970916,0.1771392294516166,0.1813601423054933,0.0134763816722493,18.68635773954433,1.4605059750619105,ok,1.1861301957278845,floor,1.3893265112270756,floor,2.6264716784840374,ok
363,22,0.5148690725528019,0,-18.968624695967627,0.01268053363659826,0.3941763800953859,0.0069960309756404,150,35.345645090738934,-19.39968656127009,0.011482364889554019,0.5204737204533554,0.0730765232171106,150,28.88514761606852,-19.239337692717182,0.011914236885351924,0.5651634624485835,0.1186826610692481,150,28.81058097839356,-19.61145044002844,0.010935910719302121,0.4442351282226852,0.0243612784025972,150,31.64102670033773,0.16034886855290864,-0.37211274731125954,-0.6428257440608149,-19.18415562861886,-0.055182064098321604,-0.42729481140958114,0.05426643180624654,0.6428257440608149,1.4976681182569775,3.3324740733941574,0.0436361697218408,3.064662892941209,-0.013965662677307,3.187664223949024,0.0764130915846821,3.20512398500464,0.0135812717948766,4,ok,0.2050399124622345,0.216541234900554,0.1844016258915265,0.1907828387121359,0.0263889477898677,19.70443047904585,1.4605032669089095,ok,1.1861289427902222,floor,1.3893251557571142,floor,1.7269580532787383,ambiguous
364,22,0.3985669466216266,0,-19.10084880668195,0.012300283444759426,0.4178051868938395,0.0237182053324638,111,35.3367932981199,-18.64038122916235,0.013676087699074774,0.5704572313403852,0.1191176309393633,111,28.87519759100837,-19.787280708684253,0.010501997948917248,0.4319622980053602,0.0060705295094674,111,28.80064077635069,-19.282327952516905,0.011796881168870703,0.4658164053245126,0.0411638993477441,111,31.63142035888122,-1.1468994795219025,0.5049527561673486,-0.18147914583495606,-18.870615017922148,-0.9166656907621054,-0.4117129345947568,0.09416139030470072,1.1468994795219025,1.5147991841123374,3.293264718553077,0.02725604404807,3.1262576609617563,0.0773120517993346,3.0706983080599146,-0.0169174911054925,3.173005120186461,0.0041071184157046,4,ok,0.204922060540936,0.1873642772369019,0.2058320267646162,0.1970774541768404,-0.0096888578756972,19.572682155468097,1.460343269624155,ok,1.186015331950916,floor,1.3891926223343938,floor,2.3049999191526944,ok
365,22,0.4625124653439409,0,-18.834423104440596,0.013078492556838643,0.4786945281958973,0.0712951137170525,134,35.33495891627981,-18.00663323481735,0.015824743396567954,0.46364901394137,0.0258584557733647,134,28.873154554794084,-20.17828644938542,0.009597792469433203,0.5094531486087455,0.0679232732358248,134,28.798593350310824,-20.3186524089137,0.009292546844945382,0.5370968239947567,0.10232390335368,134,31.6294317103144,-2.171653214568071,-0.14036595952827824,-1.4842293044731036,-18.420528169628973,-1.7577582797564482,-1.8981242392847264,0.2248922822404708,2.312019174096349,1.4664122173765328,3.395499936588603,0.1152139778903023,3.0989471433786444,0.0314379699739908,3.1076300091237705,0.005232792390065,3.188808655945245,0.0057487664331024,4,ok,0.2192663658243506,0.1790334372989722,0.1801975755882797,0.1826584886259107,0.0189523259733817,19.839206436928126,1.4603101216814145,ok,1.1859920113839826,floor,1.3891653321902142,floor,1.040605680069843,floor
366,22,0.6305903969406799,0,-19.642056539747102,0.010859112840045104,0.4427871100513834,0.042456415616255,180,35.34617602030436,-17.359414321427955,0.01836786030972825,0.5104026565020596,0.0643104784628101,180,28.88597152498033,-20.298857011700285,0.009334999495840724,0.5470362178716748,0.101588736563249,180,28.8114729669359,-18.854629731290835,0.013017782972387182,0.4775453630844165,0.0506300104428594,180,31.641782591078016,-2.9394426902723296,1.44422728040945,0.7874268084562672,-18.50073543058753,-1.7981215811127562,-0.3538943007033062,0.26522066178482606,2.9394426902723296,1.6362388740762954,3.2826517742490173,-0.0200094114000566,3.065978364901211,-0.0306234536670304,3.158875585676338,0.0333130688570477,3.135047444261831,-0.0702068239553135,4,ok,0.2096318616221348,0.1817385911527607,0.1654764678122268,0.1956055936920974,0.0302087585752209,19.03097009265298,1.4605128657512456,ok,1.9638624707312564,ambiguous,1.3893370519850878,floor,3.2472744398829594,ok
367,22,0.2021444470803958,0,-20.21295215445825,0.00952148712636616,0.4703261166558002,0.0643732431267416,47,35.342773275172455,-18.264345879756156,0.014913013535046695,0.5028518169678304,0.0578504339131491,47,28.88220478626008,-20.208165508785697,0.009531987170098706,0.4836777907550319,0.0462193404060669,47,28.80770090793041,-20.90732275335881,0.008114611360741184,0.5041973532624603,0.0730152236744989,47,31.63811200730344,-1.9438196290295409,-0.6991572445731116,-0.6943705989005586,-19.238649017107203,-0.969516491678494,-1.6686737362516055,0.24722252247103735,2.6429768736026524,1.3726822299684516,3.213794421204866,0.0129425400550546,2.9666132264930143,0.0023855722925807,3.1968303907182065,0.1766720825542638,2.9917862109390225,-0.1124816286389553,4,ok,0.2361477581744498,0.1762011764531439,0.2059837427545101,0.1704414004975177,0.0001907245592867,18.460257398779227,1.4604513508136054,ok,1.1860953351376744,floor,1.3892867486675973,floor,1.6427483742608642,ambiguous
368,22,0.968417767219628,0,-19.463067085488724,0.011316009189092235,0.4854669096873546,0.0769862103201655,298,35.33740687530313,-17.55390823000546,0.017563423644391406,0.4157045105455518,0.0,298,28.87617717973338,-20.18286677425423,0.009587675409332141,0.5238964089127545,0.0805776196032974,298,28.801612642787447,-18.921157569362876,0.012819888355579963,0.4776047151797614,0.0506785104245393,298,31.63222444137471,-2.6289585442487677,1.2617092048913534,0.5419095161258483,-18.508487657747093,-1.6743791165071364,-0.41266991161578304,0.23139583249002577,2.6289585442487677,1.6201739998692664,3.309726018298153,-0.0311578711905897,3.107068860702562,-0.0392307581358992,3.127353902735482,-0.0377809682090362,3.2397035134293333,-0.0034645228140792,4,ok,0.2086528898310541,0.1944018130459441,0.1858617015332983,0.1894505534496083,0.0156656499052007,19.21043090168488,1.4603543578554758,ambiguous,1.1860265144848463,floor,1.3892055773394765,floor,3.019240747203616,ok
369,22,0.2506905736298268,0,-18.87554877276937,0.012955229854079455,0.9158285338316808,0.6026015526075299,62,35.331176634757746,-17.742216223912763,0.016818156041248748,0.6860919323147211,0.241802049576195,62,28.86918843177057,-18.760429369398352,0.013303228878300434,0.6509949042124616,0.2071868366394913,62,28.794551787837857,-18.82978790462123,0.013092458607715428,0.7675436325961021,0.3595384007124791,62,31.625392052435107,-1.0182131454855892,-0.06935853522287871,0.04576086814813962,-18.308882498341067,-0.4515468710572854,-0.5209054062801641,0.11447191976523206,1.1333325488566075,1.828796410647486,3.3946506746836054,0.1727981698159837,3.180053977150884,0.1885209599532205,3.285296689390157,0.2433962218515715,3.352938549803894,0.2278398244941311,4,ok,0.213232139065381,0.2069821508541222,0.1719675393354508,0.2059283760045805,0.0381396056243008,19.79828400634236,1.4602417839612,ok,1.185946746354985,floor,1.3891114705526426,floor,2.541182747376811,ok
370,22,0.2355886103566377,0,-18.41515939335985,0.014404031440646786,0.6081046458984258,0.1938758759838601,60,35.3268933614095,-16.61745497194238,0.02178986315566,0.5495109384867393,0.0993099061484152,60,28.864342594146727,-18.828987048256558,0.013094873131973949,0.6583311169363456,0.2153310086207593,60,28.78966080347697,-18.638259950253776,0.013682769313464077,0.4307905500230719,0.014296554108496,60,31.6206724802653,-2.211532076314178,0.19072709800278176,-0.22310055689392527,-17.516307182651115,-1.3126798656054426,-1.1219527676026608,0.22371241514861775,2.211532076314178,2.0153622042928854,3.4663763669446097,0.2470099255728275,3.177148898160847,0.1888483023950522,3.300663422836981,0.261336802126392,3.2169017146831607,0.0942689592083736,4,ok,0.2412460004289945,0.1997553450365861,0.1812331141283114,0.1897772084300716,0.0392675586044788,20.258903509538744,1.4601644097962414,ok,1.1858914536191416,floor,1.389046303553411,floor,2.259349789782434,ok
371,22,0.7369441444436556,0,-18.766396090917123,0.01328496427606674,0.5030557039107737,0.0921402165867604,229,35.32945153182251,-18.05621089063549,0.01564512044487115,0.5480972774791878,0.0979997762113782,229,28.867183785251136,-19.43857389723988,0.011380009124478327,0.5120429391986109,0.0701662696406981,229,28.792538597073616,-18.674757319467012,0.013568263466307231,0.5314499817050526,0.097161723731312,229,31.62347379626145,-1.3823630066043897,0.763816577772868,0.09163877145011057,-18.411303490776305,-1.0272704064635754,-0.2634538286907073,0.11224383092642122,1.3823630066043897,1.6931973563514484,3.323496783228051,0.0025812306572792,3.2038461713651083,0.083509718922214,3.202004995269329,0.0575435466741138,3.280515522578872,0.0571544287473302,4,ok,0.1977975657738452,0.2022094474332691,0.1918492266932689,0.1937628173997308,0.0081542799102882,19.907529375719573,1.4602106192851,ok,1.1859238709690534,floor,1.3890846450288197,floor,2.5870425004146083,ok
372,22,0.4214209698728999,0,-18.767553498278865,0.013281424266375947,0.5385939446056905,0.1244045265920952,120,35.33246002197266,-17.947040713804668,0.016043382157102815,0.5163609700822476,0.0694760166131205,120,28.870534483591715,-19.781353449590345,0.010516340880478514,0.6736770948637778,0.2326622109659486,120,28.795930322011312,-18.430199740705405,0.014354234138460355,0.5378930849959423,0.1030562112825137,120,31.62677059173584,-1.8343127357856766,1.3511537088849401,0.3373537575734602,-18.357297106041766,-1.4240563435485782,-0.07290263466363811,0.1482536938425953,1.8343127357856766,1.6804007373730552,3.261610942891144,-0.0103086309613074,3.1817255433175182,0.1250944837374885,3.2702050428030707,0.176469629411605,3.243712432823747,0.0689513066747231,4,ok,0.2050819303219517,0.1884857341026266,0.1712585554768641,0.1689733211882412,0.025525276735425,19.906210322278703,1.4602649705872943,ambiguous,1.1859621077069975,floor,1.3891298409409412,floor,2.826113566589341,ok
373,22,1.7138235892495668,0,-19.99183291373374,0.010018823104353427,0.413237662091831,0.0204098730950794,584,35.326644146279115,-18.526214578446233,0.014040369658277534,0.5871790718325205,0.1354623686715397,584,28.864128119324985,-20.95265958301921,0.008030342001606825,0.4510731967089085,0.0203787786216116,584,28.789432038999585,-19.71775433435792,0.010671477832324416,0.4863484075157151,0.0578893309366819,584,31.62042299362078,-2.426445004572976,1.2349052486612884,0.27407857937582136,-19.259023746089987,-1.6936358369292215,-0.4587305882679331,0.2025245949311022,2.426445004572976,1.3354192744518003,3.231919125346584,-0.1599757795222944,3.0855290469133303,-0.1270959492343113,3.038826512900235,-0.1791205812030019,3.155012622527787,-0.1387541314834579,4,ok,0.2034832520589028,0.1794712016078299,0.1786700013884636,0.1923278100303795,0.0128072254449027,18.68224337741184,1.4601599084128178,ambiguous,1.185889006700095,floor,1.3890432559152586,floor,2.765339168775495,ok
374,22,2.819943391078925,0,-19.78196760520533,0.010514853821946446,0.4277327146036482,0.0310342942220311,974,35.31271133579513,-17.21496207722975,0.018989074233655836,0.4833257541743495,0.041591519504089,974,28.8485474067547,-20.119262753036313,0.00972912368820632,0.5092044876532977,0.0677085084543096,974,28.77365079405861,-18.877536244627066,0.01294930247873336,0.5158585688881421,0.0831918003862064,974,31.605166748563857,-2.9043006758065637,1.241726508409247,0.9044313605782648,-18.49846484121754,-1.620797911818773,-0.37907140340952594,0.2783348194493023,2.9043006758065637,1.6762378591817457,3.2855055111549305,-0.1451711566770006,3.1094675996654213,-0.1535820947963286,3.1083107421828284,-0.149787505643391,3.257937649736958,-0.0742974128167319,4,ok,0.2037432302990488,0.1903427052340284,0.1782808281190586,0.1831427271338275,0.01876213964748,18.892856983116506,1.459908338714724,ok,2.364410972853175,ambiguous,1.3888331012807138,floor,3.35427920055388,ok
375,22,0.7496783738599766,0,-19.397559510702127,0.011487990001946365,0.6481905400747866,0.237768147492168,236,35.3051949840481,-16.328132864791407,0.023290923746214894,0.5306390342286171,0.0820982949998925,236,28.8401704238633,-20.48134399316256,0.008950877235902361,0.567369305855854,0.1208007913871171,236,28.765195911213503,-19.64781322991329,0.01084472832954108,0.6276896211213321,0.192600230210596,236,31.59697249784308,-4.153211128371154,0.8335307632492714,-0.25025371921116246,-17.86284618774677,-2.6184978054157924,-1.784967042166521,0.4139226459205302,4.153211128371154,1.7227015338256346,3.271790396742181,-0.0514080250807067,3.14876029381349,0.0254556165006176,3.1819695996983697,0.0351446733427827,3.199032043038563,-0.02659346870601,4,ok,0.2122578473161842,0.1916108672049338,0.1872676539124321,0.2031622379702531,0.0146667033481269,19.27766860232777,1.4597726959028696,ok,2.9404687669116614,ok,1.3887205793546276,floor,2.2287112319896707,ok
376,22,0.4036799134390735,0,-19.540616662478467,0.011115738817180322,0.3996000903562616,0.010748347691303,111,35.30211855914142,-17.86570002163922,0.0163466964413184,0.4999466963099631,0.0553906350403665,111,28.836735459061355,-19.341430365262653,0.011637426832420219,0.9267987004637808,0.5761454490703899,111,28.7617295411256,-18.737254606251348,0.013374407128831884,0.4768346953118502,0.0500497514486097,111,31.59362148594212,-1.4757303436234324,0.604175759011305,0.8033620562271189,-18.703158342058842,-0.638272023203811,-0.034096264192506,0.15571469482266145,1.6749166408392462,1.712416299682486,3.2405432046056726,-0.0254654698993341,3.073812096067301,0.0248664869048793,3.1819067292530483,0.0942909300876411,3.176695840504664,0.0077978387339068,4,ok,0.2052942117390868,0.201658669489998,0.1990987462503416,0.2115818720545854,0.0043776943642008,19.13477657988785,1.4597171921350878,ok,1.18557670644269,floor,1.3886744611295916,floor,3.260830069702894,ok
377,22,0.5670231911252412,0,-18.973957188175728,0.012664973376531689,0.4942836466319738,0.0845150524029814,168,35.308529308864046,-16.41788720725946,0.022814517020994962,0.5075299954453029,0.0618414552420787,168,28.843983763740177,-20.407559091491034,0.009104248239893859,0.6687069155574996,0.2270053429168725,168,28.76904008502052,-19.421893816559525,0.01142380071477165,0.4920544108179208,0.0626655431729412,168,31.600679000218708,-3.989671884231573,0.9856652749315096,-0.4479366283837969,-17.695922197717593,-2.7116368937734414,-1.7259716188419318,0.3746657437958077,3.989671884231573,1.7401835835287753,3.3252758890316123,0.0278456148212118,3.1157874422787466,0.0259869424503018,3.2052279340651104,0.0850810330724032,3.2063080120357617,0.0062423763047889,4,ok,0.2119519712092975,0.1815786114228623,0.1952395341137335,0.1826096728133658,0.0015257572023464,19.70109193132293,1.4598328621281609,ok,2.3503776130556626,ambiguous,1.3887717335857324,floor,1.995917999525996,ambiguous
378,22,0.9978975444577148,0,-19.06237770255063,0.01240972706086312,0.4038955698830152,0.0137565010595059,323,35.317005299193205,-17.710140849465446,0.016942828509341295,0.4303870702105544,0.0007497449832505,323,28.853231595396625,-18.673000963034767,0.013573751799043658,0.4872347250411422,0.0491474219186027,323,28.77838940221828,-14.66908184253242,0.03412650520588256,0.4301069401151689,0.0137930608111942,323,31.609793919896934,-0.9628601135693202,4.003919120502347,4.3932958600182115,-18.38625927600804,-0.2867416870267263,3.717177433475621,0.45378269417260664,4.3932958600182115,2.4762635699888937,3.270382808469269,-0.0766089024710017,3.0064947673295617,-0.1477463433472969,3.147717128891588,-0.0237412317366385,3.264997201721359,0.0157707106226734,4,ok,0.2102206173949751,0.1778449633219293,0.1858132624473918,0.1888752869292863,0.0082195279110603,19.61221630862001,1.459985851726974,ok,1.1857647246393284,floor,1.3888961863134075,floor,7.1188745572802725,ok
379,22,0.1725464974076412,0,-18.297725151472733,0.01479883352867378,0.4226035665594302,0.0272329190871474,36,35.316438145107696,-18.923113681181363,0.012814115432021657,0.4186684538317951,0.0,36,28.852667755550808,-19.750434107714852,0.010591478506492011,0.4922486810388847,0.0533113653647878,36,28.777824454837376,-19.33891938957352,0.011644157229926125,0.3784437669816012,0.0,36,31.60922129948933,-0.8273204265334897,0.41151471814133345,-1.0411942381007862,-18.610419416327048,-1.1400146913878046,-0.7284999732464712,0.1252953633939909,1.4527089562421196,1.5019098706154472,3.3068741679461264,0.1262375770782564,3.125457866631808,0.1875144717305237,3.2074273660676846,0.2081981535830235,3.047345657592051,-0.0368702822158808,4,ok,0.2340149217181735,0.1969084636204772,0.1717530261311266,0.1889415424731042,0.0437086665381988,20.376899316825234,1.459975612733023,ok,1.1857582955488528,floor,1.3888886643761127,floor,1.040379716221862,floor
380,22,0.2385056719887044,0,-17.78066439121438,0.01666992173695765,0.572474478286881,0.1572137411262344,56,35.30584825788225,-16.94355353128379,0.020213645590672954,0.5071040573981372,0.0614765520928595,56,28.84076806477137,-17.705460203460053,0.016961098631619053,0.4606723065556075,0.0277992554431241,56,28.76579342569624,-18.592068695063304,0.013829074953137154,0.3508707540252502,0.0,56,31.59760124342782,-0.7619066721762628,-0.8866084916032513,-0.8114043038489243,-17.362108961249085,-0.3433512422109679,-1.2299597338142192,0.13369887521813467,1.6485151637795141,2.2043412333964616,3.4570184477426444,0.2428829178095362,3.193612455145172,0.2121131781191736,3.3405294124857314,0.3066184076017255,3.1064973260020725,-0.0109467969865426,4,ok,0.1873174416167395,0.208269436577601,0.2249489491140203,0.1850945930262761,-0.02715551001685,20.89452865444912,1.4597844831228033,ok,1.1856226543352657,floor,1.3887285297926848,floor,1.4054102044884746,ambiguous
381,22,0.4308311902793345,0,-19.314919476075907,0.011708683115615303,0.4882545837785099,0.0793520294602159,122,35.311662079858,-18.20919659154257,0.015103595321994864,0.4775181859169684,0.03687991399994,122,28.847429322414712,-20.971767100538592,0.007995088766994273,0.5141570042217883,0.0720056754282532,122,28.7725193930454,-18.98653753511379,0.012628339428708247,0.4622542232325931,0.0383355630468371,122,31.604050823899566,-2.7625705089960206,1.9852295654248024,0.32838194096211737,-18.76205803380924,-2.209709066729353,-0.2244795013045504,0.21528272846620028,2.7625705089960206,1.4397458102072376,3.301218584326053,0.028045789484441,3.0452428423595976,-0.0130176761586322,3.053769288007089,-0.0412635978234861,3.298832258533758,0.1228280405807642,4,ok,0.2007549363570135,0.1925506865391965,0.1923634841061029,0.1914371752225961,0.0042893273420021,19.359961449598465,1.4598894004388288,ok,1.1856985740038002,floor,1.388818041205099,floor,2.817018089492477,ok
382,22,0.1987242048391292,0,-19.585752739489287,0.011000811575641969,0.3498251428439868,0.0,47,35.31741000236349,-18.35652007862581,0.014599836496083166,0.3932422992512382,0.0,47,28.853923270042905,-20.10154722821765,0.009768891300261415,0.5992970278004319,0.1523829506687162,47,28.779076880597053,-18.32151146212542,0.014718001870610477,0.4627940498461028,0.0387627840460551,47,31.61038017272949,-1.7450271495918415,1.7800357660922295,1.2642412773638654,-18.97113640905755,-1.130410819160101,0.6496249469321285,0.1742043698812366,1.7800357660922295,1.5833353858900185,3.120739875136826,-0.0801120060129854,3.036200969264482,0.0719733150640484,3.1091305848911057,0.088972276727163,3.155007870294446,0.0507400307164682,4,ok,0.2066885588016916,0.1870275238092909,0.18460291877706,0.1850998062402644,0.0122551225284312,19.08881953805037,1.4599931581236152,ok,1.185772611597004,floor,1.3889053399698696,floor,3.686248690876472,ok
383,22,0.1022631011815819,0,-18.694543469087126,0.01350658801818133,0.7923435700467862,0.4187571170312889,18,35.43445071052103,,,,,0,,,,,,0,,,,,,0,,,,,-18.694543469087126,,,0.0,0.0,,3.044463947796216,-0.0836195105909851,,,,,,,1,partial,0.2062932790981398,,,,,19.97372974302224,1.4621123146596746,ok,,,,,,
384,22,0.1395918366313292,0,-19.924835526395977,0.010174578980537113,0.3543726926510316,0.0,25,35.434449332101,,,,,0,,,,,,0,,,,,,0,,,,,-19.924835526395977,,,0.0,0.0,,3.246093397656703,0.0931033707423476,,,,,,,1,partial,0.1905683225393295,,,,,18.743437760059773,1.4621122896296328,ok,,,,,,
385,22,0.0677907865748431,0,-18.924146408710296,0.012811068670661016,0.5490983656668482,,10,35.43252258300781,,,,,0,,,,,,0,,,,,,0,,,,,-18.924146408710296,,,0.0,0.0,,2.991348158456043,-0.0921704061577779,,,,,,,1,partial,0.1660451985895633,,,,,19.744230795075957,1.462077304418409,ok,,,,,,
386,22,0.2192110577475543,0,-19.481027641642086,0.011269307666233665,0.4470482141044019,0.0457611500633379,49,35.430228408502074,7.045078815085947,5.064165398089242,0.4686396139994107,0.0297869389368472,12,28.978199428982204,-20.463900820482237,0.008986900181323431,1.2267068159495915,1.1237429125473557,30,28.9061951107449,-19.684967803650498,0.01075234571596871,0.9018145602289706,0.5513016701061435,42,31.73344367589706,-27.508979635568185,0.7789330168317399,-0.20394016200841136,-6.217974413278069,-14.245926407204168,-13.466993390372428,1.7179962270597169,27.508979635568185,175.63076731590516,3.278377196093854,0.0743657684636014,0.0,-2.829642172098837,3.156657189706864,0.1717393616771509,3.3531857843803308,0.2573768899978312,4,ok,0.2118036941606171,0.110329729039222,0.1620226527253786,0.114231190865948,-0.0009559411254591,19.187473286557346,1.4620356519692252,ok,15.0,sat,1.390603417468956,floor,2.2830884645315037,ok
387,22,0.2020509404142093,0,-19.574223417153263,0.011030054499249027,0.3696154292450005,0.0,43,35.43127299464026,5.221905448597308,3.328055382831995,,,1,,-22.64202518066609,0.0054424880223541095,1.9719462363964908,3.14485396412566,16,28.906794548034668,-18.89477101382961,0.01289801562201478,1.1063185976446772,0.9026422363275056,27,31.73400934537252,-27.863930629263397,3.747254166836477,0.6794524033236513,-7.176158984277977,-15.465866196388111,-11.718612029551634,1.7118514268286114,27.863930629263397,115.59221083590593,3.1027987881486325,-0.0913092597323612,,,3.095050697952769,0.159475692323757,3.273527615522397,0.2109469043205809,4,ok,0.2155529799502949,0.3252246975898742,0.1926827921997755,0.1226074546575546,0.077706046570309,19.094221178006507,1.4620546166247257,ambiguous,,,1.390611450962135,floor,3.1496354224089136,ok
388,22,0.0909549608202883,0,-19.538065961254777,0.011122269237792526,0.4852189844204287,0.0767764591976023,14,35.43059267316546,,,,,0,,,0.0,,,8,28.907129287719727,-15.953726068484293,0.025387935901414874,1.0085123897998134,0.7256818779399223,14,31.7343327658517,,,3.5843398927704833,-19.538065961254777,,3.5843398927704833,0.8538184805202216,3.5843398927704833,,3.08732675596418,-0.0217025090075893,,,,,3.165693274877431,0.1525058932372895,3,partial,0.2164215158138956,,0.239575233310461,0.1199116291744368,-0.0231537174965654,19.130415322918115,1.462042265150853,ambiguous,,,,,6.084363459564325,ok
389,22,0.1741471641977431,0,-19.60645930023488,0.010948486065775698,0.432644248116956,0.0347173701391165,39,35.43320073836889,,,,,0,,,,,,0,,,0.0,,,2,31.73506164550781,,,,-19.60645930023488,,,1.0,0.0,,3.3065447596436046,0.1198394792701655,,,,,,,2,partial,0.2083399725648073,,,0.0,,19.06188132874798,1.462089617738032,ok,,,,,,
390,22,0.2231943275792059,0,-19.487994831650884,0.011251243319263405,0.4585703003993332,0.0548556997917755,54,35.43287764655219,,,,,0,,,,,,0,,,0.0,,,9,31.73493258158366,,,,-19.487994831650884,,,1.0,0.0,,3.1481959298838964,-0.0631822727805966,,,,,,,2,partial,0.1784831637309657,,,0.0853212477846278,,19.180363222685905,1.4620837512833835,ok,,,,,,
391,22,0.2027115518899628,0,-19.24257206333993,0.011905367163627277,0.5950747031194861,0.1802118819570815,45,35.43417925950958,,,,,0,,,,,,0,,,,,,0,,,,,-19.24257206333993,,,0.0,0.0,,3.2251918826647694,0.0276369619770342,,,,,,,1,partial,0.1975852514306704,,,,,19.42571578966306,1.4621073855489557,ok,,,,,,
392,22,0.1358435637914478,0,,,,,0,,,,,,0,,,,,,0,,,,,,0,,,,,,,,,,,,,,,,,,,0,no_sar_data,,,,,,,,,,,,,,
393,22,0.1270314314274379,0,,,,,0,,,,,,0,,,,,,0,,,,,,0,,,,,,,,,,,,,,,,,,,0,no_sar_data,,,,,,,,,,,,,,
394,22,0.0578884432963519,0,,,,,0,,,,,,0,,,,,,0,,,,,,0,,,,,,,,,,,,,,,,,,,0,no_sar_data,,,,,,,,,,,,,,
395,22,0.0748161587044376,0,,,,,0,,,,,,0,,,,,,0,,,,,,0,,,,,,,,,,,,,,,,,,,0,no_sar_data,,,,,,,,,,,,,,
396,22,0.1352313505241906,0,,,,,0,,,,,,0,,,,,,0,,,,,,0,,,,,,,,,,,,,,,,,,,0,no_sar_data,,,,,,,,,,,,,,
397,22,0.1874663135430153,0,,,,,0,,,,,,0,,,,,,0,,,,,,0,,,,,,,,,,,,,,,,,,,0,no_sar_data,,,,,,,,,,,,,,
398,22,0.0895022850057635,0,,,,,0,,,,,,0,,,,,,0,,,,,,0,,,,,,,,,,,,,,,,,,,0,no_sar_data,,,,,,,,,,,,,,
399,22,0.0663007984793627,0,,,,,0,,,,,,0,,,,,,0,,,,,,0,,,,,,,,,,,,,,,,,,,0,no_sar_data,,,,,,,,,,,,,,
400,22,0.0665568876974908,0,,,,,0,,,,,,0,,,,,,0,,,,,,0,,,,,,,,,,,,,,,,,,,0,no_sar_data,,,,,,,,,,,,,,
401,22,0.075503484120892,0,,,,,0,,,,,,0,,,,,,0,,,,,,0,,,,,,,,,,,,,,,,,,,0,no_sar_data,,,,,,,,,,,,,,
402,22,0.1147239548183838,0,,,,,0,,,,,,0,,,,,,0,,,,,,0,,,,,,,,,,,,,,,,,,,0,no_sar_data,,,,,,,,,,,,,,
403,22,0.1138478329458833,0,,,,,0,,,,,,0,,,,,,0,,,,,,0,,,,,,,,,,,,,,,,,,,0,no_sar_data,,,,,,,,,,,,,,
404,22,0.139267666591027,0,,,,,0,,,,,,0,,,,,,0,,,,,,0,,,,,,,,,,,,,,,,,,,0,no_sar_data,,,,,,,,,,,,,,
405,22,0.0494787589120025,0,,,,,0,,,,,,0,,,,,,0,,,,,,0,,,,,,,,,,,,,,,,,,,0,no_sar_data,,,,,,,,,,,,,,
406,22,0.1228598942750505,0,,,,,0,,,,,,0,,,,,,0,,,,,,0,,,,,,,,,,,,,,,,,,,0,no_sar_data,,,,,,,,,,,,,,
407,22,0.1773483031430975,0,,,,,0,,,,,,0,,,,,,0,,,,,,0,,,,,,,,,,,,,,,,,,,0,no_sar_data,,,,,,,,,,,,,,
408,22,0.1758786606699972,0,,,,,0,,,,,,0,,,,,,0,,,,,,0,,,,,,,,,,,,,,,,,,,0,no_sar_data,,,,,,,,,,,,,,
409,22,0.0896289367019814,0,-19.449617894436503,0.011351106817873104,0.5970078665075291,0.182220418257238,19,35.43205542313425,,,,,0,,,,,,0,,,0.0,,,7,31.735175609588623,,,,-19.449617894436503,,,1.0,0.0,,3.339381955162265,0.2071992204280364,,,,,,,2,partial,0.2288707337881389,,,0.0383123457431793,,19.218784504046997,1.4620688224000264,ok,,,,,,
410,22,0.1209058739095106,0,-19.438681602101116,0.011379726904197765,0.473727382941861,0.0671718508387229,24,35.43026955922445,6.672407611213071,4.6477286132776126,,,1,,-10.556714502539435,0.08796877610507677,1.9014093048895129,2.913204581139409,21,28.90694766574436,-13.231016776942758,0.047522395275243774,1.353461030254615,1.422730939562841,24,31.733970244725544,-17.229122113752506,-2.6743022744033222,6.207664825158359,-6.383136995444023,-4.173577507095413,-6.847879781498735,1.6614616708063614,26.111089213314187,166.94846625530667,3.1549285949720103,0.0050336159007629,,,1.5194554646343583,-1.437465058315719,3.3498925045466983,0.2961697068068871,4,ok,0.1823107266488174,0.3931483030319214,0.2451269353429476,0.2366835436162849,0.0426025794974217,19.22981710693972,1.4620363990497367,ok,,,12.542648244533426,ok,10.15709549052706,ok
411,22,0.0998596373453189,0,-17.47972938991287,0.017865988948527502,0.4446508472549649,,11,35.43305518410423,,,,,0,,,,,,0,,,0.0,,,1,,,,,-17.47972938991287,,,1.0,0.0,,3.1601123222869045,0.0693675167728948,,,,,,,2,partial,0.1575994444164362,,,0.0,,21.188619089293255,1.4620869748631902,ok,,,,,,
412,22,0.1512283896605371,0,-20.233576308936605,0.009476377853501364,0.3993279781284606,0.0105588689360447,31,35.43370080763294,,,,,0,,,,,,0,,,,,,0,,,,,-20.233576308936605,,,0.0,0.0,,3.140395127657827,-0.0289042447291256,,,,,,,1,partial,0.2026564937926107,,,,,18.43473734933397,1.462098697798587,ok,,,,,,
413,22,0.1146565708858193,0,-18.851385649992547,0.013027510593777544,0.6125760889828538,0.1986331107422208,16,35.4347290625939,,,,,0,,,,,,0,,,,,,0,,,,,-18.851385649992547,,,0.0,0.0,,2.954522569451575,-0.1646307978230496,,,,,,,1,partial,0.2677768059074878,,,,,19.816872548857297,1.4621173691510794,ok,,,,,,
414,22,0.0840443904075514,0,-19.81681463135918,0.010430822061267843,0.6660961935562637,,8,35.4322829246521,,,,,0,,,,,,0,,,0.0,,,2,31.735092163085938,,,,-19.81681463135918,,,1.0,0.0,,2.832240090259031,-0.2343601445349246,,,,,,,2,partial,0.1621220456436276,,,0.0637104958295822,,18.851575497649108,1.4620729530215797,ok,,,,,,
415,22,0.0900858260800494,0,-21.070706219624057,0.007815007120190112,0.451259745369951,,10,35.43177680969238,,,,,0,,,0.0,,,2,28.90746688842773,-24.68238857600965,0.0034022102009273474,1.4030142788918614,,5,31.73470401763916,,,-3.611682356385593,-21.070706219624057,,-3.611682356385593,0.8556514527858802,3.611682356385593,,2.895533075090541,-0.1879854895232799,,,,,,,3,partial,0.245885120332241,,0.2640200406312942,0.1057942859828472,-0.0181349202990531,17.597711204731745,1.4620637638302068,ok,,,,,1.0417863709211863,floor
416,22,0.1069232413880061,0,-19.60538172833929,0.010951202942256924,0.3895631155277865,,10,35.4350331624349,,,,,0,,,,,,0,,,,,,0,,,,,-19.60538172833929,,,0.0,0.0,,3.28221921004986,0.1987006454360393,,,,,,,1,partial,0.1978715516626835,,,,,19.062860068337187,1.4621228912659772,ok,,,,,,
417,22,0.0933179088006988,0,,,,,0,,,,,,0,,,,,,0,,,,,,0,,,,,,,,,,,,,,,,,,,0,no_sar_data,,,,,,,,,,,,,,
418,22,0.0780034485237215,0,-19.345132473267974,0.011627510829531054,0.3243751446639435,0.0,12,35.42628606160482,-0.10852480082741778,0.9753208756846968,1.5804811073671226,1.9534639939205705,12,28.97587013244629,-20.738442554444998,0.008436372445707824,0.3584407341229213,0.0,12,28.90277894337972,-18.231734875476874,0.015025416261244786,0.7714268784179099,0.36465120401454,12,31.72966194152832,-20.62991775361758,2.506707678968123,1.1133975977910993,-9.726828637047696,-11.011613917397302,-8.504906238429179,1.6518761937070923,20.62991775361758,34.66422112120239,3.118368926914239,0.0210270803236607,2.882321765273262,0.0526795931744246,2.8109930287960885,-0.1020002875798713,3.1062556050179486,0.1046611779523742,4,ok,0.2181879313041766,0.0991827710531652,0.1727857210983832,0.2137760358552138,-0.0141003699197123,19.323581040486623,1.4619640867373604,ok,15.0,sat,1.390557639613437,floor,3.5498461535697707,ok
419,22,0.187999441704919,0,-19.012865781202834,0.012552014199608432,0.453133724266647,0.0505356959611271,44,35.42471408843994,-17.88038883434564,0.01629150164358318,0.5317398823024558,0.0830857756000911,44,28.97413856332952,-18.51675705521541,0.014070978338878451,0.5637805555250639,0.1173589518947952,44,28.90101671218872,-17.19057519775058,0.01909600326374047,0.4476524135278815,0.0269687839426855,44,31.727962667291816,-0.6363682208697696,1.3261818574648316,1.8222905834522543,-18.446627307774236,-0.07012974744117528,1.2560521100236564,0.15895793151473767,1.8222905834522543,2.0326417405682387,3.3032625965322486,0.1074115260569001,3.056660620133452,0.0989351038019443,3.1511594565873144,0.1361785385879494,3.003735858756848,-0.0955715893048685,4,ok,0.2058679607104171,0.2085520747033032,0.1933506866917014,0.2050803273238919,0.0138593310151587,19.65593249037562,1.4619355546682746,ok,1.187147616127311,floor,1.3905340282008651,floor,4.213709546096076,ok
420,22,0.1190419878866117,0,-21.87524782872845,0.006493445758826757,0.2847483270582826,0.0,24,35.41043424606323,-21.348838984739025,0.007330204679800434,0.5125564606219766,0.0661707923277488,24,28.95844324429829,-20.755731540098772,0.008402854546961405,0.5020645315925821,0.061586562897556,24,28.885018428166703,-20.553176865489334,0.00880404621146628,0.4256192966324026,0.0105076695440993,24,31.712494055430096,0.5931074446402533,0.20255467460943777,1.322070963239117,-21.61204340673374,0.856311866634968,1.0588665412444058,0.11694474083386183,1.322070963239117,1.0465864089532388,3.0773878541278323,-0.072507124943415,3.022487688499032,0.1245150525859593,3.079412083716431,0.1120099746595948,3.042205325687176,-0.0115174720526352,4,ok,0.1628596268904706,0.2261113791416088,0.2328698278094331,0.1637027175165712,-0.0383843247933934,16.794320159512864,1.461676470038246,ok,1.1869676177952293,floor,1.390319770597024,floor,3.742422482592602,ok
421,22,0.1307876963301807,0,-20.879317372246213,0.008167107325566919,0.319252774852568,0.0,28,35.4123227255685,-17.01605563571603,0.01987899554698616,0.5354363269015112,0.0864165259221549,28,28.9605360031128,-20.56174451100095,0.008786694944996565,0.5515030149462999,0.1057491741962026,28,28.887148925236293,-18.00876602664699,0.01581697387640004,0.4126105636341326,0.0011787353234202,28,31.71455533163888,-3.5456888752849203,2.5529784843539574,2.870551345599221,-18.94768650398112,-1.6140580070198283,0.9389204773341291,0.3726958366032461,3.863261736530184,1.7230490670890095,3.0617902731514803,-0.0997921243009583,2.9831553517470564,0.0699865385352933,2.847192836321595,-0.1323093758815345,3.227988265328184,0.1626725130138058,4,ok,0.1945405108854174,0.1696314431194748,0.1886403837374278,0.2019685073090451,-0.0065544067349816,17.79014884587015,1.4617107229647852,ok,3.759518627670885,ok,1.3903482932895883,floor,5.273446507460689,ok
422,22,0.2617540848663456,0,-20.45498257601156,0.00900537375718807,0.3705100740419352,0.0,66,35.413970658273406,-19.221862288579164,0.011962274696525476,0.5036680544296466,0.0585441162220725,66,28.96236439907189,-20.37648860331241,0.009169615804844192,0.4270997140915718,0.0025287718221906,66,28.88901661381577,-20.239589792849127,0.009463265411755808,0.4105972045539313,0.0,66,31.71637910785097,-1.154626314733246,0.13689881046328267,0.21539278316243227,-19.83842243229536,-0.53806617101705,-0.40116736055376734,0.12139481801219013,1.2331202874323957,1.2869690854854887,3.2066225098953667,-0.0199701723766048,3.041119662537852,0.0434233872181319,3.089769055692458,0.0429610342652693,3.0958171345969347,-0.0339834555329026,4,ok,0.1926202787594362,0.1886017525737935,0.1849020375221064,0.188865601452011,0.0057089781445084,18.214394829238863,1.4617406155024992,ok,1.18701257323903,floor,1.39037330009574,floor,2.710818840951521,ok
423,22,0.1273410501554589,0,-19.774143507076367,0.010533814090329913,0.4494073296883294,0.0476043937817618,22,35.41534371809526,-18.726212239313856,0.01340845615051674,0.4444191423728232,0.0111144133374232,22,28.963863719593395,-19.421078556358946,0.011425945398773082,0.4897837553352819,0.0512589895534594,22,28.89053292707964,-20.362001852480198,0.009200253942119353,0.3371566162561057,0.0,22,31.717856667258523,-0.6948663170450899,-0.9409232961212517,-0.5878583454038306,-19.250177873195113,-0.17090068316383267,-1.1118239792850844,0.13727365933541133,1.6357896131663416,1.4697739801723912,3.2158511018135822,0.0725531638189029,3.050785474416604,0.1613904218993314,3.0635600014978595,0.1029878761793714,3.240751303570841,0.193572226183361,4,ok,0.1853804628957401,0.2039407874372872,0.193866239013997,0.1955840719694441,0.0007943861525167,18.89515989503971,1.4617655238636114,ok,1.1870297650903865,floor,1.39039360402515,floor,1.8114941017623492,ambiguous
424,22,0.1231783903473832,0,-18.974403974743723,0.012663670516567024,0.4850544686826682,0.076637333810962,21,35.416738964262464,-18.012275025672434,0.0158041992886023,0.399298757496062,0.0,21,28.96537953331357,-20.598518944390015,0.008712606615381568,0.4665472017374003,0.0324178506888506,21,28.89207567487444,-18.460364636806297,0.01425487903576267,0.3565269999096077,0.0,21,31.71936216808501,-2.5862439187175816,2.1381543075837186,0.514039337937426,-18.49333950020808,-2.1051794441819354,0.03297486340178324,0.20521420822425426,2.5862439187175816,1.5605362885794762,3.222647309482125,0.0828764327137334,3.0601769259574527,0.1753678175717135,3.055101209872341,0.0981806869222636,3.072357309133741,0.0286767854254783,4,ok,0.2484871564166886,0.1862422721016974,0.1844169298807779,0.2059818862804344,0.032947784378415,19.694824224624696,1.461790836431491,ok,1.1870471473923936,floor,1.390414263529611,floor,2.99519376268173,ok
425,22,0.1831811562379054,0,-17.899804824517012,0.016218829844655103,0.3524363894666001,0.0,43,35.419186969136085,-18.354900429493387,0.01460528234524962,0.4886582793403332,0.0459678870307025,43,28.96804068809332,-18.156436342888625,0.015288200358825202,0.4477593871651468,0.0178533588662515,43,28.894789806632108,-16.6375036393866,0.02168950477251954,0.4774369405760352,0.0505414277909381,43,31.72197940737702,0.198464086604762,1.5189327035020241,1.2623011851304113,-18.1273526270052,-0.029083715883423622,1.4898489876186005,0.164915270729411,1.7173967901067861,2.146705398888818,3.1705979927991046,-0.0235100550818891,3.172766346945048,0.2173071378094961,3.1148032312642044,0.1016268822885648,2.9935331569415515,-0.1040453565428487,4,ok,0.1954553823831469,0.1802202823550202,0.210616604360037,0.2080742120742797,-0.0227787719909534,20.76929141980937,1.4618352523696925,ok,1.1870776669136736,floor,1.3904506134056376,floor,3.6872523549560823,ok
426,22,0.0972574889193448,0,-18.3823752609219,0.01451317639979177,0.3705752484732469,0.0,18,35.417318767971466,-18.808438550482947,0.013156977892505918,0.3175738255271143,0.0,18,28.966017935011124,-20.164808690519315,0.009627624223360973,0.3889931980965041,0.0,18,28.89271471235488,-18.36954943820562,0.014556100860173043,0.5891157472064568,0.1524444307324803,18,31.71999422709148,-1.3563701400363684,1.795259252313695,0.0128258227162803,-18.595406905702426,-1.5694017848168897,0.22585746749680524,0.154777276454812,1.795259252313695,1.5433366146502285,3.1667020301713,0.0386185717840992,2.77863840957983,-0.0909745215072188,2.8177351321344086,-0.1270852876693755,3.304070546349312,0.2719829772156168,4,ok,0.168602532810635,0.1521217783706056,0.1645462326705455,0.1671251402133041,-0.0041840770799252,20.286821686310287,1.4618013557480902,ok,1.1870544685419515,floor,1.3904228215911885,floor,2.5101230415640927,ok
427,22,0.1821130129321728,0,-19.796330305256852,0.010480137230233232,0.4777989829619046,0.070548537173511,43,35.420437657555865,-17.989517671678637,0.015887231827150385,0.457332144953248,0.0209462748120923,43,28.969413890395053,-20.678345144892948,0.008553925934107006,0.4087999299491017,0.0,43,28.8961770700854,-19.383158999915935,0.01152614556431399,0.4038204065956325,0.0,43,31.72332901178404,-2.6888274732143103,1.2951861449770128,0.41317130534091717,-18.892923988467743,-1.7854211564252047,-0.4902350114481919,0.23155365840562508,2.6888274732143103,1.4581424611408305,3.172776100881819,-0.0213319469991746,3.160097513902248,0.2046383047666964,2.898193684185585,-0.1149826647900544,3.135172382349294,0.0375938688648935,4,ok,0.1773045303863148,0.1875502163934153,0.1998941105638825,0.18332923896784,-0.0174667371740174,18.872698518484,1.4618579465936292,ambiguous,1.1870934171347218,floor,1.3904691947132994,floor,2.900359668999858,ok
428,22,0.1724722811208963,0,-20.009637047422032,0.009977834480140032,0.3910463592308865,0.0048539055986402,40,35.41762552261353,-18.17318900963464,0.015229340578125222,0.4171836063852212,0.0,40,28.966365098953247,-21.275525744026627,0.007454996185909355,0.3834880997356659,0.0,40,28.89305176734924,-19.520535121420963,0.011167256405453718,0.4638788191999787,0.0396227826743629,40,31.72032403945923,-3.1023367343919865,1.7549906226056642,0.4891019260010694,-19.091413028528336,-2.1841127154982907,-0.4291220928926265,0.25618670720421244,3.1023367343919865,1.3576756450125844,3.237620247315457,0.0489954177402975,2.949028876346566,0.0006990395689836,2.815327471818416,-0.1921720454643489,3.1432627514522893,0.0511231380456229,4,ok,0.2182269060984253,0.1721507638692855,0.1738180054351687,0.1832286326214671,0.0213708295486867,18.659543365085117,1.4618069212864877,ok,1.187058449895453,floor,1.390427335581569,floor,2.9718288843230374,ok
429,22,0.1065567867081176,0,-20.340049347736134,0.009246876668965388,0.3500479513633823,0.0,18,35.42376263936361,-18.8229187272482,0.013113183158848483,0.503303096221254,0.0582338161285522,18,28.97309599982368,-18.288290699761053,0.0148310169082568,0.4187394970480446,0.0,18,28.899964968363445,-17.84641866543329,0.016419432152396222,0.372340556360014,0.0,18,31.72693697611491,0.5346280274871482,0.441872034327762,2.493630682302843,-19.581484037492167,1.2931933377311147,1.7350653720588767,0.199144273631391,2.493630682302843,1.8652914625793287,2.807489741500572,-0.3205937168866288,2.7622942049481294,-0.1073187261389194,2.978424530400004,0.0336041105962197,3.122913061190049,0.0908254920563544,4,ok,0.1930832184023327,0.2187518423630131,0.1682555162244373,0.1542137517697281,0.0376620141582356,18.32880022178771,1.4619182864853817,ok,1.187135655260913,floor,2.0629149395446427,ambiguous,4.877874013569293,ok
430,22,0.0989364261380969,0,-19.24861672897977,0.011888808374823812,0.5495984045062111,0.1348416107682357,13,35.422997401310845,-18.092430598389853,0.015515184348674587,0.2965075469149522,0.0,13,28.972251598651592,-19.45320281506133,0.011341740816658293,0.330629403980076,0.0,13,28.89910595233624,-17.209666768003885,0.019012241543106302,0.3473931299424846,0.0,13,31.726107083834133,-1.360772216671478,2.2435360470574466,2.0389499609758843,-18.67052366368481,-0.7826791513765201,1.4608568956809265,0.21393142075885577,2.2435360470574466,1.840739328124998,3.0013492179615286,-0.1020613181346186,2.87774114373618,0.0402083598110611,2.902237276630422,-0.0170390157275037,2.738175566410173,-0.2694384998494969,4,ok,0.2437499039448224,0.179381950543477,0.211881319204202,0.149834939207022,-0.0003153919600523,19.420274097502297,1.4619043985000844,ok,1.1871259682873885,floor,1.3905084291060834,floor,4.423140577402818,ok
431,22,0.1410992926610027,0,-19.9530335333856,0.010108731158882937,0.3871930762870373,0.002240246631278,27,35.42179898862486,-19.29505817344617,0.01176235228989473,0.47286143844101,0.0331430994378423,27,28.97093024077239,-20.193369575732316,0.009564516978260234,0.5185973936115955,0.0758938461939544,27,28.897760038022643,-19.56064097358535,0.011064604698434339,0.6143122429356098,0.1783858752692952,27,31.724810070461697,-0.8983114022861471,0.6327286021469654,0.3923925598002498,-19.624045853415886,-0.5693237223164296,0.06340487983053578,0.07983307826629424,0.8983114022861471,1.358188032226231,3.006283923589393,-0.1525411465944306,2.990443571726512,0.0808598816512513,3.2353717944000104,0.2587242711684014,3.22545893911851,0.1628782279166936,4,ok,0.2080779078382033,0.1957395429964419,0.2138717828525437,0.192704795135392,-0.0119630574352211,18.715921901839007,1.4618826500636335,ok,1.1871108104993378,floor,1.3904903989317172,floor,2.8807238305857608,ok
432,22,0.1131706324664488,0,-18.463791741780177,0.014243634661606204,0.3556715679563755,0.0,21,35.42099035353888,-19.24868007759065,0.011888634959311042,0.431676365307001,0.0016881996491886,21,28.970060076032365,-20.843686655782292,0.008234388143193891,0.297921196260145,0.0,21,28.896912529355003,-18.573566858062584,0.013888115325789575,0.5079220896196139,0.0762404575234185,21,31.723948342459543,-1.5950065781916436,2.2701197977197083,-0.10977511628240677,-18.856235909685413,-1.9874507460968793,0.28266905162282896,0.1977961343735655,2.379894914002115,1.396979503475604,3.1624494152768845,0.0226785385084924,2.9364556616630564,0.0516465532773171,2.968791788890231,0.0118712659401536,3.0128285311533087,-0.0308519925549539,4,ok,0.1804920051779066,0.1622082140474092,0.1688292147148223,0.1584774603446324,0.0025208948978355,20.20520728690712,1.4618679759218765,ambiguous,1.1871008290719007,floor,1.390479046146382,floor,2.383650261794121,ok
433,22,0.1352923248489435,0,-19.391557853642656,0.011503876604507378,0.3076364249489143,0.0,28,35.41996683393206,-17.926425107434863,0.016119719830359085,0.4978539671889727,0.0536275285334044,28,28.96893399102348,-20.857862438538447,0.008207554139463632,0.5133882263224966,0.0713359002341933,28,28.89576911926269,-19.400090670187787,0.011481296510754066,0.4276452884230579,0.0119866257190313,28,31.722840785980225,-2.9314373311035844,1.4577717683506606,-0.008532816545130828,-18.65899148053876,-2.198870957999688,-0.7410991896490273,0.23819815556065344,2.9314373311035844,1.4513825674881993,3.1213541951189496,-0.040228202333489,2.985513253665166,0.0723444404534028,2.8600946782365515,-0.1194075339665778,3.1178190023956653,0.0525032500812869,4,ok,0.1729758818234716,0.1799083461186715,0.1946103125810623,0.1653682642749377,-0.0181681986099907,19.27749635104944,1.461849403152876,ok,1.1870879127069696,floor,1.390463730395319,floor,2.4884667932609057,ok
434,22,0.1227351169267869,0,-18.409626680101503,0.014422393212087884,0.4910244509564133,0.0817161531052768,25,35.41857986450195,-17.88374149443434,0.016278929807568083,0.4996490528205677,0.0551394217973417,25,28.96740547180176,-18.39984772309333,0.014454904531665196,0.4358564228755673,0.0089358031837583,25,28.894213409423827,-17.52649579082717,0.017674633656923403,0.5084315914545472,0.0766834787346102,25,31.72133903503418,-0.516106228658991,0.8733519322661607,0.8831308892743337,-18.14668408726792,-0.253163635825409,0.6201882964407517,0.08668832816201029,0.8831308892743337,2.0239921067839535,3.354920150346849,0.2019301234324944,3.1018669233254768,0.1998700543236422,3.1359138180394543,0.1653073744646902,3.289883100699344,0.2330902709061755,4,ok,0.25273272305727,0.2023359787464141,0.2003262275457382,0.20435949832201,0.0272081233561038,20.25950229015748,1.4618242367269632,ok,1.1870703815442096,floor,1.3904428934021127,floor,3.3374429048535634,ok
435,22,0.0741918320125327,0,-19.371488424057183,0.011557160846299576,0.3340124347205577,,10,35.417565155029294,-19.18438414283144,0.012065951789284012,0.434114384116815,,10,28.966289520263672,-19.63552343814309,0.010875460520619575,0.3073980830853922,,10,28.89307975769043,-20.09846523878781,0.009775826296332512,0.4218849458474193,,10,31.720243835449217,-0.4511392953116484,-0.462941800644721,-0.7269768147306266,-19.277936283444312,-0.357587154698777,-0.820528955343498,0.07748120435164015,0.9140810959563694,1.4154483813171561,2.9782768503715857,-0.105241714242235,2.928317016839086,0.1166481076899734,2.824604715119197,-0.0740772168018137,2.7442792868961607,-0.2436035851620319,4,ok,0.1906939528882503,0.1936886876821518,0.1595934383571148,0.1854377068579197,0.0325978819280863,19.29769524240545,1.461805826013247,ok,1.187057583136203,floor,1.390427710444148,floor,1.5876054940887214,ambiguous
436,22,0.1186127164251362,0,-18.503925370093786,0.014112613995606331,0.3757440045954275,0.0,21,35.41803105672201,-19.155112607376285,0.012147551229122295,0.345348187803902,0.0,21,28.96678606669108,-19.855876605908136,0.010337424231809174,0.5601728560628259,0.1139209518115897,21,28.89355668567476,-18.223479669562852,0.015054004206212378,0.5157556501803452,0.0831009669910471,21,31.72073854718889,-0.7007639985318512,1.632396936345284,0.2804457005309331,-18.829518988735035,-1.026357617173101,0.6060393191721829,0.14090644298513652,1.632396936345284,1.5620132400074638,3.2513357058928616,0.1115648291244695,2.945219357674173,0.0604102492884339,3.0171117788749107,0.0601912559248334,3.1709326379357425,0.1272521142274798,4,ok,0.2390082682527247,0.2009974998377618,0.1741106632564749,0.1637248139651048,0.0458922207887683,20.16523318297812,1.46181427913873,ok,1.1870632777416312,floor,1.3904340978172045,floor,2.773790906062698,ok
437,22,0.1306669443564322,0,-18.84987817009909,0.013032033358834866,0.4236914092884075,0.0280353223050875,25,35.41686477661133,-19.674729988272674,0.010777722594048003,0.5410832535735374,0.0915493434331458,25,28.965502471923827,-19.34952927784231,0.011615745075024234,0.4528619611899703,0.0217497161410087,25,28.89224983215332,-19.156577668001553,0.012143454032807022,0.3810884803641579,0.0,25,31.71947868347168,0.32520071043036225,0.1929516098407582,-0.3066994979024642,-19.26230407918588,-0.08722519865643008,0.10572641118432813,0.06884010089066148,0.8248518181735847,1.4945564816626988,3.180508250916316,0.0275182240019606,2.959604518048537,0.0576076490467025,2.9513309972287605,-0.0192754463460036,3.128849677882508,0.0720568480893391,4,ok,0.2248734486103057,0.2062445908784866,0.15159020408988,0.1960418769717216,0.0639688156545162,19.81934324788518,1.4617931190058864,ok,1.1870485572259817,floor,1.3904165958358252,floor,2.1679557837197665,ok
438,22,0.1448332909927037,0,-19.44857092247834,0.011353843606766532,0.3406337881855837,0.0,28,35.415889739990234,-19.582508324745962,0.011009032847543792,0.5364396666429256,0.0873245854111677,28,28.96443223953247,-19.72587503166218,0.010651542310580929,0.3412052432493752,0.0,28,28.891162259238108,-19.10215166470387,0.012296593985168207,0.4165203446409659,0.0039521157157924,28,31.71842690876552,-0.14336670691621833,0.6237233669583091,0.3464192577744676,-19.51553962361215,-0.2103354080500317,0.4133879589082774,0.054026618996588546,0.6237233669583091,1.4402988902529832,2.877201491722808,-0.2843809057296314,3.0175243368371176,0.1043555236253546,3.043914889762026,0.0644126775588964,3.127172178258511,0.0618564259441325,4,ok,0.185140478557774,0.1699151766619512,0.2039665571813072,0.1827733378325189,-0.0264387295714446,19.220703049918875,1.4617754295898682,ambiguous,1.1870362843263054,floor,1.390402031448215,floor,2.8368812618206225,ok
439,22,0.1010327358234228,0,-20.03260513537739,0.009925205018408864,0.4262131135711668,0.0299032888000549,18,35.413842307196724,-18.803215447447155,0.013172810834044871,0.8732015896571664,0.4881482227807501,18,28.962216271294487,-18.752894385413082,0.013326329937286606,0.4275551474416982,0.0028587937662751,18,28.88887956407335,-20.597253098143316,0.008715146465251717,0.4015345547455909,0.0,18,31.71624904208713,0.050321062034072384,-1.8443587127302337,-0.5646479627659247,-19.417910291412273,0.6650159059991907,-1.179342806731043,0.1782448102475807,1.8443587127302337,1.5533573367143803,3.098297571058524,-0.0297858873286771,3.0795804431554274,0.2099675120683786,2.814554506900645,-0.1302659129031389,2.73370919708534,-0.2983783720483548,4,ok,0.227634247392416,0.1971109074850877,0.1733709528214401,0.2016189073522885,0.0390016246173117,18.636779187356385,1.4617382872015403,ok,1.18701087481363,floor,1.3903714650321717,floor,1.8444559967661904,ambiguous
440,22,0.1513593903421214,0,-18.743750352541213,0.013354417969248923,0.4972334697064236,0.0870642351470125,32,35.41090703010559,-18.97617220271947,0.012658515558459997,0.5364946001957556,0.0873743513894733,32,28.958989202976227,-19.95343280817043,0.010107801841081966,0.5707075604320452,0.1240219956847119,32,28.885592341423035,-19.126491708280923,0.01222787045820016,0.3852772337212709,0.0,32,31.71303343772888,-0.977260605450958,0.8269410998895061,-0.3827413557397108,-18.85996127763034,-1.0934715305400893,-0.26653043065058313,0.10022287801887932,1.209682455629217,1.4766111240957467,3.300271535414369,0.1285650356590748,3.156017548875447,0.2296852081363507,3.0420529435386694,0.0520691452287809,2.955773819718793,-0.1195842066271333,4,ok,0.1807482138974592,0.1982551296241581,0.2255935152061283,0.1964802020229399,-0.0360918434453196,19.925792158043485,1.4616850450167918,ok,1.186973876591345,floor,1.3903274537350174,floor,2.078750641493768,ambiguous
441,22,0.0752466385374019,0,-19.795963707208358,0.010481021920271252,0.2899926001773098,,11,35.4125862121582,-20.44071233547907,0.009035012681106494,0.3439997220561824,,11,28.96085080233487,-20.23346607891645,0.009476618380291808,0.3102987020518047,,11,28.88749157298695,-17.873108948678045,0.016318833265791942,0.2525636008685311,,11,31.714888485995207,0.20724625656261964,2.3603571302384054,1.9228547585303133,-20.118338021343714,-0.11512805757273625,2.245229072665669,0.2585470571910245,2.567603386801025,1.4190434440106203,2.792184225714557,-0.2985605797994526,3.116533493427864,0.2954689047248267,2.464999609886919,-0.4411637227506926,2.74945879338694,-0.2455919133263031,4,ok,0.162584360350262,0.2915582060813904,0.1444713791662996,0.2319750630042769,0.0825999040495265,18.873488311056,1.4617155022944712,ok,1.1869952190200317,floor,1.3903528808816867,floor,4.310067519615739,ok
442,22,0.145268003031462,0,-19.819596812641656,0.010424141998420278,0.4248450730641125,0.0288885296026291,30,35.408522288004555,-18.867543720561606,0.012979131361625493,0.4579610031572167,0.021432273038572,30,28.95629711151123,-20.877303758035563,0.008170894897621338,0.4910479347984214,0.0523102986963837,30,28.882808494567872,-19.553140142608136,0.011083731223154312,0.4633893667618095,0.0392344984382011,30,31.71037419637044,-2.0097600374739564,1.3241636154274268,0.26645667003352,-19.34357026660163,-1.5337334914339316,-0.20956987600650478,0.1611161744052755,2.0097600374739564,1.3219607957224784,3.020241680567868,-0.1465716283232443,2.880588064664555,-0.0393820672870042,2.91173085044781,-0.0731869775819027,3.086080603759084,0.0155762189585337,4,ok,0.1877439846595128,0.1752686269581317,0.1665528071423371,0.18482737566034,0.0149534986664851,18.85007420374769,1.4616417945142628,ok,1.1869430165046486,floor,1.3902901876908231,floor,2.7600815380364514,ok
443,22,0.2685436355180668,0,-18.44657034110589,0.014300228133818472,0.401484974961174,0.0120643849602752,67,35.40602920304483,-19.199633942124187,0.012023657752817433,0.4384626571112339,0.0066740922314008,67,28.95357089256173,-20.84801202287222,0.008226191165669972,0.3817780394596425,0.0,67,28.88004470939067,-19.483649731481336,0.011262505779522801,0.4498554251828728,0.0286603499464426,67,31.70768928527832,-1.6483780807480315,1.3643622913908828,-1.037079390375446,-18.82310214161504,-2.02490988125718,-0.6605475898662974,0.18969550592836062,2.401441681766329,1.3227619363365637,3.211211944195166,-0.0165208820224651,3.05468481489331,0.0555061053028915,2.929140683939361,-0.1188477401134679,3.0754704275529265,-0.0554610912849797,4,ok,0.2182873027093375,0.1679392935179952,0.1752669368662051,0.1917294873230492,0.0178463612474612,20.223235007214587,1.4615965845115015,ok,1.1869117695119928,floor,1.3902531954255188,floor,1.0414827939096831,floor
444,22,0.4904839466247684,0,-19.564688437892535,0.011054297698781163,0.4540613950579499,0.0512691947032695,143,35.43208606426533,9.213736001011245,8.343986641038367,0.1086191728882808,,4,28.978906631469727,-20.3790436935317,0.009164222619823238,2.221024832779249,4.030347707313409,44,28.90709172354804,-15.786487019197887,0.02638464760454658,1.4583080338780952,1.6749451632453694,69,31.73438863285252,-29.592779694542944,4.592556674333812,3.778201418694648,-5.175476218440645,-15.203567475091054,-10.611010800757242,1.719226837223749,29.592779694542944,289.26245639095185,3.362266002826485,0.077051498568275,,,3.092237740733029,0.077256822733664,3.474256519805266,0.3411129196749498,4,ok,0.2028368202695896,0.24750891700387,0.2130963131785392,0.1453996593861476,0.0120765554581905,19.103712308077892,1.4620693787317065,ok,15.0,sat,1.390615433717227,floor,6.320669149374998,ok
445,22,0.3252314726123673,0,-19.177423495618648,0.012085305978213796,0.3771482374267542,0.0,87,35.42762506419215,8.105580842246685,6.46484451550176,0.6521635789329863,0.2034645692932932,86,28.97723016284761,-19.223252699031608,0.011958445541361117,0.6486824099232312,0.204638578450006,87,28.90417397159269,-18.416990339396776,0.014397960111893501,0.4688185102443188,0.0435643996807597,87,31.731091027972344,-27.328833541278293,0.8062623596348324,0.7604331562218718,-5.5359213266859815,-13.687331372345627,-12.881069012710794,1.7183997622222156,27.328833541278293,224.24121891842483,3.138152495447604,-0.1093852050071491,1.2875906886444648,-1.7361989843053225,3.179530891488618,0.1110382796628766,3.190804744481249,0.0402284247217408,4,ok,0.1982144828157863,0.1751072366050509,0.173064707938967,0.1912808852891127,0.0135961517714515,19.491217817762653,1.461988392024563,ok,15.0,sat,1.3905763325254965,floor,3.2244677503534134,ok
446,22,0.3153823649757301,0,-19.22290172258759,0.011959412005930177,0.4742435945888147,0.0675983592753708,84,35.43012078603109,10.54929438345351,11.348264206621293,0.5275951783451496,0.0793785535104392,24,28.97855854034424,-13.746111928623794,0.042207420112473526,2.3120374675278748,4.3801483444626825,71,28.90652175316444,-14.37997890392674,0.03647557187405849,1.3707033837852616,1.4629159202627613,83,31.73368830680847,-24.295406312077304,-0.6338669753029453,4.842922818660851,-4.33680366956704,-9.409308259056754,-10.0431752343597,1.713755615533236,29.7721961060411,395.1351488292184,3.326646174763291,0.0817690330335603,0.0,-2.8979726359130726,3.41546441619532,0.3629242652248656,3.4292611685688845,0.2822245770540137,4,ok,0.2102064355498268,0.1675651955107847,0.1644579227489065,0.1435259922396346,0.0244278927813993,19.445605009414564,1.4620336981188242,ok,15.0,sat,6.283536130698756,ok,7.773755953946057,ok
447,22,0.1706812611493622,0,-18.769144839451638,0.013276558580434939,0.3960770983780298,0.0083051796010178,37,35.43244253622519,,,,,0,,,0.0,,,2,28.907590866088867,-18.572432873658936,0.013891742118923215,2.121700773145041,,11,31.735050201416016,,,0.19671196579270145,-18.769144839451638,,0.19671196579270145,0.7076503991673531,0.19671196579270145,,3.2739518216910577,0.0912378914633431,,,,,,,3,partial,0.1794402241908215,,0.2221838980913162,0.1044056611982258,-0.0427436739004947,19.899236681419595,1.46207585102995,ok,,,,,2.693152712152027,ok
448,22,0.121957644637218,0,-18.216239924820986,0.015079120353049851,0.4583803095541354,0.0547038607675116,23,35.434134441873304,,,,,0,,,,,,0,,,,,,0,,,,,-18.216239924820986,,,0.0,0.0,,3.375264703989562,0.228596515876434,,,,,,,1,partial,0.2039228295502455,,,,,20.45205034543736,1.4621065717396216,ok,,,,,,
449,22,0.0889376568097096,0,-18.3684753130255,0.014559701414348392,0.4276350239705143,,11,35.43369189175692,,,,,0,,,,,,0,,,,,,0,,,,,-18.3684753130255,,,0.0,0.0,,3.0906716412051334,-7.316430887627234e-05,,,,,,,1,partial,0.1752604422244158,,,,,20.299838826117885,1.462098535905662,ok,,,,,,
450,22,0.1030874091253543,0,-21.085702871042038,0.007788067606798948,0.4053839822946493,0.0148063495689887,15,35.43280563354492,,,,,0,,,,,,0,,,0.0,,,3,31.73538589477539,,,,-21.085702871042038,,,1.0,0.0,,3.2346415805977897,0.1203814041873463,,,,,,,2,partial,0.1550042793154716,,,0.0593075354894002,,17.5826590671535,1.4620824437389028,ok,,,,,,
451,22,0.1712863025543503,0,-19.20274768561861,0.012015040289373181,0.627013454850322,0.2142311731050055,29,35.43500568555749,,,,,0,,,,,,0,,,,,,0,,,,,-19.20274768561861,,,0.0,0.0,,3.233667194898324,0.0694242387208623,,,,,,,1,partial,0.1961077880756608,,,,,19.465495593080377,1.4621223923130355,ambiguous,,,,,,
452,22,0.1099288989404731,0,-19.532498618185,0.011136536330181863,0.2747889176327777,0.0,16,35.43035125732422,9.69705616304682,9.326219147810457,0.2950891548835622,,4,28.97890408833821,-20.55774144949615,0.008794797717933555,1.3327538437478008,1.353873412445216,13,28.90675099690755,-16.981307685385673,0.02003868560295455,0.7831903872259366,0.3802968778360063,16,31.73401665687561,-30.25479761254297,3.576433764110476,2.551190932799326,-4.917721227569089,-15.64002022192706,-12.063586457816584,1.7221964177317937,30.25479761254297,322.9382069213358,3.213900181316116,0.0947468140414913,0.0,-2.7213409492963905,3.0004362284595385,0.0811599361016126,3.126286097413008,0.1030564417413177,4,ok,0.1800163201987743,0.1530313789844513,0.1688578412509881,0.1267962765414267,-0.0023339916593753,19.13599568506559,1.4620378822616864,ambiguous,15.0,sat,1.39061086729369,floor,4.937357442591422,ok
453,22,0.1167168704508762,0,-19.783520069105034,0.010511095769667352,0.3660019978349043,0.0,21,35.429726918538414,9.363113962338605,8.635975393618146,0.4468993885121338,,9,28.97864580154419,-16.391390104537756,0.022954138066608544,1.419025667311385,1.5551576801782012,21,28.90638675689697,-14.986655043302441,0.0317200961929575,1.3579478144349597,1.4331388630661015,21,31.733352388654435,-25.75450406687636,1.4047350612353142,4.796865025802592,-5.210203053383214,-11.181187051154541,-9.776451989919227,1.7147532738460518,29.14663403144364,300.2924160959809,3.1020500037928382,-0.0377208729755538,0.0,-2.801282467272814,3.3557752374674954,0.3988547145174181,3.247493778921871,0.2038132552136082,4,ok,0.2204045408538409,0.2885262552234862,0.1379060404641287,0.1326828859746456,0.1165593575745348,18.885007902959973,1.462026547673135,ambiguous,15.0,sat,3.823674383262742,ok,7.704609633006837,ok
454,22,0.3054868557778105,0,-19.683530309503958,0.010755905280494136,0.4127508526067013,0.0200594136040916,80,35.41949300765991,-19.485161559782753,0.011258585855969963,0.538466796554234,0.0891643997459379,80,28.968348097801208,-20.649239564305038,0.008611445226257468,0.4616062022893646,0.0285295325754226,80,28.89498360157013,-19.744067438886738,0.010607016785313207,0.4543402940211205,0.0321296838183833,80,31.722242331504823,-1.1640780045222847,0.9051721254183,-0.06053712938278011,-19.584345934643355,-1.0648936296616824,-0.15972150424338238,0.09787827826297872,1.1640780045222847,1.276008923036505,3.169867274058081,-0.0713106879977476,3.038152670087894,0.0214923694960758,3.027943321818199,-0.0339649881454424,3.115951028762995,-0.0283169553179076,4,ok,0.21587654966861,0.1464177010580897,0.1854321284685283,0.1826925762929022,-0.0042850031051784,18.985549437558998,1.4618408054273164,ok,1.1870811927158382,floor,1.3904532090582578,floor,2.435009501030761,ok
455,22,0.1099937996052906,0,-19.55542483642784,0.011077901935970691,0.3238259503244213,0.0,21,35.421392531622026,-20.47558524869276,0.008962753970909326,0.4075604589155097,0.0,21,28.970443816412065,-21.837143614925676,0.006550668744630485,0.3900834232039668,0.0,21,28.89710844130743,-20.011866728332024,0.00997271314472598,0.3711222796236618,0.0,21,31.724309376307897,-1.3615583662329165,1.8252768865936524,-0.45644189190418416,-20.0155050425603,-1.8216385723653765,0.003638314228275874,0.18293312608263199,2.2817187784978366,1.060341556110529,3.3288437204802426,0.1890728437118505,2.7587004321256,-0.1261086762601393,2.905221448704939,-0.0516990742451382,2.8975493153626304,-0.1461312083456323,4,ok,0.2315476710597674,0.1633598151661101,0.1585936239432721,0.1785501089124452,0.0388601191696666,19.113552511029077,1.461875274095185,ok,1.1871052308009158,floor,1.3904816704374974,floor,1.9884074393326177,ambiguous
456,22,0.1227482566561767,0,-19.52820255594918,0.011147558096829836,0.4235203054649603,0.0279089777727048,25,35.42313949584961,-19.103589783957293,0.01229252277503454,0.4077976267260919,0.0,25,28.972397537231444,-18.618898043748644,0.013743906615184698,0.6018741568860726,0.1550075819400469,25,28.89911094665528,-18.197044438787348,0.015145916427030654,0.3657210964891335,0.0,25,31.726235427856444,0.4846917402086497,0.42185360496129576,1.3311581171618307,-19.315896169953234,0.6969981262045906,1.1188517311658863,0.11505912995670367,1.3311581171618307,1.7480752398597177,2.9926321397482005,-0.1603578871661546,2.8356828573673023,-0.0663140116345322,3.085555331205115,0.114948887630351,3.137443470674785,0.0806506408816165,4,ok,0.2040776953101158,0.1730612140893936,0.1960328263044357,0.2089736327528953,-0.0074633716046809,19.140680609752124,1.4619069772747646,ambiguous,1.1871276424656123,floor,1.3905084960134173,floor,3.751216130393122,ok
457,22,0.1016183650017705,0,-19.0280266737551,0.012508272459457865,0.3855005920037848,0.0011004252912207,16,35.422752380371094,-19.31433705862858,0.011710253432277301,0.340892697668492,0.0,16,28.97198712825775,-19.76192045724816,0.010563502861067492,0.5890872106218821,0.1420956349187709,16,28.898704648017883,-18.40689169504261,0.01443147862636894,0.4753715633093618,0.0488578277784232,16,31.72583556175232,-0.4475833986195781,1.3550287622055492,0.6211349787124902,-19.17118186619184,-0.5907385910563185,0.7642901711492307,0.11458363218831852,1.3550287622055492,1.5309350391330256,3.069268706229693,-0.0498846610449317,2.9016339181321973,0.0436320412073363,3.0066155731328474,0.0710405675038354,3.0084542356148853,-0.0147754200568046,4,ok,0.1913640243001282,0.1928013483993709,0.1621369351632893,0.2252046577632427,0.0299457511864602,19.640877362511755,1.461899951828424,ok,1.1871229343675396,floor,1.3905030530129232,floor,3.09524341547386,ok
458,22,0.1062084710291445,0,-18.669429213623335,0.013584919793094811,0.4395760945574384,0.0399869978052613,19,35.424010828921666,-18.407001455963353,0.01443111389864817,0.3994619046216083,0.0,19,28.97335584540116,-20.068195137156167,0.009844201310304874,0.4793874794032884,0.042716085382215,19,28.90009900143272,-18.08512114809992,0.015541319370645637,0.4370775549710097,0.0189645604059676,19,31.72721451207212,-1.6611936811928132,1.9830739890562477,0.5843080655234161,-18.538215334793342,-1.5299798023628242,0.4530941866934235,0.16028664204716725,1.9830739890562477,1.62337866527553,3.083268288846055,-0.0489144458881738,2.8769901155790363,0.0020472366682651,3.052698881718712,0.1036344394108628,3.0314463003744443,-0.0047074126183748,4,ok,0.1991999133637076,0.2168279776447697,0.2259957249227323,0.142141720770221,-0.0179817794184935,19.999406974786076,1.4619227908865091,ok,1.1871386362940777,floor,1.39052173300942,floor,3.0609913649288694,ok
459,22,0.1706364841076529,0,-19.8940985717038,0.01024684443315974,0.5525099812682879,0.1376383845337077,31,35.42476604830834,-14.351022651403524,0.036719582517846745,2.319982694548328,4.388902141953402,31,28.974175607004472,-20.5599358812797,0.008790354947104806,0.4304555750917181,0.0049687914239644,31,28.90091053132088,-18.133131608364867,0.01537045908354343,0.4353100441172182,0.0176453760997037,31,31.72800260974515,-6.208913229876176,2.4268042729148327,1.7609669633389338,-17.122560611553663,-3.4373752697260365,-1.0105709968112038,0.630055318888956,6.208913229876176,2.3043844451196325,3.105694928126579,-0.0636044442603736,3.30444105368238,0.3812385002989518,2.842353684911414,-0.1451379899462948,3.2222040427274505,0.1492336880919245,4,ok,0.2063925817849174,0.1756432414535553,0.1644072227420345,0.194766774292915,0.0266106888772018,18.774696898375367,1.461936497729499,ok,5.5471650022189865,ok,1.390532605594619,floor,4.155118767188869,ok
460,22,0.0800586046246009,0,-20.126774136359405,0.009712311129108088,0.4210458073532423,,10,35.42449836730957,-19.578378524865236,0.011019506553327056,0.4642405322837785,,10,28.973891830444337,-20.308607029134162,0.009314065700685792,0.3446355884202294,,10,28.900617790222167,-19.232594810905994,0.011932749367579485,0.2163978309361109,,10,31.72770881652832,-0.7302285042689256,1.0760122182281684,0.8941793254534112,-19.852576330612322,-0.45603069852183964,0.6199815197063288,0.09936152717399936,1.0760122182281684,1.3415012900961467,2.875295391324814,-0.2082231732890069,3.07408222487791,0.2624133157287973,2.7413156402085352,-0.157366291712476,2.949441444283172,-0.0384414277750204,4,ok,0.2302902914583683,0.2406757280230522,0.2104512430727481,0.2105028696358203,0.025031766667962,18.54203576611077,1.4619316393987467,ok,1.1871447854136217,floor,1.3905286835030293,floor,3.3477841976426665,ok
461,22,0.1745334382426218,0,-19.241075823615944,0.011909469530317861,0.4478750654682786,0.0464060881700603,38,35.42615057292738,2.064782252222251,1.6087117178302663,2.090137355383321,3.5330320400905144,38,28.97570158305921,-20.932776525546586,0.008067191147872323,0.4612280695831283,0.0282336664945306,38,28.9024557314421,-20.226359906156286,0.009492137254019801,0.5567524114206904,0.1207179548682151,38,31.72950960460462,-22.997558777768838,0.7064166193902999,-0.9852840825403426,-8.588146785696846,-12.34462973984974,-11.63821312045944,1.6905109262135105,22.997558777768838,56.330627021288436,3.231150145422938,0.0464142782080401,3.045994857956236,0.1027215152312286,3.01742045964456,0.0139472246558343,3.1910329401948347,0.1027508565277788,4,ok,0.2315372061964712,0.1719579539800945,0.1925646466644186,0.1996402558135359,0.0091829334238641,19.427644995626107,1.4619616274655045,ok,15.0,sat,1.3905533088707651,floor,1.0417279671784194,floor
462,22,0.177026733048418,0,-20.351234008898224,0.009223093239802341,0.3329271088561733,0.0,41,35.43236709222561,,,,,0,,,0.0,,,1,,-22.50818406099517,0.005612826191098366,4.000000064102885,13.543965567284893,17,31.73528723283248,,,-2.1569500520969456,-20.351234008898224,,-2.1569500520969456,0.7673501021300572,2.1569500520969456,,3.052504499475324,-0.1379924781473938,,,,,,,3,partial,0.2266680033105175,,0.2434923946857452,0.0712121744119726,-0.0168243913752276,18.317151580808904,1.4620744812182742,ok,,,,,1.041792929285209,floor
463,22,0.0913840449500568,0,-19.14639174984594,0.012171968646982454,0.3858276266587162,0.001320281017672,16,35.43051242828369,10.831791940165932,12.110977408706653,,,1,,-20.84929703427205,0.008223757520722222,1.8247213475314008,2.670927423290712,16,28.907228978474937,-14.176029809050371,0.038229359257493135,0.7202125957615018,0.2992946922015596,16,31.73419940471649,-31.68108897443798,6.673267225221677,4.970361940795568,-4.157299904840004,-16.691997129432046,-10.018729904210367,1.7209298144590301,31.68108897443798,419.5316971105116,2.9572319120898,-0.1619214551848249,,,2.804056546100699,-0.1315184595283129,3.286709323832629,0.2634796681609388,4,ok,0.1999633000232279,0.0765882954001426,0.1962845483794808,0.0885151153197512,-0.0580087506677955,19.52209386178722,1.4620408083043592,ok,,,1.390617273232181,floor,7.968382091720741,ok
464,22,0.256712414809108,0,,,,,0,,,,,,0,,,,,,0,,,,,,0,,,,,,,,,,,,,,,,,,,0,no_sar_data,,,,,,,,,,,,,,
465,22,0.2917391167715356,0,,,,,0,,,,,,0,,,,,,0,,,,,,0,,,,,,,,,,,,,,,,,,,0,no_sar_data,,,,,,,,,,,,,,
466,22,0.2698876320493243,0,-19.005472004271056,0.012573401954372882,0.4019127242560921,0.0123639041635035,66,35.414181160204336,-19.344373061730707,0.01162954420510996,0.5115069249829377,0.0652632941298485,66,28.96248537121397,-20.165169218589412,0.009626825022621303,0.4350900989291239,0.0083699143724329,66,28.889037970340613,-19.120166284731226,0.01224569311476774,0.4044278358015721,0.0,66,31.71646652799664,-0.8207961568587052,1.0450029338581857,-0.11469428046017072,-19.17492253300088,-0.9902466855885308,0.05475624826965486,0.09929112489451938,1.1596972143183564,1.408673032534785,3.18277218458186,-0.0438204976901115,2.9740289161578146,-0.0236673591619047,3.161086320694301,0.1142782992671116,3.082990211328155,-0.0468103788016822,4,ok,0.1978108613102725,0.202119625201731,0.1856774107524842,0.1869196055287664,0.0142878325035174,19.663894055903366,1.4617444340598438,ok,1.1870139603088166,floor,1.3903735860556985,floor,2.3782920327929133,ok
467,22,0.2922226121952749,0,-20.763131821809736,0.00838854846114938,0.3642343346070897,0.0,80,35.4119104385376,-19.576652642948964,0.0110238865644301,0.4064811966784192,0.0,80,28.959968543052675,-21.454384612970948,0.007154207606558922,0.4472369404489092,0.0174569069891838,80,28.886477041244508,-19.26063610993517,0.011855950816629556,0.4436219485005236,0.0238955156570663,80,31.71398546695709,-1.8777319700219834,2.1937485030357777,1.502495711874566,-20.16989223237935,-1.2844923805915975,0.9092561224441802,0.19866244625338356,2.1937485030357777,1.2054722171496133,3.098617489805522,-0.1425604722503068,2.9736863358393606,-0.0429739647524574,2.899617777771557,-0.1622905321920842,3.031442161333043,-0.1128258227478595,4,ok,0.2012866463512182,0.1708016559947282,0.1935084978118539,0.1723606209736317,-0.0074643466388806,17.906356615053028,1.461703244698876,ok,1.1869851040483916,floor,1.3903392978996787,floor,3.9106437993038794,ok
468,22,0.0911195235807055,0,-18.069846348873817,0.01559607679958456,0.3137642070367431,0.0,15,35.426605987548825,4.760096832206553,2.9923313541995062,1.5438327683866075,1.8567853176047115,15,28.976170094807944,-20.026058152659026,0.009940178533338949,0.4864673422879285,0.0485138945990566,15,28.90297686258952,-18.40715044877492,0.014430618820897563,0.609712918813144,0.1735695227667006,15,31.729979705810543,-24.78615498486558,1.6189077038841049,-0.3373040999011039,-6.654874758333632,-13.371183394325394,-11.752275690441289,1.7016142801066396,24.78615498486558,104.34625513864086,3.2519262463447283,0.1376660699342848,2.8631846110688968,0.011544942931573,2.8902943721705467,-0.0402146631782893,3.047392821108501,0.0290168069821876,4,ok,0.183379527926445,0.1987472559014956,0.1951086680094401,0.1796966085831324,-0.0040452760954697,20.59884991447521,1.46196989381828,ok,15.0,sat,1.3905602915839623,floor,2.1328719385923804,ok
469,22,0.2402989172515131,0,-19.556760795183664,0.01107449472159461,0.4144288515594252,0.0212691655828709,63,35.40815704587906,-18.52896826165875,0.014031470057384489,0.4661756364012016,0.0278420971106505,63,28.955802554175968,-18.893702395753838,0.012901189677653687,0.4081973148697345,0.0,63,28.882226641215976,-17.91157883682925,0.01617491906742712,0.5975620888882728,0.1610194554441619,63,31.709875863695903,-0.36473413409508737,0.982123558924588,1.6451819583544136,-19.042864528421205,0.14916213266736733,1.1312856915919554,0.13648180102450805,1.6451819583544136,1.7895865059968572,3.268893811546594,0.0458281905009103,2.99115283932948,-0.0019574918587066,3.0712497326424417,0.0280933135836631,3.2165643967922835,0.0902623603416632,4,ok,0.19846076139855,0.1993564622742789,0.1799437317938085,0.1885462562952722,0.0189648800426059,19.112929901886496,1.4616351708070987,ambiguous,1.1869373477353058,floor,1.390282399361657,floor,4.044749644789877,ok
470,22,0.1606899894870283,0,-18.501989865225184,0.014118904916130784,0.5119013523133503,0.099965176583695,35,35.40556291852678,-19.101164246849176,0.01229939007338951,0.5435223066438462,0.0937829918698021,35,28.95295192173549,-19.64436433381327,0.010853343957424202,0.3927565156601125,0.0,35,28.879324068341937,-19.223461729260208,0.011957869983403471,0.4470224178685283,0.0264865734229799,35,31.707065800258093,-0.5432000869640952,0.4209026045530635,-0.7214718640350242,-18.801577056037182,-0.8427872777760896,-0.42188467322302614,0.09543284595777846,1.1423744685880877,1.504331888519496,3.2358858999682765,0.0573851726959726,3.1530282448136653,0.2178619355634157,3.196179174966753,0.1991612437907477,3.080054860677889,-0.0020424786972279,4,ok,0.1939132725553853,0.2513302426253046,0.1859827069299561,0.1885785728693008,0.0366390506603888,20.167840605975304,1.4615881294508015,ok,1.1869046756827664,floor,1.390243550760893,floor,1.5972231157782606,ambiguous
471,22,0.1856188783839298,0,-17.881182281918257,0.016288525489792382,0.4543566039729577,0.0515029276772143,42,35.405727477300736,-18.25523885514376,0.014944318487017818,0.5248724735931122,0.0769590233062853,42,28.953110376993816,-18.13176468324808,0.01537529763762378,0.4940303199543658,0.0548012296111315,42,28.879466329302108,-18.047650982295416,0.015675987257070614,0.3911027857446369,0.0,42,31.70722089494977,0.12347417189567977,0.08411370095266335,-0.166468700377159,-18.068210568531008,-0.06355411471707129,0.020559586235592064,0.031411203810093005,0.3740565732255021,1.983501284180063,3.361930033562289,0.1696060243132282,3.0645210106589187,0.111381438458944,3.034993688692542,0.0236643730615879,3.037105950748112,-0.0587029436343877,4,ok,0.1985056879264967,0.2125694457264173,0.1951883387352739,0.1934993954464083,0.0103492280911831,20.788639323091918,1.461591113345843,ok,1.18690649166719,floor,1.3902454546755505,floor,2.322981051099821,ok
472,22,0.18878809722125,0,-18.896174662923194,0.01289384762925089,0.4339342508823739,0.03569169399562,45,35.40329878065321,-19.44285452024676,0.011368797945992415,0.4628301553475344,0.0252178861903915,45,28.95044428507487,-19.393630835256722,0.011498386865363017,0.5384549748821177,0.0936909803259251,45,28.87676166958279,-19.21612894958548,0.011978077123034978,0.5023110722494113,0.0713909555888363,45,31.70461506313748,0.049223684990039374,0.1775018856712407,-0.31995428666228776,-19.169514591584978,-0.22411624367174454,-0.04661435800050384,0.05014145533263062,0.5466798573235678,1.5022822906089734,3.320267306611749,0.122712385924014,3.050159233227105,0.0902183422873341,3.1574663151141147,0.1407213836565777,3.241663328838128,0.1406658019694573,4,ok,0.222578936152988,0.1719994778434435,0.1739876492155923,0.1689858135249879,0.0233015577826234,19.77377779129808,1.4615470769765928,ok,1.1868759387355914,floor,1.3902092598860596,floor,2.152348662560844,ok
473,22,0.1430337150801233,0,-19.2397967940638,0.011912977474209918,0.4709343076967099,0.0648721903420868,23,35.41160168855087,-19.81903515264445,0.010425490208544833,0.2928117112843198,0.0,23,28.95966621067213,-20.47867261924696,0.008956384673004185,0.3742040407764067,0.0,23,28.886202687802523,-19.68493475096743,0.010752427548744024,0.3904461863633381,0.0,23,31.713691379712976,-0.6596374666025113,0.793737868279532,-0.4451379569036291,-19.529415973354126,-0.9492566458928344,-0.15551877761330246,0.10031660510954013,1.238875825183161,1.2791569032737247,3.049297526326228,-0.0973706617868996,3.067487410900763,0.173710302683038,2.9882117236941985,0.0241503441424861,3.0738518055127444,0.0233297181247857,4,ok,0.2086605164019958,0.1451623362043629,0.1902647928699203,0.1776990388398585,-0.0133533665667409,19.429708281562107,1.4616976445387002,ok,1.1869816379569562,floor,1.3903356248597027,floor,2.002351823634563,ambiguous
474,22,0.0963185488537208,0,-19.305538494679144,0.011734001800833293,0.4432032331410081,0.0427777488084832,16,35.39952540397644,-17.436673462390388,0.018043993158537313,0.8248163763076292,0.4187774258754129,16,28.946308970451355,-18.807978933358708,0.013158370379077657,0.7336985538428992,0.3042837751371381,16,28.872833728790283,-16.94365461805831,0.020213175101514356,0.5731038398797011,0.1365236206599718,16,31.70068645477295,-1.37130547096832,1.8643243153003972,2.3618838766208334,-18.371105978534764,-0.4368729548239436,1.4274513604764536,0.21947133486808298,2.3618838766208334,2.0683695107068885,3.007375023011776,-0.1117783442628486,3.2953864310477785,0.4373845541229175,3.033485716786893,0.0979107111578811,3.3888508641518427,0.3656212084801526,4,ok,0.1517898868769407,0.1751373205333948,0.2190253371372819,0.1933216569013893,-0.0555617334321141,19.364617231850065,1.4614786697609017,ok,1.186828556973218,floor,1.390156703553847,floor,4.742961264407798,ok
475,22,0.0917433134354056,0,-20.02492720693944,0.009942767391060595,0.3052941421793935,0.0,16,35.398635387420654,-17.256984272427648,0.018806222618373045,0.4115224151471777,0.0,16,28.945281624794006,-20.94270439594957,0.008048770799626312,0.705340739126224,0.2696840511410681,16,28.871833443641663,-19.29520435094304,0.011761956392099374,0.4587922174757793,0.0356075702608131,16,31.699714183807373,-3.6857201235219215,1.6475000450065274,0.7297228559963997,-18.640955739683545,-2.3017486562660245,-0.6542486112594972,0.3349734061957194,3.6857201235219215,1.5331300665170713,3.363532699644999,0.2443793323703742,2.8985646949243007,0.0405628179994397,3.074780256020941,0.139205250391929,3.1861080051261594,0.1628783494544694,4,ok,0.2376245465129614,0.1607619090937078,0.1744197155348956,0.2276765657588839,0.0247735122684389,18.645276460769036,1.4614625365856109,ok,2.609524252037182,ok,1.3901433212937542,floor,3.195307508575904,ok
476,22,0.0867593207062643,0,-19.582654843773817,0.011008661439283198,0.2889003926905885,0.0,13,35.39763934795673,-19.93519525375064,0.010150337308102145,0.6666498110657221,0.2195955410311145,13,28.944131117600666,-20.805036386213125,0.008307997580369835,0.5007700314528403,0.0604858891285207,13,28.870711986835182,-20.400874595699918,0.009118271942760579,0.3652847783807493,0.0,13,31.69862497769869,-0.8698411324624864,0.4041617905132071,-0.818219751926101,-19.75892504876223,-1.0461113374508955,-0.6419495469376884,0.10597269481263687,1.222381542439308,1.1771549544291326,3.132623321902574,0.0292127858064268,2.701521420721134,-0.136011363203985,2.703948208190824,-0.2153280841671017,3.1559300384199744,0.1483159721603044,4,ok,0.260488218986071,0.1901854895628415,0.1801020829723431,0.2192401244090153,0.0452347713021131,19.08760247421985,1.461444482391937,ok,1.1868036074954855,floor,1.390128318755412,floor,1.3924066202042449,ambiguous
477,22,0.0795514990984142,0,-19.17884476513526,0.012081351595317823,0.2609235055511114,0.0,12,35.3967866897583,-19.013582185326747,0.012549943813390384,0.3384585692649066,0.0,12,28.943146069844563,-22.386431136678326,0.005772406224595998,0.5595822432161492,0.113360222628593,12,28.86975272496541,-19.61111030784111,0.010936767235111285,0.3439474586087542,0.0,12,31.697692394256592,-3.3728489513515783,2.7753208288372164,-0.43226554270584927,-19.096213475231004,-3.290217661447322,-0.5148968326101055,0.26113368463667774,3.3728489513515783,1.1744044250114405,2.9289274240904355,-0.1684144225001427,2.634735125820052,-0.1949070462787858,2.9146448048840123,0.0016514885080525,2.816342080158001,-0.1852523469075735,4,ok,0.1679381988942623,0.2336188964545726,0.197971789787213,0.1881579073766867,0.0028067578872044,19.49145847854128,1.4614290278297049,ok,1.1867923236981264,floor,1.390115486695525,floor,2.017975641236571,ambiguous
478,22,0.0839916335803564,0,-20.080697511489873,0.009815902791510438,0.301073395760125,0.0,12,35.39577039082845,-19.746404559229372,0.010601310241321004,0.5147840768534558,0.0681031011690518,12,28.941981156667072,-20.795524685254286,0.008326213282244869,0.4743885655894355,0.0386735923411423,12,28.86860720316569,-20.298589997296048,0.00933557345108519,0.5547855450229952,0.1188475610369492,12,31.696580568949383,-1.0491201260249134,0.4969346879582375,-0.21789248580617482,-19.913551035359625,-0.8819736498946611,-0.3850389619364236,0.08655730859573435,1.0491201260249134,1.1925361453731504,2.9049319332693035,-0.1924099133212746,2.837341013007057,0.0076988409082199,2.941562042714837,0.0285687263388774,2.9672194623797434,-0.0343749646858309,4,ok,0.2049933113157749,0.1763919312506914,0.2017210914442936,0.2195582650601863,-0.0110284701610604,18.589660469958776,1.4614106081034808,ok,1.1867789802582251,floor,1.3901001638547057,floor,2.266884940079473,ok
479,22,0.1380084472045846,0,-19.57528505291198,0.011027358524597033,0.3947375737239395,0.0073819064310933,26,35.39746974064754,-19.99371711181153,0.01001447735426947,0.3977119836855587,0.0,26,28.943935834444485,-20.71556223536709,0.00848093581593231,0.4089188002941222,0.0,26,28.870543259840744,-19.37378295936128,0.011551056391690635,0.613607165702426,0.1776451784857344,26,31.69843270228459,-0.7218451235555605,1.3417792760058127,0.20150209355070103,-19.784501082361757,-0.9310611530053343,0.4107181230004784,0.1139945354395181,1.3417792760058127,1.2556032682069702,3.0958102718556018,-0.0601533967212146,2.952445937686944,0.04658268994759,2.960197972463211,-0.0134871125755915,3.2046581674674672,0.1449157305335604,4,ok,0.23254278416817,0.1654814931635673,0.1965583462554674,0.2165039531313456,0.0024537924104012,19.094981400547507,1.4614414081812996,ok,1.1868013704670703,floor,1.3901260616465592,floor,2.6968832563919483,ok
480,22,0.1001175208381452,0,-19.46950964176999,0.011299234861767793,0.3717810202679937,0.0,18,35.39645512898763,-19.428268876539985,0.011407043884595893,0.4693824067514336,0.0303752437931636,18,28.942777315775555,-20.846975307972272,0.00822815509412937,0.4189526612977998,0.0,18,28.86939271291097,-18.198642696259963,0.015140343567735297,0.4870657547874175,0.058486725154359,18,31.69732750786676,-1.4187064314322875,2.648332611712309,1.2708669455100257,-19.44888925915499,-1.3980860488172837,1.2502465628950254,0.21267388621510921,2.648332611712309,1.3984313431116115,3.058427942185654,-0.0696555162015468,2.977761753443051,0.1081488223560023,2.987789296127929,0.0429688763241449,3.0987227809908178,0.0666352118571227,4,ok,0.224160155488385,0.1621247236099508,0.1801918716066413,0.1853660001522964,0.0129505679425265,19.200811459966864,1.4614230184149006,ok,1.1867880997375058,floor,1.390110670970771,floor,3.6945537612686814,ok
481,22,0.2403069130365946,0,-19.22226765721379,0.011961158194966761,0.4610908686911769,0.0568760706890363,60,35.39420509338379,-19.358693678822068,0.011591259590377755,0.4611546413732301,0.0239107085158387,60,28.94024969736735,-20.315301601940686,0.009299719292964458,0.4916359121223133,0.0528001921272092,60,28.866847419738768,-20.602392675999994,0.008704838786505482,0.4083397572281341,0.0,60,31.694870471954346,-0.956607923118618,-0.2870910740593082,-1.3801250187862024,-19.290480668017928,-1.0248209339227579,-1.311912007982066,0.13561178255589984,1.3801250187862024,1.2781748667224195,3.1864766236927977,-0.0328898176789844,2.98404177298917,-0.0042588227766247,3.131630406478358,0.0923037857677688,3.165355697898792,0.0427229424240049,4,ok,0.2065602461496989,0.1566348715374867,0.1925895205388466,0.1971647130946318,-0.0109919616952538,19.44817462699682,1.461382239960472,ok,1.1867591488048894,floor,1.390076626207894,floor,1.0413388858477122,floor
482,22,0.044650843468584,0,-17.655929856140098,0.017155643559629816,0.3367271297068202,,5,35.40345764160156,-18.39674711456191,0.01446522817266462,0.2656555222653134,,5,28.950797653198244,-18.276337544092584,0.014871892776352386,0.4786661013703827,,5,28.87727928161621,-15.461810519764153,0.028432755340774586,0.6587059351789804,,5,31.704978942871094,0.12040957046932732,2.814527024328431,2.1941193363759446,-18.026338485351005,-0.24999905874157946,2.5645279655868514,0.3039921622589727,2.934936594797758,2.3261144963461993,2.432564964811066,-0.5984004673220853,2.5994004117434555,-0.1439380335914215,2.728167052894446,-0.1161060863456886,2.5051907352481,-0.4305637661358559,4,ok,0.2663335055112839,0.1694548457860946,0.1713090807199478,0.2128036960959434,0.0465850949287414,21.01401403959865,1.4615499572323418,ok,1.1868799880322682,floor,1.3902161863824811,floor,4.575215057960073,ok
483,22,0.0432005622432614,0,-20.950077164335728,0.008035118454652782,0.3244068531289343,,4,35.40250492095947,-19.07010364444895,0.01238767022982392,0.2032209792740389,,4,28.949726104736328,-18.516013403902363,0.014073387947538556,0.6388036169247141,,4,28.87619686126709,-19.371667421492848,0.011556684519841308,0.6891433581593118,,4,31.703941345214844,0.5540902405465857,-0.855654017590485,1.5784097428428794,-20.010090404392336,1.4940770004899733,0.6384229828994883,0.19137177858693408,2.4340637604333644,1.6425599294366438,2.402569176400184,-0.611477925913102,2.406586484994427,-0.3147544643019633,2.4074127119266207,-0.4193447083406378,2.461431445325452,-0.4575414689977646,4,ok,0.2015772238373756,0.1649623662233352,0.2505773510783911,0.2547192648053169,-0.0673075560480356,17.719918057568645,1.461532684105303,ok,1.186867709226982,floor,2.6754596205350287,ambiguous,3.98162308117934,ok
484,22,0.1930456949426987,0,-19.15608504256062,0.0121448315574918,0.3622961491300074,0.0,45,35.39099934895833,-19.30021168346902,0.011748402895724984,0.4499193403619371,0.0152677963629381,45,28.936653433905708,-19.909285492078876,0.010211074640501644,0.5326042875648912,0.0883778849627059,45,28.8632202996148,-19.195048755633174,0.012036358772182584,0.5602110460145975,0.1240230011788576,45,31.691372892591687,-0.6090738086098568,0.7142367364457023,-0.03896371307255464,-19.228148363014817,-0.6811371290640587,0.033099607381643636,0.06745202754087985,0.7532004495182569,1.4375943973407814,3.190448098691093,-0.0071068219966421,2.991011050651038,0.031070159711267,3.2578212811551714,0.2410763496976344,3.296288939886767,0.1952914130180962,4,ok,0.2175939422514703,0.1599254586630397,0.1858684536483552,0.2077423257960213,0.0028912468088997,19.51452987930419,1.4613241485678348,ok,1.1867179641994905,floor,1.3900281190070805,floor,2.4565329588117635,ok
485,22,0.2791231881668802,0,-19.178113618724385,0.012083385694487123,0.4072435370273884,0.0161234087097283,63,35.3887559799921,-18.690395785774637,0.0135194935032242,0.6406510846406744,0.1908976901215502,63,28.934161655486577,-19.749739591923266,0.010593172411800933,0.5383383791410012,0.0935845311570375,63,28.860691615513392,-18.66750269693746,0.013590947357667027,0.5635141033075743,0.127198486507946,63,31.68892254905095,-1.0593438061486289,1.0822368949858046,0.5106109217869239,-18.93425470224951,-0.8154848896737548,0.2667520053120498,0.09862605280397536,1.0822368949858046,1.567096953489866,3.2443224962577,0.0212568752120163,3.1004426605651005,0.1073323293769146,3.180010493900916,0.1368540748421374,3.224662563095216,0.098360526644595,4,ok,0.2279151328026302,0.1746233622469599,0.196561137362132,0.1881020594210851,0.004708110162663,19.49262210221218,1.461283501877166,ok,1.1866894326352857,floor,1.3899943070111984,floor,2.9912569754558285,ok
486,22,0.1676648984824417,0,-19.685757237775746,0.01075039139751381,0.4582604605843167,0.0546081108825438,38,35.42560426812423,-5.716132398177297,0.2681555316136959,2.313212888934969,4.362418447148063,38,28.975170286078203,-20.372297659003348,0.009178468760364884,0.4207025019446597,0.0,38,28.90216445922852,-19.746856426200136,0.010600207272496272,0.3750235085549873,0.0,38,31.728955268859863,-14.65616526082605,0.6254412328032117,-0.06109918842438944,-12.700944817976522,-7.671352841026826,-7.045911608223614,1.4960254971923004,14.65616526082605,10.171600791032398,3.065031399778184,-0.1197044674367147,3.2871402363473745,0.3438668936223679,2.7473797561507727,-0.2560934788379532,3.0776695634375115,-0.0106125202295443,4,ok,0.2230245388652149,0.1240800949989965,0.1840387798453632,0.1815882690839077,-0.0104864629132575,18.98299303760012,1.461951711585853,ok,15.0,sat,1.3905494061520332,floor,2.434585509403619,ok
487,22,0.1412971222008638,0,-19.168963194979515,0.012108871779916078,0.333910460044977,0.0,31,35.423646742297755,-20.828913124565872,0.008262447016186242,0.361332294393967,0.0,31,28.973004002724924,-21.320037272264663,0.007378978972731961,0.5580410680474113,0.1118998130389079,31,28.899940675304784,-19.1330511623296,0.012209415788337247,0.5388854696497646,0.1039704094373981,31,31.72683309739636,-0.4911241476987911,2.186986109935063,0.035912032649914494,-19.998938159772692,-1.3210991124919715,0.8658869974430914,0.2194086514801833,2.186986109935063,1.158025342696451,3.1341619753430727,-0.0351373970438797,2.909879669565117,-0.0133228838183114,3.0942100140110167,0.1067183391533079,2.9939236288000703,-0.0790467258354556,4,ok,0.1849941000823051,0.2018929268083264,0.1674659189678007,0.1789938249895649,0.025977594477515,19.49989262308065,1.4619161830843073,ok,1.1871345998496496,floor,1.3905196118653151,floor,2.533635334153954,ok
488,22,0.096307335907597,0,-20.11862621104836,0.009730549782680245,0.4358775977596704,0.0371649575043584,16,35.42226982116699,-20.178047662043877,0.009598320197610925,0.3657484682901822,0.0,16,28.9714869260788,-21.36851283924117,0.007297073421979213,0.4970118644932833,0.0573065349480224,16,28.89839720726013,-19.715646869873623,0.010676657547714703,0.2867573284351878,0.0,16,31.725343227386475,-1.190465177197293,1.6528659693675465,0.4029793411747349,-20.148336936546116,-1.220175902695054,0.43269006667249243,0.13327148245677098,1.6528659693675465,1.1379206053112338,3.090152223270501,-0.0290011440041233,2.962316502161813,0.104314625236952,2.7156584158726864,-0.2199165897563255,2.820404109057064,-0.2028255466146258,4,ok,0.2080060755833983,0.2105844961479306,0.191642340272665,0.1697573522105813,0.0176529455929994,18.550303841025755,1.461891194438924,ok,1.187117196319536,floor,1.390498934441868,floor,2.890763441543863,ok
489,22,0.0804609686412166,0,-18.838073694332312,0.013067503664753602,0.2744733706515754,0.0,14,35.42173876081194,-19.87351955184633,0.010295514268289719,0.3443398532218851,0.0,14,28.97091334206717,-20.573008570443207,0.008763934901379389,0.4246124308787677,0.0007326106658513,14,28.897833824157715,-20.356143256302012,0.009212673382590034,0.5068653153976599,0.0753229889807181,14,31.72477422441755,-0.6994890185968785,0.21686531414119514,-1.5180695619696998,-19.35579662308932,-1.2172119473538885,-1.0003466332126933,0.16188061856206093,1.734934876110895,1.2248224418345992,3.098097873807794,-0.0109313911639756,2.9891276110809084,0.1442892616833808,2.6985689427361024,-0.2265244767861505,2.967215486863636,-0.0459718947765055,4,ok,0.2354051747492381,0.1791704605732645,0.175399559150849,0.1868806438786643,0.0318882585104022,19.830884987814503,1.4618815571011776,ok,1.187110616654596,floor,1.390491387355577,floor,1.041674737768718,floor
490,22,0.0923559261789525,0,-20.523081692844368,0.00886526721845752,0.4803768602625876,0.0727013796106255,16,35.42048907279968,-18.4948610325701,0.014142099768497028,0.3574567866378914,0.0,16,28.96953773498535,-20.787410303293964,0.008341784567093422,0.3390416602365599,0.0,16,28.896438241004944,-17.910862661742115,0.01617758661899546,0.3569321605191013,0.0,16,31.723424077034,-2.292549270723864,2.8765476415518485,2.612219031102253,-19.508971362707236,-1.278438940586728,1.5981087009651205,0.28289936862845805,2.8765476415518485,1.5146777823944038,3.1827552399291235,0.0636018726544986,2.842503627660303,-0.0154982492645578,2.885304464870053,-0.0502705407589587,3.217750679216263,0.1945210235445729,4,ok,0.1879610661417246,0.2256770650856197,0.1677191667258739,0.1719239740632474,0.0390998988877981,18.14594435919956,1.4618588795730498,ok,1.3829788859979284,ambiguous,1.3904726930399836,floor,5.000297429933696,ok
491,22,0.1762386218897898,0,-18.86181154716112,0.012996273589988871,0.3787071475443964,0.0,38,35.40430018776342,-18.76463454054111,0.013290353909489606,0.4653172042083723,0.0271669362477311,38,28.95173745406301,-20.612171128676543,0.008685261264152293,0.3431458548805829,0.0,38,28.87827612224378,-19.345358927321232,0.011626904552357662,0.4320558776997502,0.0152306047351649,38,31.70589868645919,-1.8475365881354335,1.266812201355311,-0.4835473801601111,-18.813223043851117,-1.798948084825426,-0.5321358834701151,0.15648536466021853,1.8475365881354335,1.395545278103882,3.161733543178252,-0.0230023240366463,2.9582317459634253,0.0149584032384186,2.9161908264870138,-0.0872824085017121,3.027770052151967,-0.0605120315150888,4,ok,0.2217089749480548,0.2082784034703907,0.2006106296260106,0.1916317185877185,0.0143830595832122,19.808086956364303,1.46156523353801,ok,1.186890757701109,floor,1.3902295262561897,floor,1.9532470434896263,ambiguous
492,22,0.1181822677593686,0,-18.790626855833803,0.013211049336046755,0.2725496794391707,0.0,21,35.40671848115467,-18.22166008094449,0.01506031279058759,0.4462798890612253,0.0125138072389892,21,28.954444340297155,-19.5916325079239,0.010985928020462521,0.4779110033925458,0.0415176876265896,21,28.88103476024809,-18.543565197274383,0.013984388489981202,0.4857817911465958,0.0574180851780214,21,31.7085744766962,-1.3699724269794125,1.0480673106495182,0.24706165855942075,-18.506143468389148,-1.0854890395347532,-0.037421728885234984,0.11225138921439436,1.3699724269794125,1.662168091845838,3.2629731661712325,0.1232022894028403,3.077301789689569,0.1924926813038299,3.138370328209052,0.1814498052589748,3.2435321056797,0.1998515819714366,4,ok,0.2559108478682382,0.1630716323852539,0.2119190164265178,0.1988954856282188,-0.0024277762997717,19.87914135417223,1.4616090834348994,ok,1.1869217802006482,floor,1.3902664463001395,floor,2.741315149988401,ok
493,22,0.1160567113296273,0,-18.9829529381511,0.012638766960193183,0.3206356652694033,0.0,24,35.41228199005127,-18.781282416757115,0.013239505315967568,0.4800382983279408,0.0389174535940124,24,28.96048132578532,-19.3503993771951,0.01161341811939437,0.3837739432145101,0.0,24,28.88719312349956,-19.166845527306222,0.012114777638777328,0.431953427813109,0.0151548754590769,24,31.71453555425008,-0.5691169604379844,0.18355384988887735,-0.1838925891551213,-18.882117677454108,-0.46828169974099154,-0.2847278498521142,0.04874614845295679,0.5691169604379844,1.5759364987303301,3.218123038444081,0.0682280593728337,2.9903026437742457,0.092330007861173,2.947501043052128,-0.0199010660047087,3.0738110703020523,0.0200882725622411,4,ok,0.1985915265977382,0.1737112556584179,0.1829030367856224,0.2290435231601198,0.0032483543424556,19.686515475276472,1.4617099840770675,ok,1.186990982971032,floor,1.3903488850403387,floor,2.3043665223352345,ok
494,22,0.1644427004074185,0,-18.118268170453213,0.015423153571049638,0.4141087143673624,0.0210379840594427,35,35.409625789097376,-19.19834426549181,0.012027228816630263,0.4462866112711443,0.012518873346424,35,28.957573808942524,-19.65353386542828,0.010830452786318265,0.4688359115506479,0.0342329796167935,35,28.884235273088727,-18.788858935009635,0.01321642836910691,0.511923915351905,0.0797320751291015,35,31.71167836870466,-0.455189599936471,0.8646749304186443,-0.6705907645564224,-18.65830621797251,-0.9952276474557706,-0.13055271703712634,0.13175166076429454,1.5352656949750667,1.5398490050652334,3.125071814421428,-0.053428912850876,3.0516099423858067,0.1164436331355571,3.011307829416096,0.01428989824009,3.2160414522981524,0.1339441129230349,4,ok,0.1941432897533689,0.217506003166948,0.1766296291989939,0.2058924713305064,0.0291950172611645,20.551343383347547,1.4616618073565577,ok,1.1869576510651416,floor,1.3903092866420317,floor,1.6847411560730032,ambiguous
495,22,0.1089236851216604,0,-18.81743061198944,0.013129764569469392,0.4429878124234365,0.042611361724189,21,35.41462471371605,-18.88376038757008,0.012930757324381929,0.5910835828874859,0.1393468274025533,21,28.963071278163365,-20.71505700657299,0.008481922487970844,0.5370922950588192,0.0924483253904246,21,28.88984553019206,-19.619533172071257,0.0109155766288001,0.3483433872549962,0.0,21,31.71707398550851,-1.8312966190029094,1.0955238345017335,-0.802102560081817,-18.85059549977976,-1.86446150679323,-0.7689376722914965,0.1650906348573627,1.8976263945835505,1.3508734005590395,3.357863927439295,0.2180930506709031,2.968875020882938,0.0840659124971994,3.1574437013047354,0.2005231783546581,3.072696844300161,0.0290163205918982,4,ok,0.2024760476890064,0.1679828386931192,0.1935461262861887,0.1511898729063215,-0.0083166830951259,19.851911542422695,1.461752480360673,ambiguous,1.187020678454176,floor,1.3903843993623686,floor,1.4327086366493773,ambiguous
496,22,0.1629603049676952,0,-19.003591502588893,0.012578847435321791,0.4165935063232081,0.0228370214498885,36,35.408805423312714,-19.430009116976844,0.01140247393881204,0.4254353010061707,0.0,36,28.956665992736816,-20.228308114924992,0.009487880115466335,0.5059249415696361,0.0648858236996059,36,28.883346716562908,-19.045872262230855,0.012456980189275277,0.5421073783814665,0.1069500917134176,36,31.710781203375923,-0.7982989979481481,1.1824358526941374,-0.04228075964196165,-19.21680030978287,-1.0115078051421236,0.17092804755201385,0.10787727485250229,1.224716612336099,1.3991543115939127,3.135318613101705,-0.0453179777661647,2.976822681385219,0.0388792864839349,3.128838061787645,0.1296088493029841,3.1624349977802098,0.0782190579722779,4,ok,0.176688092864222,0.1932536456733942,0.1676992543248666,0.1993781379941437,0.0172716149439414,19.666064257174767,1.4616469292871948,ok,1.1869472448283365,floor,1.3902973922029749,floor,2.453581443527234,ok
497,22,0.1806301414067923,0,-19.911600653047596,0.01020563271516874,0.3421670019150298,0.0,41,35.40734249208032,-18.42099207990632,0.01438469944069524,0.6000944492478331,0.1484096810419006,41,28.95509636111376,-19.62183662690407,0.010909788650360758,0.3735933875430092,0.0,41,28.8817595039926,-18.634775007601284,0.013693753289792719,0.3801049755355073,0.0,41,31.70924037840308,-1.2008445469977502,0.9870616193027857,1.276825645446312,-19.166296366476956,-0.4555402604271137,0.531521358875672,0.14435595627141198,1.4906085731412766,1.6061890837672883,3.1441544883610604,-0.046342489261657,2.959110471139714,0.0083464360873541,2.97146355981295,-0.037974211388835,2.914280410678254,-0.179716219099721,4,ok,0.1951694688419016,0.1847371780654279,0.1975611842623571,0.1718744497473646,-0.0076078608086923,18.75813393442484,1.4616203992121686,ok,1.1869292533788716,floor,1.3902761467185614,floor,3.700375118487389,ok
498,22,0.1602551624910886,0,-19.10285975702017,0.0122945892592747,0.4093731630654221,0.0176391545707779,36,35.36618889702691,-19.471313792394923,0.011294541896790005,0.4972045091482832,0.0530818693814285,36,28.910028987460667,-20.243238850273613,0.009455317464669077,0.3678807549782709,0.0,36,28.836081557803684,-19.53236098870171,0.011136889256615653,0.3779653947318258,0.0,36,31.664803875817192,-0.7719250578786898,0.7108778615719018,-0.42950123168154164,-19.287086774707547,-0.9561520755660666,-0.24527421399416482,0.09232091903076023,1.1403790932534434,1.3520916162738168,3.2572383485750827,0.0766017577072126,3.0347305086369425,0.0967871137356581,2.9400514094411863,-0.0591778030434748,2.8994676351841253,-0.1847483046238065,4,ok,0.1835816297680139,0.167939035842816,0.1910295882779691,0.1698499369538492,-0.0152692554725541,19.56909058033393,1.4608748683492003,ok,1.1864132938483658,floor,1.38966546380634,floor,2.020517765585337,ambiguous
499,22,0.1336757797223952,0,-20.625133962647045,0.008659376122023879,0.3064916390255239,0.0,27,35.36494869656033,-17.610765438511592,0.017334984439278823,0.4434429769605501,0.0103826162360489,27,28.908653895060223,-22.475242667415813,0.005655561550562661,0.3963742094956657,0.0,27,28.834662402117694,-21.82263103221274,0.006572595373529685,0.344218449691698,0.0,27,31.663414637247723,-4.864477228904221,0.6526116352030726,-1.1974970695656957,-19.117949700579317,-3.3572929668364964,-2.7046813316334237,0.48363483924069417,4.864477228904221,1.1795433390867995,3.0959303686606043,-0.062894701523219,3.0458815656454803,0.1362978755702197,2.852791987399788,-0.1238555358318214,2.89203463528522,-0.1705460759165959,4,ok,0.2256602134417604,0.1826748232598658,0.1823779899213049,0.1658744331863191,0.0217895284295082,18.046883095999803,1.4608524246077286,ok,2.883120210024982,ok,1.389646513402302,floor,1.0409861419028512,floor
500,22,0.1377554802401774,0,-18.438946551785243,0.014325353406634102,0.3532423339880328,0.0,29,35.36369100110284,-19.505288050033997,0.011206530952664596,0.4011561145354013,0.0,29,28.90725879011483,-19.568652770624784,0.01104421170394051,0.4125174331298968,0.0,29,28.833222224794586,-18.547148359268498,0.013972855379133188,0.3861462289558418,0.0,29,31.66200960093531,-0.06336472059078702,1.0215044113562861,-0.1082018074832547,-18.97211730090962,-0.5965354697151639,0.4249689416411222,0.12012748590141813,1.1297062188395408,1.5394900552125956,3.2286692099447305,0.0644262537672695,2.9567529778853565,0.0401248616196294,2.824586711133747,-0.1576700045832932,3.073364546870416,0.005409739853265,4,ok,0.2075291518764249,0.1957335112423732,0.1324333427795048,0.2189373803035966,0.0691979887798942,20.233138166238945,1.4608296656648758,ok,1.1863816174689363,floor,1.3896272836900838,floor,2.383788327319398,ok
501,22,0.1471149749475219,0,-19.329952160035536,0.011668224701918192,0.3431643345756295,0.0,31,35.362622660975305,-18.79421227862428,0.013200147136695341,0.4424180870307737,0.0096160237082154,31,28.90607353948777,-19.627046904899615,0.010896707906731933,0.4534624264125404,0.0222111386185934,31,28.832000301730247,-18.132625792475082,0.015372249360769655,0.3924223909709308,0.0,31,31.66082991323164,-0.8328346262753357,1.4944211124245328,1.1973263675604535,-19.06208221932991,-0.5649646855697057,0.9294564268548271,0.13365816780874734,1.4944211124245328,1.6244250761919994,3.178545361134692,0.0092459887477391,2.9575542004525177,0.0343516470690894,3.016258054213262,0.0287663793555532,2.973800797207753,-0.0991695574277731,4,ok,0.1929489729865904,0.1725657370782667,0.2402333468198776,0.1920280903577804,-0.057475991787449,19.34219002827589,1.46081033435858,ok,1.186368065845736,floor,1.389610969284924,floor,3.625578337597636,ok
502,22,0.1344802344217112,0,-19.956425967331896,0.010100837940384529,0.4686573491226861,0.063007532865575,29,35.361437961973,-18.053819394085156,0.015653737997386976,0.44300200636165,0.0100525636323289,29,28.90475996609392,-20.261708251493175,0.009415191870473148,0.5143382249142356,0.0721637046088736,29,28.83064388406688,-19.303744236516167,0.01173885062556287,0.4311777438360186,0.0145820853301654,29,31.6595243914374,-2.207888857408019,0.9579640149770086,0.6526817308157291,-19.005122680708524,-1.256585570784651,-0.2986215558076424,0.20628232923860584,2.207888857408019,1.5039560547766786,3.054831360486796,-0.1094115956906649,2.92982661476755,0.0131984985018229,3.0987515215109926,0.1164948057939523,2.780689687471331,-0.2872651195458195,4,ok,0.1990115282864406,0.2096525433248487,0.2125124132324909,0.1828627221543213,-0.0081803774268462,18.715779948021098,1.4607888987640116,ok,1.1863530479924405,floor,1.3895928603750134,floor,3.122946305142627,ok
503,22,0.2026347051363618,0,-18.8399802156299,0.013061768384324332,0.3744835286434203,0.0,48,35.35986320177714,-18.459739414985698,0.014256931353569159,0.4970949738507728,0.0529899106338231,48,28.90301529566447,-19.939947465144847,0.01013923650688728,0.5617084383380341,0.1153816053622087,48,28.8288102944692,-20.345393904703876,0.009235504186809526,0.5023272330326157,0.0714048457102074,48,31.657757838567097,-1.480208050159149,-0.4054464395590287,-1.5054136890739755,-18.6498598153078,-1.290087649837048,-1.6955340893960766,0.17607882246956555,1.8856544897181777,1.441906469199992,3.299314784041676,0.0968666724897588,3.0837385538333493,0.1174354541060411,3.1487672805261715,0.1269563787884582,3.2053766609887413,0.0995254925746937,4,ok,0.2193561525394519,0.1669863749605914,0.2058747637396057,0.1887794986832887,-0.012703499989584,19.832310404519895,1.46076040745764,ok,1.1863331030345752,floor,1.3895683829496708,floor,1.0409227655131952,floor
504,22,0.1511967240891229,0,-19.272247689141828,0.011824294315149569,0.4495984470711302,0.0477541439978093,33,35.36063142256303,-17.702939882053773,0.016970944445426205,0.4349377377365898,0.0040746251987799,33,28.903878356471207,-19.522923836777633,0.01116111585720925,0.5283691472518404,0.0845681081466425,33,28.82968243685636,-18.237631212016378,0.015005030371030376,0.4927517815466947,0.0632530979862773,33,31.65859101035378,-1.8199839547238597,1.2852926247612544,1.03461647712545,-18.487593785597802,-1.0353300511798302,0.24996257358142415,0.17207073501574854,1.8199839547238597,1.759851127264724,3.267942207572517,0.0939026577812156,3.224087032434127,0.2947212209286429,3.1122774452738966,0.1198782165275837,3.1660547268629733,0.0883825074073727,4,ok,0.2011950792688312,0.2121727731869076,0.1654882491989569,0.1990642059933055,0.0411956770289125,19.400001609786287,1.460774306194818,ok,1.1863429692677805,floor,1.389580025291891,floor,3.475439038730582,ok
505,22,0.1015830987330794,0,-19.88876091839591,0.010259445958106794,0.5271097306130889,0.1137375209292752,18,35.359138912624786,-18.204074185923915,0.015121420182515414,0.644018830310137,0.1945507145988207,18,28.902159796820747,-20.45180596298891,0.009011963076953114,0.3199604338888214,0.0,18,28.827930450439453,-19.74135048334979,0.010613654633735392,0.2912551302913307,0.0,18,31.6569299697876,-2.2477317770649954,0.7104554796391191,0.14741043504611895,-19.046417552159912,-1.4053884108289978,-0.6949329311898786,0.2054884702115095,2.2477317770649954,1.4294788924998183,3.0422862546771667,-0.085797203710034,3.055691957713569,0.1860790266265199,3.0607804634613687,0.1159600436575845,2.87592558430538,-0.1561619848283157,4,ok,0.1628016307950019,0.1520828534331586,0.1780089071641365,0.1569168847054243,-0.0205666650500562,18.78356865889648,1.4607473040192227,ok,1.186323323674898,floor,1.3895566383211353,floor,2.6429555129366444,ok
506,22,0.1007333501969106,0,-19.356892377051047,0.011596068237024491,0.4009720069354212,0.0117056143648401,20,35.3580623626709,-19.33391242842116,0.01165758946685654,0.4480944268402526,0.0138840801613047,20,28.90094347000122,-20.773272209641917,0.008368984799135514,0.5030944198391467,0.0624642749616972,20,28.82668943405152,-19.774606113958228,0.010532692096943417,0.6087905077294214,0.1726079433224292,20,31.65574369430542,-1.4393597812207553,0.9986660956836886,-0.4177137369071815,-19.345402402736106,-1.427869806905811,-0.4292037112221223,0.1262181264288059,1.4393597812207553,1.2789431614053721,2.9578435272273182,-0.1782281698671717,2.999141018272877,0.1191416453095293,3.2820666844889,0.3289759598870119,3.1657337290005265,0.125722486268097,4,ok,0.2105749316513538,0.1989835541695356,0.214678892865777,0.2454966925084591,-0.0098996499553322,19.315495102411266,1.460727828538996,ok,1.1863094203592497,floor,1.389540073465386,floor,2.0348343272452603,ambiguous
507,22,0.1492172537858076,0,-18.301000898057488,0.014787675442955174,0.4454591010661002,0.0445249995285543,26,35.36336898803711,-18.775853149834596,0.013256066833638704,0.4109195989656213,0.0,26,28.90692622844989,-20.495367136634933,0.008922021928969098,0.5080211898111588,0.0666879482999194,26,28.83281759115366,-20.309522689415694,0.009312102143383152,0.3172378253883191,0.0,26,31.66163400503305,-1.7195139868003366,0.18584444721923887,-2.0085217913582056,-18.538427023946042,-1.9569401126888906,-1.7710956654696517,0.2174050728388974,2.1943662385774445,1.3502945323214461,3.179508337752849,0.023544669176033,3.0791413135258923,0.1732780657865382,3.20626619551264,0.2325811104738377,2.811083052086135,-0.2486593848477718,4,ok,0.2050873594215283,0.2228616109261146,0.2140437310131696,0.1916478703228327,-6.924583934819761e-05,20.37110114257612,1.4608238388240538,ok,1.1863778150257744,floor,1.3896218811449348,floor,1.0409661905229768,floor
508,22,0.2176167412887505,0,-19.681745084391107,0.010760327546978893,0.5015331841518034,0.0908071369535137,52,35.36180767646203,-19.392143306560286,0.011502325923007364,0.4181846822347761,0.0,52,28.9051801608159,-20.670159067628536,0.00857006455358585,0.4423217303194576,0.0137497249910021,52,28.831012432391827,-19.562969278003592,0.011058674421924448,0.4354666001978486,0.017762006190974,52,31.65988258215097,-1.27801576106825,1.1071897896249432,0.1187758063875144,-19.536944195475698,-1.1332148721528377,-0.026025082527894483,0.10788376566203499,1.27801576106825,1.2955963501648295,3.350292612818304,0.1417758117608172,2.90929414540294,-0.0648995661506495,3.013266397852858,-0.0148274798668208,3.2036398119110534,0.0917690043029098,4,ok,0.1792505394953947,0.1942871665725341,0.1776058221092591,0.183558870680057,0.0091630309247053,18.9904409436694,1.4607955881344517,ok,1.1863578518955118,floor,1.3895977805708586,floor,2.6147740927011287,ok
509,22,0.1657768055223072,0,-19.36904963002147,0.011563652628128519,0.3939326463927404,0.0068286112316535,37,35.351930154336465,-18.21153240155771,0.015095474186423902,0.3771379493815553,0.0,37,28.89399688308304,-20.700212186127473,0.00851096454604143,0.4234707081581295,0.0,37,28.819604564357448,-20.520438740602582,0.008870663927313891,0.4478014705945288,0.0270829743699976,37,31.648991507452887,-2.4886797845697615,0.17977344552489072,-1.151389110581114,-18.79029101578959,-1.9099211703378813,-1.7301477248129906,0.23952476559091215,2.4886797845697615,1.3557134630042798,3.246823895254458,0.0641099650267436,2.913106025696674,-0.0275383606633008,2.9418522110399,-0.0595276920168057,3.088276111742108,0.0019996227137091,4,ok,0.1761823454620064,0.1896959913743509,0.176438514042545,0.2045048927334515,0.0065006543756336,19.30366762591032,1.460616912686053,ok,1.1862300333617095,floor,1.3894455259888117,floor,1.0408245865182806,floor
510,22,0.1223672355262345,0,-19.424220923796057,0.011417681068023528,0.4279261778919936,0.031178573519585,24,35.3539465268453,-18.592238615290434,0.013828533893168366,0.4449042492817595,0.0114786795730412,24,28.89628863334656,-19.552722486689188,0.011084797183865546,0.3578922951572049,0.0,24,28.82194002469381,-17.57358871376097,0.017484013317736195,0.4307807558616686,0.014289334853426,24,31.651209115982056,-0.960483871398754,1.9791337729282183,1.8506322100350872,-19.008229769543245,-0.5444927171459426,1.4346410557822757,0.1900148486600711,1.9791337729282183,1.718737982452749,3.2340655381941934,0.084170559122946,3.169470178156821,0.2714975422437482,3.104975161748335,0.1375730526914989,2.8679429959162226,-0.1857798018235885,4,ok,0.2157955806081493,0.212483545144399,0.1938926001700262,0.1849970382948716,0.0202469627062479,19.248387904378006,1.460653379966106,ambiguous,1.1862562208444725,floor,1.3894766889018884,floor,4.238742349431994,ok
511,22,0.3306555545046636,0,-20.14353893852915,0.009674891563846792,0.4082663111584185,0.0168503740923322,92,35.348763756130055,-17.648964344328178,0.017183181030975457,0.6219199846694528,0.1709294009373978,92,28.89041274526845,-17.946369305747123,0.016045862614298897,0.5195993166635415,0.0767757906580495,92,28.815952632738195,-19.602706434672854,0.010957951061509196,0.4497979626811195,0.0286161223179448,92,31.645518074864928,-0.2974049614189447,-1.6563371289257312,0.5408325038562971,-18.896251641428663,0.94988233568154,-0.7064547932441911,0.23815468895902547,2.494574594200973,1.9151051042082694,3.238843994181352,-0.0129304588931149,3.1394541684459707,0.1090161325997751,3.166251574287705,0.0933726093742395,3.101878283329161,-0.0529005454072706,4,ok,0.2112506550696233,0.2013183406999577,0.2112220107861187,0.1962369386025745,-0.0049375129013281,18.5293485699493,1.4605596538410277,ok,2.271912647877804,ambiguous,2.3216458881777675,ambiguous,3.0185064914641337,ok
512,22,0.2586701865126444,0,-19.803225396867674,0.010463511604872232,0.3780909395436566,0.0,67,35.354866654125615,-19.832162528787556,0.010394024762006534,0.4986116780316292,0.05426503937434,67,28.897310854783697,-19.799116036996413,0.010473417022911873,0.5741401549605677,0.1273539378081538,67,28.82298463849879,-19.106392237890176,0.012284593105704294,0.5687179754149828,0.132239245959457,67,31.65221089035717,0.033046491791143495,0.6927237991062363,0.6968331589774976,-19.817693962827615,0.018577925831202435,0.7113017249374387,0.07316088650914433,0.7257702908973798,1.4026026602209125,3.2973487126290424,0.0696158864114111,3.0420377406471943,0.0428590310567758,3.1131219189419954,0.0651334948891664,3.255010485406644,0.1240789665687369,4,ok,0.2332620421674714,0.1909054165233427,0.1731733222450338,0.1984455675553919,0.0389104071003732,18.869333949995283,1.4606700222140008,ok,1.1862679025988052,floor,1.3894906287708608,floor,3.163715565661805,ok
513,22,0.195207576854954,0,-19.941246616842232,0.010136203901855045,0.4233310271936534,0.0277692725242837,46,35.35490898464037,-18.139290544036864,0.015348676956559828,0.6263627555352917,0.1756120177818814,46,28.897320540054984,-20.757486863619594,0.00839945898277967,0.5496762957026378,0.1040436532076403,46,28.82299746637759,-20.37672457658885,0.009169117588635627,0.6080221543285693,0.1718080747351045,46,31.65224004828412,-2.6181963195827294,0.3807622870307448,-0.43547795974661696,-19.040268580439548,-1.7172182831800455,-1.3364559961493008,0.25251471586918406,2.6181963195827294,1.3576568290236617,3.1760327500806764,-0.0231885705131205,3.101163583429864,0.139056011397904,3.170133607161137,0.1516634349285484,3.182501959715559,0.0798515016533634,4,ok,0.198046512901783,0.19382237918351,0.18379989752303,0.1813543381412392,0.0121345485196165,18.73131045358931,1.460670787859874,ok,1.1862680132831698,floor,1.389490799957345,floor,2.01278595726045,ambiguous
514,22,0.1849479099757573,0,-17.67888042713971,0.017065222586865415,0.4246299375269194,0.0287292472914661,42,35.356417973836265,-17.448213525146475,0.0179961103475862,0.7177385851961531,0.2793135300465523,42,28.89903127579462,-19.939797768195966,0.01013958600221622,0.6147766273942898,0.1683172136029307,42,28.824742589678085,-19.163855428893783,0.0121231214819343,0.4381248950946732,0.019748766422025,42,31.653903052920388,-2.491584243049491,0.7759423393021834,-1.4849750017540728,-17.563546976143094,-2.376250792052872,-1.6003084527506886,0.22971861945818833,2.491584243049491,1.6835793863929187,3.2979919091904635,0.1056678999414022,3.221362640459384,0.2682230682594086,3.0418310619450706,0.0305017463141163,3.19255071861283,0.0967418242303304,4,ok,0.1989945950252669,0.203659836468952,0.1658986214370954,0.187275860813402,0.035428594310014,20.99359549122049,1.4606980824862832,ok,1.1862875646185829,floor,1.3895140894582396,floor,1.0408795883517812,floor
515,22,0.1123791051336908,0,-19.044502419977533,0.012460909962727753,0.3618353016272194,0.0,17,35.353274401496435,-18.301636496767046,0.014785511395270755,0.551248500670381,0.1009248391756887,17,28.895434660070084,-19.797655579842196,0.010476939643997813,0.583234978142519,0.1362786789499495,17,28.821076898013843,-18.787776723225136,0.013219722161071196,0.4185165385943482,0.0053781904891592,17,31.650421366972083,-1.4960190830751507,1.0098788566170604,0.2567256967523974,-18.67306945837229,-1.1245861214699069,-0.11470726485284644,0.12172668881879907,1.4960190830751507,1.5953502220785805,3.103358594366917,-0.0203912191910728,2.9476059903334786,0.0836277368994711,3.2068693141723177,0.2665355609464357,3.022992718344482,-0.0047962327361275,4,ok,0.186116053339313,0.1923768910415032,0.2201485011507483,0.1717288187321494,-0.0309020289603401,19.62814255174428,1.46064122378147,ok,1.186246462264342,floor,1.3894651714508357,floor,2.749274506665014,ok
516,22,0.2840670729549926,0,-19.330535913420505,0.01166665643241477,0.4584996152511588,0.0547992014885432,73,35.359571169500484,-18.014113642059105,0.015797509885226574,0.4854192110041877,0.0433038800392291,73,28.90261046527183,-20.600412168547177,0.008708809348042704,0.4300636909445284,0.0046828707789929,73,28.828393701004657,-19.207677921791927,0.012001408208451582,0.4541675405065978,0.0319954105774635,73,31.65738691042548,-2.586298526488072,1.39273424675525,0.12285799162857813,-18.672324777739803,-1.9280873908073737,-0.5353531440521238,0.2090541424046809,2.586298526488072,1.486000546291037,3.245985692702343,0.0117501852754733,3.081445642951702,0.0738120382467664,3.1919006785993345,0.1371799625387275,3.169905179879977,0.0325235378914423,4,ok,0.2092336815820165,0.2013080580899976,0.1891960247534595,0.1785889759353578,0.0160748450825475,19.34177041431505,1.4607551241149794,ambiguous,1.1863284752931809,floor,1.3895628219717753,floor,2.6187553967101085,ok
517,22,0.0792446906230123,0,-19.152396897276454,0.012155149654942061,0.5229188982323243,0.109902160202894,14,35.36456435067313,-18.396748368160107,0.014465223997253203,0.4978422446490204,0.0536176732227475,14,28.90824399675642,-16.834085481137635,0.020729625292652664,0.4719698860194332,0.0367328797543289,14,28.83414105006627,-17.214229762468534,0.01899227647371035,0.3493251891680596,0.0,14,31.662966591971266,1.5626628870224728,-0.3801442813308995,1.9381671348079195,-18.774572632718282,1.9404871515806477,1.5603428702497482,0.20687290731649124,2.318311416138819,2.350145261847524,3.1847225158480006,0.0756932508762311,2.9884930320379093,0.1436546826403817,2.9379358235793345,0.0128424040570815,3.0669379966225603,0.0537506149824187,4,ok,0.2084307303386075,0.1740723933492388,0.1863563704703535,0.2028433339936392,0.0048951913735696,19.51964083809557,1.460845469430641,ok,1.186392882501102,floor,2.509874804391885,ambiguous,4.323388959501168,ok
518,22,0.0656999065572408,0,-18.61634712502611,0.013751981755134972,0.3126775374770723,,10,35.36294097900391,-17.152587984957513,0.01926376632548588,0.435618334910231,,10,28.906388664245604,-20.20176527080663,0.009546044903783357,0.3145268635541712,,10,28.832251358032227,-20.769546612290775,0.00837616721714566,0.5018543768475304,,10,31.66114959716797,-3.0491772858491153,-0.5677813414841459,-2.153199487264665,-17.88446755499181,-2.317297715814817,-2.885079057298963,0.33507138036914247,3.6169586273332612,1.5589434405714446,2.706014061929112,-0.3775045026847086,2.7381110683779406,-0.0735578407711718,2.358432187879558,-0.5402497440414531,2.780804649294621,-0.2070782227635716,4,ok,0.1906654708087444,0.1972501657903194,0.2103093847632408,0.2199818477034568,-0.0163515664637088,20.055777939923217,1.460816094124824,ok,1.1863716687608887,floor,1.3896143211596086,floor,1.040960763203468,floor
519,22,0.5447215477813234,0,-18.741620741234744,0.013360968062489867,0.4748510022011064,0.0681008112034504,159,35.35713814789394,-18.272240687128264,0.014885928590039562,0.496782255296601,0.052727483865564,159,28.89965082564444,-18.589567042182377,0.01383704316653478,0.5985449642788989,0.1516191478107162,159,28.82539124158944,-17.731336217353686,0.016860341943049962,0.4434387582926384,0.0237564917463759,159,31.654627877961165,-0.31732635505411366,0.8582308248286914,1.010284523881058,-18.506930714181504,-0.0826363280008735,0.7755944968278179,0.09126029626231587,1.010284523881058,1.908769590713065,3.365581482715211,0.0723257385985758,3.099280921597306,0.0149082157755904,3.097618919660687,-0.0182060478584014,3.168610690804813,-0.0273141555603002,4,ok,0.1951130917471534,0.1891046554178187,0.1977130512021622,0.1831430482367674,-0.0056041776196761,19.93081644522084,1.4607111097255745,ok,1.186294645633401,floor,1.3895227465543123,floor,3.4529341771630198,ok
520,22,0.8513127096240398,0,-19.810553704048363,0.010445870310352049,0.3718818556974301,0.0,273,35.33886366624098,-17.969291067982823,0.015961396760291208,0.4508749574032937,0.0159946237049142,273,28.8791572584774,-19.30336045237348,0.011739888028518154,0.4515265300635913,0.0207257072132711,273,28.804529623234227,-17.923378087235477,0.01613103343169397,0.419710594994188,0.006234479674003,273,31.63454349224384,-1.3340693843906557,1.3799823651380017,1.8871756168128861,-18.88992238601559,-0.4134380663578874,0.9665442987801143,0.1856571853751284,1.8871756168128861,1.783410853852207,3.184763277554033,-0.1494772979585588,3.0551754306393524,-0.0824864400035854,3.0920730212855108,-0.0661839591169868,3.1276905367877017,-0.1088878802054877,4,ok,0.1924360554133142,0.177522528602745,0.1885368488729,0.192801736308869,-0.0035575568648703,18.86286598900401,1.4603806855299148,ok,1.186060537120201,floor,1.3892444646166144,floor,4.273415098670894,ok
521,22,0.2473291007450734,0,-19.515702083868398,0.011179690782160887,0.4776167965140541,0.0703968275034527,63,35.34509519546751,-17.799432194826693,0.016598038992884975,0.4028380600429737,0.0,63,28.88613782610212,-19.516324097042087,0.011178089698731417,0.4664077186882289,0.0323075167014657,63,28.811622014121404,-18.962509715347284,0.012698400737458348,0.413656486418624,0.0019180919357839,63,31.641402713836182,-1.7168919022153943,0.5538143816948029,0.5531923685211133,-18.657567139347545,-0.858756957694542,-0.30494257599973906,0.1715904618075504,1.7168919022153943,1.6745815599887501,3.131966658589703,-0.0910989624559808,2.9809025631750217,-0.0122077680131642,3.098751528044822,0.0555951089860435,3.258374673407536,0.1320726369569156,4,ok,0.2581294790383369,0.1765379110972086,0.1676184472347062,0.1734924572446043,0.0497152478330664,19.15738265275821,1.4604933254448138,ok,1.1861402523010407,floor,1.3893390398428014,floor,3.02996333311427,ok
522,22,0.2516121697178553,0,-19.50011809624495,0.011219879440444861,0.3943102783380497,0.0070880492346663,65,35.3433718754695,-17.407722756072648,0.01816467886740686,0.5533438362711556,0.1028790767537948,65,28.884225786649264,-19.81148334301746,0.01044363453503317,0.5061326330345944,0.0650640415046739,65,28.809677388117866,-19.55988488555417,0.011066531166257297,0.4299218800512348,0.013656897652964,65,31.63950999333308,-2.403760586944813,0.2515984574632917,-0.05976678930921864,-18.4539204261588,-1.3575629168586616,-1.10596445939537,0.24794581426119067,2.403760586944813,1.637337375308071,3.1787469087231464,-0.0466882221542044,3.1606528389244377,0.1644616313323617,3.11838352946602,0.0727739327734653,3.135713129155594,0.0070607344867119,4,ok,0.1821184466664607,0.1845550698729662,0.1659830292256978,0.2234028881559005,0.0173537290440155,19.173059279798817,1.4604621715804087,ok,1.5857840712534252,ambiguous,1.3893131053507584,floor,2.4338167469643084,ok
523,22,0.1652413273952201,0,-18.945160829534473,0.012749228856549229,0.3477939008873373,0.0,24,35.34668525060018,-17.82714013342398,0.016492480780863142,0.4061231887091812,0.0,24,28.887948354085285,-18.982117175390925,0.012641199417349784,0.5043296381736218,0.0635193498061583,24,28.81345772743225,-15.127233622006468,0.03070977523133417,0.5240961996544441,0.0905209008632172,24,31.64316749572754,-1.1549770419669443,3.8548835533844574,3.8179272075280046,-18.386150481479227,-0.5959666939116985,3.258916859472759,0.4086569288461952,3.8548835533844574,2.306343397653661,3.176690927926104,0.0267959488548563,3.057470010053417,0.1594973741403444,2.9552530679333566,-0.0121490411234796,3.2716046148368245,0.2178818170970133,4,ok,0.2156702810898423,0.1923939290766914,0.1414428868641456,0.1894423790896932,0.0625892182191213,19.7278384262718,1.460522072522023,ok,1.1861609324037383,floor,1.3893635241783977,floor,6.366081332811085,ok
524,22,0.8612989626456616,0,-19.969107443615883,0.010071386334086798,0.4744628462723431,0.067779651664221,254,35.333006325669174,-17.592188612412997,0.01740929316824192,0.4662253161331132,0.0278812085405837,254,28.87265892479364,-21.138900721528866,0.007693251458569173,0.4962094284837523,0.0566307886854915,254,28.79794279984602,-16.33646264006004,0.023246294529499,0.4664441409412565,0.0416645652084193,254,31.62815897483525,-3.5467121091158695,4.802438081468825,3.6326448035558414,-18.78064802801444,-2.3582526935144266,2.4441853879543984,0.4204909258617014,4.802438081468825,1.8096820459578924,3.261301395655458,-0.067469846386722,3.081443692872716,-0.0491068587080256,3.017566779227997,-0.1350277445929886,3.205630303101524,-0.0255229864248773,4,ok,0.2019572030371568,0.1851769991835036,0.1787651014462934,0.1909905536554929,0.0148019996640367,18.70462702213156,1.4602748409611146,ok,2.1082281129524403,ambiguous,1.3891566615980977,floor,6.13823974693622,ok
525,22,0.2599311903897489,0,-19.84793319434959,0.010356349076483782,0.3929876623935448,0.0061804844099697,67,35.334972495463354,-16.335527819917694,0.023251298839764938,0.3961734217705466,0.0,67,28.874866884146165,-19.927946961053607,0.010167292173676741,0.4068799722809433,0.0,67,28.800164663969586,-20.56820489026271,0.008773633949700927,0.4390322283513895,0.0204296582586434,67,31.63029781740104,-3.592419141135913,-0.6402579292091026,-0.7202716959131195,-18.09173050713364,-1.8362164539199668,-2.4764743831290694,0.446924505002279,4.232677070345016,1.7223980435333135,3.210698860873282,-0.0170339653443494,3.055365654545709,0.0561869449552903,2.956990495817724,-0.0909979282351054,2.9969157314612183,-0.134015787376688,4,ok,0.1919615775791567,0.1885850984436362,0.2205753532141002,0.2030357789637437,-0.0303020152027037,18.8256956173018,1.460310367051142,ok,3.4016551526870367,ok,1.3891862759779163,floor,1.596830805639665,ambiguous
526,22,0.2431002338182946,0,-20.043323059396595,0.009900740872228081,0.3594797364184764,0.0,61,35.333465951388,-18.433821393607,0.014342268896925902,0.4543205075837833,0.0186280592362826,61,28.873203027443807,-20.759788471452577,0.00839500874461431,0.4344679915243443,0.0079112540287618,61,28.798481831785107,-16.643059555223378,0.021661775197298533,0.3941007052912029,0.0,61,31.628665705196195,-2.3259670778455757,4.116728916229199,3.4002635041732177,-19.238572226501798,-1.5212162449507787,2.5955126712784207,0.3797811684537346,4.116728916229199,1.695926855720012,3.1609347858250865,-0.0596848765358557,2.956110016215633,-0.0338200384883617,3.0275482656969794,-0.0130758274527194,3.1138213011320817,-0.0100545461466756,4,ok,0.1856927565131031,0.200179568018581,0.2146882231606811,0.1894582273652319,-0.021752060894839,18.630386708592383,1.460283145481701,ambiguous,1.1859925646547882,floor,1.3891638458413804,floor,5.862865008051878,ok
527,22,2.500848576841335,0,-19.749902192909616,0.010592775808088416,0.4688395271658147,0.0631563903405407,879,35.3422866751852,-17.759225719777668,0.01675241519184431,0.4646674804321642,0.0266567528774641,879,28.8829195632327,-20.834631660473807,0.008251574668473037,0.459042687503584,0.0265284865317652,879,28.808359998891785,-17.75735574650274,0.01675962995399927,0.4960424392647493,0.0660367986539032,879,31.6382800873636,-3.0754059406961396,3.077275913971068,1.9925464464068767,-18.75456395634364,-2.0800677041301654,0.9972082098409025,0.28719984809693,3.077275913971068,1.6281915962626177,3.337334898378593,-0.0855608258679723,3.105505684021652,-0.147427097156271,3.0270061649995657,-0.2230363927770935,3.2535642847338497,-0.0709527238758163,4,ok,0.2062682916152802,0.1883535601486864,0.1820643761654016,0.1896805534344823,0.0152465497165816,18.92333351652572,1.4604425548875228,ok,1.1861034975581104,floor,1.389295537457364,floor,4.3754277541941065,ok
528,22,0.9825433740373588,0,-19.458411359416612,0.011328146688092898,0.41857799694577,0.0242815612239508,316,35.34806262390523,-19.67922696778315,0.010766568385270056,0.4791683077693505,0.0382128441775801,316,28.889280940912947,-21.263913410527024,0.007474956315673124,0.5871614107494134,0.1401750323635409,316,28.81483178199092,-18.39549220281967,0.014469408563696313,0.4716579950588863,0.0458490587662581,316,31.644576060621045,-1.5846864427438732,2.868421207707353,1.0629191565969407,-19.568819163599883,-1.695094246927141,1.1733269607802121,0.22535937176464285,2.868421207707353,1.3127092859843514,3.288406174220293,-0.0569243528810381,3.0095110314874765,-0.1425701801151024,3.018647656066652,-0.1510908640338768,3.2357556071823703,-0.0118231266309396,4,ok,0.2044935833922104,0.1829960360368595,0.188362422375645,0.1870823337260303,0.0053823873388899,19.214513845208018,1.4605469762853682,ok,1.1861761546134386,floor,1.3893818525103525,floor,3.5011848070388747,ok
529,22,0.4940634585001887,0,-17.79569212546897,0.016612339095113365,0.423243123235704,0.0277044123338883,147,35.34482452496379,-17.597794145320943,0.01738683711199394,0.43943857492465,0.007397495798475,147,28.885696592785063,-19.54516499058974,0.011104103495020992,0.4726101321715511,0.0372456383536601,147,28.811186329848105,-17.380638012483878,0.018278316736814754,0.4292146784227145,0.0131370939666579,147,31.64103985481522,-1.9473708452687966,2.1645269781058616,0.41505411298509287,-17.696743135394957,-1.8484218551947826,0.31610512291107895,0.17671646194485144,2.1645269781058616,1.900213589297688,3.2976383099201336,0.0103321380125889,3.0181633259437963,-0.058473646357315,3.0965196040939515,-0.0131457107919965,3.14748216031324,-0.0425412013861841,4,ok,0.2165074856305608,0.1797990105083199,0.1813103176247911,0.1813872170691587,0.0168429304446492,20.87740716181067,1.460488432137416,ok,1.1861352127614342,floor,1.3893332291190457,floor,2.900192901280903,ok
530,22,0.3696380340553226,0,-19.059407926842837,0.012418215934447896,0.3867778344669723,0.0019601354080958,104,35.34844101392306,-17.392642146151665,0.018227864242547097,0.4896962348495158,0.046825313198735,104,28.889575994931736,-20.521287115385086,0.008868931252161278,0.9363115167182504,0.5911725387063906,104,28.81518508837773,-18.49163089497266,0.014152622103516602,0.4750320558687435,0.0485817755347264,104,31.64496282430796,-3.12864496923342,2.029656220412427,0.5677770318701789,-18.22602503649725,-2.295262078887834,-0.2656058584754071,0.2510109246749237,3.12864496923342,1.6485563956726383,3.298407160115834,0.0373372265776787,3.0450667498485897,0.0025425744807652,3.095496326458308,0.0129936560577528,3.2717573687917887,0.1077581905094082,4,ok,0.2057325766206933,0.1980386302591516,0.1918085350010257,0.1989138207326714,0.0100770684388967,19.613496933886896,1.4605538181079682,ok,1.1861795251706695,floor,1.389386565424802,floor,3.0436660601497003,ok
531,22,0.1038161631747896,0,-20.060613444084733,0.009861401827818068,0.4362426380573897,0.0374424312899264,18,35.345085567898224,-18.47187350784827,0.014217153394356712,0.4777574007694072,0.0370728612360409,18,28.885873476664223,-19.712576745933745,0.010684207781948228,0.4457105770123974,0.0163012974727034,18,28.811391194661457,-18.939523519532415,0.012765788592957189,0.5144691643464386,0.081967077010121,18,31.64129490322537,-1.2407032380854766,0.7730532264013306,1.1210899245523187,-19.2662434759665,-0.4463332699672442,0.32671995643408636,0.14425236174267156,1.5887399362364647,1.557248613127837,3.2099069316066045,0.0818234732194036,2.856004059544787,-0.0136088715422619,2.849707184949531,-0.0951132348542533,3.163852723292136,0.1317651541584408,4,ok,0.2092086399594942,0.1933311443361971,0.1635770352764262,0.1999645936820242,0.0376928568714194,18.6124718101014,1.4604931513920114,ok,1.1861372330243745,floor,1.3893359613862248,floor,3.55473198908005,ok
532,22,0.1329832284225276,0,-19.597718121236237,0.01097054461290687,0.4603802528950019,0.0563053529491965,25,35.34331481933594,-20.02344570928004,0.00994615972044834,0.4653255223790666,0.0271734725564716,25,28.883917770385743,-19.28399509027122,0.011792353537858706,0.521348486121402,0.0783195800759328,25,28.80939826965332,-20.09691392134098,0.009779318884753072,0.3410817131091419,0.0,25,31.639361267089843,0.7394506190088208,-0.8129188310697621,-0.4991958001047436,-19.81058191525814,0.5265868249869214,-0.2863320060828407,0.07674393520360709,0.8129188310697621,1.3917871220777593,3.052832460727076,-0.1001575661872791,2.9493996399783344,0.0474027709764999,3.056953458514283,0.0863470149395189,2.899655933959859,-0.1571368958333097,4,ok,0.2088316708803176,0.2045720416307449,0.1919785606861114,0.1890787377953529,0.0147232955694198,19.07546232183683,1.4604611401753609,ok,1.186114897116232,floor,1.3893093830999708,floor,1.9310769205657672,ambiguous
533,22,0.2415115627003901,0,-18.662823395727706,0.013605598800908019,0.3959558863762731,0.0082215049947091,60,35.346944109598795,-18.586584974024216,0.013846547587461993,0.5181673483090853,0.0710538924124275,60,28.887961673736573,-17.99870257205386,0.015853667402465483,0.4385428203848551,0.010927426814292,60,28.813505331675213,-17.480494234722467,0.01786284281006712,0.3971327325475504,0.0,60,31.643334166208906,0.5878824019703579,0.5182083373313908,1.1823291610052387,-18.62470418487596,0.6260016128221011,1.144209950153492,0.1125917304847838,1.1823291610052387,2.0215402776183526,3.359593721105093,0.1402272797333106,2.9469069108991675,-0.0413936848666272,3.0611974739767205,0.0218708532661313,3.1022321055863875,-0.0204006498883995,4,ok,0.1911842248092095,0.2167233647157748,0.1795322476575772,0.1724729770173629,0.024421547104915,20.010161943431456,1.4605267527240124,ok,1.1861610845497106,floor,1.389364159143648,floor,3.611302626204873,ok
534,22,0.1886608496676608,0,-19.424642494169905,0.011416572805619148,0.4161258851642723,0.0224976325627168,45,35.34482862684462,-19.119637090583986,0.012247185361211404,0.5400789268472659,0.0906325159834495,45,28.88562677171496,-21.052674807984793,0.007847521590043902,0.4448837599740974,0.0156769640739602,45,28.811126454671225,-20.138377598879025,0.009686396450036452,0.468689006828145,0.0434605297393386,45,31.641021474202475,-1.9330377174008078,0.9142972091057686,-0.7137351047091194,-19.272139792376947,-1.780535015607846,-0.8662378065020775,0.16412300021440135,1.9330377174008078,1.2424837639219577,3.241236528603773,0.0436816079160378,2.9091911868971443,-0.0507497040426265,2.9223217789037204,-0.0944231525538166,3.238957078510896,0.1379595516422247,4,ok,0.2048301781217257,0.2047740454475085,0.1996155475576718,0.2009053996867603,0.0051865642269452,19.2484565726027,1.46048850629264,ok,1.1861344153115163,floor,1.3893324305735313,floor,1.608945478333874,ambiguous
535,22,0.1765557253714162,0,-18.671658368614654,0.013577948688803987,0.3486931992069572,0.0,35,35.346101597377235,-19.50994431931441,0.011194522358181476,0.6157361543658031,0.1644672171450363,35,28.886963544573103,-19.95622285557675,0.010101310349540886,0.4905629166375292,0.0519066304643436,35,28.81252010890416,-18.110096743327514,0.015452200178735016,0.6023760871632612,0.1659614095069828,35,31.642394147600445,-0.4462785362623407,1.8461261122492374,0.5615616252871405,-19.090801343964532,-0.8654215116122188,0.9807046006370186,0.16533781334243416,1.8461261122492374,1.5239096934699086,3.2759502527588418,0.0974495254865379,3.118722886989327,0.1835565777390773,3.148731350186776,0.1517134190107709,3.3853779339863963,0.3032805946112789,4,ok,0.2131342066185815,0.1940932829465184,0.2016913366104875,0.2013288148811885,0.0019224081720624,20.00137226477333,1.4605115202206165,ok,1.186149683536028,floor,1.3893510181451287,floor,3.0378058618068358,ok
536,22,0.0404355468667854,0,-17.696519043884514,0.016996053739672754,0.1537973729031133,,3,35.3431650797526,-21.339592698352313,0.0073458275752835344,0.5360932626333919,,3,28.88369878133138,-19.609854536422247,0.010939930081081253,0.2789533140742949,,3,28.80919965108236,-18.359529926162544,0.014589721686899558,0.4245048442475863,,3,31.639184315999348,1.7297381619300651,1.2503246102597032,-0.6630108822780301,-19.518055871118413,-0.09179866530383407,1.1585259449558691,0.293538410973052,3.6430736544677984,1.4361129959648542,2.3761936482134622,-0.6160419334157772,2.8936978710586523,0.2007166265882856,2.3350436934586427,-0.4691320375555641,2.613173120789951,-0.2841645649271496,4,ok,0.2368878622849782,0.2072086880604426,0.1847731048862139,0.1752690722544988,0.0372751702864964,20.97666944834828,1.4604584333432613,ok,1.186112396204526,floor,1.389306734406919,floor,1.6948141697152548,ambiguous
537,22,0.0439521715472426,0,-19.015907333693715,0.012543226557571173,0.2501178098648989,,5,35.34404525756836,-17.961122059337107,0.015991448142496402,0.3426762182425334,,5,28.884669876098634,-20.775917838991784,0.008363888144648375,0.47018891404836,,5,28.810189056396485,-18.699159668098638,0.013492239234909038,0.1743079202230642,,5,31.64014015197754,-2.814795779654677,2.0767581708931466,0.31674766559507717,-18.48851469651541,-2.287403142476375,-0.21064497158322837,0.21827885768980645,2.814795779654677,1.5231086229772155,2.7052747918065143,-0.3256906403266368,2.377083080671801,-0.3662553646630755,2.7396162925001217,-0.104656846740013,2.5004400355734973,-0.4353144658104586,4,ok,0.1277392983436584,0.3876782238483429,0.1847596913576126,0.1844165980815887,0.072949069738388,19.6572338444797,1.4604743445436494,ok,1.18612348657048,floor,1.3893199289624143,floor,2.806707377858377,ok
538,22,0.0413056002289738,0,-18.87097346313035,0.012968885432094386,0.39290475803603,,4,35.34508514404297,-17.651106486419472,0.017174707577946247,0.5260417093802205,,4,28.885823726654053,-21.292580579609844,0.007425777667617271,0.2839220277997367,,4,28.81135940551757,-20.49913856506893,0.00891427737718038,0.6267315239268452,,4,31.64127445220948,-3.6414740931903715,0.7934420145409149,-1.6281651019385777,-18.26103997477491,-3.031540604834934,-2.238098590294019,0.3265057922912618,3.6414740931903715,1.3749485927849723,2.9817550412418865,-0.0322920610713994,2.8704344978414427,0.1490935485450522,2.200255390946673,-0.6265020293205854,2.21775756623126,-0.701215348091957,4,ok,0.3973449878394604,0.1127770356833934,0.2534459456801414,0.1561196856200695,0.0016150660812854,19.802111813841417,1.4604931437293116,ok,1.1861366648073757,floor,1.3893355374148462,floor,1.0407381944329306,floor
539,22,0.0563783451973083,0,-19.088130424981518,0.012336357813241525,0.241147196531639,,6,35.34632047017416,-18.660399883383494,0.013613193311052022,0.305731725610582,,6,28.88719081878662,-19.028126640793737,0.012507984544087707,0.4831925049772118,,6,28.812747637430828,-18.618031988431497,0.013746647651694189,0.4753660894887964,,6,31.642618497212727,-0.3677267574102423,0.41009465236223974,0.47009843655002115,-18.874265154182506,-0.15386148661123045,0.2562331657510093,0.04854436213591674,0.47009843655002115,1.6877040281252773,2.744969450457262,-0.2998192636526466,2.832018378440764,0.070706670156162,3.065357775072221,0.2067732513771378,2.923129743341943,-0.0263363130493945,4,ok,0.1429114701847235,0.2749413972099622,0.1298665950695673,0.1517615467309951,0.0790598386277755,19.584888441740112,1.460515477349334,ok,1.1861522794982406,floor,1.3893540528845083,floor,2.952134284897336,ok
540,22,0.0841851915694515,0,-18.13226709728318,0.01537351904755508,0.4911441758230088,0.0818186416213377,15,35.37106221516927,-18.608383487258706,0.013777221834518743,0.4720760349967653,0.032516460156027,15,28.91462999979655,-18.829739885058842,0.013092603370689588,0.3869682069134419,0.0,15,28.840854517618816,-18.972524908581107,0.0126691509047342,0.5355779453481403,0.1009300244491886,15,31.669607798258465,-0.22135639780013605,-0.14278502352226496,-0.8402578112979278,-18.37032529227094,-0.4594145927879012,-0.6021996163101662,0.07495280337233746,0.8402578112979278,1.7146875497420266,3.1230183156045497,0.0087581391941062,3.316872248728572,0.4652325805912483,2.935114506782916,0.0046054714340795,3.1966941706738154,0.178318156547502,4,ok,0.2160965075095494,0.2503735214471817,0.1668471048275629,0.1845530087749163,0.0663879096508026,20.539421031782823,1.4609630734419192,ok,1.1864659149174663,floor,1.3897292085935828,floor,1.3307119452950973,ambiguous
541,22,0.0900955213287215,0,-16.9581740830571,0.02014571063817251,0.5047049202423225,0.0935887876247729,15,35.37004572550456,-17.853846584378452,0.01639137331740068,0.4869926474876809,0.0445957571529702,15,28.9135072072347,-20.00988833507308,0.009977257168164593,0.4656954139961132,0.0317445833312437,15,28.839701588948568,-18.49664674572583,0.01413628607674876,0.4772661306926528,0.0504019146169969,15,31.668503952026366,-2.1560417506946266,1.513241589347249,-1.538472662668731,-17.406010333717774,-2.603878001355305,-1.090636412008056,0.2429540392980376,3.05171425201598,1.6992189966544542,3.2791197392523816,0.1648595628419382,2.9906445199213496,0.1390048517840258,3.139411218742922,0.2089021833940858,2.92761087334292,-0.090765140783394,4,ok,0.1437867817779382,0.1642362733681996,0.1508495097359021,0.1734379400809605,0.0031620178371667,21.71356874201124,1.4609446736376592,ok,1.186453072575672,floor,1.389713809350974,floor,1.0410431757093217,floor
542,22,0.0975509091155648,0,-18.67415368590251,0.013570149474257427,0.2759092961410178,0.0,17,35.368962680592254,-18.736771500257685,0.013375894970814891,0.4474479655498988,0.0133952585302272,17,28.9123088612276,-19.566026553088587,0.011050892257129222,0.4470351081030955,0.01730387308933,17,28.83847225413603,-17.775962446498987,0.01668797941420768,0.3222887184609945,0.0,17,31.66732608570772,-0.8292550528309022,1.7900641065896004,0.8981912394035234,-18.7054625930801,-0.8605639600084878,0.9295001465811126,0.1465866851311384,1.7900641065896004,1.6912654814155124,2.939013371138423,-0.1847364424195667,3.049897857821964,0.1859196043879567,2.8702315432196794,-0.0701022100062025,2.9569442278824245,-0.070844723198185,4,ok,0.1494147950673804,0.1861675859374158,0.179367395446581,0.172213576734066,-0.0115762049441828,19.997647414158443,1.4609250701114302,ok,1.1864393668736353,floor,1.389697390575539,floor,3.350003083460276,ok
543,22,0.1044356316650902,0,-19.056752189342355,0.012425812072268396,0.3593079557551745,0.0,19,35.37204079878958,-19.394066379431727,0.011497233775808597,0.3116059418841366,0.0,19,28.915765862715872,-19.20075271830984,0.012020560764477507,0.5105364106750636,0.0688600939456183,19,28.84197917737459,-17.7607564884797,0.01674651146636703,0.3504450681036446,0.0,19,31.670711818494294,0.19331366112188775,1.4399962298301396,1.2959957008626546,-19.22540928438704,0.024656566077201347,1.464652795907341,0.15862802550578634,1.6333098909520274,1.6770102120658474,3.163500861892415,0.0313181271581863,2.779738674582185,-0.0952042043285863,2.8907687951779444,-0.0582956471299049,3.1745385975828504,0.1383848845900313,4,ok,0.1808108205073758,0.1550865002760761,0.1877324032156091,0.2163168019370029,-0.019783742823883,19.614883281454595,1.4609807879689916,ok,1.1864789075026672,floor,1.389744231129768,floor,3.717163667859081,ok
544,22,1.0644223343721928,0,-19.74045282269299,0.010615848639252131,0.4218749609152973,0.0266966460916948,346,35.372109495835495,-18.747783004429163,0.013342023447601523,0.4676172399302738,0.0289787245481645,346,28.91634288412987,-19.808336711412178,0.010451204094339342,0.4523046450533686,0.0213219983033445,346,28.842466492184325,-19.351255123694493,0.01161113000309085,0.4546308709647285,0.0323556508918583,346,31.67113143722446,-1.0605537069830149,0.4570815877176848,0.38919769899849754,-19.244117913561077,-0.5642187978511011,-0.10713721013341626,0.09992769544442354,1.0605537069830149,1.483806562661799,3.219756081434757,-0.1324508905893764,3.005740283275101,-0.1552817972878775,3.0288993993826168,-0.1479583741006451,3.118762722108939,-0.1356368776154317,4,ok,0.2030326896858525,0.1839909242261524,0.1942344842037197,0.1832537193906445,-0.0007226772477172,18.931178951396294,1.460982031569548,ok,1.1864855080584549,floor,1.38975074065832,floor,2.876406598325472,ok
545,22,1.2379552197366972,0,-19.878683364666713,0.010283280054655711,0.4232374254642613,0.0277002086815285,408,35.364714239157884,-18.327211430407797,0.014698697661459453,1.083402201663201,0.8354112997476122,408,28.908159938513062,-19.743652781380145,0.01060802957485876,0.4619842102790925,0.0288255434163402,408,28.8340678916258,-20.30294785819519,0.009326210512433207,0.4734852927157215,0.0473266042369255,408,31.663008820776845,-1.4164413509723488,-0.5592950768150438,-0.42426449352847584,-19.102947397537257,-0.6407053838428887,-1.2000004606579324,0.1832634383330831,1.9757364277873926,1.4689984203904176,3.259498544223947,-0.1052054110533431,3.079488911232195,-0.097781956446965,3.172560596199675,-0.017235431177538,3.1432094070259087,-0.1235861688197688,4,ok,0.2134525940716997,0.189715572094143,0.1837193951211577,0.1819387824986787,0.0178646879617636,18.793346307162352,1.4608481818179908,ok,1.1863919213418035,floor,1.3896385751355127,floor,2.026957219914522,ambiguous
546,22,1.2141040129704344,0,-19.176565666447583,0.012087693333425329,0.3895715486405417,0.0038504930145333,402,35.37558602100581,-17.917006122324366,0.016154718241017482,0.5240004499945594,0.0761867467445187,402,28.920064873956328,-16.249952498045765,0.0237139964324686,0.4833999792735994,0.0459915482254518,402,28.84623628587865,-14.146202560489952,0.038492821338054026,0.44947376368156,0.0283666993097988,402,31.6748572866715,1.6670536242786014,2.103749937555813,5.0303631059576315,-18.546785894385977,2.2968333963402117,4.400583333896025,0.4454714595617947,5.0303631059576315,3.166104219207168,3.2433594914514887,-0.1202212115241043,3.049550787617224,-0.1262596085898768,3.158041375811386,-0.0305917370310209,3.1854958013126407,-0.08018560094186,4,ok,0.2082164296370685,0.1906441311857,0.2012413090363664,0.1951867138679644,-0.001811028624982,19.494879017506705,1.4610449714950058,ok,1.186528088607056,floor,3.290296559049461,ok,8.058274354538861,ok
547,22,0.6823035464666509,0,-19.98133037099219,0.010043080942159407,0.4166741648170576,0.0228956001090123,208,35.33162518648001,-19.507818218159066,0.011200004010541682,0.458388859161339,0.0217633132052146,208,28.870920676451465,-20.93668354785671,0.008059936963476106,0.4435187265140672,0.0146487577190448,208,28.796205383080704,-17.875040182611336,0.01631157817052703,0.4387937361536774,0.0202505496330949,208,31.62657563502972,-1.4288653296976435,3.0616433652453736,2.1062901883808536,-19.744574294575628,-1.1921092532810817,1.8695341119642919,0.26728133144267674,3.0616433652453736,1.4085038534851493,3.170879804248014,-0.1427432617708102,2.967567154285604,-0.1432874848964558,2.9716586245392502,-0.1652528385421821,3.1658536114158613,-0.0502739375407559,4,ok,0.2056182651028323,0.1846284388851087,0.1797851534882703,0.1814858983270824,0.0153381985057002,18.69247830705305,1.4602498876626062,ok,1.1859665151940773,floor,1.3891335065674937,floor,4.4862331924308005,ok
548,22,0.7533470024140454,0,-20.083371106330333,0.009809861805095126,0.4082741339656354,0.0168559413986182,230,35.32850454579229,-19.158015183173553,0.012139435213452022,0.501701704733629,0.0568749164553228,230,28.86745504296344,-20.844879537908568,0.00823212670401629,0.5151636993406231,0.0728842444627675,230,28.792687200463337,-19.239771535315278,0.01191304676078614,0.4049097620664957,0.0,230,31.62316375400709,-1.6868643547350146,1.6051080025932905,0.843599571015055,-19.620693144751943,-1.224186393156625,0.3809216094366654,0.15249675864402903,1.6868643547350146,1.3174293682537423,3.1930518091163,-0.1281941062587015,3.0219718156637034,-0.0987941800352141,3.045031825978983,-0.0997716505882353,3.1636785422785705,-0.0600102441928376,4,ok,0.2061769968465618,0.2067592887450819,0.1891522336913191,0.1919814247799956,0.0173159091045027,18.59060523811273,1.4601935127310175,ambiguous,1.185926966203574,floor,1.389086625057004,floor,3.2986202483591365,ok
549,22,0.3137235905644036,0,-18.693453912845875,0.013509976970617165,0.4428176125259946,0.0424799595910343,73,35.31984282193119,-18.566573812228995,0.013910496098502366,0.4758214325022789,0.0355141108322611,73,28.857750487654176,-19.889695518387363,0.01025723836697683,0.4463961879722447,0.0168198846873683,73,28.782923241184186,-18.338499925540056,0.014660541358078602,0.5461106847059293,0.1106771712112335,73,31.61371829411755,-1.3231217061583678,1.5511955928473071,0.3549539873058194,-18.630013862537435,-1.2596816558499278,0.2915139369973794,0.12868534067439266,1.5511955928473071,1.6024630317343573,3.141356032098064,-0.0928794753288055,3.029678217800459,0.0220446130955234,3.126297809322635,0.0715770932620278,3.2829414188467023,0.1455597768581675,4,ok,0.2026991701289399,0.1834241231418635,0.1955071804049896,0.1808061166985394,-0.0024455337695879,19.98098770898794,1.460037082636426,ok,1.185816257226934,floor,1.3889565595153663,floor,2.8425463805261386,ok
550,22,0.4606338196593138,0,-19.43101774839997,0.011399826067706023,0.4605420314185554,0.0564352049469036,124,35.31085309674663,-15.419438773678248,0.028711515887495907,0.4664492936930336,0.0280575914107417,124,28.847597199101603,-20.45145228650763,0.009012697014249052,0.4889771444042583,0.0505896169458284,124,28.7727462245572,-18.90067237592838,0.0128805011997661,0.445040575018843,0.0249740620795766,124,31.603872822177024,-5.0320135128293835,1.5507799105792515,0.5303453724715901,-17.42522826103911,-3.0262240254685224,-1.475444114889271,0.5000179570484447,5.0320135128293835,1.973797630378126,3.148557365101927,-0.125848272246364,3.029940827876504,-0.0299226531353951,3.0740841570346147,-0.0222251031848474,3.127663700517452,-0.0495633954665479,4,ok,0.2349893128078791,0.1944411567322188,0.1797360544423422,0.1838450408991306,0.0349791803277067,19.243906612244142,1.4598747995753132,ok,3.906178494539254,ok,1.3888210604891171,floor,3.007729138581587,ok
551,22,0.1696009172845742,0,-18.286575632072996,0.014836874965886496,0.4173339567251664,0.0233752032851111,36,35.309408611721466,-17.385806031305563,0.018256578836201597,0.4464063894292774,0.0126091554152243,36,28.84594970279269,-20.537112059989916,0.008836673197860113,0.3589455183797346,0.0,36,28.77108748753865,-20.187499004375056,0.009577454546814296,0.4781857302554267,0.051153609285508,36,31.6022752126058,-3.1513060286843526,0.34961305561486,-1.90092337230206,-17.83619083168928,-2.7009212283006363,-2.3513081726857763,0.30075046012234224,3.1513060286843526,1.5261423390075326,3.1897600058748083,0.0091234150069383,3.1001464338324345,0.1622030389311501,2.9050847286455874,-0.0941444838390737,3.137128266806059,0.0529123269981273,4,ok,0.2042617864078945,0.2002140264958143,0.1328394080822666,0.2029634757588307,0.0693984983695877,20.38842628092876,1.459848730358974,ok,1.185681708262303,floor,1.3887989823596707,floor,1.0403021075760834,floor
552,22,0.2494268841373508,0,-18.972553494868965,0.012669067513667101,0.4284029592351062,0.0315344217085546,62,35.322526254961566,-18.796524748939582,0.01319312037849854,0.448748648447592,0.0143794882407659,62,28.860722234172204,-21.59784196285577,0.006921748315932766,0.3708047424072712,0.0,62,28.785884980232485,-20.15651796755634,0.009646021003794029,0.3933226915936078,0.0,62,31.616606004776493,-2.801317213916189,1.441323995299431,-1.183964472687375,-18.884539121904275,-2.7133028409514957,-1.2719788456520646,0.2377694620241834,2.801317213916189,1.228353624334957,3.265018936899392,0.0431664320317697,2.986879085886976,-0.0046539313106874,2.898965491124381,-0.1429349764142045,2.9701691889960777,-0.1549295363136851,4,ok,0.1828432072314524,0.1597713221225046,0.1572826533548293,0.1861214415440636,0.0140246113221491,19.70174399830572,1.4600855380888802,ok,1.1858501529209766,floor,1.3889960059570048,floor,1.04046225502469,floor
553,22,0.1284406975733947,0,-18.67190499702393,0.013577177642211412,0.3241500052499498,0.0,26,35.32347972576435,-18.45547159890261,0.014270948540052264,0.3866214619914814,0.0,26,28.86171803107629,-20.277191420979726,0.009381685236388186,0.3975170861369825,0.0,26,28.786900373605583,-20.450787544232742,0.00901407662635498,0.3374148428637273,0.0,26,31.6176170202402,-1.8217198220771174,-0.17359612325301654,-1.7788825472088128,-18.563688297963267,-1.7135031230164586,-1.8870992462694751,0.2058079068199103,1.995315945330134,1.3951594218073415,2.993725577734827,-0.1622380908419893,3.0810242955751823,0.1751610478358283,2.811157479233,-0.1625276058058027,2.926387197787489,-0.1333552391464176,4,ok,0.1675405508050551,0.2270591696007893,0.1930220373547994,0.1606698172310224,0.0042778228481228,20.002341281265707,1.4601027567061493,ok,1.185861512111863,floor,1.389009531022076,floor,1.0404735575023765,floor
554,22,0.4613383867075512,0,-19.145299967552155,0.01217502896916841,0.4603886062310321,0.0563120566613903,128,35.32732918858528,-18.245665216699116,0.014977298254928887,0.4775673019334387,0.0369195223840201,128,28.86606311798096,-20.420583187211697,0.009076986327559362,0.4619405460904514,0.0287913384458569,128,28.79129460453987,-20.510190839793694,0.008891620450083956,0.4789977517265251,0.0518185709542986,128,31.621855467557907,-2.174917970512581,-0.08960765258199643,-1.3648908722415385,-18.695482592125636,-1.7251005950860616,-1.814708247668058,0.22175387102997943,2.2645256230945776,1.3890682985956029,3.300465802417301,0.0236530377006678,3.0674374200970105,0.0044441517294435,3.064634307882689,-0.0341670757889529,3.0793031844001653,-0.1003115832942351,4,ok,0.2162187414360232,0.1852838818449527,0.194329745718278,0.1693535467784386,0.0064215659222099,19.52873952169656,1.4601722819442533,ok,1.1859110838482412,floor,1.3890680703536675,floor,1.0405209467116994,floor
555,22,1.1271496322792165,0,-19.81444275664339,0.01043652035156243,0.4379334448968823,0.0387306740248121,379,35.32299849980739,-18.899455870891728,0.01288410967051488,0.4782997072219909,0.0375106356231982,379,28.86121926018305,-21.541553193822654,0.00701204477540721,0.4568630242934526,0.0248358356857862,379,28.786386746529853,-19.70886226471318,0.010693349796714212,0.4058232431824887,0.0,379,31.61710321431424,-2.642097322930926,1.832690929109475,0.1055804919302119,-19.356949313767558,-2.1846038800550964,-0.35191295094562136,0.20482970958728502,2.642097322930926,1.2398382567929636,3.268254589083567,-0.090859220972959,3.038428604276073,-0.1315738628778811,3.000238238405238,-0.1837702547563036,3.116722671805379,-0.1445279412866891,4,ok,0.2064984982297571,0.1928456721822473,0.1956933642833402,0.1874948011067423,0.0039787209226619,18.85982937052101,1.460094066201811,ok,1.185855822492387,floor,1.3890026894091665,floor,2.600714595745273,ok
556,22,0.4233013390986516,0,-18.40861355074533,0.014425758084315728,0.3849334293228418,0.0007195806186282,124,35.31747861062327,-16.797276968259794,0.020906065328653092,0.5198715751646633,0.072547590364326,124,28.854880563674435,-16.260667732097794,0.02365555962935377,0.574227851881255,0.1274393249841077,124,28.780002778576268,-14.858648238197556,0.03266894999776697,0.5327236397312262,0.0983212997616183,124,31.610984279263405,0.5366092361620005,1.4020194939002373,3.549965312547773,-17.60294525950256,1.342277527404768,2.7442970213050053,0.28600112226661994,3.549965312547773,3.167117639822112,3.2737687510494644,-0.0006368862988268,3.162624421802024,0.1027609407901253,3.334626847822963,0.2383175876035008,3.365162297992212,0.1879352020082123,4,ok,0.1921817251751499,0.1915404964538831,0.2012708254999691,0.2074444166594936,-0.0094097146854525,20.265955042317,1.459994396772213,ok,1.185783527786159,floor,2.2372360255026424,ambiguous,6.038415105963525,ok
557,22,0.2987337725504171,0,-18.321909535593363,0.014716652883278647,0.4295490994549212,0.032391470524592,82,35.3142259644299,-16.657506937611288,0.021589834153955025,0.4783255513434589,0.0375315105691378,82,28.851177936647,-16.38414473142592,0.022992464618791036,0.484355797233626,0.0467758228804024,82,28.77628282221352,-15.393932225411486,0.028880637633489296,0.5290359588209005,0.0949715417526562,82,31.60740296433612,0.273362206185368,0.9902125060144336,2.927977310181877,-17.489708236602326,1.1055635051764057,2.0957760111908392,0.2285445312686159,2.927977310181877,3.0404895989473184,3.3673166447982745,0.1242665346948874,2.9838386015457643,-0.0352558973208307,3.231376003458002,0.1675294395753397,3.378425307470536,0.2323003070183249,4,ok,0.1941943464846146,0.174265774284921,0.1802470490518139,0.2127610254215031,0.0039830113329538,20.352833724415703,1.4599356783456925,ok,1.1857413090235152,floor,1.7858425357988166,ambiguous,5.331885246890508,ok
558,22,0.9442326829983092,0,-18.15191794506565,0.015304114472638011,0.3957497792132207,0.0080792846836683,307,35.3117265608101,-18.334595304685017,0.014673728169979717,0.4890309040425256,0.0462754926002013,307,28.84840329695214,-20.226890704221283,0.00949097718857791,0.4286134014376881,0.0036269974908107,307,28.77350871803706,-20.043105047517393,0.009901237892888198,0.4122388984693942,0.0009164581730745,307,31.60469459011811,-1.8922953995362661,0.1837856567038898,-1.8911871024517417,-18.243256624875336,-1.983634079345947,-1.7998484226420572,0.2154936471088113,2.0749727591556315,1.4532341796606119,3.284866273087691,-0.0582735292408509,3.0592649286993754,-0.0899678658298914,2.9597139029284323,-0.2077565375285583,3.1543685343730488,-0.0910371812468517,4,ok,0.200279048895797,0.1904181663905564,0.1810334027541577,0.1925270769150521,0.014315204889019,20.52295951851733,1.4598905642429476,ok,1.1857096767416777,floor,1.3888312100595368,floor,1.0403291362374925,floor
559,22,0.4174512297340512,0,-16.790303680831205,0.020939660299569198,0.4227270068789646,0.0273238660916932,110,35.32202318364924,-15.813985854362244,0.026218112011379642,0.4879631122431363,0.0453946461120884,110,28.860025163130327,-16.411124964076727,0.022850068355588674,0.6004985232503266,0.1536051909677984,110,28.785198176990857,-20.41585228713431,0.009086879548583617,0.4382473487045522,0.0198405772935359,110,31.615980685840952,-0.5971391097144831,-4.004727323057583,-3.6255486063031057,-16.302144767596722,-0.10898019648000457,-4.113707519537588,0.32634019860785524,4.601866432772066,2.638543007421449,3.3418140575403554,0.0764915247644721,3.205017626854085,0.1569641506698551,3.3876355647278853,0.300730135074768,3.097622217401494,-0.0705951883951985,4,ok,0.2010920680720697,0.20077809010717,0.2119432424618439,0.1924917215650732,-0.011008163372224,21.88402083366931,1.4600764535097033,ok,1.185842201679295,floor,1.3889868581173357,floor,1.0404552646616605,floor
560,22,0.6725763753459075,0,-19.678528722784044,0.01076829953940959,0.4041310995531065,0.0139223742142913,208,35.31742064769451,-17.561082188868994,0.01753443518740023,0.5006283391679339,0.05596651013125,208,28.854873473827656,-20.445121493890078,0.009025844573157745,0.4201623196509595,0.0,208,28.780003098341133,-20.77304178051786,0.008369428854742504,0.4646575433958037,0.0402413920359696,208,31.61095360609201,-2.8840393050210835,-0.3279202866277835,-1.094513057733817,-18.61980545582652,-1.8253160380635585,-2.153236324691342,0.3181637970323039,3.211959591648867,1.4495138118568947,3.2663236026518434,-0.0472994633669814,3.106657982877876,-0.0041966563041846,3.067425784783415,-0.0694856782980171,3.1280851379943666,-0.0880424109622506,4,ok,0.2147066468516221,0.1788866201129097,0.1865457574335428,0.2041120915673673,0.0102508760487231,18.996042983068776,1.459993350313382,ambiguous,1.6464811806002626,ambiguous,1.3889176729069186,floor,1.0403990754741936,floor
561,22,0.4397974925726421,0,-17.845824258998025,0.016421679586906913,0.4707514507979241,0.0647221105780668,130,35.32587626530574,-16.672146440450184,0.021517180149930003,0.6093784428381337,0.1578906497474785,130,28.86432481912466,-17.47952734855896,0.017866820124771234,0.6933514669144781,0.2554659304329312,130,28.78955689943754,-20.56370659707476,0.008782726126918028,0.497192877949295,0.067014372409393,130,31.62020372244028,-0.8073809081087759,-3.084179248515799,-2.717882338076734,-17.258985349724107,-0.22054199883485381,-3.3047212473506526,0.28733504113051905,3.8915601566245748,2.148840983531753,3.4546471379036654,0.176658874545645,3.2144257515932324,0.1499040801869213,3.4082860471544523,0.3082676577810206,3.04592590931299,-0.1348548560301297,4,ok,0.2203237856809909,0.2044295417001614,0.2078833518119958,0.1918022898527292,0.0044933118785802,20.82829328320116,1.4601460391107723,ok,1.1858912508249049,floor,1.3890449193222336,floor,1.0405024776981973,floor
562,22,0.2438421813596782,0,-19.14715067213742,0.012169841801801662,0.577607740126733,0.1623592353155394,57,35.3231639527438,-16.27985747567012,0.023551265718521515,0.4669732241712794,0.0284705187890561,57,28.86124319779245,-17.10062450979678,0.01949564234807981,0.4900835593927113,0.0515080656200019,57,28.78643139621668,-18.877169072122168,0.012950397318529998,0.548961536349998,0.1133480321896069,57,31.617194761309708,-0.8207670341266606,-1.7765445623253875,0.26998160001525306,-17.71350407390377,0.61287956410699,-1.1636649982183975,0.2765875080507706,2.867293196467301,2.410881814745232,3.4578476425817866,0.2423701635702659,3.2072132825327984,0.22396918081958,3.1255591874618003,0.09025884904525,3.260045348585053,0.1412701228498765,4,ok,0.2219495453071176,0.1799231314737545,0.2000874548235483,0.186216232089097,0.0008488835668877,19.52711256783544,1.4600970541084992,ok,2.720069414331219,ok,2.046944863962423,ambiguous,2.761292218948432,ok
563,22,0.2196439918163695,0,-18.6169325782693,0.013750128036055142,0.4176285500564369,0.0235895884213586,56,35.32089580808367,-16.59895827503489,0.021882864566036758,0.6361582708179304,0.1860541129835009,56,28.85870998246329,-18.11541312361635,0.015433296067608532,0.630292260737905,0.1846963164691037,56,28.78386667796544,-19.50225698478852,0.011214355040740852,0.5132400956359318,0.0808864387605543,56,31.61471312386649,-1.5164548485814606,-1.3868438611721707,-0.8853244065192207,-17.607945426652094,-0.5074676969642553,-1.894311558136426,0.25317060240423067,2.9032987097536314,2.0758964829061473,3.413204384544202,0.1990688546110939,3.039261405262243,0.057762128236245,3.357234665339901,0.3233236604558955,3.1646213083842056,0.0471771853955904,4,ok,0.194868545447077,0.1897948690290962,0.2095848621933587,0.2210746199956962,-0.0172531549552721,20.057452488806856,1.4600560959178115,ok,1.3236830532191766,ambiguous,1.388969124197817,floor,1.1532133293739164,ambiguous
564,22,0.4751739944836876,0,-19.20174205371819,0.012017822757794698,0.4766025701172918,0.0695533219971724,139,35.31847123619464,-18.870471397009492,0.012970384786714906,0.5037291258744814,0.0585960632455406,139,28.855940510043137,-19.75568462706563,0.010578681392402246,0.5171405691508216,0.074614511019061,139,28.781066290766216,-18.386818939777818,0.014498334186697215,0.655713290340561,0.223369835237702,139,31.61203625905428,-0.885213230056138,1.368865687287812,0.8149231139403703,-19.03610672536384,-0.7195779017017898,0.6492877855860222,0.1139565481224131,1.368865687287812,1.5741076694275766,3.240226142449613,-0.0428373482192516,3.068886769429878,-0.0022337976034485,3.1521104393660817,0.0468376155273855,3.368641318486974,0.1828263464652515,4,ok,0.2090864435856719,0.1791239034572093,0.1884057498771509,0.1943750667164651,0.0056994236442896,19.47277323121138,1.460012318032423,ok,1.1857956151633382,floor,1.388931830430736,floor,3.271913287539052,ok
565,22,0.1140550917385265,0,-18.041121472048314,0.015699573442832165,0.4547712561190328,0.0518314869057261,24,35.3167405128479,-17.54083860624123,0.017616358483385986,0.4812778928261788,0.0399236149640036,24,28.853950262069706,-19.11920463826642,0.012248404945529298,0.4674948675239451,0.0331683475154744,24,28.7790531317393,-18.334615524846825,0.014673659851251408,0.5105172154153812,0.0785015976113763,24,31.610116640726726,-1.5783660320251904,0.7845891134195959,-0.29349405279851126,-17.79098003914477,-1.3282245991216506,-0.5436354857020547,0.1285822966822853,1.5783660320251904,1.8604288774334672,3.2707404784113745,0.1208454993401271,3.008465453614626,0.1104928177015533,3.1107461959569656,0.1433440869001292,2.97542696118256,-0.0782958365572512,4,ok,0.218265407718718,0.1899826815351843,0.2233172791699568,0.1968863330160578,-0.0191932345430056,20.6334867586735,1.459981071428129,ok,1.1857729193845867,floor,1.388905023752564,floor,2.180320742268578,ok
566,22,0.2808860739766131,0,-18.78118853638955,0.013239791514183618,0.4441528946850185,0.0435122146295741,72,35.314334604475235,-18.00353431154052,0.015836039226489667,0.4869280357250471,0.0445426250604579,72,28.85124741660224,-19.719380039855622,0.010667483898663985,0.5299048492347634,0.0859460544411834,72,28.77634302775065,-19.404709396688702,0.011469092630097356,0.5024193167347251,0.07148399977061,72,31.607492208480835,-1.7158457283151023,0.31467064316692017,-0.623520860299152,-18.392361423965035,-1.3270186158905872,-1.012347972723667,0.15488776681687122,1.7158457283151023,1.595188843181519,3.302722992254536,0.0695332689059959,3.032847675235889,0.0265738165203694,3.143133301338851,0.0894952961733133,3.130352100466987,-0.0059922100151816,4,ok,0.2026752635008759,0.1896089730370375,0.1965746271113554,0.2047452224004599,-0.0004325088423987,19.89354888999355,1.4599376394189714,ok,1.185742101187144,floor,1.3888689410865704,floor,1.7556062599171038,ambiguous
567,22,0.4230612460997342,0,-19.18102714181296,0.012075282110774577,0.5425128121403685,0.1280971409253894,112,35.31065501485552,-19.04895822752033,0.012448131779839278,0.5844900429148977,0.1328021202337055,112,28.84712544509343,-19.958637347119417,0.010095696013896798,0.6474083121354582,0.2032384580457591,112,28.77221499170576,-19.064269471827174,0.012404322610886287,0.5455505133689402,0.1101540014186566,112,31.60348195689065,-0.9096791195990868,0.894367875292243,0.11675766998578752,-19.114992684666646,-0.8436446624527711,0.0507232128394719,0.08244975526401008,0.9096791195990868,1.4656299272570927,3.4526568412191234,0.185968178805346,3.1644667203104366,0.1146369794702031,3.178500213675968,0.0901804161110853,3.331630693887793,0.1620582002249411,4,ok,0.1996789103639977,0.1933847089697207,0.1981977121571877,0.2036657659336924,-0.0016659024903284,19.49390785381292,1.4598712245998493,ok,1.185695110093435,floor,1.388813989467956,floor,2.611479419486176,ok
568,22,0.1505242195589567,0,-17.01716308732889,0.019873927046252498,0.4189983042719056,0.0245883900274308,28,35.3073673248291,-18.70473171208916,0.013474939649869953,0.5221248411255421,0.0745300320604696,28,28.8434510912214,-17.74445775533775,0.016809477897766656,0.5291073895390307,0.0852300150029508,28,28.76853690828596,-18.389395516820468,0.014489735183604632,0.6322003336030368,0.1974621933504623,28,31.599906035832,0.9602739567514114,-0.6449377614827192,-1.3722324294915786,-17.860947399709026,0.11648964437127773,-0.5284481171114415,0.15223382482644984,1.6875686247602708,2.0037077172997595,3.1617020371459805,0.0001196396935418,2.798480805616,-0.1146880075957637,3.1615182699499407,0.1820160577468113,3.418620730922255,0.3533049786078766,4,ok,0.2352097454879965,0.1656158923038414,0.1991935087633984,0.1788162606369172,0.0012193101325205,21.65794841241072,1.4598118935826794,ok,1.1856532302205782,floor,1.3887650372678118,floor,1.0402756429028648,floor
569,22,0.5757768329702583,0,-19.371112233445373,0.011558161983522648,0.4495446117976535,0.0477119548740638,161,35.3159196510078,-16.82666579827605,0.020765070989615837,0.4503653551337904,0.0156068362948582,161,28.852928386711927,-20.094104937029318,0.009785646121240546,0.5923669865189466,0.1453810351298645,161,28.7780258699974,-17.86521937274005,0.01634850568752693,0.447452385256552,0.0268156049637033,161,31.60916365155522,-3.267439138753268,2.2288855642892678,1.5058928607053232,-18.098889015860713,-1.9952159211686045,0.2336696431206633,0.2933056901094007,3.267439138753268,1.8495456476924033,3.209976520056181,-0.0842269631960994,3.080368807919182,-0.0052361642139153,3.026339005351536,-0.0904671661360465,3.2257800936052763,0.0289151682261561,4,ok,0.2027352444873833,0.181098773196247,0.1918664524412673,0.185792254480701,5.055640054785204e-05,19.3035400782977,1.459966252462431,ambiguous,2.3357554932685822,ambiguous,1.3888913460739567,floor,3.911086042238434,ok
570,22,1.6120899250143288,0,-16.631170102522532,0.02172115875391538,0.4379742776401417,0.0387618465295172,535,35.32121381670515,-15.58024479190422,0.027667856899817326,0.4771202325376762,0.0365591446623965,535,28.85880819302853,-14.766880896743158,0.03336659656481299,0.4775856131294477,0.0412540782051817,535,28.78398016457246,-13.602152264119523,0.04362995585723616,0.4531521155307139,0.0312072003532282,535,31.61491244663702,0.8133638951610624,1.1647286326236355,3.029017838403009,-16.105707447213376,1.338826550470218,2.5035551830938534,0.25560213423106776,3.029017838403009,4.339889871420386,3.378932945135238,-0.0063176946483118,3.199350641785254,-0.0046353695187679,3.167691685924545,-0.0433765329436637,3.17024899296423,-0.1169271983749746,4,ok,0.209783633895845,0.2024154854294295,0.18698994838328,0.1892213384194351,0.0191096112793572,22.043197884218216,1.4600618382459347,ok,1.185828320810047,floor,1.4954086831051911,ambiguous,5.442518357795059,ok
571,22,0.6626345621976223,0,-20.009959491592458,0.00997709369819051,0.4190100472702096,0.0245969669626662,201,35.32497810249898,-19.436350394960655,0.01138583695693466,0.4647355145294553,0.0267101419573874,201,28.86296038841133,-20.181449926762383,0.009590803814259754,0.4034498099598211,0.0,201,28.78818445537814,-18.793457989624546,0.013202439956635358,0.4126180457674189,0.0011840177518245,201,31.61899645411553,-0.7450995318017277,1.387991937137837,1.2165015019679117,-19.723154943276555,-0.4582949834858283,0.9296969536520088,0.1283156487389993,1.387991937137837,1.4100023039786105,3.227872164743814,-0.0831554057511092,3.0179353426769,-0.0895445897159654,3.0443672652233253,-0.0898570549382049,3.1242336052059354,-0.0893194263743288,4,ok,0.2028881727500044,0.1985938677851537,0.1791360287820521,0.199883859437793,0.0216049914855269,18.6642062989962,1.4601298173531243,ok,1.1858756846585097,floor,1.3890266360251884,floor,3.6422849244351534,ok
572,22,0.6223063217066931,0,-17.553937872335553,0.01756330376743092,0.4672350406819973,0.0618473552312759,185,35.32741385794974,-16.295468948263775,0.02346675856523011,0.4819673657265977,0.0404843734094348,185,28.865656228967616,-18.54740267618596,0.013972037171761638,0.438988149103942,0.0112587641510988,185,28.79091133942476,-19.48311193725884,0.011263900521069306,0.4899359904721952,0.0608858166007104,185,31.62164282927642,-2.251933727922186,-0.9357092610728799,-1.9291740649232878,-16.924703410299664,-1.6226992658862969,-2.5584085269591768,0.2757198172746912,3.1876429889950657,2.072059816582994,3.2910450564692804,-0.0136934685396381,3.20582101624383,0.1065182062168976,3.115476267526285,-0.0122369398650503,3.121492534169524,-0.0858222832680883,4,ok,0.2185534335874222,0.1944378629528187,0.1978017748207659,0.1880399253118682,0.0086938734493545,21.120097068234116,1.4601738113081122,ok,1.1859064413135405,floor,1.3890629640276122,floor,1.0405185690082095,floor
573,22,1.273891552877008,0,-19.384287025882763,0.01152315217995039,0.410405389968786,0.0183766791729791,414,35.33277330076061,-16.954589444491283,0.020162345641709455,0.4492419583107174,0.0147535241811749,414,28.871721184771992,-20.118833217496842,0.0097300859871149,0.4673657747808777,0.0330660238882674,414,28.79704593805875,-17.335181828657838,0.018470634611845005,0.4657198378700749,0.0410869394568762,414,31.627543472437463,-3.164243773005559,2.7836513888390044,2.0491051972249252,-18.169438235187023,-1.9493949823098191,0.8342564065291853,0.2959938468720897,3.164243773005559,1.8889654394166682,3.266078681849102,-0.099732127299279,3.046027437139129,-0.1326825804977249,3.09749858433978,-0.093443380110211,3.2400148496266885,-0.0278786339202219,4,ok,0.1997699036672351,0.1820181789155599,0.1860004459656235,0.1970795748692347,0.004893595325774,19.28945996118135,1.4602706307374702,ok,2.183383570761824,ambiguous,1.389144708618747,floor,4.430246896287351,ok
574,22,0.7135218324367294,0,-18.78998292884138,0.013213008279186225,0.414262019445803,0.0211486683725927,223,35.325084019134934,-18.28314250948436,0.014848608236959203,0.4442119739954589,0.0109589719288472,223,28.863228477170114,-19.046137579985476,0.012456219194789455,0.5422626436804971,0.0971799614366271,223,28.788446648773057,-15.734344093406314,0.026703340320838,0.4975094126695429,0.0672837418816205,223,31.61920165160312,-0.7629950705011161,3.3117934865791625,3.055638835435065,-18.53656271916287,-0.5095748608226067,2.802218625756556,0.3439203304574459,3.3117934865791625,2.121722460912731,3.246243551301774,-0.0726590119591255,3.052477617777805,-0.0652415122200906,3.121668952170888,-0.0207084281136524,3.2884922519725635,0.0671278774221582,4,ok,0.198406208607247,0.1945393685702518,0.1901648682897133,0.198129361837835,0.006307920299036,19.88417717209706,1.460131730280704,ok,1.1858787430752835,floor,1.3890301287898834,floor,5.472008803495574,ok
575,22,0.7889566409347055,0,-19.32853933312776,0.011672021172802482,0.4361773309504507,0.0373927731064618,252,35.328473227364675,-18.809845202416245,0.013152717121925688,0.5385491070894405,0.0892392510350119,252,28.866972067999463,-19.987487950364883,0.010028851599831088,0.559759934901957,0.1135288613099836,252,28.792235419863747,-19.810629337486702,0.010445688394568758,0.5446515886450586,0.109315576372172,252,31.62287830171131,-1.1776427479486387,0.17685861287818128,-0.4820900043589411,-19.069192267772003,-0.9182956825928805,-0.7414370697146992,0.10737059465241608,1.1776427479486387,1.4246809229569182,3.320274198097104,-0.007897687909919,3.0676520304691177,-0.0621192283475386,3.1389971240619032,-0.0129768803586283,3.217639061908068,-0.0129197158910265,4,ok,0.2070814090086117,0.1889307755710823,0.1988896337293443,0.183918105527049,-0.0008835414394972,19.34543869389985,1.46019294700204,ok,1.1859214551612771,floor,1.389080605467449,floor,1.9529407925422664,ambiguous
576,22,0.1748646271367337,0,-18.341114627897294,0.014651717526176604,0.4424138453846329,0.0421684348112958,35,35.3319584437779,-18.96415825530335,0.012693581461775499,0.5233347234897663,0.0755980342146704,35,28.870894295828684,-20.185415713140216,0.009582049911088863,0.6671929019163594,0.2252904741129058,35,28.796210043770927,-19.52748333717104,0.011149404354924553,0.5327405469753509,0.0983367112854833,35,31.6267072405134,-1.2212574578368667,0.6579323759691746,-1.1863687092737472,-18.652636441600322,-1.5327792715398942,-0.8748468955707196,0.15610415038124545,1.8443010852429218,1.4234057498422932,3.322062905812152,0.1435621785398475,3.1591052425306176,0.223938933280368,3.10166968202693,0.1046517508509246,3.190320362331119,0.1082230229560017,4,ok,0.2256778883082526,0.195218048776899,0.1984161283288683,0.1769303681594984,0.0120318402137075,20.33267614369024,1.4602559085284492,ok,1.1859662141182912,floor,1.3891335686790516,floor,1.0405752056785664,floor
577,22,0.1507729260125211,0,-19.311342977443687,0.011718329412888391,0.4913096414953138,0.0819603269358097,28,35.3333831514631,-17.884510152719496,0.01627604885293386,0.5232788234776423,0.0755486350055405,28,28.872494629451207,-18.15485249389205,0.015293776901410747,0.553487868243741,0.1076087518953092,28,28.79783364704677,-17.779195721958537,0.01667556001759995,0.5015625854932971,0.0707481241897891,28,31.62827525820051,-0.2703423411725545,0.37565677193351377,1.5321472554851496,-18.597926565081593,0.44307407118954245,0.8187308431230562,0.1304251634730586,1.5321472554851496,2.0249986874198145,3.274761273367898,0.1131788759154592,3.174517119178472,0.2613483059667092,3.345018749156476,0.3655165369533466,3.335839506608659,0.2705237542942806,4,ok,0.1788727284542151,0.1849419671509947,0.2099177718960813,0.2260154387248414,-0.0280104240934764,19.36237123978892,1.4602816494381867,ok,1.1859844790777074,floor,1.389155206828422,floor,3.9361853039428336,ok
578,22,0.282146896543282,0,-16.988032786130628,0.02000767947726792,0.405550542454656,0.0149240726732626,80,35.33569045066834,-15.729070514573678,0.02673578551873681,0.4870802130908973,0.0446677760936717,80,28.8749192237854,-17.6930743892544,0.017009539694896034,0.5356431620398716,0.0911302868516814,80,28.80028321743012,-20.28194389620227,0.00937142449348713,0.4072870622562545,0.0,80,31.630691409111023,-1.9640038746807207,-2.588869506947873,-3.293911110071644,-16.358551650352155,-1.334522738902244,-3.923392245850117,0.3410197927261937,4.552873381628594,2.3201305541072452,3.3005657463434828,0.059387784287654,3.097778437212279,0.0811181366204611,3.272009541285932,0.21010123132229,3.076390614028018,-0.0678773700528845,4,ok,0.1873406167142093,0.1783205753657966,0.1927439948078245,0.1685577188618481,-0.0099133987678214,21.685557443565955,1.4603233404123628,ok,1.1860121543405753,floor,1.389187856225985,floor,1.0406197717530594,floor
579,22,0.4596120191386753,0,-16.423717762591824,0.02278390828510705,0.4825553889671414,0.0745297484208646,133,35.339374312780855,-16.43390199084166,0.022730542497336872,0.575743957006978,0.1242340884461101,133,28.879006106154364,-16.88674221643103,0.020479803170371208,0.5363537649470711,0.0917761607616898,133,28.804422349858104,-20.31123363388162,0.009308434274615253,0.4104517182165093,0.0,133,31.634702625131247,-0.45284022558936954,-3.4244914174505894,-3.8875158712897964,-16.42880987671674,-0.45793233971429004,-3.8824237571648794,0.29602751509065856,3.8875158712897964,2.3993807321313056,3.4102337792339457,0.1305157493605642,3.329479663939812,0.2627089211136684,3.271509099866316,0.1696998656225963,3.169477939762276,-0.013018611221705,4,ok,0.2340472070010084,0.183359294373514,0.1861455425396001,0.1956847769985521,0.0225577081476611,22.2496744851519,1.4603899145746115,ambiguous,1.186058811336741,floor,1.3892430344157285,floor,1.0406646493144365,floor
580,22,0.1585226202588837,0,-17.432251957426406,0.018062372906571325,0.3937420729060373,0.0066977791738007,26,35.34156564565805,-17.38972661359996,0.018240105193379097,0.4660933619585696,0.027777333965226,26,28.881435834444485,-18.89510481391393,0.012897024314634582,0.4117588132729559,0.0,26,28.806882858276367,-17.799735673833595,0.016596879185286854,0.396651264502839,0.0,26,31.637090536264274,-1.5053782003139702,1.0953691400803365,-0.3674837164071896,-17.410989285513182,-1.48411552840075,-0.3887463883204134,0.13056279988297378,1.5053782003139702,1.992622838871704,3.209616210424396,0.0536525418475792,2.878212694115361,-0.0276505536239928,2.925521314409605,-0.0481637706291975,3.211432228723092,0.151689791789185,4,ok,0.2055032694569001,0.1473052117687005,0.162720620775452,0.1910480687824579,0.0136836198373482,21.24102250862681,1.4604295217318153,ok,1.1860865543972825,floor,1.3892758406194,floor,2.0950357185988264,ok
581,22,0.3381779372622051,0,-17.28856855522757,0.018669949553378,0.4317954683438965,0.0340778790172497,91,35.34333943796682,-17.102832170940722,0.019485734592749895,0.4275120583289997,0.0,91,28.88341570424509,-19.007342572609918,0.01256798757674611,0.4321654458162244,0.0062193687059819,91,28.80888769128821,-17.986037266226106,0.01589996884606646,0.4944608846773277,0.0646965850353371,91,31.63903454371861,-1.9045104016691958,1.0213053063838125,-0.6974687109985354,-17.195700363084146,-1.8116422095257718,-0.7903369031419594,0.16262306955796474,1.9045104016691958,1.9995548603800968,3.41434038712128,0.1633945558859797,3.0136351875182155,-0.0157254603222756,3.185076848951921,0.1130557646581249,3.072789660017424,-0.0811672442334079,4,ok,0.2246384492942265,0.1980090061059365,0.1874514325716338,0.1828201488888525,0.0238722951284476,21.384610564481783,1.4604615852065643,ok,1.1861091634322032,floor,1.3893025742974616,floor,1.6374316058946197,ambiguous
582,22,0.3330963064426387,0,-18.059602505091085,0.015632907187543524,0.3724788920254641,0.0,87,35.33499250740841,-18.528250539643295,0.014033789112215833,0.5395060644313869,0.0901103255508413,87,28.8739896971604,-17.275774701170548,0.01872503033255763,0.6157155971284558,0.1692968337061819,87,28.79933701438465,-16.519769134752313,0.022285536131073095,0.3907496356681689,0.0,87,31.629830152138897,1.2524758384727477,0.756005566418235,1.5398333703387728,-18.29392652236719,1.0181518211966427,1.7741573876148777,0.17849519691854793,2.0084814048909827,2.340397464311015,3.223914665207473,-0.0236230352472799,3.103738625428019,0.0788092863598448,3.1418620409607403,0.0733694291349991,3.088149561006712,-0.062426758752796,4,ok,0.1912591507893869,0.1778636945561431,0.1857374965630728,0.1810154440416687,-0.0011760738903078,20.61402523115896,1.460310728658269,ok,1.1860015439584015,floor,1.3891752441604208,floor,3.9434452391874206,ok
583,22,0.7334427895405267,0,-20.28510675376123,0.009364602005188715,0.4104036319523486,0.0183754214938947,211,35.33415683185885,-18.965292644781012,0.012690266295357957,0.4009746144310682,0.0,211,28.873091313511274,-21.031391343890576,0.007886074319512989,0.4628337557450924,0.0294916904613284,211,28.798430863149925,-16.964008865342038,0.020118662882814605,0.4519508289327854,0.0302769956888875,211,31.62894152239036,-2.0660986991095633,4.067382478548538,3.3210978884191924,-19.62519969927112,-1.4061916446194545,2.6611908339290835,0.3773297318619218,4.067382478548538,1.5596362972397677,3.2354038968025245,-0.0793048891099408,3.0090208339680715,-0.1032454764199259,3.006046680170789,-0.1319888397615702,3.1141192626266427,-0.1030852308695768,4,ok,0.2034689316181775,0.1864558258822179,0.1861316465300406,0.1876792029535036,0.008830732220157,18.388565889320667,1.4602956286691635,ok,1.185991289544838,floor,1.389163166520546,floor,5.771374419963152,ok
584,22,0.8413062359421699,0,-16.623494116953943,0.02175958400232744,0.4527736092107903,0.0502513612767412,265,35.328472353377435,-15.54344118478185,0.027903320117967385,0.5138345933611015,0.0672784627514069,265,28.866753646562685,-16.8562504898265,0.020624097399555133,0.5230079574643244,0.0797889993395439,265,28.792025468934256,-20.456026194723222,0.009003210007050831,0.520635754417979,0.087427966084294,265,31.62274778833929,-1.3128093050446505,-3.5997757048967216,-3.8325320777692795,-16.083467650867895,-0.7727828389586051,-4.372558543855327,0.3447009799598339,4.912585009941372,2.5703957894707257,3.3888035851477123,0.0568179905271648,3.2161807712733377,0.0814508645871119,3.315339815343955,0.1594174395989385,3.092667207848469,-0.1416744541834997,4,ok,0.2211660217845215,0.1926232147750989,0.1953382735404203,0.1753758333482832,0.0115563447393898,22.05048395702866,1.4601929312145454,ok,1.1859189628824265,floor,1.3890778080982784,floor,1.040530924842833,floor
585,22,0.3410882309356329,0,-16.21260937937236,0.023918782080864065,0.4356828877250551,0.0370170498492683,88,35.339734771034934,-16.4678596183185,0.022553504676885505,0.5522834005806894,0.1018891232270609,88,28.879297148097645,-16.689381348990064,0.021431958768988554,0.5004388437176364,0.0602047468518982,88,28.804708675904703,-17.774722758850718,0.016692743655007704,0.485567606243431,0.0572400940995154,88,31.63501925901933,-0.2215217306715651,-1.0853414098606535,-1.5621133794783582,-16.34023449884543,-0.34914685014463487,-1.4344882600052884,0.12858590005021986,1.5621133794783582,2.6774039131297336,3.3105569569198985,0.0621527539638804,3.3024805684545537,0.2764245883088105,3.36370177389482,0.2943120632145786,3.3250277548325755,0.1735919360966225,4,ok,0.208976938558573,0.2079146566631441,0.2009836422618139,0.1830525675534524,0.0074621553490446,22.46076349479952,1.4603964293683114,ok,1.1860621343234463,floor,1.3892468518180296,floor,1.0406681922024583,floor
586,22,0.1400604314572162,0,-19.836033150297887,0.0103847652814319,0.4419732476471231,0.0418288177934036,27,35.3407307377568,-17.849662658976015,0.016407172120116772,0.4118769890126685,0.0,27,28.88039595992477,-20.72726440599296,0.008458114487867801,0.2385718623538253,0.0,27,28.805820394445348,-19.621443085967805,0.010910777298191348,0.4938048189414291,0.0641418890995273,27,31.63610168739601,-2.877601747016943,1.1058213200251537,0.214590064330082,-18.84284790463695,-1.8844165013560072,-0.7785951813308536,0.2560237607115201,2.877601747016943,1.4514423717154088,3.194486058447862,0.0356609882640386,2.7523995066038136,-0.1571841834714469,2.9185437351179786,-0.0581037881136303,3.211202854219464,0.1486221430176471,4,ok,0.2029452911681599,0.2200379321972529,0.1797618308552989,0.1703444472341626,0.0317297808274074,18.837286192246708,1.4604144307176292,ok,1.1860746805090585,floor,1.3892616741790078,floor,2.7081705813435124,ok
587,22,0.1656896793481617,0,-18.437218907820444,0.014331053233525166,0.4806919619392237,0.0729653225132727,36,35.36147530873617,-17.3962969911366,0.01821253086933914,0.6127195889230563,0.1613383003907109,36,28.902684741550026,-18.564495617721086,0.013917154169380658,0.5693544900436003,0.1227140909845563,36,28.82857656478882,-18.151954629529765,0.015303985200706083,0.6554561331426499,0.2230813713840869,36,31.658356772528755,-1.1681986265844841,0.4125409881913207,0.28526427829067913,-17.916757949478523,-0.6477376682425628,-0.23519668005124217,0.10862947033550299,1.1681986265844841,1.9877986588553744,3.394074696891738,0.2134381060238679,3.209657937506411,0.2717145426051268,3.1533396774135447,0.1541104649288835,3.3091417754749,0.2249258356669674,4,ok,0.2113645685215791,0.1537705405304829,0.1827345951977703,0.1933069371928771,-0.0001670406717393,20.23498499862714,1.460789574486202,ok,1.1863293243611428,floor,1.3895652629496025,floor,2.776988762825649,ok
588,22,0.1688590269462622,0,-19.038995967259563,0.012476719265351748,0.3403522897919051,0.0,39,35.36011025844476,-19.443492256326437,0.011367128626986696,0.4364127608868725,0.0051598343884977,39,28.90119371658717,-20.65659097053369,0.008596880757919782,0.3534621960065265,0.0,39,28.827060112586388,-18.878981724312332,0.012944993227796239,0.5252794621108571,0.0915831979136754,39,31.65688015864445,-1.213098714207252,1.7776092462213562,0.16001424294723066,-19.241244111793,-1.415346858740687,0.3622623874806692,0.1487433529618603,1.7776092462213562,1.360233493649062,3.146412638779908,-0.0402926415935311,3.0251752317662173,0.0793412250386516,2.976193335867681,-0.0293188525989451,3.0780375353332885,-0.012198043668739,4,ok,0.2106737397038019,0.1940233858349995,0.1829259298168696,0.2131761950560105,0.0194226329525311,19.633281364282137,1.460764877177267,ok,1.186312280751457,floor,1.38954502110383,floor,2.655390976212935,ok
589,22,0.0352974566787609,0,-17.46237711924052,0.017937515447099026,0.1488419870760167,,2,35.362749099731445,-18.87522679477444,0.012956190366758323,0.211544531622892,,2,28.90410804748535,-22.4704504788646,0.005661805580126761,0.3703159133598512,,2,28.8300142288208,-21.369434816047523,0.007295524468756256,0.3201734474630062,,2,31.659741401672363,-3.5952236840901577,1.1010156628170762,-3.9070576968070014,-18.16880195700748,-4.301648521857118,-3.2006328590400415,0.44259424319682955,5.008073359624078,1.1108328757693458,,,,,,,,,4,ok,0.3108754381537437,0.2674179375171661,0.1064069531857967,0.2913645878434181,0.1827397346496582,21.2097582675431,1.460812622178198,ok,1.186345595094487,floor,1.3895844545617717,floor,1.040944986484979,floor
590,22,0.1412877818025019,0,-19.46900105176522,0.011300558160739677,0.3704540557117946,0.0,29,35.36439803550984,-18.97532221556751,0.012660993284753891,0.5305633411392956,0.0820304721263149,29,28.905962976916083,-19.620990842673244,0.010911913527869315,0.5345274675646415,0.0901179488694619,29,28.83186905959557,-17.919543297882377,0.01614528330970451,0.5426302233245527,0.1074353036877315,29,31.661535394602808,-0.645668627105735,1.7014475447908666,1.549457753882841,-19.222161633666364,-0.39882920900688035,1.3026183357839862,0.16170336777882943,1.7014475447908666,1.6275073802763727,3.231049930349627,0.0668069741721661,3.151035848043526,0.2344077317777988,3.197104068673945,0.2148473529569048,3.038176748082848,-0.0297780589343026,4,ok,0.2471202421804954,0.1758897907004274,0.1701860880029612,0.228389047600072,0.0413189284375001,19.20304563080261,1.460842459809019,ok,1.1863668017646352,floor,1.38960921707674,floor,3.9533301585204055,ok
591,22,0.1776757317516739,0,-18.014923991804693,0.015794562504035277,0.5101983738260422,0.098448100997307,36,35.36367850833469,-18.668040539080117,0.013589264321860901,0.5458342223502188,0.0959094839925185,36,28.90512874391344,-20.281975026282765,0.0093713573196764,0.5607734789191383,0.1144917911545955,36,28.831022421518963,-18.36174489936003,0.014582282586372841,0.6245780602597423,0.1892666617713445,36,31.66073311699761,-1.6139344872026484,1.9202301269227355,-0.3468209075553368,-18.341482265442405,-1.9404927608403604,-0.02026263391762484,0.1813102702348504,2.2670510344780723,1.552501477512847,3.3552629686046243,0.1746263777367542,3.2052892408564344,0.2673458459551501,3.1422381903846563,0.1430089778999952,3.2417104751077748,0.1574945352998429,4,ok,0.2063609371996588,0.2249653405613369,0.1877084559657507,0.1898331987775034,0.0279546829147471,20.65716139826857,1.46082943960595,ok,1.186357264062966,floor,1.389597913929043,floor,2.1200385672574567,ok
592,22,0.6900126625425295,0,-20.92099454131525,0.008089106361359382,0.4154552645136474,0.0220115765223789,214,35.367099565880324,-20.42302482657227,0.009071884605306495,0.4321936982552256,0.0020655461311329,214,28.90899717027896,-19.50296030665447,0.011212539069592705,0.4979715854043403,0.0581161676394985,214,28.83490392203643,-18.833346702515698,0.013081734472147156,0.4513931126714956,0.0298459727866666,214,31.66447315929092,0.9200645199178012,0.669613604138771,2.087647838799551,-20.67200968394376,1.1690493772892907,1.8386629814280617,0.18654454554135771,2.087647838799551,1.4083385104327018,3.1378400627278307,-0.1779391147551847,2.9480214900953765,-0.165636561355924,3.069303686514973,-0.0698400206994827,3.1502252507131097,-0.0680409828911186,4,ok,0.1999946604787467,0.1802028324280943,0.1868983746514977,0.1783172927413867,0.0032003718019227,17.750906801202017,1.4608913494761462,ok,1.1864014948052064,floor,1.3896497383922477,floor,4.469062935876007,ok
593,22,1.0611812859193357,0,-20.784201799745386,0.008347949631490593,0.4685714129059349,0.0629373345608539,340,35.35953769683838,-21.152612645547542,0.0076689999589547725,0.5381883814442303,0.0889113003101871,340,28.90065507888794,-20.162691059446168,0.009632319822415284,0.4758686009101392,0.0398660431012094,340,28.82648915683522,-18.86125097408744,0.012997951214628801,0.54322777393587,0.1079904169873957,340,31.65630216037525,0.9899215861013744,1.3014400853587276,1.9229508256579457,-20.968407222646462,0.8057161632002945,2.107156248559022,0.21229068252252717,2.291361671460102,1.2674552573275788,3.162414432750995,-0.1884662405495376,2.9130648603077907,-0.2462327444216447,3.0713297941762403,-0.1041548487460244,3.2032501110599565,-0.0498339097783393,4,ok,0.2016822735833771,0.1842042818884639,0.1801482773550293,0.1954086232820854,0.0127950003808912,17.888106328378644,1.4607545185445103,ok,1.1863061240090316,floor,1.3895374003004832,floor,4.308553237713992,ok
594,22,1.4630833591899588,0,-17.10058239468684,0.01949583140530622,0.4482972971010647,0.046735885472368,468,35.35366863674588,-16.156329278718484,0.024230762013635644,0.5062262753082357,0.0607255182622974,468,28.89426315340221,-15.660024250379738,0.027164241006749364,0.5220651312592873,0.0789535780649419,468,28.81996047191131,-14.616006053714855,0.034546129336030025,0.4690080023727537,0.0437164360827777,468,31.6499601918408,0.496305028338746,1.044018196664883,2.4845763409719837,-16.628455836702663,0.9684315863229251,2.012449782987808,0.2071931964022185,2.4845763409719837,3.574594052077284,3.3696819902817454,-0.0054242993303246,3.1829216586692204,-0.0078744984892629,3.3057335495575444,0.1051678796204633,3.332217495636493,0.0551036625436345,4,ok,0.210380668974776,0.1967420062750705,0.1900151962589504,0.193297346528524,0.0135461413659728,21.572041377139204,1.4606483539449469,ok,1.1862330758354669,floor,1.38945027475587,floor,4.866222926605314,ok
595,22,1.0994954291794508,0,-16.212458247417445,0.02391961445505818,0.4267589377044885,0.0303090703725505,359,35.3652951870124,-16.048350330867258,0.02484076503451697,0.5194223807816447,0.0721534104772383,359,28.9070946685451,-15.531340360660229,0.02798117604866749,0.5002666924533806,0.0600586826667706,359,28.833015744732617,-16.01229970099341,0.0250478255501041,0.5514180356743495,0.1156605925204217,359,31.662597034634985,0.5170099702070292,-0.48095934033318066,0.20015854642403497,-16.13040428914235,0.5990639284821224,0.11810458814894176,0.05986100259094992,0.6811178867572156,3.386826864974551,3.3289888085631003,-0.0260146105610794,3.184755813524488,0.0200977455644046,3.209305654593844,0.0295526909796155,3.476687277830289,0.2195138333487918,4,ok,0.2020149713688242,0.1896735080167609,0.2037989328975963,0.2071669285904232,-0.0079546932048037,22.459540170768037,1.4608586948606517,ok,1.1863797409278896,floor,1.3896245268172682,floor,2.694767615678057,ok
596,22,0.5211644070332737,0,-19.2164115053798,0.011977297844195196,0.5298438679814672,0.1162562475834367,149,35.37008490338422,-18.840689998804088,0.013059633826724953,0.5359918947476046,0.0869191252766001,149,28.9124491006736,-20.199781330940283,0.009550406715018833,0.5801931538812777,0.1332781287175952,149,28.83838818697321,-19.07938344078025,0.01236122910893986,0.54250471450147,0.107318785986753,149,31.6678004936884,-1.3590913321361953,1.1203978901600316,0.13702806459954786,-19.028550752091945,-1.1712305788483377,-0.05083268868830615,0.11253088759427463,1.3590913321361953,1.4531702657485677,3.315360468825577,0.0270297118175033,3.0562831547349347,-0.0216860002892911,3.1294419616217253,0.0187158833580833,3.2899353619909792,0.0988956964218035,4,ok,0.2276418042062913,0.1996403170262007,0.205448376302351,0.1994751788825796,0.0081926843138949,19.45532921161529,1.4609453827918732,ok,1.1864409707746049,floor,1.3896962678271216,floor,2.633039793962378,ok
597,22,0.5359766470809272,0,-18.196374350067174,0.015148253525747982,1.6676650261704422,2.295518180075668,150,35.36163988749186,-18.357313031979103,0.014597171039125785,1.0055428183779729,0.6980831049280858,150,28.90308183034261,-19.27639155924756,0.011813017411332756,1.5100841839935173,1.781300837986726,150,28.82893559773763,-19.492127666695392,0.011240541499027474,1.188179724091659,1.0633361263124277,150,31.658638827006023,-0.9190785272684572,-0.21573610744783167,-1.2957533166282182,-18.27684369102314,-0.9995478682244219,-1.2152839756722535,0.12851698343929413,1.2957533166282182,1.6244373035953257,3.430793482146784,0.1419555784744668,3.2517303595376923,0.173101803919176,3.174096326718968,0.0628451943546259,3.271991013172701,0.0804482999629385,4,ok,0.2119755093256632,0.1957269112765789,0.205862770229578,0.2181935778260231,-0.0020115599284569,20.475820703554632,1.4607925522562162,ok,1.1863338636221752,floor,1.3895700556075006,floor,1.0409326345621943,floor
598,22,0.1790612843389417,0,-19.688845477473617,0.010742749581744444,0.4810192640059524,0.0732396682520253,42,35.360186440604075,-18.546666618111182,0.013974405404093277,0.4364266041829313,0.0051700366293931,42,28.90149906703404,-19.975592157345453,0.010056359359299912,0.4796340861644417,0.0429166067110347,42,28.82732050759452,-19.543963982952796,0.011107174673178651,0.4592876008313058,0.0359966653543244,42,31.657069024585542,-1.428925539234271,0.43162817439265666,0.14488149452082055,-19.117756047792398,-0.8578361095530553,-0.4262079351603987,0.13027142816904758,1.428925539234271,1.4684289417573113,3.2679740488021776,0.0756500395531163,3.1055257965411407,0.152386224341166,3.0866212254097425,0.0752919097787883,3.145617558371024,0.0498086639885237,4,ok,0.1902608264769826,0.181488479177157,0.2340355735449563,0.1873776188918522,-0.0481609207178864,18.983427756381023,1.460766255466759,ok,1.1863157710463677,floor,1.3895484967867553,floor,2.640519176866155,ok
599,22,0.5188792626184952,0,-19.047159265573427,0.012453289191454829,0.4347064147696303,0.0362762880976617,124,35.35668179296678,-18.700988586105325,0.013486558526271123,0.9434679716444706,0.595929983521934,124,28.89759594394315,-19.496403033140762,0.011229481310861059,0.6130274052808556,0.1664962501237634,124,28.82335622849003,-19.789195855722248,0.01049736781036407,0.4798014390072331,0.0524778187057333,124,31.65324494146532,-0.7954144470354372,-0.292792822581486,-0.7420365901488211,-18.874073925839376,-0.6223291073013861,-0.9151219298828721,0.0960385623762595,1.0882072696169232,1.5124635992416735,3.2531155465360886,-0.0212900908122026,3.0278066534816945,-0.0320568275302042,3.151833396740372,0.0555241365209093,3.233908744901296,0.0566816489172956,4,ok,0.2259245910831997,0.2083518168919028,0.1949095781592111,0.1828321081496054,0.0222286258283401,19.625302464367923,1.460702854660727,ok,1.1862711606524723,floor,1.3894955876394477,floor,1.5571382332817012,ambiguous
600,22,0.2615006475105891,0,-19.469333619133266,0.011299692837059427,0.4521512391545817,0.0497604918437404,66,35.358510971069336,-18.183147093481896,0.015194460716173431,0.6128621023267999,0.1614857758371031,66,28.89966519673665,-19.52940410676532,0.011144474358636561,0.6048392303334985,0.1580412412591574,66,28.82545052152692,-18.056102949227874,0.015645509300217075,0.4648234014493717,0.040373281759658,66,31.6552558667732,-1.3462570132834237,1.4733011575374455,1.413230669905392,-18.82624035630758,-0.7031637504577404,0.7701374070797051,0.15807444789700625,1.4733011575374455,1.7134016899563025,3.189090365249588,-0.0375023170223833,2.910771787930131,-0.0869244873895884,3.1172202413225283,0.0704122198953389,3.217673145201584,0.0878725550717467,4,ok,0.2182938547974283,0.1756166459597421,0.1906098077694575,0.1858933923596685,0.0063454426091277,19.20302973223539,1.4607359440273286,ok,1.1862948098874286,floor,1.38952353773577,floor,3.825753289970936,ok
601,22,0.136808104476643,0,-19.638275970616935,0.010868569902577835,0.3241862735419668,0.0,30,35.356577428181964,-17.964626487217714,0.015978549458593488,0.4287591597708216,0.0,30,28.897542254130045,-20.298923193742386,0.009334857241069357,0.4625162924780508,0.0292426174023632,30,28.82328681945801,-19.349010103888705,0.01161713375321878,0.4658727418346834,0.0412088043663259,30,31.653157869974773,-2.334296706524672,0.9499130898536805,0.28926586672822907,-18.801451228917323,-1.4974719648250634,-0.5475588749713829,0.20646481374401818,2.334296706524672,1.5118413932668173,3.1061282378178072,-0.0606850710733053,2.9883127786141035,0.0683426466625443,3.100312854879907,0.1153950268501944,3.153378913136369,0.0828745283358189,4,ok,0.2184398310879866,0.2174045488238334,0.2000546999275684,0.2061036840081214,0.0178674900283416,19.034191372168493,1.4607009668184092,ok,1.186270547071364,floor,1.3894946613687598,floor,2.7807037673834856,ok
602,22,0.0649705906902342,0,-18.43580807164443,0.014335709533258438,0.3370230879241437,,9,35.35587946573893,-18.76859457476483,0.01327824086848963,0.4577723972212209,,9,28.89678488837348,-18.279166488638502,0.01486220855006057,0.4935525690384241,,9,28.822512944539387,-18.107542006007733,0.015461292609645912,0.3867273636005858,,9,31.65240478515625,0.4894280861263276,0.17162448263076868,0.32826606563669714,-18.602201323204632,0.3230348345661298,0.4946593171968985,0.05538265814346842,0.6610525687570963,1.8771282961219624,3.047517637745361,-0.0280126881611706,3.114103262362455,0.3128207950896411,3.075975313428873,0.1855636863059655,2.574532245994459,-0.4054269524649996,4,ok,0.1676264661881658,0.2087992206215858,0.2149267163541582,0.1531341349085172,-0.0267138729492823,20.236696807712896,1.460688341707865,ok,1.1862618918776946,floor,1.3894843341499392,floor,2.818036022804717,ok
603,22,0.1271090851437495,1,-19.78453561162815,0.010508638170684032,0.7305994311915687,,10,35.35357398986817,-19.537662552714608,0.011123302413892238,0.4556234888286339,,10,28.89420928955078,-20.299675898128722,0.009333239495639863,0.6762791899855389,,10,28.81990489959717,-20.06943920399405,0.009841381774027934,0.2398534151499359,,10,31.64989280700684,-0.7620133454141147,0.23023669413467118,-0.28490359236590024,-19.66109908217138,-0.6385768159573431,-0.4083401218226719,0.06625861240819031,0.7620133454141147,1.2886294253566786,2.956314187955708,-0.127204376658113,2.715672072540638,-0.0959968366084744,3.0968150740250784,0.198133142104067,2.925348039470673,-0.0625348325875196,4,ok,0.2306954324245453,0.2277294933795929,0.1911044009029865,0.1624724894762039,0.0381080619990825,18.888093249836786,1.460646642142916,ok,1.1862324603697976,floor,1.3894495332655863,floor,2.1910840097748463,ok
604,22,0.2496248677190488,0,-19.4073097519411,0.011462227521340105,0.4945503652406404,0.0847449219810823,63,35.35334578014555,-18.58260572623342,0.013859240379155114,0.4455318952633695,0.0119505679445501,63,28.89396734086294,-19.661759750916804,0.010809958455973,0.5439864267687864,0.0987675547267854,63,28.819655675736684,-18.852868315238375,0.013023063809103173,0.4814161399113719,0.0538056646649989,63,31.649649604918466,-1.0791540246833833,0.8088914356784294,0.5544414367027244,-18.994957739087262,-0.6668020118295424,0.142089423848887,0.09862651130943549,1.0791540246833833,1.5703177766890914,3.2813430459078057,0.0582774248621218,2.990206893129788,-0.0029034380583983,3.1027105567057243,0.0595541376469457,3.22310664595964,0.0968046095090198,4,ok,0.2275094788462396,0.1908781572821594,0.2092112939036081,0.183025871595693,-1.7475839408614968e-05,19.265331381435736,1.4606425147299136,ok,1.1862296958071783,floor,1.3894462079472236,floor,3.0313596313956617,ok
605,22,0.2729362031979411,0,-18.880539642577226,0.012940350381657247,0.5476234392159148,0.1329529293907156,57,35.34792120414868,-16.936602866611054,0.02024602241524362,0.5866190174917184,0.1349073017996449,57,28.88802625421892,-18.609213581985916,0.01377458875793347,1.0438192245159983,0.771665674297652,57,28.813573402270936,-17.756963509051303,0.016761143685276238,0.5948705854458551,0.1582736945801497,57,31.643759443048847,-1.6726107153748622,0.8522500729346127,1.1235761335259227,-17.90857125459414,-0.7006423273917761,0.15160774554283662,0.18003432859360727,1.943936775966172,2.0843605093251054,3.351887167211435,0.1364096881999144,2.984058448695344,0.0008143469821253,3.228718733499263,0.1934183950827126,3.26948991406396,0.1507146883287831,4,ok,0.2272833857619971,0.1951470535183162,0.229237220397121,0.2129637818587453,-0.0180220007569643,19.79239316531618,1.4605444192504895,ok,1.1861618222326684,floor,1.3893650671003224,floor,3.557115025386352,ok
606,22,0.3093999391629928,0,-18.546071299279646,0.013976321108127656,0.3976246557284487,0.0093757343398734,78,35.35119086045485,-18.520866118161216,0.014057671425176475,0.3945611741705432,0.0,78,28.8916437687018,-21.27480279562324,0.007456237285307897,0.4648243132423005,0.0310573231290187,78,28.81727617214888,-19.57493678993345,0.011028242849605043,0.4215813138720408,0.0075809263054797,78,31.647330748729217,-2.7539366774620255,1.6998660056897918,-1.0288654906538035,-18.53346870872043,-2.7413340869028104,-1.0414680812130186,0.23225028351711047,2.7539366774620255,1.3391447994074275,3.182059923320771,-0.0571984895333375,2.993240527195711,-0.0209239433460899,2.964405537637332,-0.0955154435101715,3.024079496713137,-0.1182844529631275,4,ok,0.2193340234076365,0.1843096145357076,0.198738423629831,0.168725811661436,0.003083395341841,20.126685709174478,1.4606035430317008,ambiguous,1.1862031478581705,floor,1.3894144610778336,floor,1.0408059915936358,floor
607,22,0.1635198306333619,0,-19.887658912351064,0.01026204958455824,0.3962758078403228,0.0084424073656914,37,35.35103411287875,-18.69253897814449,0.013512823437560778,0.4378061489274515,0.0061883574103045,37,28.89149866877376,-20.57702939134494,0.008755824757947329,0.559021511056336,0.1128284096168661,37,28.81712660918365,-17.869455144535305,0.01633256839536301,0.558737454572419,0.122612345269226,37,31.647181072750605,-1.8844904132004494,2.707574246809635,2.018203767815759,-19.290098945247777,-1.2869304460971627,1.4206438007124724,0.2401287922894779,2.707574246809635,1.5307106187173107,3.100462547328397,-0.0822513828993174,3.0645056371384665,0.1238612507784915,2.908842704580679,-0.0925371984760268,3.256510765233237,0.1702342762048379,4,ok,0.1786757095440014,0.1893072357854327,0.199750085537498,0.1575296227190945,-0.0157586128727809,18.78510652442693,1.4606007084152923,ok,1.1862014901246212,floor,1.3894124657666385,floor,4.400674553213468,ok
608,22,0.1847434776541969,0,-18.66803762083153,0.01358927345319146,0.381486474699349,0.0,44,35.3482608795166,-18.85936909807942,0.013003584680842008,0.4531900929555057,0.0177618731211177,44,28.88843432339755,-17.577549635064095,0.017468074540528695,0.4142948512917734,0.0,44,28.81399744207209,-18.824315714713983,0.013108965742492585,0.4757565350745534,0.0491710855062363,44,31.6441539851102,1.2818194630153243,-1.2467660796498876,-0.1562780938824524,-18.763703359455477,1.1861537243913816,-0.06061235525850606,0.12920621596428006,1.2818194630153243,1.9433712445602356,2.9909062087796463,-0.2049448616957021,2.9286658970610806,-0.0290596192704271,3.1049901143783463,0.0900091963789813,3.049920898856727,-0.0493865492049891,4,ok,0.2305299578742547,0.1969002695246176,0.2123033385723829,0.2037797136740251,0.0014117751270532,20.004876924743723,1.460550561009141,ok,1.186166483537264,floor,1.389370723207611,floor,2.3324035819907456,ok
609,22,0.0977520205102335,0,-19.139911125996417,0.012190145445778741,0.4277057711586851,0.0310142057597353,15,35.34698206583659,-18.157520678540997,0.015284383715498367,0.4601281037463959,0.0231121816134711,15,28.88705012003581,-19.829915472893376,0.010399404060811971,0.591096915011733,0.1441066214931909,15,28.81257743835449,-18.384224652113716,0.01450699745263345,0.4916522375468753,0.0623270789932581,15,31.642770512898764,-1.6723947943523783,1.4456908207796602,0.7556864738827009,-18.648715902268705,-1.1811995706246705,0.26449125015498964,0.1472459885667412,1.6723947943523783,1.6449225426883531,3.039109162920089,-0.0751510134903545,2.886538562119345,0.0348988939820213,2.8356756170987274,-0.0948334182501087,3.052854863974942,0.0344788498486288,4,ok,0.2213476727406184,0.1869481280446052,0.1682737608750661,0.2292028228441874,0.0358741395175457,19.5330721725674,1.4605274389824066,ambiguous,1.1861506724111917,floor,1.3893517827929245,floor,3.2179754657419632,ok
610,22,0.0761286606322558,0,-18.957006376958507,0.012714502229830808,0.4004534847605995,0.0113434253517208,13,35.34967715923603,-17.628616785647573,0.01726387653509283,0.2817534718783541,0.0,13,28.89003738990197,-19.057126125597517,0.012424742230997514,0.5815278459581886,0.1345927787111838,13,28.81564066960261,-17.513179220337037,0.01772891173989962,0.4705381505180935,0.0449463805466916,13,31.64573126572829,-1.4285093399499438,1.54394690526048,1.4438271566214702,-18.29281158130304,-0.764314544294475,0.779632360966005,0.16437104299115088,1.54394690526048,1.9307504065494472,3.054733060103023,-0.0486774759931241,2.9291373796879787,0.0916045957628597,2.9615515445862943,0.0422752522283684,2.857713556031214,-0.149900510228456,4,ok,0.2239208507996339,0.1796221331908152,0.2189849190987073,0.1256617044027035,-0.0172134271034827,19.715832021232558,1.4605761702408433,ok,1.186184796029525,floor,1.389392642754975,floor,3.8540339292779326,ok
611,22,0.0381415659647135,0,-21.81275491257747,0.0065875588610991844,0.287028153636023,,4,35.345356941223145,-17.952482948032532,0.016023290453467367,0.2659397864985185,,4,28.885238647460938,-20.108582683005594,0.009753078768272716,0.444961075828852,,4,28.810741901397705,-20.78140905121174,0.00835331954123254,0.4100349359395738,,4,31.640993118286133,-2.1560997349730613,-0.6728263682061453,1.0313458613657325,-19.882618930305,-0.22596375270059355,-0.8987901209067388,0.3492950800262623,3.860271964544939,1.4119008080385627,2.9583316166798515,-0.0557154856334345,2.385738732371507,-0.3356022169248835,2.5932338689013963,-0.2335235513658622,2.473080678511564,-0.4458922358116526,4,ok,0.2206914909183979,0.0894540566951036,0.1871846243739128,0.186423934996128,-0.032111850567162,16.860315753032463,1.4604980574686397,ok,3.75432409861632,ok,1.3893273019069945,floor,3.472035230859825,ok
612,22,0.1296107003729204,0,-18.68386763332702,0.013539830782209375,0.4382906323588883,0.0390034563169621,24,35.347915172576904,-17.118647029473642,0.019414906217413014,0.5826885605849088,0.1310267494593233,24,28.88810896873474,-18.864857669586563,0.01298716125681057,0.6711160880425547,0.2297421396689039,24,28.81365871429444,-17.78541491628855,0.01665169733189253,0.4666538703573608,0.0418319902882895,24,31.643809874852497,-1.7462106401129205,1.0794427532980144,0.8984527170384702,-17.90125733140033,-0.9636003381862324,0.11584241511178206,0.16516953544768548,1.7462106401129205,2.010629437436899,3.320426131204041,0.1705311521327934,3.1552729525256016,0.2573003166125289,3.082155159528333,0.1147530504714966,3.310620618802515,0.256897821062704,4,ok,0.2254620262732108,0.2121379881476362,0.1835125818227728,0.2174035726735989,0.0352874253876507,19.98906549884595,1.460544310193003,ok,1.186162767058646,floor,1.3893662050354747,floor,3.34969809767191,ok
613,22,0.3561961983703638,0,-18.77773039874064,0.013250338103368137,0.4741709996351366,0.0675383512347393,95,35.345742918315686,-17.614364104158874,0.017320626215353678,0.5359035512756181,0.0868391697235839,95,28.88570831700375,-19.510395631982533,0.011193359099732854,0.5857348056106346,0.1387563322919229,95,28.811203866255912,-18.80242839647292,0.013175198295440534,0.5344838487740146,0.0999284149850732,95,31.64143512123509,-1.8960315278236592,0.7079672355096136,-0.024697997732278765,-18.196047251449755,-1.3143483805327776,-0.606381145023164,0.1622514656380038,1.8960315278236592,1.7281595787493162,3.30466032809195,0.0504529985765178,3.0907118063919485,0.0571105038142198,3.1988907695643807,0.123493022921902,3.221469223990606,0.0642771825885741,4,ok,0.1965160530648733,0.1822739952096813,0.195569850818107,0.1761515343267666,-0.0061748266808296,19.89531951713392,1.4605050355454838,ok,1.1861353466679558,floor,1.3893334629997307,floor,2.470024473251094,ok
614,22,0.3176998439686013,0,-18.835195152001432,0.013076167793053258,0.4377089215604978,0.0385593205014056,84,35.34408437638056,-16.761618098833,0.021078426614335923,0.4719968255888143,0.0324533202367354,84,28.88388427098592,-18.62225101392121,0.013733299728318991,0.6094147045802066,0.1627518046882199,84,28.80934644880749,-18.458715112719794,0.014260294308884633,0.5134051148918015,0.081031378979506,84,31.639628069741384,-1.8606329150882104,0.16353590120141703,0.3764800392816383,-17.798406625417215,-0.8238443885039963,-0.6603084873025793,0.2076779264761447,2.0735770531684317,2.036541022358476,3.30656885076518,0.0616917090354487,3.064691044548617,0.0432210085344073,3.1340607865342216,0.0683226782223909,3.1797467757449884,0.0318095106882525,4,ok,0.2255094549840404,0.1794586346617766,0.1679235616964953,0.1911344953058731,0.0345604831264132,19.8379439233,1.4604750517205063,ok,1.5342075128059538,ambiguous,1.3893086920365585,floor,2.8636436388871083,ok
615,22,0.9694127001378698,0,-17.543933089223025,0.017603810752037184,0.4747829364007301,0.0680444746896287,306,35.36411322799383,-15.92989048058299,0.02552765676926915,0.5117029962336466,0.0654326890583132,306,28.906037586187225,-15.729396497920341,0.026733778794240243,0.5304107007454375,0.0864008177347799,306,28.83190157522563,-15.204515223762792,0.030168136027286473,0.4680701361772569,0.0429645525180124,306,31.661443043378444,0.20049398266264973,0.5248812741575488,2.3394178654602324,-16.736911784903008,1.0075152869826667,1.5323965611402155,0.1840009323147056,2.3394178654602324,3.450732179312556,3.3743163015343667,0.0314238669411235,3.134764525041525,-0.0141466378116108,3.266313184680697,0.0990988465565361,3.308456403402474,0.0632960561629123,4,ok,0.2045461447434682,0.1971023652483435,0.1905367410820878,0.2027958453042445,0.010287513913818,21.12812891490244,1.4608373060196862,ok,1.1863676547846207,floor,1.3896096511904492,floor,4.719144439440705,ok
616,22,2.0207724197379453,0,-19.30436735643208,0.011737166471793448,0.4816415519444077,0.0737617872114231,675,35.36460094310619,-18.480547095439352,0.014188787694754776,0.4641101680891369,0.0262197018362915,675,28.90652042247631,-20.90698698819881,0.008115238748198647,0.5622706217282178,0.115917356931432,675,28.83240061442057,-19.530554368033748,0.011141523052487334,0.4548692973862045,0.0325411710336414,675,31.661944664849177,-2.4264398927594577,1.3764326201650618,-0.22618701160166665,-18.892457225935715,-2.014529762263095,-0.638097142098033,0.19143633355312983,2.4264398927594577,1.3707342965058387,3.301624584572896,-0.101249675173336,3.035471353270604,-0.1914291841385704,3.0408431840413184,-0.1884709478595492,3.191561400975364,-0.1130959670448774,4,ok,0.2016172167934753,0.1837118051559836,0.1824426650504271,0.1911290411678729,0.0102218459243023,19.36766841038286,1.46084613160676,ok,1.1863731752090851,floor,1.389616313915037,floor,2.256952944697763,ok
617,22,0.4148327578341932,0,-19.533597829137957,0.011133717999720159,0.4373152032644513,0.0382590515623126,118,35.35576852701478,-19.613916502665823,0.010929702722982637,0.4898990135720494,0.0469930354931338,118,28.896751953383625,-19.83163819171421,0.010395279740312806,0.4721067415656198,0.0368424258414326,118,28.822464150897527,-18.84074798217937,0.013059459466555587,0.4570532036868442,0.0342449993680882,118,31.652330657183114,-0.2177216890483855,0.9908902095348395,0.6928498469585875,-19.57375716590189,-0.25788102581232053,0.733009183722519,0.08846470091230574,0.9908902095348395,1.4441539198758924,3.268918303047036,-0.0017269862951829,3.0206311976742137,-0.0343430158244233,3.080701899113695,-0.0117142345610155,3.205186046097252,0.0316889050269155,4,ok,0.2267363824076571,0.1829176577976194,0.1812849358292454,0.1804234437897043,0.0235420842733928,19.138913016438824,1.4606863350301305,ok,1.1862615155034244,floor,1.3894836830213797,floor,3.1600680652023745,ok
618,22,0.5883358547679751,0,-19.213663130178418,0.01198487991761289,0.4373950491976779,0.038319924155598,177,35.359873841711355,-18.756053546002953,0.013316639575207791,0.4656038819272244,0.0273922711939327,177,28.90135836197158,-20.303133903285737,0.00932581100044591,0.5071043043698277,0.0658987938076143,177,28.82715615310238,-19.29826401814428,0.011753672842629128,0.4913706320720802,0.0620902479551332,177,31.65683330385025,-1.547080357282784,1.0048698851414564,-0.08460088796586263,-18.984858338090685,-1.3182755651950515,-0.31340568005359515,0.12415916125560673,1.547080357282784,1.4308330081138891,3.294104992001416,-0.0072819091374252,3.079044764170727,-0.0159002083161219,3.129017230928909,0.0047739938263742,3.1359538913122,-0.0680363918262574,4,ok,0.2101484026949284,0.1890951711368763,0.188702565696785,0.1816885355586386,0.0109192212191173,19.458626917676373,1.4607605999529325,ok,1.186314162716576,floor,1.3895463030215869,floor,2.40844615407434,ok
619,22,0.2525174549179244,0,-18.810477869517833,0.013150801213323269,0.4056785455527542,0.0150145768832026,66,35.36348036563758,-18.502057962331744,0.014118683534309253,0.464492829251714,0.0265197328918578,66,28.90540143215295,-19.455301485971262,0.01133626139375616,0.5085726680571607,0.0671632869060729,66,28.831277327104047,-18.86343616303126,0.012991412832017456,0.4884810695990168,0.0596679568029192,66,31.660785097064394,-0.953243523639518,0.5918653229400022,-0.05295829351342718,-18.656267915924786,-0.7990335700464755,-0.2071682471064733,0.07754034810873921,0.953243523639518,1.6198203356186514,3.2088277675784043,-0.0177649146935672,3.076829749256777,0.0791334739370577,3.250983656077385,0.2041756346501957,3.2795648364422605,0.1497642463124231,4,ok,0.2216504047991651,0.1955725854319153,0.1909830364201105,0.1759574924115881,0.0176284586954297,19.86161817960996,1.460825854196237,ok,1.1863603816355293,floor,1.3896013170267167,floor,2.4414011501849897,ok
620,22,0.2314803634074955,0,-19.198483885073003,0.0120268421643176,0.3975109010616593,0.0092969000458051,55,35.38695935336026,-19.005914932851745,0.012572119682704249,0.6196720968667391,0.1685728582720453,55,28.931645826859903,-20.917379989798498,0.008095841575272251,0.5274130420222217,0.0837122392452283,55,28.857703677090733,-19.586016486409534,0.011000143516941233,0.3840843226215745,0.0,55,31.68639137961648,-1.9114650569467528,1.331363503388964,-0.387532601336531,-19.102199408962374,-1.8151805808361239,-0.48381707744715996,0.1581406102695356,1.9114650569467528,1.3114757199953884,3.221078710647321,0.0083093103521072,2.891688543062197,-0.088034469307797,3.083436469840928,0.0509398328686869,3.1066146801200736,-0.0094743550023821,4,ok,0.2042556312951174,0.2013471975922584,0.1940121485428376,0.2007249893789941,0.0087892659008502,19.47234857190058,1.4612509527749498,ok,1.186660629358206,floor,1.3899543597608806,floor,2.072348364866381,ambiguous
621,22,0.314551513871161,0,-18.960049284742944,0.012705596865213456,0.4420254344784894,0.0418690262434142,81,35.38287292292089,-19.919451721781495,0.010187199889801475,0.5001840993009994,0.0555911121205967,81,28.927078741568103,-19.301909712115815,0.011743810337886778,0.4847128943199693,0.0470692282723641,81,28.85312122768826,-18.669920257206318,0.013583383874298003,0.4782154434687399,0.051177921449943,81,31.681948838410555,0.6175420096656801,0.6319894549094975,0.2901290275366257,-19.439750503262218,0.13784079114640235,0.7698302460558999,0.10447445674291499,1.2495314645751776,1.5226872916484115,3.123198193809713,-0.1189216206514021,3.0233553367645944,0.0054704238868872,3.1869062394571848,0.1240228201168744,3.1804618914260443,0.0352596674818705,4,ok,0.1976568421095977,0.1916194108809218,0.1961372726953324,0.1817979250609138,-0.0014991462000726,19.71100317459203,1.461176930533168,ok,1.1866083510252603,floor,1.3898931064963216,floor,2.7822037866162384,ok
622,22,0.4141647075943391,0,-19.809424348580777,0.010448587046404249,0.3690122309642692,0.0,112,35.3825467314039,-18.41929354993238,0.01439032641102571,0.4302100164439292,0.0006210899492089,112,28.926659090178354,-20.34447402248415,0.009237460572680455,0.465673471581925,0.0317272559330765,112,28.852703945977343,-19.689234407197183,0.010741787564560732,0.4403265418793872,0.0214033903716059,112,31.681562747274125,-1.9251804725517694,0.6552396152869662,0.12018994138359318,-19.114358949256577,-1.230115073227573,-0.5748754579406068,0.17169950134358083,1.9251804725517694,1.422408417134303,3.2476362633033093,-0.019052399110468,3.016968988498765,-0.0328607523414685,2.993141898658652,-0.0951778989062308,3.20695906540888,0.037386571746028,4,ok,0.1969826033538473,0.1932924565792615,0.1845912519576294,0.1708664987568876,0.010546278008925,18.86164567059078,1.4611710224923469,ambiguous,1.1866035479854518,floor,1.3898875294321744,floor,2.61672981399591,ok
623,22,0.3914576054397236,0,-19.80669479294324,0.0104551560831298,0.4141007814866124,0.0210322577354411,111,35.379611041094805,-19.308775528053637,0.011725259068652228,0.4310671716027587,0.0012444287053536,111,28.92332257451238,-20.282876987943066,0.009369411237540112,0.4281996505760581,0.0033264229404748,111,28.849346659204983,-19.787265820254603,0.010502033951798294,0.4241887758896741,0.0094676322445776,111,31.67832532659307,-0.9741014598894289,0.4956111676884625,0.019428972688636748,-19.55773516049844,-0.7251418274446273,-0.22953065975616482,0.07931078960126355,0.9741014598894289,1.330966822740121,3.2443475724406223,-0.0216611020643844,2.9918104698895256,-0.057135139272896,3.055637965440728,-0.0319778337246794,3.068928939625554,-0.0999690621452029,4,ok,0.2058429310584927,0.1766124394562867,0.1993230701432571,0.1773061047199073,-0.0080953848858674,18.864533253433727,1.461117855009289,ok,1.1865653641811802,floor,1.3898426628485951,floor,2.5158533424856278,ok
624,22,1.2622739737476427,0,-19.601374189887448,0.010961313045864835,0.4438521921223815,0.0432794819506523,408,35.37173283333872,-18.78003254760089,0.013243316101368969,0.4707133327639899,0.0314316908558376,408,28.91436696052552,-20.554155481777652,0.008802062577609534,0.4338279647043772,0.0074400671663474,408,28.840326566322176,-18.731186780647327,0.013393106488924196,0.4337467640157828,0.0164830744097139,408,31.66964579096028,-1.7741229341767628,1.8229687011303248,0.8701874092401205,-19.190703368744167,-1.3634521130334853,0.4595165880968395,0.16215272399842462,1.8229687011303248,1.4404557644644298,3.3130990744417352,-0.0516048808355549,3.0284914119199726,-0.1487794557591875,3.0773271908243194,-0.1124688365528934,3.191999827102913,-0.0747957487427646,4,ok,0.2001241217002126,0.180567080155015,0.1864847562860186,0.1939870224462128,0.0038608446415951,19.07027785295127,1.4609752130211802,ok,1.1864629062458538,floor,1.3897221568308251,floor,3.324284883019396,ok
625,22,0.1818096702632076,0,-18.04787391202416,0.01567518260629985,0.366815463305658,0.0,43,35.37547834529433,-17.836412060869996,0.01645730788015688,0.3965414861727307,0.0,43,28.91855177768441,-18.69496216786831,0.01350528592488288,0.5083741458964304,0.066992114224325,43,28.844502382500227,-17.8433111333448,0.016431185046684692,0.507777150688562,0.0761145116087311,43,31.673698735791582,-0.8585501069983152,0.8516510345235133,0.20456277867936024,-17.942142986447077,-0.7528191814212342,0.09883185310227915,0.07754737526650983,0.8585501069983152,1.945907943850109,3.219925984146723,0.0258179362657293,2.9479148631895424,-0.0075443459460093,3.114238577421494,0.1010622284458544,3.120203609472768,0.0226250959883675,4,ok,0.1753927498709323,0.1786544868765875,0.1966839876285819,0.1968384721251421,-0.0196603692548219,20.62357656688833,1.4610430219435366,ok,1.1865107774126016,floor,1.3897779377333783,floor,2.6993171217195253,ok
626,22,0.21123205847329,0,-19.906701262041505,0.010217152456213758,0.4108736029648981,0.018711828972781,49,35.37778208207111,-17.86405146301527,0.016352902737716966,0.4988415172880068,0.0544586095641668,49,28.921174613796936,-19.323574027866236,0.011685373470231537,0.4775230370907048,0.0412034038691266,49,28.847148428157883,-18.24373327508409,0.014983962328226701,0.4838698058012874,0.0558319719778079,49,31.676237845907405,-1.4595225648509675,1.0798407527821468,1.6629679869574154,-18.885376362528387,-0.43819766533784943,0.6416430874442973,0.18505494883017592,2.0426497990262362,1.757857166536855,3.3080273378889307,0.1040159102586781,3.1801437273195443,0.2118079778208796,3.0766953375430086,0.0532659187657618,3.2431265158902924,0.1357246669332257,4,ok,0.2134902167076967,0.1964194093431745,0.2125797747653358,0.2174914533994635,-0.0076249617399001,18.7646252279031,1.4610847351283585,ok,1.4367058287106824,ambiguous,1.3898132899720157,floor,4.060688143714307,ok
627,22,0.3735009143820065,0,-19.535741618137045,0.011128223467066115,0.4651423088343098,0.0601467242606286,103,35.37735544593589,-18.02440786999288,0.015760108861053352,0.4405854202802922,0.0082496557427331,103,28.920735016609857,-20.851499608047952,0.008219587806169307,0.60170819721981,0.1548382239908803,103,28.84671924183669,-19.212703334829744,0.011987528881314574,0.3940164889192226,0.0,103,31.675805360368155,-2.8270917380550706,1.6387962732182082,0.32303828330730155,-18.78007474406496,-2.0714248639829904,-0.4326285907647822,0.22863446074988644,2.8270917380550706,1.4524191674395275,3.262130460441626,0.0017930750525532,2.9634283490405453,-0.0781433549439327,3.152903206005075,0.0711589501554854,3.131240122868694,-0.0320324281005355,4,ok,0.1865698903509714,0.1851017912759364,0.2024999362172432,0.1758510888490862,-0.0166640954037893,19.13560783450461,1.461077009776826,ok,1.1865357560729697,floor,1.3898075555458256,floor,2.8135918272585383,ok
628,22,0.2715327049878658,0,-19.53003621787473,0.011142852410003583,0.4131007759206361,0.0203112854899856,67,35.36710112842161,-18.980005648257528,0.012647347026075277,0.3958586691662879,0.0,67,28.90920937950932,-19.389353125532566,0.011509718115304489,0.4733918942053826,0.0378726763568706,67,28.83515184317062,-19.180151708230355,0.012077716443567721,0.6445226781208185,0.210921538689965,67,31.664627957699903,-0.4093474772750376,0.20920141730221076,0.3498845096443759,-19.255020933066127,-0.13433219246643802,0.07486922483577274,0.04819319673891718,0.5500305696172028,1.5386571570593124,3.1794950056646214,-0.0482378205530098,3.03005563753566,0.0308769279452416,3.033940179926756,-0.0140482441260729,3.243221661592358,0.1122901427544516,4,ok,0.1882861094243491,0.1995351482460748,0.1865032496514605,0.2238647872165068,0.0074073791837514,19.14186504057493,1.4608913777553856,ok,1.1864039214111046,floor,1.389653048898199,floor,2.8389443753388752,ok
629,22,0.3564377251458184,0,-19.611278480648185,0.010936343736468731,0.4448986801210218,0.0440901052416859,96,35.3652910788854,-18.935123752751895,0.01277872795903487,0.4014505702026485,0.0,96,28.907215575377148,-19.58218444544947,0.011009853887395673,0.462763978550805,0.0294369305158794,96,28.833122193813324,-20.63683075884503,0.008636085316621092,0.4103706250329657,0.0,96,31.662661731243134,-0.6470606926975755,-1.0546463133955584,-1.0255522781968445,-19.27320111670004,-0.3089833287494308,-1.3636296421449892,0.13568755032208546,1.7017070060931339,1.4096064338413314,3.233532987070408,-0.0214682569621786,2.9833614007143945,-0.0512721628271486,3.0662367826399057,-0.009982911778684,3.11680666546508,-0.0411728736232044,4,ok,0.2061654866750662,0.1785704843544711,0.177930989729551,0.1901170552397767,0.0144369957852177,19.060720158547333,1.4608586205174392,ok,1.1863811233566834,floor,1.389625948096527,floor,1.0409777056304947,floor
630,22,0.2108067180698888,0,-19.472472408561117,0.011291529126889162,0.4904411609293074,0.0812171946064284,50,35.37454284667969,-19.15296156487296,0.012153569350967688,0.4551256383305549,0.0192463106826199,50,28.917582778930665,-19.973284504969556,0.010061704292084667,0.4544916189493764,0.0230034350823138,50,28.84356143951416,-19.597918330540256,0.010970038883599473,0.4940758763815643,0.0643709757247519,50,31.67275039672852,-0.8203229400965952,0.3753661744292991,-0.12544592197913929,-19.31271698671704,-0.6605675182525168,-0.2852013438232177,0.0673032309460491,0.8203229400965952,1.4053730973820597,3.228675779059424,0.0231326196643992,3.0679572979477223,0.0976299651316527,3.171412793910208,0.1463975576545673,3.284433246205876,0.1755120457384706,4,ok,0.1966887210309505,0.2047868779301643,0.1854536460340023,0.1772213315963745,0.0152841534465551,19.19902841662493,1.4610260844585805,ok,1.1864996918874782,floor,1.3897653675029709,floor,2.3659093595858343,ok
631,22,0.7572088323478815,0,-19.436635477097145,0.01138508958566277,0.450155985244139,0.0481913673887013,241,35.37142138659212,-18.943393922024576,0.01275441687809156,0.5411138020271198,0.0915772571276103,241,28.91409252689093,-19.646434933988736,0.010848170606059606,0.5467415304927435,0.101315450275583,241,28.840072750550583,-19.06003481297689,0.012416423545670687,0.5162365897696187,0.083525587398769,241,31.669366702004588,-0.7030410119641601,0.5864001210118452,0.3766006641202537,-19.190014699560862,-0.45642023442787405,0.1299798865839712,0.0647950315027133,0.7030410119641601,1.5157170661225445,3.34393986937255,0.0191519104288331,3.037233755446117,-0.0881376646771125,3.2428417565714827,0.0943711662643216,3.2480677554207733,0.0208655540228197,4,ok,0.2134967243832176,0.186847351800604,0.1840854517311723,0.1992094416743245,0.0160865863607385,19.235033324924707,1.4609695751393663,ok,1.1864597672871988,floor,1.3897187667208006,floor,2.864460904709873,ok
632,22,0.3033733211523419,0,-19.631970948308442,0.010884360189022656,0.4907908625871203,0.0815162655289296,82,35.379031809364875,-19.05557469717654,0.012429181509512496,0.4661470713118972,0.0278196105212231,82,28.92277017453822,-20.34079782403576,0.00924528317147556,0.4537595279087201,0.022439669877257,82,28.84879742599115,-20.0204749450289,0.009952965656334769,0.4085067933136266,0.0,82,31.67775672819556,-1.285223126859222,0.3203228790068593,-0.3885039967204591,-19.34377282274249,-0.9970250012932702,-0.6767021222864109,0.11209885591615237,1.285223126859222,1.334370496942454,3.215721563038654,-0.0273285470647324,3.082410422351084,0.0633159234844891,3.0379188389889493,-0.0259277248937128,3.0116107986323835,-0.1345142018198277,4,ok,0.2111023707633338,0.1882202718406915,0.1839324921006109,0.1712751894189817,0.0157288292014017,19.03928827588858,1.4611073656120983,ok,1.1865590430221775,floor,1.3898353236580077,floor,2.0709581897304705,ambiguous
633,22,0.4459277197697974,0,-19.536218508352047,0.011127001565858245,0.4531077949402763,0.050515215488466,126,35.386982993474085,-17.10811190920412,0.01946206008788134,0.445979471799403,0.0122874795241709,126,28.93172615293473,-21.049799989526463,0.007852717987738447,0.4203607453508736,0.0,126,28.857780214339968,-20.42852469304873,0.009060403323210222,0.4352909179890465,0.0176311305206275,126,31.68644770364913,-3.9416880803223435,0.6212752964777337,-0.8923061846966824,-18.32216520877808,-2.7276347807483816,-2.106359484270648,0.38178152159328554,3.9416880803223435,1.4710363261951214,3.2536691620917395,-0.0219495914346139,2.984370432218277,-0.0770703627841444,2.988136149059036,-0.1094290626806193,3.086439863781424,-0.0919905433434329,4,ok,0.2217738363477918,0.2034586796921397,0.1755997689352149,0.1849777548026944,0.0370164890847509,19.13461267580506,1.4612513810391188,ok,2.1831741589870246,ambiguous,1.3899553829500009,floor,1.1157193575669668,ambiguous
634,22,0.2654615691753482,0,-19.420101927170656,0.011428515122090251,0.4008352948811175,0.0116100751644943,69,35.3843085800392,-16.81998891349146,0.020797019960830786,0.52354425332954,0.0757832440738552,69,28.928736368815105,-21.18195694400496,0.007617356922859335,0.4437755037512256,0.0148419329323432,69,28.854780418285426,-20.324591915350346,0.009279846840772732,0.4534581305373217,0.0314445547332737,69,31.68354109059209,-4.3619680305134985,0.8573650286546126,-0.9044899881796908,-18.12004542033106,-3.061911523673899,-2.2045464950192866,0.4152180547056735,4.3619680305134985,1.5119846436912723,3.219303196456405,-0.0106597359340145,3.211663896916763,0.209585565896591,2.9215979673980463,-0.1286993082623668,3.096879750718064,-0.0362638494122524,4,ok,0.190327118596305,0.205189685512712,0.1810843424088713,0.1928495003477386,0.0166740596456372,19.25087324405559,1.461202934549986,ok,2.408372041201845,ok,1.389915283124889,floor,1.041211775104538,floor
635,22,0.0617118900058861,0,-20.123340999537405,0.009719991833577439,0.1553129071974741,,5,35.38835144042969,-20.122545325449472,0.00972177280351221,0.3067340765830134,,5,28.93323173522949,-20.236948749227686,0.009469021989080858,0.2888806723515899,,5,28.859292602539064,-20.889399580588492,0.008148169260420026,0.1881062812859546,,5,31.68792037963868,-0.11440342377821366,-0.652450831360806,-0.7660585810510874,-20.12294316249344,-0.11400558673424754,-0.7664564180950535,0.07046076692697506,0.7668542551390196,1.192229461818715,3.076849270951109,0.0458838388179576,2.4728873309064943,-0.2704511144283827,2.865388568799572,0.0211154295594364,2.6828120702134584,-0.2529424311704975,4,ok,0.1819472074508667,0.2107283294200897,0.1217855975031852,0.1640617847442627,0.0745521709322929,18.54741650364393,1.461276172668226,ok,1.1866787857132477,floor,1.3899756021472276,floor,1.510736583094308,ambiguous
636,22,0.0627127265695569,0,-18.931345869083444,0.012789848881220657,0.3505447143819234,,9,35.390204111735024,-17.116477962256276,0.019424605340130106,0.4303410698400282,,9,28.93534236484104,-19.6190344060268,0.010916830301559882,0.3968649912754752,,9,28.8614075978597,-17.74815825668637,0.01679516111392059,0.5223133521602132,,9,31.68995708889432,-2.5025564437705228,1.870876149340429,1.1831876123970737,-18.02391191566986,-1.595122490356939,0.2757536589834899,0.22227204929947056,2.5025564437705228,1.8903138928705139,2.8826234222244023,-0.1929069036821289,2.855601124103014,0.0543186568302003,2.8061104654905646,-0.084301161632343,2.9443658747310884,-0.0355933237283703,4,ok,0.1984114448229471,0.1785598355862829,0.1794837299320432,0.1878170950545205,0.0090019102725717,19.73931187520209,1.461309739472765,ok,1.186702951638886,floor,1.390003880241476,floor,3.613290332117065,ok
637,22,0.0767571898437906,0,-19.40247815447269,0.011474986533778512,0.5130756488693158,0.1010142278046459,14,35.389420645577566,-19.962380123177198,0.010086999230145994,0.5117205382038846,0.0654478475333091,14,28.934447152274,-21.22832080225501,0.007536469046579677,0.4701951808164239,0.0353151924784114,14,28.860511098589217,-19.72619857397674,0.010650748817587014,0.412679354869277,0.00122730593259,14,31.689094134739467,-1.2659406790778114,1.502122228278271,-0.32372041950404906,-19.682429138824943,-1.5458916634300657,-0.04376943515179477,0.14806680550534831,1.82584264778232,1.1792265551388288,3.023620429491151,-0.0854088354806186,2.9461826600286685,0.1013443106311409,2.884446741458871,-0.040646678063382,2.9773797714965173,-0.0358076101436242,4,ok,0.1354070790112018,0.2038896094475473,0.1577736607619694,0.1764760938073907,0.0118746834674051,19.268221777146973,1.4612955442135849,ok,1.1866927014704165,floor,1.3899918934172604,floor,2.14763078856634,ok
638,22,0.1231491296264476,0,-18.811739339754894,0.013146981930338388,0.4071409887743927,0.0160506202440471,24,35.390812714894615,-19.070190677234816,0.012387421982910232,0.5144307207504428,0.0677960290680192,24,28.93599271774292,-21.399227241981325,0.00724564873411084,0.4759970166559832,0.0399696816062387,24,28.862062056859333,-19.494680067907318,0.0112339372376905,0.3059056956012621,0.0,24,31.69060254096985,-2.3290365647465094,1.9045471740740076,-0.682940728152424,-18.940965008494857,-2.4582622334864688,-0.5537150594124611,0.20666155577842485,2.5874879022264317,1.270087184666746,3.224345980852898,0.0744510017816506,2.945882313140861,0.0479096772277882,2.9788830870987733,0.0114809780419369,3.089544533165049,0.0358217354252379,4,ok,0.2009712535267075,0.1943928819770614,0.1759089917565385,0.1752954007436832,0.0217730759953459,19.85888563220826,1.4613207668494197,ambiguous,1.1867103984611365,floor,1.3900126311629069,floor,1.6637313403035603,ambiguous
639,22,0.1661254008683303,0,-19.35608084756271,0.011598235299007836,0.3033248124169354,0.0,37,35.392836493414805,-20.238124620488794,0.009466458557103093,0.5007890337616752,0.0561023846846373,37,28.938290003183727,-20.50281643058819,0.00890673142937053,0.7631657607092756,0.3416817967382277,37,28.86436457247348,-19.44541186353837,0.01136210539935356,0.437573894132459,0.0193359651663167,37,31.69282124493573,-0.26469181009939646,1.0574045670498187,-0.08933101597566306,-19.79710273402575,-0.7057136965624409,0.3516908704873778,0.11290859008287635,1.1467355830254817,1.2594349345477052,3.2389858663662063,0.0562719361384917,2.825006017867,-0.1156383684929749,2.9801196534067205,-0.0212602496499854,3.0309950699466794,-0.0552814190817194,4,ok,0.2064546175502442,0.1934486001327231,0.1988184627246212,0.1879684904942641,0.0011331461168624,19.31443514180953,1.46135743839413,ok,1.1867367053460345,floor,1.3900434209446786,floor,2.404365529949179,ok
640,22,0.2640639096629293,0,-19.345346222465857,0.011626938565766302,0.5965148643870881,0.1817075754513757,70,35.39688393729074,-18.01696452273447,0.015787143178121715,0.4479084292647566,0.0137433658014343,70,28.94287275586809,-20.57325188903286,0.008763443905376887,0.5309696794396097,0.0869038473234844,70,28.868958718436105,-19.32613294413679,0.011678490333098679,0.5174744673075483,0.0846203267953451,70,31.697255788530622,-2.556287366298392,1.2471189448960693,0.019213278329065275,-18.681155372600163,-1.892096516432698,-0.6449775715366286,0.209190330164967,2.556287366298392,1.4788659968275,3.3557943507285435,0.12474049097557,2.9256618061039275,-0.0778349669605571,3.1639972510762435,0.1125705272193613,3.2261220433657742,0.09189633331642,4,ok,0.1946751952171325,0.1891537445464304,0.209830360433885,0.1832873312490327,-0.0179158905521035,19.32495178335923,1.4614307904234671,ok,1.1867891929658227,floor,1.3901048657326531,floor,2.516079326937296,ok
641,22,0.3451692209353151,0,-19.159988967281006,0.01213391932934541,0.4642113546037627,0.0593926499758843,85,35.389669081744024,-18.01005765928771,0.01581227045904313,0.5485473666826024,0.0984165364321907,85,28.93479421279009,-20.06670549848512,0.009847578469996886,0.4726184097642002,0.0372522722411055,85,28.860854092766257,-19.06838479806292,0.012392573979977782,0.4824276899707784,0.0546397835512686,85,31.68940512713264,-2.05664783919741,0.9983207004222017,0.0916041692180869,-18.58502331328436,-1.4816821852007607,-0.483361484778559,0.16974742402769993,2.05664783919741,1.567330577136886,3.309579406900626,0.0638049985614319,3.135035118013956,0.1123984409129907,3.051822712654091,-0.0148443449064203,3.250945207745284,0.1021179282554616,4,ok,0.1953381241244428,0.2012777235139818,0.2077448861563907,0.1928035486270399,-0.0094369623371783,19.510697586918567,1.4613000454535818,ok,1.1866966752519443,floor,1.3899964794254362,floor,2.588550441366062,ok
642,22,0.0715947223737647,0,-17.446965068805206,0.018001284391615593,0.3211755622613721,,6,35.38095474243164,-17.693220744165558,0.017008966492189376,0.1861484557802775,,6,28.92499891916911,-19.174299689758143,0.01209400185893708,0.3467604607638752,,6,28.8510643641154,-16.938107734794055,0.020239008207557238,0.3180431334245253,,6,31.67990493774414,-1.4810789455925857,2.236191954964088,0.5088573340111502,-17.57009290648538,-1.6042067832727618,0.6319851716913263,0.17683713599763398,2.236191954964088,2.0124400465711028,3.028919855867528,-0.0158688582423804,2.76439462480808,0.003082916523478,2.6333338081811988,-0.2252507155138845,2.6666356574261867,-0.2828303989651508,4,ok,0.224479300280412,0.214245301981767,0.1556041439374288,0.1226677323381106,0.0637581571936607,21.22419064871692,1.4611421894599708,ambiguous,1.1865845478205248,floor,1.3898656171982304,floor,2.989423812064472,ok
643,22,0.2309750544674736,0,-19.652550019971507,0.010832906581898205,0.4531031013350875,0.0505115083345228,48,35.37570603688558,-16.009672505454013,0.025062982418616372,1.1930897127531377,1.0462474299525688,48,28.91900320847829,-20.388936034468486,0.009143372148722803,0.5334910063172077,0.0891793953232589,48,28.845017274220783,-19.37786590840568,0.011540201956717117,0.4259361783669395,0.0107385270797666,48,31.67410528659821,-4.379263529014473,1.0110701260628048,0.2746841115658256,-17.83111126271276,-2.557824771755726,-1.5467546456929213,0.44987642281843854,4.379263529014473,1.8116084295520394,3.180385992552294,-0.022062118999623,3.273974355688452,0.3076712559611438,3.135402848459644,0.1135919467219306,3.291048694766338,0.1851975263522907,4,ok,0.1802432831997672,0.2191934421037634,0.2132127429358661,0.1810231390409171,-0.0134943802841007,19.01888820486656,1.4610471444869126,ok,3.535485172782692,ok,1.3897848165215048,floor,2.7671739540595666,ok
644,22,0.1829256187328611,0,-19.886211303275736,0.010265470745278277,0.4539282190580874,0.0511638017357993,39,35.38118205926357,-16.67609581795601,0.021497621798787465,0.4499354555501867,0.015280040538862,39,28.925230759840744,-20.30551306918784,0.009320703504007299,0.4387756393387215,0.0111006088427809,39,28.85126397548578,-19.881085542900266,0.010277593719203474,0.420909759093841,0.0070968869717087,39,31.680133770673702,-3.6294172512318283,0.4244275262875732,0.005125760375470634,-18.281153560615873,-2.0243595085719654,-1.5999319822843923,0.39043584943849063,3.6294172512318283,1.6573221267110039,3.082231670300817,-0.1044736100726217,2.9345370122054697,-0.0112969945220959,3.056958176274136,0.0514459878075088,3.275306994834227,0.1850714158321995,4,ok,0.1577603859970202,0.2031046748161316,0.1876014709854737,0.1725156288116406,-0.0071689405788978,18.78493217786381,1.4611463063307144,ok,3.091655541559336,ok,1.3898682848117374,floor,2.50138043798449,ok
645,22,0.8413529327727436,0,-17.203334888099555,0.019039981022968555,0.4713922670734579,0.0652483161904771,265,35.37170843448279,-16.269535324280774,0.023607308073319688,0.4660547059809595,0.0277469094752256,265,28.914567976177864,-16.299096130222676,0.02344716755686476,0.4925448370913978,0.0535586476556386,265,28.84059353234633,-16.223051120804506,0.023861343235264933,0.4866964783243572,0.0581790882324522,265,31.669774080672354,-0.02956080594190169,0.07604500941816994,0.9802837672950488,-16.736435106190164,0.4373389759674886,0.5133839853856585,0.08878725214320217,0.9802837672950488,3.0139880205349288,3.448708609722772,0.1167230151022247,3.1685555909583307,0.0338256842721049,3.1828570330495367,0.0269346573045203,3.4051504999910525,0.1708088379590835,4,ok,0.2092476646995769,0.187144822528902,0.1959507875285058,0.2037089590896975,0.0022454560857336,21.46831846766688,1.4609747713442578,ok,1.1864652054809843,floor,1.389725722630493,floor,3.4257068047817705,ok
646,22,0.1542534907138744,0,-19.581850155820423,0.011010701381844203,0.4129880733597896,0.0202301398238031,35,35.36602434430804,-17.630344524386512,0.01725700987267276,0.3672602979618676,0.0,35,28.90825522286552,-20.345539982324162,0.009235193550169798,0.5331655479202593,0.0888850566631298,35,28.834188188825333,-20.270952309721334,0.009395172730550787,0.3896219074883604,0.0,35,31.66357421875,-2.71519545793765,0.07458767260282784,-0.6891021539009117,-18.606097340103467,-1.7394426422206948,-1.664854969617867,0.2788015551722412,2.71519545793765,1.4844328074155695,3.1436999048676606,-0.0348008224046432,3.15133210603789,0.2161657967876404,2.920600209991894,-0.0764177211841112,2.93771964091572,-0.1443776984593974,4,ok,0.2028881762708936,0.1807565784880093,0.1916267859084265,0.1736403650471142,0.0001955914710249,19.09010903444801,1.4608718903816655,ok,1.186393010865732,floor,1.3896401813977193,floor,1.6525159358316996,ambiguous
647,22,0.1495128193345922,0,-18.47582033427068,0.01420423885147955,0.6177397982807569,0.2041702213973852,30,35.367699178059894,-17.729441186326675,0.01686770050832937,0.3897204637130895,0.0,30,28.910132535298665,-19.029090226684264,0.012505209657240772,0.6103513505869503,0.1637204822733564,30,28.836106745402017,-17.324897186254354,0.01851442724259785,0.8138931359915863,0.4222475371976615,30,31.66541004180908,-1.2996490403575898,1.7041930404299102,1.1509231480163251,-18.102630760298677,-0.9264594663855874,0.7777335740443228,0.1497113769165762,1.7041930404299102,1.9549981974698807,3.2046430276974363,0.0378297188063236,3.0478455029249214,0.1278753709733622,3.270799958289028,0.2858821302593153,3.428177500980106,0.3576731161795559,4,ok,0.1810984085003535,0.2069533310830593,0.1548043342928091,0.1893381575743357,0.0392215354988972,20.1960487476492,1.4609022015578643,ok,1.1864144779735402,floor,1.3896658001561304,floor,3.582883561493782,ok
648,22,0.1165808565481153,0,-17.56433809968418,0.017521294527212048,0.4485897800582689,0.0469645206847177,22,35.37134049155495,-18.310039532282392,0.014756931005052007,0.5797294892463908,0.1281224625147436,22,28.914204424077813,-17.7654282126165,0.016728506858603748,0.5479215975762272,0.102410703164951,22,28.840266141024504,-16.408429020124778,0.022864257259758318,0.5011394264791331,0.0703851218818367,22,31.669399174776945,0.5446113196658935,1.3569991924917204,1.1559090795594003,-17.937188815983284,0.1717606033667849,1.5287597958585053,0.1670126466336429,1.901610512157614,2.279183649692939,3.243562733229342,0.1002647952346627,3.2905974316001965,0.4012023790829238,2.9399488463414047,-0.0206232789770832,3.217496546737747,0.1703174693502673,4,ok,0.1729288971559568,0.1996207755397666,0.208846219222654,0.1900278211317279,-0.0225713828747922,21.107335055328758,1.4609681107726715,ambiguous,1.186461047156525,floor,1.3897213497516805,floor,3.587584653164044,ok
649,22,0.1497805394511784,0,-19.252380566064474,0.011878509336966327,0.6690149881449902,0.2616755189958906,33,35.36965676509973,-17.719832318337758,0.016905062010467112,0.2968036028448283,0.0,33,28.91232039711692,-19.379481159696,0.011535910661086508,0.3557320140935661,0.0,33,28.838340123494465,-19.69037941884438,0.010738955879803426,0.3920702032200243,0.0,33,31.667553063594934,-1.6596488413582406,-0.3108982591483809,-0.4379988527799057,-18.486106442201116,-0.8933747174948827,-1.2042729766432636,0.19005507967817706,1.9705471005066215,1.6516864447885167,3.244131669294501,0.0700921195031991,2.8775195569638927,-0.0518462545415912,3.0055796368870324,0.0131804081407196,3.144067353694106,0.0663951342385056,4,ok,0.189922600533023,0.1802840293808416,0.1891680344036131,0.1592523884592634,-0.0040647194466807,19.41938318791949,1.46093763318529,ok,1.1864394988077238,floor,1.389695625923537,floor,2.010092492978097,ambiguous
650,22,0.1832858234389917,0,-19.867907207712324,0.010308827658889354,0.537317305533013,0.1232073743955415,45,35.37675264146593,-17.616943949891198,0.01731034027433897,0.4003882578188034,0.0,45,28.92027702331543,-20.886559247812066,0.008153499994031985,0.3876207549200507,0.0,45,28.846376419067383,-19.457267847673293,0.011331129819321988,0.4457048759692827,0.0254802973384278,45,31.675347900390623,-3.2696152979208684,1.4292914001387729,0.41063936003903123,-18.74242557880176,-2.144133669010305,-0.7148422688715321,0.2882926952301129,3.2696152979208684,1.47705101348099,3.1804560592494484,-0.0170988614382867,2.8690520314646184,-0.0908888594751524,2.861715848617669,-0.1550290828398681,3.12852224571203,0.0275247188433591,4,ok,0.2020207944843504,0.2028242876132329,0.1626207382314735,0.1992150014473332,0.0398018028173181,18.803474688859577,1.461066094718923,ok,1.9123348885486229,ambiguous,1.3898029751267051,floor,2.89684970102493,ok
651,22,0.2722980272380524,0,-18.88128091317595,0.012938141861149655,0.4059195882350135,0.0151850829266839,66,35.37402667421283,-18.09569737315254,0.015503518173531294,0.5234767318162339,0.0757235516387984,66,28.917252945177484,-21.232832674970737,0.007528643496525347,0.4481856317616051,0.0181771518747848,66,28.84336402199485,-19.66490336981297,0.010802136552849667,0.4875359279378798,0.0588787547773652,66,31.67237408955892,-3.1371353018181978,1.5679293051577687,-0.7836224566370191,-18.488489143164244,-2.744343531806493,-1.176414226648724,0.2500867414785687,3.1371353018181978,1.3796947184682626,3.2645312863199303,0.0379386040479587,3.111788986045654,0.1140927107259344,3.0184375639145093,-0.0283704575126799,3.1103489588104605,-0.0194516313193768,4,ok,0.2044660585057554,0.1919053823433139,0.1980821720578453,0.1860577251310601,0.0001035483666893,19.79024769041875,1.4610167393349975,ok,1.1864959186529542,floor,1.3897627302424502,floor,1.4729320476937129,ambiguous
652,22,0.1275554934542464,0,-19.00345382517647,0.012579246208663202,0.3383540335836238,0.0,21,35.37847464425223,-17.755686536239246,0.016766072753607978,0.3624004448124543,0.0,21,28.92221196492513,-19.653960760597077,0.010829388245796644,0.5224058969246683,0.079255350417932,21,28.848373231433687,-20.081136810495888,0.009814909940245654,0.4365514203973012,0.0185713203273092,21,31.67726534888858,-1.8982742243578308,-0.4271760498988115,-1.0776829853194165,-18.37957018070786,-1.274390579889218,-1.7015666297880294,0.21248247034574233,2.3254502742566423,1.582746426819361,2.940818990639557,-0.1989518861288348,3.093351370845912,0.2085422624601727,3.137713472917105,0.180792949967028,3.1807164113648536,0.1370358876565909,4,ok,0.1830563921303976,0.1961936606537728,0.1993337067819777,0.1726626948941321,-0.0097086803898924,19.66783538844932,1.461097276105685,ok,1.1865526555634454,floor,1.389829655450986,floor,1.0411413948790076,floor
653,22,0.430364101659034,0,-18.74707559305603,0.01334419687329605,0.4736857654799582,0.0671374855668496,124,35.36506471326274,-17.907113021886133,0.01619156016003553,0.4446451255137059,0.0112840543822598,124,28.907226408681563,-19.658809099931787,0.010817305372353783,0.5841384662974606,0.1371729300728814,124,28.83318465755832,-19.75708683177554,0.010575266409456439,0.515371939043311,0.0827624731937202,124,31.66255077239006,-1.7516960780456543,-0.09827773184375133,-1.0100112387195068,-18.327094307471082,-1.331714792460705,-1.4299925243044562,0.17850284996765256,1.8499738098894056,1.5900078090778627,3.3031528323086947,0.0287471949604034,3.095714662679295,0.0358511816673963,3.1956120269776846,0.0993027667582224,3.17283547837068,-0.00439161761332,4,ok,0.2017007160391057,0.2057266297239449,0.2006396127624377,0.2067114774498247,0.0030740601190876,19.92493522416156,1.4608545240881758,ok,1.1863812472233162,floor,1.389626782099098,floor,1.0409764623691145,floor
654,22,0.3507205833227034,0,-19.187507226637464,0.012057278081874378,0.3616886183148827,0.0,92,35.36254795737889,-18.30436267405519,0.0147762330648916,0.4706244854625471,0.0313610734937426,92,28.90444104567818,-20.044835298255304,0.009897293976334957,0.3833265430803708,0.0,92,28.830373473789383,-19.962538727323384,0.010086630860121865,0.4567619632406884,0.0340173093703308,92,31.6598132589589,-1.7404726242001125,0.08229657093191989,-0.7750315006859196,-18.745934950346328,-1.298900347908976,-1.2166037769770561,0.16787850874537524,1.7404726242001125,1.464794324702027,3.2445881941679966,-0.0071862589064699,3.0437223230388675,0.0132842871926719,2.9953237392254497,-0.0775552256880156,3.0908562328360274,-0.0639225959004043,4,ok,0.2309608625491028,0.1756337055045625,0.1791083858064983,0.1765354570487271,0.0241888982203343,19.484638980194184,1.460808982656694,ambiguous,1.1863494019829235,floor,1.38958925040099,floor,1.4909682986123147,ambiguous
655,22,0.8153355646759126,0,-19.506546166886885,0.011203284979244287,0.4026375610107063,0.0128721785046892,257,35.36820879984459,-19.33642909881484,0.01165083602821416,0.4325942119357106,0.0023579941655114,257,28.910769065530385,-20.668719256301166,0.008572906247913917,0.4390269159508437,0.0112876237086148,257,28.836834206191483,-18.964436169197004,0.01269276919960668,0.4782788212898848,0.0512297839654969,257,31.666012990335545,-1.3322901574863266,1.7042830871041623,0.5421099976898809,-19.421487632850862,-1.247231623450304,0.4570514636538583,0.13762738653059695,1.7042830871041623,1.3527868337056836,3.3083458467294125,-0.0213156381468202,3.0338278165913857,-0.0978802436455801,3.0765152699160425,-0.0770009313674888,3.2441918730859545,0.0121555361320635,4,ok,0.2225673398010229,0.1888998330712086,0.1808376034526045,0.2122124806481344,0.0248959829835112,19.165295495575965,1.4609114252008255,ok,1.1864217571758613,floor,1.3896755146977615,floor,3.020218455126271,ok
656,22,0.2308187273673437,0,-19.64277915700081,0.010857306155908774,0.4300246374715187,0.0327477355302339,51,35.35804075353286,-18.07926144155047,0.015562302606371071,0.4503600096782885,0.0156027709363195,51,28.89944386949726,-19.92907036738319,0.010164662501023882,0.4150090417874583,0.0,51,28.82531891617121,-20.18384477923351,0.00958551656574532,0.3195941928220498,0.0,51,31.654903972850125,-1.8498089258327184,-0.25477441185032035,-0.5410656222327006,-18.86102029927564,-1.0680500681075493,-1.3228244799578697,0.20482089344648036,2.1045833376830387,1.4845878519649536,3.1211105305814577,-0.085934027253824,2.990370957819302,0.0180914815828479,2.9039820074832203,-0.1225876418513629,3.020343664214812,-0.0900667996081554,4,ok,0.2032124397217058,0.1997387266772634,0.1779272296995508,0.1823802191544981,0.0235483534999337,19.029609484684,1.4607274376264037,ok,1.186292280246775,floor,1.389521781264191,floor,1.875447697311104,ambiguous
657,22,0.2684605996387411,0,-20.454848000023645,0.009005652813426976,0.4407179748674256,0.0408630967274172,70,35.35986082894461,-18.991389047745702,0.012614240161262955,0.4023155779690394,0.0,70,28.901482800074987,-21.226126172909193,0.007540278428591548,0.38026552782815,0.0,70,28.82740584782192,-19.837943613538428,0.010380198023488446,0.3742976744562538,0.0,70,31.656899561200824,-2.234737125163491,1.3881825593707653,0.6169043864852171,-19.723118523884672,-1.5030076490245214,-0.11482508965375615,0.18902048210179084,2.234737125163491,1.2424701184138103,3.272020057806851,0.0409661980538773,2.916010779631126,-0.0874859934333587,2.9177236321390634,-0.1337030917178188,3.0306947687479724,-0.1035309413013818,4,ok,0.1996767408081463,0.1885878218071801,0.1734703820730958,0.181942451425961,0.0206618992345673,18.217442747754752,1.4607603645289031,ok,1.186315585106237,floor,1.389549635895314,floor,3.089684198170594,ok
658,22,0.496982340961713,0,-18.965260161128995,0.01269036121430194,0.3681887445207602,0.0,137,35.35244116121835,-18.307288661784558,0.014766281173434512,0.4197611311839143,0.0,137,28.89326884972788,-20.684935928647025,0.008540954477737242,0.4151125764003786,0.0,137,28.81902218561103,-19.26288953310834,0.011849800716769861,0.4797931759588263,0.0524710350780737,137,31.64883230724474,-2.3776472668624677,1.4220463955386862,-0.2976293719793439,-18.636274411456775,-2.0486615171902507,-0.6266151216515645,0.18744966274117725,2.3776472668624677,1.442793429588309,3.223167206569544,-0.0587974511902702,2.98836543628032,-0.0813264097846153,3.0149429352707244,-0.0891922556787911,3.249679444595837,0.0649544241429027,4,ok,0.2150541530908459,0.1813244966205454,0.1773897125283732,0.1885662719498585,0.0207996123273224,19.70742961685029,1.4606261542020145,ok,1.1862217148741458,floor,1.389437755670645,floor,2.176583184535265,ok
659,22,0.5056482184126999,0,-19.694445423549787,0.010728906428748559,0.4503081234506663,0.0483107688068906,155,35.35554329656785,-18.555199051129,0.01394697732692292,0.5288845647335626,0.0805287340033742,155,28.89672630063949,-19.545657480867177,0.01110284436022256,0.5545485841649742,0.1086052589028463,155,28.82261081818612,-18.78706019704063,0.013221903413404753,0.5260060315144954,0.0922366769808411,155,31.652217938823085,-0.990458429738176,0.7585972838265462,0.907385226509156,-19.124822237339394,-0.4208352435277831,0.3377620402987631,0.1114355067841022,1.1392463724207857,1.5915306848607575,3.2987391228237,0.0074151556555435,3.1326235913326723,0.050762614282287,3.188266960283398,0.0744419810910601,3.269102116786695,0.0750934337419564,4,ok,0.1823322126461613,0.1757560289434848,0.1806114736343583,0.1924065694212913,-0.0015673528395352,18.978077534712916,1.460682261058876,ambiguous,1.1862612223495932,floor,1.389485640233318,floor,3.35812784245502,ok
660,22,0.2245651541189817,0,-20.21375932316007,0.009519717651374222,0.3583835898443018,0.0,55,35.35091920332475,-18.880231676933164,0.012941268036568178,0.4716290119701515,0.03216026507759,55,28.89164397499778,-20.032629281743507,0.009925149835352687,0.5443132798650869,0.099069152643153,55,28.81733152216131,-20.0572037859416,0.009869147082029978,0.4670855397551376,0.0421768249029239,55,31.647221201116388,-1.1523976048103428,-0.024574504198092484,0.1565555372184697,-19.546995500046616,-0.4856337816968903,-0.5102082858949828,0.1307654978964298,1.333527646226905,1.3800850149068897,3.1522012384488654,-0.0605681618463482,3.025784738048732,0.0460617256787379,3.004345799062302,-0.0281508379099388,2.966296396652866,-0.1497926384695898,4,ok,0.1918403830040584,0.2021230612966147,0.1778188168325207,0.2082394881681962,0.0191629053178158,18.45901229227852,1.4605986304098024,ambiguous,1.1862031502150634,floor,1.3894151995031214,floor,2.651751071590676,ok
661,22,0.3331439861912955,0,-18.88376092865971,0.012930755713332616,0.4236469476274127,0.0280024865252519,97,35.312382294959626,-16.641299487659868,0.021670555855638842,0.4872746234220315,0.0448277165119324,97,28.84921376729749,-18.01228216666356,0.01580417330219012,0.3819984525924735,0.0,97,28.774324063173275,-17.220853909312154,0.018963330277708176,0.4572702765534533,0.0344148000059971,97,31.605452508041537,-1.370982679003692,0.7914282573514058,1.662907019347557,-17.762530208159788,-0.2497519585037722,0.5416762988476336,0.18947537224921,2.2424614409998433,2.3172260490144745,3.226789092090921,-0.0289978392173582,3.0479520375444045,0.0122969102363104,3.0347738308099514,-0.0422592936379686,3.17697642642477,0.0182175503948407,4,ok,0.2056106412687252,0.1763204685268328,0.1791693545570693,0.1850348274348323,0.0117962003407097,19.79108132697846,1.4599023996709988,ok,1.8949401491465587,ambiguous,1.3888420635759844,floor,4.05870817683938,ok
662,22,0.8278971292041478,0,-15.623107988646712,0.02739612891374472,0.470144620249678,0.0642244721883262,257,35.30711507240622,-15.095926512210738,0.030931953510486852,0.5213225878963226,0.0738232202636077,257,28.84326807905264,-14.935147536437825,0.03209853758746544,0.4855921040121365,0.0477925440806736,257,28.76836174100289,-15.175462450663376,0.03037062678573616,0.5184590500013968,0.0854929323753483,257,31.599688236815457,0.16077897577291367,-0.24031491422555185,0.44764553798333573,-15.359517250428725,0.4243697139909006,0.18405479976534878,0.05742803070201357,0.6879604522088876,4.018061217696218,3.384868653934286,0.0552071690580531,3.2417800717006315,0.1100720114636657,3.3013116106469083,0.1477954093633768,3.367865620031508,0.1358292830776166,4,ok,0.2137843824720104,0.1986129158230839,0.1953274582871435,0.208024660408033,0.0108711908604036,23.052017052720583,1.4598073417285873,ok,1.1856511444732571,floor,1.388762706167296,floor,2.929994506789666,ok
663,22,0.3663479916809415,0,-19.111580682655422,0.012269925667531803,0.4665769719319629,0.0613117614695581,102,35.30720205867992,-17.936532800531527,0.01608224670308377,0.4337392479221847,0.0031955735248387,102,28.843320659562654,-19.226256846375197,0.011950176380323637,0.5246459230446111,0.0812439552015946,102,28.76841260872635,-17.248735933492284,0.018841974280888303,0.4258387127998066,0.0106675022909454,102,31.599755193672927,-1.2897240458436698,1.9775209128829125,1.8628447491631377,-18.524056741593476,-0.7022001047817206,1.275320808101192,0.19278950476915213,1.9775209128829125,1.892961486580767,3.360551687500687,0.1009539971847357,3.0466911520902578,0.0060812120395681,3.1308879282447704,0.0499094862293105,3.1429978641239376,-0.0195409703732662,4,ok,0.1983253312680651,0.1981698449920205,0.1905640510148277,0.1892413154755737,0.0076835371152151,19.563539689055517,1.4598089113753965,ambiguous,1.185651743719168,floor,1.3887633831053563,floor,4.249067956929627,ok
664,22,0.779507829120733,0,-19.85602079522111,0.010337081026584007,0.4014388995605482,0.0120321410074202,246,35.30430829428076,-17.03062180169035,0.019812433407237935,0.4808002676921621,0.0395356260909445,246,28.840125549130324,-21.261277847909597,0.007479493949757424,0.5624244296700293,0.1160640267538766,246,28.7652206033226,-18.114008594707382,0.015438288075776248,0.507957734821442,0.076271437231173,246,31.59663827632501,-4.230656046219245,3.1472692532022144,1.7420122005137273,-18.44332129845573,-2.817956549453868,0.32931270374834654,0.35681763136604405,4.230656046219245,1.6476792705817225,3.2795178699731338,-0.046826984407545,3.099589705294189,-0.0278060163748525,3.0787983064488618,-0.0712841535425017,3.29204857692082,0.0633020637262506,4,ok,0.2051300087837669,0.1877962489407963,0.1954580840117078,0.199779046078523,0.0010050448505737,18.81925491345301,1.4597566976957963,ok,2.672228618261158,ok,1.3887209078993317,floor,4.133496285992225,ok
665,22,0.5788826608019269,0,-19.45029603555185,0.011349334506318545,0.3702664435873798,0.0,173,35.30168330462682,-17.072094800617464,0.01962413486871233,0.4717711773588903,0.0322735081328966,173,28.83719264565176,-19.565826534159825,0.011051401229410684,0.4737410222403465,0.0381530407623349,173,28.76229265246088,-15.10793030693058,0.030846576381636546,0.4552237980357896,0.0328171886226695,173,31.59379318546009,-2.4937317335423614,4.457896227229245,4.342365728621271,-18.261195418084657,-1.3046311160751678,3.1532651111540773,0.44254420085835705,4.457896227229245,2.317181890016562,3.246392951782458,-0.0532608877610067,3.0267129817320173,-0.0659786350167261,3.2049344349537763,0.0824854541513908,3.185324060312949,-0.0169471687371851,4,ok,0.2121728307249918,0.1925339480011449,0.1925597949481079,0.2106204792168099,0.0097935944149604,19.22512056789797,1.4597093401079733,ok,2.108933659761921,ambiguous,1.3886819524746226,floor,7.048090678919309,ok
666,22,1.3449905483952955,0,-16.029577724083442,0.024948372947242854,0.4392204514886887,0.0397145975713966,447,35.32006251358612,-15.603700040658213,0.027518831938388687,0.4826724796424485,0.0410586832064823,447,28.85763885190823,-15.353250255971837,0.02915244431087814,0.4526927659881363,0.0216198099149511,447,28.78278906393372,-17.88688028312438,0.016267168741535616,0.4876352993221051,0.0589616588988446,447,31.613725854246407,0.250449784686376,-2.533630027152544,-1.8573025590409387,-15.816638882370828,0.4633886263989915,-2.0702414007535523,0.20302213789577317,2.533630027152544,3.2904209583084887,3.3255279598096914,-0.0460975414756741,3.119876287252765,-0.0663940905739077,3.1816226342455987,-0.0153393401267445,3.3065624835150835,0.0329013052035498,4,ok,0.2028703806834333,0.1922293609920764,0.1905742368725455,0.2034957271144294,0.0069756339652092,22.644852098528943,1.4600410494249143,ok,1.1858149840113026,floor,1.38895477259302,floor,1.040430059987276,floor
667,22,0.2817057673189999,0,-18.57985385078167,0.013868024969045425,0.4669169039748151,0.0615883335669023,74,35.329296472910286,-17.660158653429797,0.017138946955596514,0.4739601451771074,0.0340214576757782,74,28.86797216776255,-18.539020504752806,0.013999030170592935,0.4168655632531273,0.0,74,28.79324858897441,-16.930355268014615,0.020275168547957478,0.4565546798967092,0.0338553449275484,74,31.623827341440563,-0.8788618513230091,1.6086652367381902,1.6494985827670554,-18.120006252105732,-0.4190142526470737,1.1896509840911165,0.16128156542979416,1.6494985827670554,2.1016346385999896,3.299736311801249,0.0644692490928648,3.177385615662346,0.1684107654881357,3.024809572792369,-0.0309791229452134,3.32369559926986,0.185290739567224,4,ok,0.1708101556711905,0.1723079437742362,0.1770431435591465,0.193051115282484,-0.0054840938364331,20.09407994667789,1.4602078182136724,ok,1.185932867066755,floor,1.3890941052711367,floor,4.046527484525039,ok
668,22,0.1093828424349963,0,-19.577932037866077,0.011020639498721627,0.3107445820546957,0.0,23,35.33061682659647,-17.839305103134087,0.01644634853470145,0.4501076334625362,0.0154108871506879,23,28.869474742723547,-20.785722415974718,0.0083450272352436,0.4523257125401134,0.0213381571778594,23,28.794773765232254,-18.96963454088821,0.01267758543339857,0.4669565391809447,0.0420737407305709,23,31.62529497561248,-2.94641731284063,1.816087875086506,0.6082974969778654,-18.708618570500082,-2.0771038454746353,-0.2610159703881294,0.24222013877435192,2.94641731284063,1.5033723238349763,3.170116885800863,0.0234486976877352,2.8169476962305846,-0.0768294119871404,3.0122108170972344,0.048149437545522,3.117856308445414,0.0673342210574552,4,ok,0.2384683369942333,0.1996377781033516,0.1934323314091433,0.1951430488539778,0.025620726139649,19.095930819654463,1.460231670511489,ok,1.1859500136918308,floor,1.389114428543011,floor,3.08091387901162,ok
669,22,0.1333703524786225,0,-19.270739037891538,0.011828402549518842,0.4334754887955747,0.0353448640405591,27,35.332039727105034,-16.86859315962463,0.020565566828288858,0.4219588697879127,0.0,27,28.87104366443776,-20.603002020292504,0.00870361752490541,0.4020174914987168,0.0,27,28.796364113136573,-19.209732915757545,0.011995730727290774,0.3121043259120842,0.0,27,31.626836352878147,-3.734408860667873,1.3932691045349586,0.06100612213399259,-18.069666098758084,-2.5333359215344196,-1.140066816999461,0.3322167242927244,3.734408860667873,1.6510784104110752,3.182712110323409,0.023887040139586,2.977915210365808,0.0683315202905472,2.9295764073236708,-0.0470711159079382,3.030299019394471,-0.0322816918073449,4,ok,0.183525744135733,0.1888593863005991,0.1701244010969444,0.1718165325345816,0.0160681641212216,19.403047366176875,1.4602573770664775,ok,2.1445746911179784,ambiguous,1.3891356219215036,floor,2.556500581621805,ok
670,22,0.2629297764179536,0,-18.134924089933,0.015364116479421715,0.4732118870839958,0.0667463973462454,72,35.33511649237739,-17.921890648179314,0.016136559184269254,0.5101844893019357,0.0641224769714556,72,28.874446842405533,-21.049786516675326,0.007852742348781243,0.4017193269569508,0.0,72,28.79981380038792,-19.421406216404662,0.011425083383545647,0.4280928775049036,0.012314309004445,72,31.630184253056843,-3.1278958684960116,1.6283803002706634,-1.286482126471661,-18.028407369056158,-3.021379147619168,-1.3929988473485047,0.26134719678565765,3.1278958684960116,1.454789606709212,3.307381780109252,0.0741920567607121,3.0267423977989534,0.020468539083434,2.924222106424064,-0.1294158987414735,3.1229564981738744,-0.0133878123082942,4,ok,0.2252465815593799,0.2182043555399609,0.1861752077626685,0.171711364450554,0.0355502607870019,20.5386969835985,1.4603129690206025,ok,1.1860067621278625,floor,1.3891815992281522,floor,1.0406140983202588,floor
671,22,0.1230057599182047,0,-18.824003425200285,0.013109908406951318,0.6342331019798861,0.2221675219791794,21,35.33677092052641,-16.599456614111098,0.021880353721131045,1.487312871969172,1.7121314988293146,21,28.87631062098912,-19.16344683088683,0.012124262117265621,0.4655581857739486,0.0316362309094335,21,28.80170458839053,-16.94743529422238,0.020195586525257922,2.0582099530401043,3.479736500171291,21,31.63200587318057,-2.563990216775732,2.2160115366644497,1.8765681309779048,-17.71173001965569,-1.4517168112311403,0.7642947254333095,0.25355017161196747,2.563990216775732,2.1491614065833486,3.221209577344915,0.0814387005765229,2.9388514772936287,0.0540423689078894,3.2715749758689325,0.3146544529188553,3.192736916224967,0.1490563925167043,4,ok,0.2018325903585978,0.2318918396319662,0.234444617160729,0.2319222617717016,-0.0175824021654469,19.849528739556312,1.4603428652348702,ok,1.8644657925897403,ambiguous,1.3892068030099831,floor,4.26315036780481,ok
672,22,0.0984739360361196,0,-18.790985266765247,0.013209959110561954,0.3562228975187571,0.0,17,35.33414145076976,-19.187205376043465,0.012058116136048404,0.4791659394113933,0.0382109277778832,17,28.873402988209445,-20.997442453627666,0.007947961498552425,0.5986540265430871,0.1517298530240061,17,28.79875710431267,-18.841727114857918,0.013056515495877259,0.3073520657828839,0.0,17,31.629149044261258,-1.8102370775842012,2.155715338769749,-0.05074184809267024,-18.989095321404356,-2.00834713222331,0.14736820654643878,0.18467856810294203,2.206457186862419,1.354546972704681,3.1016101906763494,-0.0221396228816406,2.844694789668816,-0.0192834637651913,2.628191992322697,-0.3121417609031844,2.968578084965991,-0.0592108661146184,4,ok,0.1762967924861347,0.1851344450431711,0.1831341449390439,0.1968332748202716,-0.002418526174391,19.882688202839702,1.460295350751018,ok,1.1859948470378237,floor,1.3891675147627918,floor,2.442918745329972,ok
673,22,0.0823679800475533,0,-19.91004499634093,0.01020928906022489,0.4141100761701973,0.0210389670833932,14,35.33269173758371,-18.470802796980337,0.014220658927563773,0.5458156685583199,0.0958923823509811,14,28.871806144714355,-20.409181907489366,0.009100846916533983,0.5968818914720377,0.1499335207609413,14,28.797138622828893,-19.140430359717556,0.012188688103701743,0.3583720453317313,0.0,14,31.62757723672049,-1.938379110509029,1.26875154777181,0.7696146366233734,-19.190423896660633,-1.2187580108287328,0.04999353694307729,0.17098919831753107,1.938379110509029,1.4504828761624353,3.1795118081081664,0.0704825431363969,3.058928703352588,0.2140903539550605,3.2033691386129024,0.2782757190906495,3.1236120364700204,0.1104246548298788,4,ok,0.213593524481569,0.1840386906904833,0.2296030957783971,0.1886797770857811,-0.0307869881923709,18.76370637339811,1.4602691570900734,ok,1.185976621067709,floor,1.389145943855289,floor,3.230461555123806,ok
674,22,0.3606421232832901,0,-20.06297828454195,0.009856033513275981,0.4099364443883569,0.0180413880213659,100,35.336692314147946,-16.47849910127427,0.02249832001518933,0.4369955469565089,0.0055896163889772,100,28.87627347946167,-20.008655298905236,0.009980090283951555,0.4130562491678703,0.0,100,28.8016689491272,-20.479282302327583,0.008955127421725436,0.3941601320693746,0.0,100,31.631957302093507,-3.5301561976309657,-0.4706270034223472,-0.41630401778563453,-18.27073869290811,-1.7379166059971247,-2.208543609419472,0.436766037697645,4.000783201053313,1.6877553174812792,3.1489573150661605,-0.1091389768095334,2.92261716873405,-0.1160406278962549,3.0006063135985968,-0.0788177153379208,2.942880933352368,-0.2181686377892746,4,ok,0.2201073011010885,0.1776412891596555,0.2067207520827651,0.1858591620624065,-0.007846456952393,18.61055810463534,1.4603414447292202,ok,3.475001483827873,ok,1.3892063279241162,floor,2.035979386774528,ambiguous
675,22,0.1688705489980921,0,-20.516271077564163,0.008879180656009868,0.3675492832554622,0.0,39,35.33864016410632,-18.453664541128923,0.014276887780700107,0.4256430980398091,0.0,39,28.878418946877503,-20.324392745669556,0.00928027242907557,0.4183182829683866,0.0,39,28.803843229244915,-19.620156479720613,0.010914010117027036,0.4847588471562776,0.0565687101600376,39,31.6340692960299,-1.870728204540633,0.7042362659489427,0.8961145978435496,-19.484967809346543,-0.8394249363230131,-0.13518867037407034,0.1962543287134421,2.06260653643524,1.415943407095412,3.253975222870647,0.0672699424972078,2.9475299016596104,0.0016958949320446,3.006769115834147,0.0012569273675202,3.028977237140216,-0.0612583418618122,4,ok,0.1987300700484178,0.1590973859987197,0.1722505916005526,0.1719047563771406,0.0066631364230162,18.15716062771449,1.460376646192222,ok,1.5008959717409982,ambiguous,1.3892353135406568,floor,3.34729042235574,ok
676,22,0.0823973471243068,0,-19.608630922164394,0.010943012814326695,0.362910038894731,0.0,13,35.33966592641977,-19.521080055357253,0.011165855274314775,0.2533620108597696,0.0,13,28.87954433147724,-21.385244114261447,0.0072690153937661015,0.3367247437226058,0.0,13,28.804982112004208,-19.064295960162205,0.012404246955112394,0.5208168847726166,0.0875893516413093,13,31.635175411517803,-1.8641640589041941,2.3209481540992414,0.5443349620021891,-19.564855488760823,-1.8203886255006232,0.5005595285986182,0.18348359379948015,2.3209481540992414,1.2500818917487888,2.901275967407833,-0.2021345686883142,2.61834141575195,-0.2191913681731692,2.4851470519540184,-0.4341292404039074,2.7361562528486822,-0.2714578134109877,4,ok,0.1700015715681589,0.169725796351066,0.1920214134913224,0.1824208669937574,-0.0221577295317099,19.064745652223184,1.4603951850863786,ok,1.1860649565913486,floor,1.389250497418869,floor,3.021555009617969,ok
677,22,0.0781781114560615,0,-18.59746105054789,0.01381191493493701,0.5210479544123774,,11,35.34021065451882,-17.619771316835227,0.017299074472466206,0.5325503172863008,,11,28.88013891740279,-20.373516855659872,0.009175892446757206,0.5316296387501535,,11,28.8055832602761,-19.202139200231812,0.01201672382184551,0.4618908633389649,,11,31.63576230135831,-2.7537455388246457,1.17137765542806,-0.6046781496839237,-18.10861618369156,-2.264900671968313,-1.093523016540253,0.22527778995411943,2.7537455388246457,1.5792989929444579,3.146271882989157,0.0555270774751472,2.8879364856788774,0.0668718969758401,2.640195857642479,-0.2659674749951324,2.9327728281172174,-0.0622778785960256,4,ok,0.1638648591258309,0.1949621418660337,0.1571423099799589,0.2091123109514063,0.0222711905159733,20.07588624588962,1.4604050304939111,ok,1.1860717455458607,floor,1.3892585124375985,floor,1.7846104884253504,ambiguous
678,22,0.5203760098108207,0,-19.42982544472192,0.011402956183573263,0.4382853449628636,0.0389994167371741,144,35.32979003588358,-17.533803101123205,0.01764491984672845,0.4548721716447324,0.0190515582120982,144,28.868623587820267,-18.361602214302884,0.014582761687096159,0.5826364902547353,0.1356870720084044,144,28.793913311428494,-19.939176240390665,0.010141037203156454,0.4786555547460496,0.0515382094453671,144,31.624439583884342,-0.8277991131796796,-1.577574026087781,-0.5093507956687446,-18.481814272922563,0.12021205861967843,-1.4573619674681026,0.21694173134325367,2.4053731392674607,1.8329002438516286,3.312975471955006,0.0272326161257967,3.085925904535962,0.0113215820062073,3.1981090350160466,0.0900622371696324,3.141983254551692,-0.0464894266047135,4,ok,0.206712092531638,0.1809593941240261,0.20121061297444,0.180903806997877,-0.007374869646608,19.24408183500067,1.460216734287394,ok,1.1859403005817686,floor,1.3891029626336977,floor,1.9172906384129067,ambiguous
679,22,0.146255786282629,0,-18.841907576677073,0.013055972971465008,0.5410119060833855,0.1266797256160219,33,35.32826834013968,-17.941486691831027,0.016063912534917905,0.6085348549594786,0.1570231518211335,33,28.866892438946348,-17.358526994903414,0.01837161351301145,0.3947435646493081,0.0,33,28.79215633507931,-17.69815906127066,0.016989636766286054,0.3262896845918615,0.0,33,31.622749502008613,0.5829596969276132,-0.3396320663672441,1.1437485154064149,-18.391697134254052,1.0331701393506378,0.6935380729833938,0.12099518739610085,1.483380581773659,2.214311493512436,3.182512241318559,0.008472691527257,3.203206905082752,0.2738410935772677,3.099224561786469,0.106825333040156,3.139996863067497,0.0623246436118964,4,ok,0.2139398952325185,0.2095293260433457,0.1514773231112595,0.189251120569128,0.0602572875266725,19.83208145788185,1.4601892459872146,ok,1.1859205465576668,floor,1.3890795517446777,floor,3.575182524420496,ok
680,22,0.2797926690962611,0,-19.961402227568602,0.010089270763237387,0.3850606321645391,0.0008049474133073,74,35.335416381423535,-17.8846639978956,0.016275472297772327,0.4785591781587614,0.0377202679988608,74,28.874889476879225,-18.240772264499356,0.014994181845451648,0.480447332107014,0.0435786054936344,74,28.80026719376848,-19.580724096172318,0.011013556659674642,0.4273261845148622,0.011753216690699,74,31.63058855726912,-0.35610826660375494,-1.3399518316729626,0.3806781313962837,-18.9230331127321,0.6822608482327439,-0.6576909834402187,0.19875776335015363,2.0767382296730013,1.8271533010606231,3.248759333719197,0.0134922710108127,3.0894787800355568,0.0805039298613463,3.2027157613655173,0.1469270656279349,3.01737083146089,-0.1210340282417457,4,ok,0.2391847267344191,0.212855577267505,0.1794873622019548,0.1828855501638876,0.0465327897990072,18.71220273036445,1.4603183879609556,ok,1.5426681670455944,ambiguous,1.3891876426394192,floor,2.8673968207148213,ok
681,22,0.2574471920305934,0,-18.805031362542515,0.013167304039288289,0.6321067420915342,0.2198206368742383,64,35.33834481239319,-18.06271558809904,0.015621705318420082,0.7176375584178352,0.2791910898636045,64,28.878175616264343,-17.89397832363585,0.016240603652219476,0.5220761711976368,0.0789633516330714,64,28.80360034108162,-16.294003284987262,0.02347467949723926,0.5981392677929575,0.1616098836208335,64,31.63380771875381,0.16873726446318926,1.5999750386485871,2.5110280775552525,-18.433873475320777,0.5398951516849273,2.1398701903335144,0.2242982676311504,2.5110280775552525,2.270731706486774,3.3895585544507094,0.1652989222147454,3.2327601724819344,0.2380973679286029,3.247205426582883,0.2028128355921179,3.1135177231387714,-0.0139686738813922,4,ok,0.2242318176431581,0.1766058650100603,0.2040929587674327,0.1920149013749323,-0.0036741174408234,19.86841621639912,1.4603713083907175,ambiguous,1.18604932944534,floor,1.3892320754070735,floor,4.892827029871122,ok
682,22,0.1765061332287585,0,-20.013659890400774,0.009968596352920597,0.4341580593793016,0.035861029203599,41,35.34076132425448,-17.46062863688502,0.01794473859750035,0.4851954909104554,0.0431205331271151,41,28.880834765550567,-17.712185963819074,0.01693485192523406,0.9262500299272942,0.5752834124792054,41,28.806294371442096,-17.574872738646224,0.01747884479943519,0.3665708644025406,0.0,41,31.63642297139982,-0.25155732693405497,0.13731322517284994,2.43878715175455,-18.737144263642897,1.0249582998238225,1.1622715249966724,0.20924524874628178,2.553031253515755,2.190476113554377,3.1958651328293115,0.005368155206594,3.052185005753299,0.1014209707009392,2.808950195948716,-0.2004875752530699,3.210037153545015,0.1160405237670403,4,ok,0.209143748552334,0.1816607940851188,0.2245609961995264,0.2258999331331834,-0.0291587248808,18.659657808137,1.460414983559574,ok,2.347593259627931,ambiguous,2.483972214986396,ambiguous,4.8190069089425895,ok
683,22,0.2236431876776515,0,-19.108924666577227,0.012277431884743947,0.5385185509059506,0.1243337481652531,54,35.34181347599736,-17.974473220439172,0.015942362426295705,0.6613026075605579,0.2135999642461985,54,28.88198096663864,-19.778517424206157,0.010523210493394887,0.4373522294728932,0.0100432444335625,54,28.807453720657914,-19.552593314705526,0.011085126883319332,0.4594256138343867,0.036105141406783,54,31.63755582880091,-1.8040442037669848,0.2259241095006317,-0.4436686481282983,-18.5416989435082,-1.2368184806979556,-1.010894371197324,0.1693497616858955,1.8040442037669848,1.5727148260745212,3.3188316109447222,0.1074534082802292,3.007730480534624,0.0298163266451281,3.180678131222647,0.1496218153101614,3.059267536563177,-0.0554415453128758,4,ok,0.2103971783761624,0.1806212315956751,0.1954645784916701,0.1683857256063708,4.462649424868959e-05,19.5643364782716,1.4604340014008956,ok,1.1860927792827898,floor,1.389283452571977,floor,2.002201651040933,ambiguous
684,22,0.1365979334447161,0,-18.717743396392645,0.013434628460380937,0.3200272106992929,0.0,26,35.33747951801006,-17.559602194410907,0.017540411613597717,0.569920037036025,0.1186003795173424,26,28.877031326293945,-19.165596655501545,0.012118261905891168,0.3330209775392234,0.0,26,28.802431179926945,-18.233475699439566,0.015019394687366594,0.5045179932029169,0.073291930677519,26,31.63273099752573,-1.6059944610906385,0.9321209560619792,0.48426769695307925,-18.138672795401774,-1.026923860099771,-0.09480290403779179,0.13902651580043712,1.6059944610906385,1.8459103168242827,3.10863004481359,-0.0473336237632264,2.844563066901106,-0.061300180838248,3.0720121234022297,0.0983270383634273,3.1122586223158937,0.0525161853819868,4,ok,0.1761964135445081,0.1705160318658902,0.1843613658386927,0.1942834928631782,-0.0110051431334935,19.955750686753856,1.4603556706369842,ok,1.1860362654838132,floor,1.3892164889585492,floor,2.965228712405528,ok
685,22,0.2463288821902645,0,-19.402401842577433,0.011475188167854112,1.0611691456378864,0.8530382277332107,56,35.33644948686872,-18.068799213905464,0.015599837650124118,0.5612563008382532,0.1103255839325176,56,28.87589812278748,-20.94197093071518,0.008050130244046093,0.5667821914601205,0.1202362171960249,56,28.80128373418536,-18.167119539320403,0.015250639179640627,0.5166928200139442,0.083928757778956,56,31.631616592407227,-2.873171716809715,2.774851391394776,1.23528230325703,-18.73560052824145,-2.2063704024737305,0.5684809889210456,0.24470906989351626,2.873171716809715,1.537209851564226,3.209310827378681,-0.0048247025544276,3.106645485257697,0.1251462082316985,3.115002204373402,0.0810911994893959,3.453068213800344,0.3356240908117289,4,ok,0.1994719575159251,0.1977010044668402,0.1989601047576538,0.1975323519270335,-0.0003736237662711,19.27114759641216,1.4603370566020446,ok,1.1860233288424231,floor,1.3892011929073924,floor,3.659964411532649,ok
686,22,0.2091292843886036,0,-19.269337964569576,0.011832219114878162,0.4664892963203961,0.0612404603943499,48,35.338915745417275,-18.101517705611666,0.01548275456847194,0.4309626994679002,0.0011683882818631,48,28.878624598185223,-20.46780527192059,0.008978824290775156,0.5758491474656662,0.129020268447189,48,28.804044723510746,-19.002435024939835,0.012582197487777107,0.4779812404657105,0.0509863311153426,48,31.63429617881775,-2.366287566308923,1.4653702469807541,0.2669029396297411,-18.68542783509062,-1.782377436829968,-0.31700718984921394,0.1894389244576955,2.366287566308923,1.5093021903572623,3.185293353316136,-0.0171547582357809,3.031868081460672,0.0655649817333632,2.8681418590607017,-0.1536690426770115,3.048431353206225,-0.0574198152078224,4,ok,0.19502780555437,0.2116749469811717,0.1783044748008251,0.171970390714705,0.0250469014669457,19.404078929448964,1.4603816267594512,ok,1.1860544555239758,floor,1.3892379998499629,floor,2.7587314645931698,ok
687,22,0.2109250582922887,0,-18.545867247733725,0.013976977795478239,0.3805142093612759,0.0,47,35.340323752545295,-17.324676487446034,0.018515368128569142,0.4101882028690302,0.0,47,28.88017946608523,-19.914583635129354,0.01019862531164085,0.5173824189183339,0.0748266463671956,47,28.805619057188643,-18.289914426159328,0.014825472971257471,0.497146307606389,0.0669747557461646,47,31.63582546152967,-2.58990714768332,1.624669208970026,0.2559528215743967,-17.93527186758988,-1.9793117675394747,-0.3546425585694486,0.20555919700353592,2.58990714768332,1.7659150133191375,3.322638988609245,0.1217871074594336,3.201696217439092,0.2374685632386581,3.1004019685596544,0.0802436603957117,3.233940776063616,0.1296729364856377,4,ok,0.2018926719084699,0.1858625936698406,0.1635729062588925,0.1926099344136867,0.0303047265302627,20.12747396985699,1.4604070746591418,ok,1.186072208536319,floor,1.3892589897201455,floor,2.748208472735315,ok
688,22,1.0836690567189309,0,-20.6543159518627,0.008601385348380416,0.3889080943742958,0.0034003370205937,356,35.305172941657936,-18.173200362753583,0.015229300766362428,0.5025376332155931,0.0575837236130807,356,28.841216805275906,-20.962056316599046,0.008012985711839643,0.4461330432909084,0.0166207512151606,356,28.766363567180846,-19.993509268355915,0.010014956635833855,0.4462985029719645,0.0259333138697839,356,31.59768454412396,-2.788855953845463,0.9685470482431313,0.6608066835067845,-19.41375815730814,-1.5482981592909049,-0.5797511110477735,0.2719112883569852,2.788855953845463,1.3465217515656915,3.1619590239451583,-0.192408155275205,3.087330979797475,-0.0764998383741986,3.0464453871254453,-0.132648870843886,3.116089415757949,-0.1404529312422302,4,ok,0.2078923784363805,0.1851049735305014,0.199567457462211,0.194684852082073,-0.0030687814787699,18.02091334437533,1.4597722981919,ok,2.252471596605219,ambiguous,1.388736116235422,floor,3.1290363346842294,ok
689,22,0.7231682935968384,0,-19.877670219924664,0.010285679271519448,0.4287710425776526,0.031809413632942,217,35.30238971622309,-15.569088807451589,0.027739020355386706,0.4910187282269568,0.0479204239674848,217,28.838110769948653,-21.629949236785652,0.006870764709719767,0.4287290569187615,0.003711068792676,217,28.76326375513033,-18.48560756902929,0.014172264305168861,0.4420250177864965,0.0226855289021024,217,31.59467139881328,-6.060860429334063,3.144341667756361,1.3920626508953724,-17.723379513688126,-3.906569723097526,-0.7622280553411649,0.5364982443367711,6.060860429334063,1.84752539984453,3.2497022046057342,-0.0671324629203709,3.0887067016411027,-0.026323715657698,2.951820678210459,-0.1884157885831205,3.192772512179783,-0.0265406804469048,4,ok,0.2151432574688015,0.1846696248595615,0.1809852604458134,0.1679380936419359,0.0189211807183681,18.797708468644245,1.4597220839163474,ambiguous,4.208137581195541,ok,1.3886948720325831,floor,3.804450994034636,ok
690,22,0.7804438702457662,0,-19.644002434209582,0.010854248409287788,0.3894395393897144,0.0037608631394041,247,35.308472652666964,-15.538026925533769,0.027938128301351076,0.4343103095445769,0.0036141253470449,247,28.84500566860925,-20.42122207723311,0.009075651111549884,0.5396399646577288,0.0947741558351265,247,28.77018879878859,-18.346943404693686,0.014632066273281223,0.5173396339877593,0.0845009572694455,247,31.60135099279736,-4.883195151699342,2.0742786725394247,1.2970590295158964,-17.591014679871677,-2.830207397361434,-0.7559287248220095,0.4727478066691348,4.883195151699342,1.9997677937253127,3.2684259707586185,-0.0582264627198099,3.060581742160225,-0.0672138990077453,3.172546696806528,0.0221457970462584,3.262508937265719,0.0334573309879728,4,ok,0.2044271826291615,0.1940191425081448,0.1808890366874001,0.1881503232939523,0.0183341258812529,19.031049726896708,1.4598318397126906,ok,4.001793387169692,ok,1.3887870214076703,floor,3.7163882413645686,ok
691,22,1.6789870870146013,0,-19.639337395332806,0.01086591392614146,0.426848571606153,0.0303757564717217,572,35.31337712694715,-17.11850192716514,0.01941555490048207,0.456751120560981,0.0204978373712287,572,28.85050460842106,-20.87123741345779,0.008182316202921393,0.5835641926269185,0.1366043673327146,572,28.77568161904395,-20.21826352863999,0.00950984956913467,0.5366073405546197,0.1018742720449081,572,31.60668399450662,-3.75273548629265,0.6529738848178006,-0.5789261333071849,-18.378919661248972,-2.4923177522088196,-1.839343867391019,0.3659479380272365,3.75273548629265,1.500334911430032,3.278730528260287,-0.1115902409592615,3.143750813735976,-0.0668274648527305,3.0785999983041448,-0.1377173771476401,3.1436935474496703,-0.1485117938969731,4,ok,0.2100983840133343,0.1845116741121649,0.1889165419941911,0.1804069908387907,0.0083884870685584,19.03545144375027,1.459920356250009,ok,2.305149143531706,ambiguous,1.3888601357640211,floor,1.8211593929465004,ambiguous
692,22,0.1801973150132869,0,-19.886842361532583,0.01026397921367677,0.3946874628037073,0.0073474279551977,41,35.31467400527582,-17.164673357420288,0.019210234407821977,0.4600278344403197,0.0230342791511954,41,28.85192084893948,-20.828321859338196,0.008263571974109152,0.4838010612237635,0.0463204582379852,41,28.77708276888219,-20.54990888637687,0.00881067357331533,0.4809880847930711,0.0534532198560915,41,31.60806311630621,-3.6636485019179084,0.27841297296132694,-0.663066524844286,-18.525757859476435,-2.3025639998617606,-2.0241510269004337,0.38093936902237413,3.6636485019179084,1.473076333656548,3.2244914580059896,0.0339944803832721,3.159440109115647,0.2086760740632876,2.977786139791312,-0.0316516314104737,3.046672810987704,-0.0473238187902711,4,ok,0.19825164628465,0.2070402473938174,0.2176048675688301,0.162617097358878,-0.0149589207295964,18.7878768399526,1.4599437660474996,ok,2.5533835511934284,ok,1.3888787895988497,floor,1.6937760775804545,ambiguous
693,22,0.1698161849481193,0,-18.936905906205524,0.012773485207146412,0.3411653206214048,0.0,38,35.31739947670385,-19.190937543202477,0.01204775828543468,0.54218066293347,0.092553091401474,38,28.85500797472502,-19.682434786237557,0.010758618838067922,0.4956595490241565,0.0561683554649636,38,28.78017641368665,-19.349745516938924,0.011615166731113522,0.4495366840706584,0.0284150931450546,38,31.611054269891035,-0.4914972430350808,0.3326892692986334,-0.4128396107333998,-19.063921724704002,-0.6185130615335552,-0.2858237922349218,0.06181414450351082,0.7455288800320332,1.4711302092352931,3.0810859897562137,-0.1036498774586842,3.146767066173929,0.2034937234489224,3.089246351724588,0.0857731167358619,3.141146493878437,0.0528644102113808,4,ok,0.1967382089872109,0.2080563099956826,0.2318815724237969,0.1784352364116593,-0.0294843129323501,19.73766693659402,1.459992968094482,ok,1.185784980717094,floor,1.3889199807304622,floor,2.039678365617398,ambiguous
694,22,1.39099111287217,0,-15.945674953337946,0.025435044668451087,0.4424783863120356,0.042218212000552,466,35.32089668896065,-15.511900027119708,0.028106709001275147,0.5220611078714956,0.0744738412003458,466,28.85902063017751,-15.725823970119592,0.026755779179934686,0.5288120724105342,0.0849651232331838,466,28.78422608600665,-15.531872600220163,0.027977747090457136,0.5661554615043649,0.1297512620586947,466,31.614941077170965,-0.21392394299988382,0.19395136989942863,0.4138023531177826,-15.728787490228827,0.0029635201092350627,0.1969148900086637,0.03991958472592447,0.43377492621823777,3.5261768560388504,3.345932544233089,-0.0288490419121889,3.257348303150676,0.0669743308828105,3.29014999335643,0.0899204922217307,3.370783342371092,0.0939915883223769,4,ok,0.2068547051831632,0.2002922268384516,0.2005891612303231,0.2040542502739654,0.0029843047804842,22.728710066426324,1.4600561118238111,ok,1.185830743825113,floor,1.3889739109496897,floor,2.8983960576949013,ok
695,22,0.1247118946882877,0,-19.10799733126555,0.012280053725964036,0.7124223836867868,0.3139391664089483,24,35.31414922078451,-18.104842113735547,0.015470907468773035,0.5220082628432124,0.0744272552207501,24,28.851435740788776,-19.440175008024212,0.011375814436816397,0.3108560792078521,0.0,24,28.77663540840149,-18.879810027087977,0.012942524545409678,0.5264889793772237,0.0926715417230148,24,31.607579231262207,-1.3353328942886655,0.5603649809362352,0.22818730417757394,-18.606419722500547,-0.8337552855236652,-0.27339030458742997,0.11690754926564698,1.3353328942886655,1.6616396305890775,3.2207095153805696,0.0708145363093222,3.037783800960236,0.1398111650471634,2.822132160955444,-0.1452699481013923,3.184793256991429,0.1310704592516174,4,ok,0.2602235823869705,0.1870754496194422,0.1901785902058085,0.2522283423071106,0.0334709257973978,19.56675004961981,1.4599342930441364,ambiguous,1.1857442483467031,floor,1.388872833639642,floor,2.7206755762411623,ok
696,22,0.1429197539846879,0,-19.30811181148402,0.011727051134577084,0.3417533773220673,0.0,28,35.31332302093506,-16.93625001765109,0.020247667400032063,0.4307076980227997,0.0009828619504834,28,28.85051100594657,-18.381759271721823,0.014515235047628907,0.49655679728202,0.0569231803727483,28,28.77571283067976,-17.646082386769187,0.017194587492529816,0.4278275295312778,0.0121200044145626,28,31.6066826411656,-1.445509254070732,0.7356768849526354,1.6620294247148344,-18.122180914567558,-0.2595783571542647,0.4760985277983707,0.19839147429646872,2.371861793832931,2.132491615214228,3.301726353894699,0.1401439564422602,3.008168518924488,0.0949997057127243,3.026022006497416,0.0465197942942867,3.141366899615926,0.0760511473015475,4,ok,0.2196931873581239,0.1381055266995515,0.1715341300836631,0.1756289493558662,0.0073652269451745,19.366679932820357,1.4599193796213417,ok,2.100091829164891,ambiguous,1.3888605512773124,floor,4.057901636932631,ok
697,22,0.1231097309083733,0,-18.7828516459556,0.013234722371171691,0.5359728410173037,0.1219496911585074,22,35.31213118813255,-17.08343770571713,0.019572947419830535,0.6703367480210214,0.2237576600486495,22,28.84917311234908,-18.60114020051208,0.013800219048860245,0.5402387256463718,0.0953223768625919,22,28.77437608892268,-18.418604366245866,0.014392610199002145,0.4951003840972746,0.0652379831597076,22,31.605386994101785,-1.5177024947949498,0.1825358342662149,0.36424727970973336,-17.933144675836367,-0.6679955246757139,-0.485459690409499,0.16584390136437013,1.6994139402384683,1.9934833922007278,3.27968168954666,0.1363837515519805,3.0293632648215896,0.1399682123043168,3.127257749266801,0.1666856239483127,3.0159372583311725,-0.0312418190563072,4,ok,0.2172628935765136,0.1790777299214493,0.1701611649583686,0.2293392761864445,0.0280091467906128,19.892004092313453,1.4598978673670662,ok,1.1857184525747742,floor,1.38884275613522,floor,2.8511885425891896,ok
698,22,0.1517668535939515,0,-17.461738366987355,0.017940153857557855,0.393189164221479,0.0063185559008598,33,35.315079660126656,-18.161778633204698,0.015269405786293332,0.4562871001962989,0.0201401136489201,33,28.852478258537523,-18.43636960753273,0.01433385606854316,0.6264841756720111,0.1806385047514556,33,28.777675513065223,-19.398099175743432,0.011486562564647423,0.3887747832275625,0.0,33,31.608591773293234,-0.2745909743280315,-0.9617295682107034,-1.9363608087560777,-17.811758500096026,-0.6246111074367029,-1.5863406756474063,0.1562569969588117,1.9363608087560777,1.8193660286161721,3.3170223095048064,0.1429827597135045,3.200196323133281,0.2708305116277976,2.951117565249797,-0.0412816634965156,3.078422051849326,0.0007498323937253,4,ok,0.2349727176355593,0.231185877865011,0.1774127409990989,0.2071245942603458,0.0556665567511862,21.212959051637743,1.459951088782975,ok,1.1857561348819718,floor,1.3888866813413476,floor,1.04037268141685,floor
699,22,0.2522032177381246,0,-18.847063520422946,0.013040482118574392,0.3799272610587119,0.0,65,35.31895276583158,-16.94587702830443,0.02020283408237867,0.6684421886278159,0.2216160576839654,65,28.856865721482496,-20.029918729527054,0.00993134632991886,0.5992539393038693,0.1523391636810365,65,28.78207746652457,-19.694952293466883,0.010727654319222835,0.4900121268679971,0.0609496472555854,65,31.61284487797664,-3.084041701222624,0.33496643606017074,-0.8478887730439375,-17.896470274363686,-2.133448455163368,-1.7984820191031972,0.30042441941159814,3.084041701222624,1.6796086263247765,3.173738544681262,-0.0516965861960887,3.065634047379364,0.0694428397872877,3.0605448902646875,0.0149352935721327,3.0774522522139005,-0.0512001424549821,4,ok,0.2054175427326789,0.1756467742415575,0.1726959028496192,0.1977694559555787,0.017836255637499,19.82742590365173,1.4600210120779389,ok,1.185806166588474,floor,1.3889452960095283,floor,1.3045834196384043,ambiguous
700,22,0.2239086471287021,0,-18.570217415299254,0.013898830495318605,0.3447879629244426,0.0,54,35.31771991871022,-17.44062843926559,0.018027568567785476,0.479451726607465,0.038442246049072,54,28.85548973083496,-21.44027489287601,0.007177488588975348,0.3745976280953349,0.0,54,28.780702273050945,-19.970231790222602,0.010068779286600424,0.4028396965034919,0.0,54,31.61150981761791,-3.999646453610417,1.4700431026534062,-1.400014374923348,-18.005422927282424,-3.434851965593584,-1.9648088629401776,0.3318767032636825,3.999646453610417,1.4306512305667527,3.3399639257907885,0.1285857231262954,2.99432088069498,0.0164067268054841,2.82992603881681,-0.2011302770956753,3.0601164595610983,-0.0545926223149546,4,ok,0.2041404508054256,0.2096672066383891,0.1954780993638215,0.2005774985860895,0.0114257293580858,20.10433821869259,1.4599987533644188,ok,1.1857904745043737,floor,1.3889269830661937,floor,1.0404052917256283,floor
701,22,0.2260426438016324,0,-19.295135912041612,0.0117621417459895,0.4455396437744492,0.0445875467623213,55,35.31667570634322,-17.42686346869968,0.01808479762113946,0.3745336642215235,0.0,55,28.85432444485751,-20.693969079544424,0.008523208097535371,0.4640636979938455,0.0304582834270521,55,28.77953948974609,-19.92724910371065,0.010168926062637465,0.3880983569309771,0.0,55,31.610377398404207,-3.2671056108447445,0.766719975833773,-0.6321131916690383,-18.360999690370647,-2.332969389173776,-1.5662494133400031,0.29840741645703067,3.2671056108447445,1.4997932908144187,3.277821312999021,0.0650519127038071,2.961310756695689,-0.0184122556743053,3.071588154932882,0.039091517960641,3.071612957285062,-0.0444760778373938,4,ok,0.2092213128100742,0.1790019043467261,0.1781337026167999,0.1820770301602103,0.0159779059616002,19.37947579889664,1.4599799014586607,ok,1.1857771861998463,floor,1.3889114997116474,floor,1.7425553735202106,ambiguous
702,22,0.2801620640821437,0,-19.151261685438783,0.012158327331367009,0.4423277811238009,0.0421020690485818,75,35.321396331787106,-17.821647397783813,0.016513352827594422,0.4686558338713817,0.02979977540867,75,28.859655787150064,-20.951016895493222,0.008033379995011037,0.4663493179987026,0.0322613303421297,75,28.784889221191406,-18.67016823519125,0.013582608298245744,0.5161090364435593,0.0834129323102852,75,31.615551122029625,-3.1293694977094084,2.28084866030197,0.48109345024753125,-18.486454541611298,-2.4645623538819237,-0.18371369357995349,0.24298137587534888,3.1293694977094084,1.5221540888639056,3.286010318479528,0.0497255472878812,3.0209300700683777,0.0106319782640964,3.056624398801097,-0.0002179408823681,3.257465003940584,0.1180506614050576,4,ok,0.2211695062120755,0.2005465701222419,0.1969770139455795,0.1818091591695944,0.0138810242215792,19.523096498273137,1.460065133988138,ok,1.1858379884531078,floor,1.388982743101185,floor,2.9618255156127966,ok
703,22,0.3428586849446337,0,-17.93316961087144,0.016094705667289665,0.4989719528917641,0.0885737040890901,95,35.322996802079054,-16.892938481592758,0.02045060459345753,1.980612626234962,3.1565811228951883,95,28.86143790797184,-18.3373489341676,0.014664427291140343,0.6048927323880828,0.1580961178137916,95,28.78666819522256,-18.0366654725851,0.015715689970955467,0.5351982304094965,0.1005821758278882,95,31.617282184801603,-1.444410452574843,0.30068346158250137,-0.10349586171366099,-17.413054046232098,-0.9242948879355026,-0.6236114263530013,0.1321059249285515,1.444410452574843,2.1321689273264717,3.51814686495697,0.263939535441537,3.142116889575896,0.1085155869981666,3.2959161759152984,0.2205184292728197,3.21103722484705,0.0538451834450182,4,ok,0.2160884338774179,0.1863929339145359,0.1860344562091325,0.2000649572987305,0.0152062276868443,20.741102607485,1.4600940355427416,ok,1.1858583166512575,floor,1.3890064383385208,floor,2.3876808371194698,ok
704,22,1.8944393029421955,0,-19.115437053722395,0.012259035272535038,0.5062792825687683,0.0949760347838957,642,35.33011397840078,-17.662182540253703,0.01713096177291899,0.5371679095586342,0.0879847368561832,642,28.86937238568457,-21.18912141044793,0.0076048010857426305,0.4776464933425267,0.0413033856271682,642,28.794623241246303,-19.85705767026235,0.01033461335030088,0.4628273982985605,0.0387891925012846,642,31.624978873588585,-3.526938870194229,1.332063740185582,-0.7416206165399544,-18.38880979698805,-2.8003116134598827,-1.4682478732743007,0.2938997382077288,3.526938870194229,1.421818773919282,3.390325455282764,-0.0087484664775434,3.226328361770471,0.0043690875167237,3.0639181699432294,-0.161461433379928,3.176226179358017,-0.1246615669885691,4,ok,0.2026019623079496,0.1871302900690805,0.1948471213531364,0.1858528532679671,1.900483537869979e-05,19.558452821225465,1.4602225863342382,ok,1.185948845603474,floor,1.3891124227112364,floor,1.5568931882034065,ambiguous
705,22,0.2229181417682573,0,-17.312197692081085,0.018568645745640502,0.3992714520911591,0.0105195245907814,55,35.32623318758878,-18.41111413001819,0.01441745441706267,0.4217383226762167,0.0,55,28.86499654596502,-17.15448158552441,0.019255368814347577,0.4313152078977373,0.0055968960156245,55,28.790206423672764,-16.83148049272298,0.02074206308187339,0.5396160314173731,0.1046444896794021,55,31.620734682950108,1.2566325444937796,0.3230010928014302,0.48071719935810364,-17.86165591104964,0.7071743255252265,1.0301754183266567,0.12856571841608166,1.5796336372952098,2.357171658423687,3.340368589329011,0.1275991890337975,3.013433574411878,0.0337105620418838,3.1847851891764827,0.1522885522042418,3.234631459504168,0.1185424243817121,4,ok,0.2177569887854836,0.2092002609913999,0.17685834413225,0.1738391510464928,0.0366202807561917,21.361900676172112,1.46015248569939,ok,1.1858989146465773,floor,1.3890535725391566,floor,2.961598409583421,ok
706,22,0.2453023069452371,0,-18.364447770003824,0.014573209995568066,0.4051008209282477,0.0146063248535412,60,35.32236836751302,-18.484590001145214,0.014175585307670463,0.4802306014543095,0.0390733732796904,60,28.86064268747965,-20.133432841788583,0.009697431394505431,0.4629473988935781,0.0295808933286769,60,28.785840129852296,-20.53174737548813,0.008847595569024027,0.4403205107739521,0.0213988464303311,60,31.616520754496257,-1.6488428406433684,-0.3983145336995477,-2.167299605484306,-18.42451888557452,-1.7089139562140616,-2.1072284899136093,0.21756924674785108,2.167299605484306,1.4116624460378593,3.273683280401307,0.054316839029525,3.0129635896381908,0.0246629938723961,2.9772006588600126,-0.0621259618505765,3.1079460334386706,-0.0146867220361164,4,ok,0.2050495057056347,0.1803805319592356,0.1657686308026313,0.1957353902359803,0.0269463880298038,20.309858203788483,1.4600826868961927,ok,1.1858492455458582,floor,1.3889954085649552,floor,1.0404613020095264,floor
707,22,1.4115818472587105,0,-20.1211875098917,0.009724812777231912,0.4548546768743035,0.0518976234862411,472,35.31292377892187,-18.031266126124038,0.015735240581863565,0.4963647776460727,0.0523774028805159,472,28.850116907540013,-19.440716217702114,0.011374396892380217,0.4594673755240563,0.0268592222888626,472,28.77533764354253,-19.0837430473945,0.01234882668177278,0.4658981787736526,0.0412290815625431,472,31.60629586446084,-1.4094500915780763,0.3569731703076151,1.0374444624972021,-19.076226818007868,-0.36448939969424643,-0.0075162293866313235,0.17860589319357092,2.0899213837676633,1.6362569033375365,3.248332481232428,-0.1274190730711293,3.1071961572871087,-0.0844389838399988,3.171847395789394,-0.0293863232470696,3.1989103288544354,-0.0788435535643743,4,ok,0.2024357647919175,0.1931437335482214,0.1942247069456567,0.1897329618223011,0.0035650422244127,18.553625671525225,1.4599121732718487,ambiguous,1.5774636677227465,ambiguous,1.3888555565414704,floor,3.4767687248898023,ok
708,22,0.9871610624684668,0,-20.184077147814186,0.009585003707906752,0.4026945552840363,0.0129121832053866,312,35.32422158656976,-16.375888444561895,0.023036216715403936,0.4568731920201486,0.0205920054101478,312,28.86303702990214,-20.625903077726235,0.00865784272306723,0.5285959249072038,0.0847713382875396,312,28.78835198206779,-17.36166384306027,0.018358348745186544,0.4995770346403839,0.0690474952446165,312,31.61880625822605,-4.250014633164341,3.2642392346659648,2.8224133047539155,-18.27998279618804,-2.345920281538195,0.9183189531277698,0.40434393720547007,4.250014633164341,1.9099573410763253,3.209136495144492,-0.1352281826709553,3.04055630634491,-0.1102690918253617,3.063268771393399,-0.1054697951158578,3.199667459480713,-0.046953231544025,4,ok,0.2121415547787761,0.1891586757384431,0.1782974321156358,0.176871195435524,0.0223526831429738,18.49012928079433,1.4601161544438934,ok,3.700988208262452,ok,1.3890288676980964,floor,5.218574088565196,ok
709,22,0.8481016978266469,0,-19.425892274301233,0.01141328790248246,0.4102068263208512,0.0182346614626081,269,35.31779484234778,-18.665283255614952,0.013597894721820093,0.4932922995446019,0.0498099926165167,269,28.85583001175777,-20.531745104668538,0.008847600195216493,0.5005314917765531,0.0602833762141339,269,28.7811330064965,-19.23954532654567,0.011913667285786071,0.5055362431686858,0.0741718300376321,269,31.61181346368613,-1.8664618490535858,1.2921997781228676,0.18634694775556326,-19.045587764958093,-1.486157339710445,-0.1939575615875775,0.14883113660405028,1.8664618490535858,1.4138845691650679,3.290092226653088,-0.0430292415510349,3.0594809627554573,-0.0767258258051,3.0874964237463747,-0.0696019334749729,3.227037155370446,-0.0084311995227994,4,ok,0.2094312858071912,0.185424574107264,0.189979123166281,0.1870897274921374,0.0074488067909465,19.248659336011205,1.460000106051299,ok,1.1857943550366263,floor,1.3889327188463276,floor,2.68005592046259,ok
710,22,0.3834866554124757,0,-16.259676575368957,0.023660958970992494,0.4534312931189184,0.0507708168484839,99,35.32484890716245,-15.965286465227926,0.025320446134349976,0.4149970318059729,0.0,99,28.86379357540246,-16.730593038685953,0.021229545480844037,0.4767673404132512,0.0405919618527701,99,28.78912738838581,-19.772954477637438,0.010536698476457615,0.6293652317355314,0.1944022569664296,99,31.619534791117967,-0.7653065734580267,-3.0423614389514846,-3.513277902268481,-16.11248152029844,-0.6181115183875114,-3.660472957338996,0.28525326333335077,3.8076680124095112,2.5747662171292083,3.302723196479624,0.0453889024110298,3.1792241501245067,0.141557115816576,3.251382436442128,0.1727473115871141,3.2218349101966384,0.0615411779986803,4,ok,0.2187580359403533,0.1973305008176601,0.1866890081778319,0.2084982675133329,0.0213552602011747,22.41449615532945,1.4601274840096774,ok,1.185885189979556,floor,1.389039197364606,floor,1.040494998464842,floor
711,22,0.2435224128519745,0,-17.741974269475495,0.01681909304160337,0.5114958596568423,0.0996034903253622,62,35.33107911386797,-18.336241228160784,0.01466816805843557,0.6154791284808703,0.1642000195142812,62,28.870697882867628,-18.743289402447992,0.013355835451430443,0.4827259534988267,0.0454394231581591,62,28.79603662798481,-17.722708818382685,0.016893868842396412,0.4351758921778901,0.0175454698590098,62,31.626233070127427,-0.4070481742872083,1.020580584065307,0.019265451092810082,-18.03910774881814,-0.7041816536298526,0.3163989304354544,0.09694305186833604,1.020580584065307,1.896830424241307,3.301532513740656,0.0796800088730345,3.149377999593062,0.1578449823953986,3.136429995131303,0.0945295275927171,3.2039947198138243,0.0788959945040614,4,ok,0.1983744679920135,0.177050054133419,0.1819621979469253,0.1777153246465229,0.0057500631157909,20.931863749463872,1.4602400221364615,ok,1.185963972516498,floor,1.3891312576311516,floor,2.5144120738522826,ok
712,22,0.1901934856010554,0,-20.38070610213043,0.009160715375845636,0.3711661632775583,0.0,45,35.337038336859806,-17.77984951708735,0.016673049836197416,0.464162933115278,0.0262610583256714,45,28.87737892998589,-19.780676523260922,0.010517980169751681,0.5006479802698919,0.06038225933978,45,28.802742597791884,-18.636696637918682,0.013687695531345061,0.4818120072937604,0.0541318863206634,45,31.632713487413195,-2.000827006173573,1.1439798853422403,1.7440094642117465,-19.080277809608887,-0.7003987136520351,0.44358117169020517,0.23272430545890543,2.600856585043079,1.6554385850777569,3.248855378523235,0.0513004578354996,3.0987566551961403,0.1388157642563694,3.080499991995161,0.0637550605376242,3.145387459471295,0.0443899326026242,4,ok,0.2063412010669708,0.181198333369361,0.1783916266428099,0.1918913576338026,0.0153781405753559,18.29281169119291,1.460347697789986,ok,2.407641026372663,ok,1.3892206404756169,floor,4.136356628456173,ok
713,22,0.1895580570161833,0,-17.066402139616173,0.019649874729579728,0.3940636777233828,0.0069186032782633,43,35.33938802674759,-17.131580752637007,0.019357172699552803,0.4378360177873723,0.0062104408670646,43,28.88002941220305,-17.94801583050619,0.01603978035823378,0.4692119294971217,0.0345320413065595,43,28.805407989856807,-18.0112046681815,0.01580809485452363,0.4737314871458111,0.047526112785601,43,31.63528296004894,-0.8164350778691833,-0.06318883767530892,-0.9448025285653259,-17.09899144612659,-0.8490243843796001,-0.9122132220549091,0.10131421318661392,0.9448025285653259,2.200096750290108,3.141490062496572,-0.0526179853844221,2.870619570539048,-0.0848396385965042,3.1025420322808204,0.0893656833051808,3.0693090503597564,-0.0282694631246438,4,ok,0.1973101763531219,0.1966539733978205,0.1872980648348498,0.2139363262888997,0.0096840100406214,21.60698937104687,1.4603901624338251,ok,1.186070495205136,floor,1.3892561755583368,floor,1.040671142855451,floor
714,22,0.155343746258268,0,-20.204003715221063,0.009541125940752657,0.3831520142564893,0.0,33,35.33494868422999,-17.085267916786947,0.019564700693387088,0.4105052500527977,0.0,33,28.87501965147076,-21.01248990544136,0.007920471023217841,0.4821578412550654,0.0449746549822658,33,28.800369436090644,-19.159150645409028,0.012136261774902653,0.4228232560107318,0.008478119232204,33,31.63042415272106,-3.927221988654413,1.8533392600323317,1.044853069812035,-18.644635816004005,-2.3678540894373548,-0.514514829405023,0.362940694422784,3.927221988654413,1.5604746651304613,3.165592031087334,-0.008447518703968,3.0160057121048904,0.0866399005994065,3.069571050744539,0.0771718219982262,3.0096370380412973,-0.0680351814143032,4,ok,0.2131823231325005,0.1795881203178203,0.1980281338998765,0.1660087359222498,-0.0016429121747161,18.46962637599669,1.460309936792994,ok,2.993895537706218,ok,1.3891890054761349,floor,3.4841828261380225,ok
715,22,0.1700582679178164,0,-19.31061886854372,0.011720283399043855,0.5193690518190406,0.1066773655424726,37,35.332921620961784,-16.791992421787793,0.020931519558852574,0.4118983742297044,0.0,37,28.87273190472577,-16.848331205129398,0.020661739393472846,0.4571965973117718,0.0250943548007522,37,28.798068433194548,-18.959708387145128,0.012706594224753403,0.4281959598878958,0.0123898249449312,37,31.62820393330342,-0.056338783341605136,-2.1113771820157297,0.3509104813985928,-18.051305645165755,1.202974440036357,-0.9084027419793728,0.2609383096689291,2.5186264467559276,2.3778979784382264,3.308593369223971,0.1258794389962565,2.8854204103286536,-0.0552239760313213,3.0294838925263523,0.0281039894696464,3.0896539016403795,0.0033774126119805,4,ok,0.198359135034922,0.1800714392919798,0.2034068119687003,0.2030508483986596,-0.0141915248052493,19.36312014872305,1.4602733105364505,ok,2.3029448241725827,ambiguous,2.7110511622018083,ambiguous,2.8390258894032336,ok
716,22,0.1936965349530155,0,-19.31492546748578,0.01170866696264212,0.3760164124497295,0.0,45,35.33732799953884,-19.122108789025308,0.012240217108631064,0.540796934410133,0.0912877954795321,45,28.877665752834744,-20.341538508187163,0.009243706533711607,0.6212687234125446,0.1751209356202736,45,28.80301712883844,-19.221447172527427,0.011963418153276284,0.4224922880044624,0.0082387662890586,45,31.632989925808378,-1.2194297191618553,1.1200913356597368,0.09347829495835214,-19.21851712825554,-1.1230213799316218,-0.002930044271884924,0.10591914794535291,1.2194297191618553,1.393431349058507,3.225830100715113,0.0282751800273777,3.137772332590393,0.1778314416506226,3.087974945460805,0.0712300140032682,3.244207942622486,0.1432104157538152,4,ok,0.1745976123544905,0.2020187480582131,0.2111999015013377,0.207057947334316,-0.0228917212949858,19.3585767586854,1.4603529324369866,ok,1.1860435084175045,floor,1.3892243003084712,floor,2.58905174435488,ok
717,22,0.4645281499649691,0,-19.133443085939454,0.012208314014632874,0.639330132615271,0.2278252562115517,110,35.34242942116477,-17.2448286298834,0.018858933842956463,0.4606632817491567,0.0235282658322562,110,28.88338799910112,-19.471551935558878,0.011293922583326102,0.4675550952287877,0.0332160958636404,110,28.80880921103737,-18.665115030932277,0.01359842144871255,0.465286189551831,0.0407415380816966,110,31.638587778264824,-2.2267233056754776,0.8064369046266009,0.4683280550071771,-18.189135857911428,-1.2824160776474507,-0.4759791730208498,0.20932546825175194,2.2267233056754776,1.792987411971402,3.4250287061178506,0.1597061733419673,3.007154313284245,-0.0408991628999841,3.155070781020726,0.0681653513676088,3.135502903429562,-0.0327145023671304,4,ok,0.210440134731206,0.1968125780875032,0.1979238061742349,0.1958860511129552,0.0057025502351197,19.53978495052333,1.4604451351844034,ok,1.1861088470388297,floor,1.389301527742125,floor,2.9503643855768003,ok
718,22,0.2041704412449317,0,-18.59564414034528,0.013817694483216535,0.4340156457604695,0.0357532678752845,50,35.34722114562988,-17.838492518851663,0.01644942600752083,0.5201318517110612,0.0727761457965749,50,28.88877487182617,-20.103632499064556,0.0097642018797561,0.4754589230740017,0.039535597669513,50,28.81427719116211,-19.482261337846907,0.011266106859368071,0.4607584370999533,0.0371543967027219,50,31.643872680664064,-2.2651399802128935,0.6213711612176489,-0.8866171975016286,-18.21706832959847,-1.8865641694660873,-1.2651930082484384,0.19849811932890452,2.2651399802128935,1.5616271262072718,3.346965579434688,0.141422420039663,3.0594318728600407,0.0891045400439711,3.0046353043285747,-0.0203799319270658,3.1082101380659823,-0.000711062401423,4,ok,0.2129887394607067,0.2029833257943391,0.178617925196886,0.2171044262498617,0.0293681074306368,20.077326304794703,1.4605317616351947,ok,1.1861703736379567,floor,1.3893744547422944,floor,1.148116622613072,ambiguous
719,22,0.5814242488531355,0,-16.558300456482872,0.022088689702226074,0.4512624922767227,0.0490606988965418,172,35.348111418790594,-15.838831539277553,0.026068548247961596,0.5124918150976291,0.0661148417566253,172,28.88993094688238,-17.433742980624828,0.018056172783010985,0.5126867851349632,0.0707256645557097,172,28.81544147535812,-20.168557779054176,0.009619316671231637,0.401490013955374,0.0,172,31.64492882129758,-1.594911441347275,-2.7348147984293476,-3.6102573225713037,-16.198565997880213,-1.2351769827446155,-3.969991781173963,0.32126907606605243,4.3297262397766225,2.3787789191707307,3.4163263151842127,0.1171120023418801,3.329298706384693,0.2371785696206712,3.282223939439511,0.1602300051021181,3.094131284042246,-0.1077039707906277,4,ok,0.1959758996963501,0.1904331362308111,0.1968314360913842,0.197677410965742,-0.0036269181278036,22.114622124732254,1.460547858558204,ok,1.186183580040544,floor,1.389389985540345,floor,1.0407791007888,floor
720,22,0.2270188182349037,1,-16.376858729955416,0.023031070620104847,0.4127208088033717,0.0200377982743749,17,35.341148376464844,-15.876647241093478,0.025842544684691608,0.3888647604797528,0.0,17,28.882069307215072,-17.305269452155407,0.018598291690498155,0.4587208473350094,0.0262780496622772,17,28.807480419383328,-20.864186794833444,0.008195610695007304,0.3839228058190697,0.0,17,31.637262232163373,-1.4286222110619295,-3.5589173426780363,-4.487328064878028,-16.126752985524448,-1.1785164666309598,-4.737433809308996,0.35455414620238573,4.987539553739966,2.365838989551654,3.064287622298914,-0.059462191259076,2.74242661657884,-0.1215516368551679,3.0630262264227115,0.1226924731968295,2.6455222987131823,-0.3822666523674272,4,ok,0.1838142985806745,0.2290435727028285,0.1771157778361264,0.1393501052961629,0.0293131578056251,22.29643816458597,1.4604219794864834,ok,1.186093788063494,floor,1.389283808581641,floor,1.0406932909358306,floor
721,22,0.4610461902529916,0,-16.68735537754892,0.021441959049341444,0.484855653971589,0.0764692659030297,129,35.3426724219507,-15.944746013308862,0.025440485713463377,0.4661150681963813,0.0277944191360339,129,28.883776982625324,-17.237062220808888,0.01889268910362773,0.5659378124104866,0.1194252799632091,129,28.809200272079583,-20.223561063440116,0.009498256503241233,0.4538538034473879,0.031751687989072,129,31.63892339366351,-1.2923162075000256,-2.986498842631228,-3.536205685891197,-16.316050695428892,-0.9210115253799955,-3.9075103680112235,0.3116783891673039,4.278815050131254,2.3977931540428514,3.3657527645755625,0.0883499724172764,3.1833219083137827,0.1195614763757841,3.224373678265844,0.1249614331815029,3.0232812312117137,-0.1569187950150441,4,ok,0.2219312504626983,0.1939073125290316,0.1910803577638873,0.178921000006818,0.0168389237319776,21.98585959688813,1.4604495277434186,ok,1.1861132892803523,floor,1.3893067426882326,floor,1.040711881040577,floor
722,22,1.1017437941646242,0,-16.677014542900203,0.021493074581791706,0.4295627812971423,0.0324017152208955,347,35.34244083327587,-15.9269853171556,0.025544738917068287,0.4895210533876084,0.0466804730504311,347,28.88355958702241,-16.12894535236123,0.02438402892118812,0.5018524794775235,0.061406066872089,347,28.80899278712204,-19.14922327373347,0.012164035323281698,0.5229272403930765,0.0894737971882837,347,31.63870923594714,-0.20196003520563188,-3.0202779213722373,-2.472208730833266,-16.3019999300279,0.17305457766666876,-2.8472233437055685,0.25138762983011237,3.222237956577869,2.800193214547864,3.3827301574329303,0.0303043738756438,3.128882591167609,-0.0324239918187734,3.245532759630732,0.0684484483412251,3.175569221230573,-0.0790474214780987,4,ok,0.2229509267322611,0.1957551513178548,0.1994587917643081,0.1873944811200889,0.0098942472607498,21.9962128801298,1.460445341472152,ok,1.1861108065839638,floor,1.389303975785337,floor,1.040709484309179,floor
723,22,1.154694399908888,0,-16.601536207779553,0.021869878950104803,0.45106670119354,0.0489067194680614,368,35.34003081529037,-15.805454220777508,0.02626966762377738,0.4747082219151034,0.0346206721728172,368,28.88087949545487,-16.12173598606886,0.02442454046217575,0.5133202196187402,0.071276699637877,368,28.80630469322205,-17.877590944644346,0.016302000628141015,0.5725748181369025,0.1360050950057134,368,31.63610583802928,-0.3162817652913521,-1.7558549585754868,-1.2760547368647934,-16.20349521427853,0.08175922820966974,-1.674095730365817,0.16902578653266784,2.072136723866839,2.9541411118464245,3.370632600474405,0.0137518824385995,3.0964920051483,-0.0706069583263659,3.2322993374296427,0.0506027871544239,3.4607992373415337,0.2017636672566283,4,ok,0.1911858063920036,0.1848688295171798,0.1912184236368731,0.2008657653249152,-0.0031911056822813,22.07182075469041,1.4604017800531073,ambiguous,1.1860802017190144,floor,1.3892681315176318,floor,1.0406803506052964,floor
724,22,0.7672931522856246,0,-16.63636277917506,0.021695203197078163,0.4211912074876688,0.0261942271967556,220,35.33727942380038,-16.03125290752869,0.024938751585747966,0.4807388488533264,0.0394857617250952,220,28.87780903035944,-18.012431954286672,0.0158036282276313,0.6940031744749701,0.256232528062521,220,28.80322834361684,-19.213251784246346,0.011986015130074659,0.5436185650723452,0.1083537850513536,220,31.633127342570912,-1.9811790467579833,-1.2008198299596735,-2.576889005071287,-16.333807843351874,-1.6786241109347984,-2.879443940894472,0.27050566611733023,3.181998876717657,2.277596641594168,3.337442668601576,0.0195670033450232,3.136952902790714,0.0205689627922494,3.340117572474536,0.1988033501405413,3.230258182193032,0.0099124057221025,4,ok,0.2117883595214648,0.1880387747660279,0.2008709803731604,0.1865236643024466,-0.0009574132294139,22.037142057581946,1.4603520545939823,ok,1.1860451441784363,floor,1.389227116093272,floor,1.0406470239533188,floor
725,22,1.111107436481167,0,-20.3296319014363,0.009269083827899784,0.4623197817428316,0.0578651265520433,353,35.356455005937526,-16.448398163375085,0.02265479745164019,0.4434050160980317,0.0103541908087858,353,28.89920666400164,-20.558363417072087,0.008793538275879828,0.4563668848173516,0.0244516765801676,353,28.824980776303214,-18.687069220061957,0.013529852997527007,0.4241699221668505,0.0094539483242095,353,31.6540855645458,-4.109965253697002,1.8712941970101298,1.6425626813743435,-18.389015032405695,-2.1693483846663923,-0.29805418765626257,0.4102942743687873,4.109965253697002,1.7577603668897757,3.187193617345801,-0.1665319376480414,3.0794580155293296,-0.0835385520672948,3.073115570829468,-0.1053144070508955,3.194468767484785,-0.0614371412302752,4,ok,0.2106518852221054,0.1996634467465343,0.1844840422378214,0.1845203005094028,0.0206736237464984,18.342842025314116,1.4606987523492223,ok,3.775836980916653,ok,1.3895172683326251,floor,4.040753660672134,ok
726,22,0.3541569000242758,0,-19.01742653202005,0.012538839599628315,0.4343098073313103,0.0359758925271864,96,35.358376701672874,-17.500355663613956,0.017781337845680135,0.5818653308542012,0.1302172764366767,96,28.901321748892467,-19.378423776413843,0.011538719668482246,0.504514139490988,0.0636771656538515,96,28.82720047235489,-19.852683749931963,0.010345026917029675,0.4720950149227444,0.0462019114544043,96,31.65623025099437,-1.8780681127998875,-0.47425997351811944,-0.8352572179119129,-18.258891097817003,-1.1195326785968405,-1.59379265211496,0.21755853638871256,2.352328086318007,1.6745551613564094,3.1293497051296724,-0.1256515389029142,3.1032442456963025,0.0686106821547594,3.164523441020936,0.0883037466023459,3.211661359312088,0.0536818202238036,4,ok,0.218749669380486,0.1906404461090763,0.1854466727624336,0.2024098072045793,0.0192483849823475,19.65494404097757,1.460733515026494,ok,1.1863137442125131,floor,1.3895468945827545,floor,1.344524241749505,ambiguous
727,22,1.2313378230403542,0,-20.237408549138536,0.009468019529878987,0.4218915445616877,0.0267088418018979,402,35.36248828641218,-16.866184815063917,0.02057697445803209,0.460653678463996,0.023520795315689,402,28.90588792639585,-20.991767164269756,0.00795835455408643,0.4268622499489046,0.002356837021836,402,28.83189920169204,-15.277107203326379,0.029668068950372252,0.4787231094871126,0.0515935410775905,402,31.660750166100648,-4.125582349205839,5.7146599609433775,4.960301345812157,-18.551796682101227,-2.4399704821685297,3.2746894787748477,0.5218117905209123,5.7146599609433775,2.123074378394501,3.2182017772312914,-0.1453789257443016,3.0759893758415284,-0.0998210203655722,3.0435600548663486,-0.1450730579760581,3.2815500697076576,0.0158686674531569,4,ok,0.1979287458277905,0.189351391584719,0.1807214782309176,0.2019058829961131,0.0129185904753371,18.434740867557192,1.4608079029618124,ambiguous,3.2580593552928505,ok,1.389609619501558,floor,7.948611775343583,ok
728,22,0.902977754585911,0,-20.07529142454225,0.009828129211108236,0.3951435635456934,0.0076614063424074,289,35.372879120717826,-17.82256538543937,0.016509862695282478,0.4319815877562484,0.0019107764991799,289,28.91737694393805,-20.79741440382632,0.008322591136934754,0.5152566940494927,0.0729654900731544,289,28.84381562203272,-20.40325108802283,0.0091132837201614,0.4446372816582983,0.0246670978594183,289,31.67231499035053,-2.9748490183869514,0.39416331580348896,-0.3279596634805806,-18.94892840499081,-1.8484859988355105,-1.4543226830320215,0.29767346454168764,2.9748490183869514,1.3895819004065069,3.167341269004387,-0.1712175207596451,3.057664842632702,-0.0856116425673931,3.039819958816097,-0.1229077127301616,3.1834262293075666,-0.0574354998789097,4,ok,0.2050456817690476,0.1954531474715698,0.1934436518299332,0.1836597054010856,0.0068057627903755,18.5962989340501,1.4609959641298529,ok,1.915112259805792,ambiguous,1.3897687631146187,floor,2.142228946826071,ok
729,22,1.0388574481235149,0,-18.42763518956466,0.014362712956446724,0.5981683254664907,0.1834292518070257,339,35.36639692368409,-17.637836333715157,0.01722726628065447,0.5783831731300761,0.1268059663542509,339,28.91022410434959,-18.990653717583022,0.012616376135114163,0.6317377954661111,0.1862430854326164,339,28.83637247676343,-20.235863679463563,0.009471388087090754,0.517481625708153,0.0846266650812896,339,31.66506394805458,-1.3528173838678654,-1.2452099618805406,-1.8082284898989016,-18.03273576163991,-0.9579179559431132,-2.203127917823654,0.20952015842918886,2.598027345748406,1.7035897793488268,3.50788284081668,0.1572254906337602,3.3013262533114727,0.142319017043186,3.3150106163423363,0.1397571821156056,3.1714764287366504,-0.0813860739978604,4,ok,0.2013439630710445,0.1884585888204673,0.1839574044652744,0.1895716960451244,0.0109438714804814,20.244303955905934,1.46087863311427,ok,1.1864155251200443,floor,1.3896693487020653,floor,1.0410046234501389,floor
730,22,1.4641090342420395,0,-16.918844458459642,0.02032897838763767,0.4568118692380075,0.0534527807633062,483,35.3574289673357,-16.190906662086874,0.024038609016060454,0.4697252909441586,0.0306471283916907,483,28.90027962757687,-17.060610596835964,0.01967609633951924,0.546249489920727,0.1008594713929849,483,28.82603456169429,-20.016154522051842,0.009962871934082042,0.4610882906383391,0.0374145406758228,483,31.655099813488945,-0.86970393474909,-2.9555439252158777,-3.0973100635922,-16.55487556027326,-0.5057350365627045,-3.461278961778582,0.2812212688808413,3.8252478599649677,2.401570116288308,3.410953988835501,0.0334557613059289,3.1755632376112573,-0.018342957324287,3.338709457217865,0.1356673896215809,3.138444122816339,-0.1410423153051385,4,ok,0.2214795683373699,0.1895487806827261,0.2037790598999516,0.1881287378137526,0.0017351146100964,21.75357708705285,1.460716370494066,ok,1.186301832621222,floor,1.3895313327730046,floor,1.0408929922883492,floor
731,22,0.2058149877665178,0,-18.285968894451763,0.014838947918560998,0.4979756148902543,0.0877079714343402,45,35.338907114664714,-19.41071332309729,0.011453248078699137,0.4913500221190773,0.048195219526737,45,28.879345194498697,-19.627413847234248,0.01089578726539473,0.4406332807846057,0.0124857051769236,45,28.80470593770345,-18.871621281970345,0.012966951062193215,0.4415683879114094,0.022340344875013,45,31.634649785359706,-0.21670052413695728,0.7557925652639028,-0.5856523875185822,-18.848341108774527,-0.7790727384597211,-0.02328017319581832,0.12194568364950363,1.341444952782485,1.5125544134444575,3.2516381042990363,0.0540831836113011,2.829925830905572,-0.1300150600341996,2.985027157715989,-0.0317177737415481,3.185840478332924,0.0848429514642523,4,ok,0.221484760608938,0.176704769829909,0.1921004323495758,0.2084009382459852,0.0069943328698476,20.387448463433326,1.460381470775265,ok,1.186062682900493,floor,1.3892468153110775,floor,1.812293570986132,ambiguous
732,22,0.2718581929545149,0,-16.92130309526363,0.020317472961856927,0.4521434044562357,0.0497543168428586,66,35.34119958588571,-17.28331401684838,0.018692552036575275,0.5063033459995521,0.0607914081449365,66,28.88192546728885,-17.838309976971594,0.01645011742138402,0.4573148031077187,0.0251860095802243,66,28.807327761794586,-17.048503228069706,0.019731026378655838,0.4455858463640644,0.0253895344554548,66,31.63718431646173,-0.5549959601232146,0.7898067489018885,-0.1272001328060739,-17.102308556056006,-0.7360014209155885,0.0538053279863,0.07846895184605637,0.9170068817079624,2.3229942213138655,3.4759737437643885,0.249381061492417,3.181773905597008,0.1840776302772884,3.3239583779471715,0.2771503565199822,3.2155737625372858,0.0857731724074484,4,ok,0.2278472209970156,0.1918017880031556,0.1924060210021156,0.1864171879309596,0.01741848349797,21.751991046757,1.4604229051012476,ok,1.186092145525682,floor,1.3892817730012286,floor,2.363155030469341,ok
733,22,2.0441827894040534,0,-16.37381605908906,0.023047211861564984,0.4492683477015509,0.0474955342933072,686,35.3503309811517,-16.204538275779328,0.023963275039920972,0.5149788441219284,0.0682724471779072,686,28.892434548358526,-16.49301725732829,0.022423235300774048,0.5035399392459626,0.0628445217879418,686,28.81808498649486,-19.518971800666925,0.011171276982958023,0.5151767337618497,0.0825903680004829,686,31.647444157836738,-0.28847898154896257,-3.025954543338635,-3.1451557415778666,-16.289177167434193,-0.20384008989409708,-3.229794633232732,0.25871562881361915,3.3144335248875976,2.612225822911081,3.4047452609891966,0.0006454057391218,3.230730700724595,0.0022366234963229,3.2966969747492194,0.0661139713552252,3.1696429418158534,-0.1362301158066117,4,ok,0.2115229311515916,0.1927334034744834,0.1933716217560948,0.1871339121871456,0.0087565455569426,22.298987184510803,1.4605879932812948,ok,1.186212182550345,floor,1.3894252516883414,floor,1.0408072613461148,floor
734,22,0.1343507531623019,0,-18.526821584890538,0.01403840739542337,0.5229523017312722,0.1099326093372461,29,35.356042533085265,-17.561240664382293,0.01753379536165207,0.4369338316393505,0.005544076596577,29,28.8987339282858,-17.755448759166114,0.016766990724479947,0.4709883101321873,0.0359481076768128,29,28.82452655660695,-20.922433449827324,0.008086426715060857,0.3298322354891013,0.0,29,31.653653966969458,-0.1942080947838214,-3.1669846906612094,-2.395611864936786,-18.044031124636415,0.288582365470301,-2.8784023251909083,0.26303473223070467,3.3611927854450308,1.9112438515189107,3.229848095984466,0.0656051398070052,2.927023152441361,0.0103950361756339,3.0070412909083863,0.024784575191346,2.7509702504129074,-0.3169845566042433,4,ok,0.2032678481833688,0.1756871201354881,0.147708520421694,0.1655370441490206,0.0417689637377344,20.145674524756195,1.4606912913165664,ok,1.1862841662269965,floor,1.38951120628185,floor,1.040876798644213,floor
735,22,0.15095782865775,0,-18.483991107751365,0.014177540259929606,0.463254428887594,0.058619113303268,33,35.358048063336,-18.723453653709072,0.013416975743887314,0.4709456635894514,0.0316164143936261,33,28.90094872676965,-17.527971938787946,0.0176686271470511,0.4804090041245859,0.0435473805517729,33,28.826836036913324,-19.246010480231384,0.011895945120137148,0.5360651977189214,0.1013767471821855,33,31.65588107253566,1.1954817149211259,-1.7180385414434376,-0.7620193724800188,-18.60372238073022,1.0757504419422723,-0.6422880995011653,0.1481259456588211,1.7180385414434376,1.936698402986733,3.4081972214013545,0.2341576716100526,3.221701365368583,0.2923355538630989,3.25530585546122,0.2629066267149071,3.2182156246723066,0.140543405216706,4,ok,0.2301458501906106,0.196542505513538,0.2282791047385244,0.2018584027660615,-0.0149349268864501,20.188397140784243,1.4607275698618063,ok,1.186309480445287,floor,1.3895420302385697,floor,1.5177280132551678,ambiguous
736,22,0.1226928559678582,0,-19.101816813768302,0.012297542117118119,0.295549666368655,0.0,25,35.35391555786133,-17.29909230531068,0.018624763617896133,0.4305972997621941,0.0009025757435832,25,28.896385803222657,-18.330923589836658,0.014686139225050774,0.37209451796157,0.0,25,28.822077713012696,-18.052275597368734,0.015659303457240172,0.4101942152994584,0.0,25,31.65129364013672,-1.0318312845259783,0.27864799246792415,1.049541216399568,-18.20045455953949,-0.13046903029716717,0.148178962170757,0.1480652151364097,1.8027245084576222,2.0440635473488347,2.9505540869750875,-0.2024359399392676,2.956191179571132,0.0541943105692976,2.9916342666970226,0.0210278231222584,3.0737728128842448,0.0169799830910761,4,ok,0.1810682027041912,0.1684854504466056,0.2025540629029274,0.2261735165119171,-0.0277772363275289,19.57079367978295,1.4606528198464137,ok,1.1862573312574056,floor,1.3894785262438725,floor,3.4890084562187105,ok
737,22,0.1667354735492448,0,-18.909262989106924,0.012855047954922908,0.4933373435883847,0.083700488174377,37,35.35848627863704,-18.042175455071007,0.015695763798263755,0.3948487053513305,0.0,37,28.90142296456002,-18.58578665173948,0.013849093100703638,0.3901123447621175,0.0,37,28.827353657902897,-19.301527184913176,0.011744844779942181,0.3821820306735736,0.0,37,31.656386246552337,-0.543611196668472,-0.7157405331736975,-0.39226419580625205,-18.475719222088966,-0.1100674296505133,-0.8258079628242108,0.10727643548446648,1.2593517298421695,1.7806544059861749,3.346392128387079,0.1636781981593644,2.849162787631979,-0.091481598727996,3.0406430282231547,0.0392631251664488,3.0969831855690653,0.0107066965406663,4,ok,0.2068068737516532,0.1972584098174765,0.1917470484166532,0.1678140072806461,0.0102855933679116,19.7631016903376,1.4607354973276152,ok,1.1863149011552976,floor,1.3895489392715128,floor,2.0658184845504257,ambiguous
738,22,0.4379255015595223,0,-19.886026924761012,0.010265906572235807,0.4547114658233925,0.0517840921881675,124,35.37102397795646,-19.151083232967473,0.012158826929733246,0.5088803053045458,0.0630002972729466,124,28.915280080610707,-19.910115085688325,0.010209124297221133,0.5374015907830411,0.0927301020952975,124,28.84177895515196,-18.750832215729034,0.013332659209299429,0.4371559135649388,0.019023167200199,124,31.670294530930057,-0.7590318527208524,1.1592828699592914,1.1351947090319783,-19.518555078864242,-0.39156000682408276,0.7677228631352087,0.11496637233806058,1.1592828699592914,1.4783169073131384,3.2697306687917704,-0.0046749685565208,3.072353240367632,0.0124897593557329,3.144270590440768,0.0479613302213057,3.153929686716244,-0.0232974092677555,4,ok,0.1812993642844019,0.1971300297206448,0.1755671809397397,0.1868008918639633,0.0136475160627836,18.785663261837477,1.460962381281199,ambiguous,1.186473350784809,floor,1.3897415566174476,floor,3.5684335812316856,ok
739,22,1.0873402446401723,0,-20.21144393065818,0.009524794335634532,0.517765180640384,0.1052275617276323,357,35.364262364491694,-18.66822013933516,0.0135887023564262,0.4461010148052821,0.0123790289773335,357,28.907806888014,-19.18658281324933,0.012059844795488755,0.4467772632573514,0.0171084697248551,357,28.83399875224137,-17.774856302438998,0.016692230368584433,0.4453160027560164,0.0251838621109687,357,31.6627925477442,-0.5183626739141722,1.4117265108103325,2.4365876282191827,-19.43983203499667,0.253249221747339,1.6649757325576715,0.20013076808624622,2.4365876282191827,1.7309593036742092,3.317870323747459,-0.0367095292269752,3.033219000996812,-0.1308883391550148,3.1383261583809343,-0.0409882828895193,3.229227075629561,-0.0275262261845679,4,ok,0.2171150576062396,0.1903834794687122,0.1971750620449958,0.1871998143859771,0.00657420649248,18.46061005051288,1.4608400047389087,ok,1.1863878844504423,floor,1.38963765195987,floor,4.81754067722668,ok
740,22,0.2318923795238772,0,-18.814682489193554,0.01313807543346952,0.443188531043759,0.0427663906012274,52,35.42765712738037,-19.59967742114825,0.010965596417586305,1.453359346552802,1.6278265178292504,52,28.977144241333008,-19.834466313124153,0.010388512547967244,0.558473665419862,0.1123093334541684,52,28.9039012835576,-18.801316018017836,0.013178573351865586,0.4463678367808929,0.0259862641327666,52,31.73099191372211,-0.2347888919759029,1.0331502951063172,0.01336647117571843,-19.2071799551709,-0.6272863579532526,0.40586393715306457,0.10550547923033463,1.0331502951063172,1.461601495062347,3.388920467182966,0.1804036661254797,3.28394181048903,0.3097480989354406,3.0949453354467766,0.0668514577270977,3.276363051686831,0.1644922440786875,4,ok,0.2157486071093724,0.2286281478949464,0.1687685903878166,0.1854176343633578,0.0534197871143428,19.85395709526443,1.4619889740483591,ok,1.187182102480601,floor,1.3905726784925774,floor,2.510946659856675,ok
741,22,0.271422116324136,0,-19.418820928829994,0.011431886582891489,0.3654535431573013,0.0,71,35.425750624965616,-2.9188311083131886,0.5106424194882188,5.680770715165876,27.092450979686333,71,28.97505628558952,-20.339836949264395,0.009247328912910979,0.4214488456015764,0.0,71,28.90174306950099,-18.79144550978913,0.013208559261003974,0.3878062020041389,0.0,71,31.728904267431982,-17.421005840951207,1.5483914394752638,0.6273754190408631,-11.168826018571592,-9.171010930692804,-7.62261949121754,1.5883631702382763,17.421005840951207,18.6240725899113,3.2770711841229025,0.0449418716770106,3.279453513490055,0.274558418806123,3.0181873341473864,-0.0343528168230675,3.090242477339308,-0.0450499930337953,4,ok,0.2117799430246084,0.2302777819650274,0.1770609708529123,0.1843148158784483,0.0439678916419056,19.249921455209712,1.461954368056181,ok,15.0,sat,1.3905437601079282,floor,3.1011279379804337,ok
742,22,0.4649353581810703,0,-19.39972269100882,0.011482269366093529,0.4352242943301182,0.0366689495047209,131,35.431366549193406,10.242534783850925,10.574345066586844,1.0141738867174883,0.7128020523862753,21,28.97883046468099,-6.979452047498594,0.20047249490117006,2.4848074946627734,5.082818170814629,71,28.90677291627914,-14.726589889436676,0.033677590437214494,1.7162919930909657,2.3756185500395537,95,31.73420531174232,-17.22198683134952,-7.747137841938082,4.673132801572143,-4.578593953578947,-2.4008580939196467,-10.147995935857729,1.6798404476254774,29.642257474859743,377.52727196550995,3.24970816289161,-0.0288610852527226,0.0,-2.8848091083857392,3.3423540400966534,0.2898138891261994,3.436475341855842,0.2792833004538102,4,ok,0.2187441976755175,0.3962703325918743,0.275974050479036,0.1346014883565275,0.0315332146546598,19.26871685878133,1.46205631517274,ok,15.0,sat,15.0,sat,7.522162071284433,ok
743,22,0.2658589181971164,0,-19.03899733402516,0.012476715338811417,0.3763602607250497,0.0,64,35.4238994717598,-19.917461328621524,0.010191869804099894,0.4505380364408598,0.0157381908963936,64,28.97300374507904,-20.016203477426522,0.009962759629321133,0.455875782419994,0.0240718287441374,64,28.899649649858475,-19.56515402640438,0.011053112678395548,0.499650713720531,0.069110481035107,64,31.726877093315125,-0.09874214880499821,0.45104945102214344,-0.5261566923792174,-19.47822933132334,-0.5379741461031813,-0.08692469508103784,0.09026961015108284,0.9772061434013608,1.3421515967962128,3.24696891874294,0.0227092865069762,2.9302278463430795,-0.0644349582102519,3.014865296737394,-0.0295272942533708,3.1309315553462973,0.0034451583261336,4,ok,0.1862480560084805,0.16552822367521,0.1882750991499051,0.1707651482429355,-0.0123869593080598,19.629844858209328,1.4619207698545875,ok,1.1871345968938851,floor,1.3905157129519756,floor,1.897640500737768,ambiguous
744,22,0.7113912405889645,0,-19.15004022387626,0.01216174736517835,0.386826209224095,0.0019927522804852,221,35.42074507286106,-19.986937924078205,0.010030121816597341,0.4610399867203755,0.0238214322505672,221,28.96952138011812,-20.90832865774491,0.00811273208797155,0.4421318593615191,0.0136073411148323,221,28.89608729263237,-19.812081501319696,0.010442196221450236,1.9800804942219488,3.209809535598705,221,31.72342756970436,-0.9213907336667049,1.096247156425214,-0.6620412774434357,-19.568489073977233,-1.3398395837676773,-0.24359242734246322,0.1413399239139535,1.7582884338686497,1.2088949082921245,3.236561651466112,-0.0816578608360774,2.962539723833077,-0.1542912918581294,2.987665937931156,-0.1540042727471466,3.210291972940952,-0.0103948714245851,4,ok,0.2193543073885581,0.1737490783011482,0.1888469456952082,0.2106064138807592,0.0077047471496449,19.518972027618272,1.4618635249774683,ok,1.1870946500562176,floor,1.3904679921749172,floor,1.698984332106917,ambiguous
745,22,0.1747802257475218,0,-19.257250731863316,0.01186519627685174,0.4708629754358261,0.0648136374692318,33,35.42916477087772,8.649318948301495,7.3270962210903825,0.4123195282183191,0.0,22,28.97792329788208,-19.827421568510086,0.010405377557691163,0.8474566515270607,0.4567887617239903,33,28.90559035539627,-16.42016919500708,0.02280253234818819,1.08803027516482,0.8683091021988898,33,31.73268179460005,-28.47674051681158,3.407252373503006,2.8370815368562354,-5.30396589178091,-14.523455676729176,-11.11620330322617,1.7179332017265978,28.47674051681158,254.14953127220946,3.349698112192266,0.1756585624009643,0.5241722431186878,-2.3652228093985848,3.123938179962418,0.1315389512161053,3.4533136463519107,0.3756414268963102,4,ok,0.2016903891256361,0.1920983693139119,0.2806097884295565,0.1691255929569403,-0.0837154092097824,19.411307554561176,1.4620163424352095,ok,15.0,sat,1.3905953129529174,floor,5.238109035508542,ok
746,22,0.3915603846145015,0,-19.952763476787304,0.010109359767935715,0.4238962899653558,0.0281866750952466,112,35.42972666876657,9.089035704640683,8.10781014310468,0.3286033738567668,0.0,63,28.978356552124023,-18.986841694671213,0.012627455029805893,0.9370234133012786,0.5923032703880489,102,28.90598257792365,-13.621113995415246,0.043439878358391366,2.416282134355544,4.850454858918449,111,31.73323909514541,-28.075877399311896,5.365727699255967,6.331649481372057,-5.431863886073311,-13.554977808597902,-8.189250109341936,1.7133659048830712,29.041799181427987,281.8207495180836,3.211550144100941,-0.0551385183128365,0.2528604091508928,-2.740249922037293,3.343274053860477,0.2622956118450172,3.383470516576486,0.2145725148057291,4,ok,0.216346781734111,0.1498702795850852,0.1926061669912408,0.1609488926106342,-0.0094976363316426,18.71576450874703,1.4620265431387105,ok,15.0,sat,1.3906005692215606,floor,10.41141911133828,ok
747,22,0.1920327852826328,0,-18.94499711419064,0.012749709471388824,0.5261126837250015,0.1128222694043357,47,35.42658233642578,1.699105912372719,1.4788039135671673,2.333848846146741,4.443388570870627,47,28.97603639643243,-20.242714225349985,0.00945645972989091,0.476660723707937,0.0405057751214266,47,28.90274737743621,-19.828349611319005,0.010403154272678284,0.4367009210298332,0.0186830109448399,47,31.72985247348217,-21.941820137722704,0.4143646140309798,-0.8833524971283637,-8.622945600908961,-11.619768624441024,-11.205404010410044,1.682227580954318,21.941820137722704,51.962177422145324,3.144504529014202,-0.0563473521356088,3.192519620139828,0.2282919659393938,2.967556237985524,-0.0526020701784188,2.98582971516686,-0.1184381244111185,4,ok,0.2140743096775197,0.1077766299564787,0.200071578488705,0.1977506723809749,-0.0391461086717057,19.723700424433822,1.461969464515836,ok,15.0,sat,1.39055721665569,floor,1.173124105616533,ambiguous
748,22,0.186767860375407,0,-19.51284048712911,0.011187059586080066,0.3745957912480027,0.0,41,35.41532097793207,-19.51023728389134,0.011193767228188156,0.4590226834184727,0.0222542830268552,41,28.9634612013654,-20.406109030827047,0.009107288554011427,0.351686379387254,0.0,41,28.889891182504048,-19.29103180087416,0.011773262300292337,0.4674901929224315,0.0425003674105175,41,31.717456305899272,-0.8958717469357076,1.1150772299528882,0.22180868625495265,-19.511538885510227,-0.8945701453168198,0.22050708463606838,0.09379731631323186,1.1150772299528882,1.3403214618234447,3.341205996269962,0.1507090186472446,2.95320710314056,0.0024430680882003,2.86907364965654,-0.1403641215452458,3.2460213399825246,0.1520247102045497,4,ok,0.2012177349590673,0.1917042341537592,0.1915502918929588,0.2075707089246773,0.0049106926634544,19.15646414063301,1.4617651113258148,ok,1.187025149515241,floor,1.390385010664635,floor,2.717092715724541,ok
749,22,0.193599475804038,0,-19.543643816632546,0.011107993535604068,0.4663615828300191,0.061136622999153,45,35.416772800021704,-18.4055009270923,0.014436100847657172,0.4438859843485656,0.0107145239665573,45,28.965063858032227,-21.006189165150243,0.007931970374795117,0.5028467377790573,0.0622530261133451,45,28.89153086344401,-18.253128063742643,0.014951583604864293,0.4838377131697596,0.0558054024798397,45,31.719045215182835,-2.6006882380579412,2.7530611014075994,1.2905157528899025,-18.974572371862422,-2.031616793287821,0.7214443081197786,0.23342092227778968,2.7530611014075994,1.4788492271096443,3.261804309821472,0.0642493891337365,3.100963750451148,0.1410228595113767,3.082259956513715,0.065515025056178,3.014170540621176,-0.086826986247495,4,ok,0.2191034040517277,0.1681199404928419,0.165324431988928,0.1948171600699424,0.0282872402833567,19.125582558965046,1.4617914503017753,ambiguous,1.1870435273364144,floor,1.3904069675736386,floor,3.713334907701853,ok
750,22,0.1837497208873704,0,-18.88105450182254,0.012938816384702382,0.4206567800926183,0.0258020998091745,40,35.41813192367554,-18.77395853899531,0.013261851057934594,0.5172417459193605,0.07024468810748,40,28.966558170318603,-20.292070982140725,0.009349597217558507,0.408916091568002,0.0,40,28.893059635162352,-18.600110394229606,0.013803491767703097,0.419903258913768,0.0063728725996798,40,31.720525789260865,-1.5181124431454158,1.6919605879111188,0.28094410759293353,-18.827506520408924,-1.4645644617318005,0.22739612617931826,0.1420801418781096,1.6919605879111188,1.4980175596487952,3.1871033349240627,-0.0015214946510968,2.8398732246848413,-0.1084566120927417,2.8775501075359786,-0.1299494097467861,3.0632789773874727,-0.0288606360191936,4,ok,0.2423210641369223,0.1662175737321377,0.1661377415060997,0.1703227430582046,0.0381315774284303,19.788098614184463,1.4618161092521549,ok,1.187060664111338,floor,1.390427440951746,floor,2.7742804595011523,ok
751,22,0.193199249959713,0,-18.919521155917575,0.012824719775595345,0.4851321356273109,0.0767030082361488,49,35.420007511061065,-18.56265484515578,0.013923054254835103,0.5174990902527496,0.0704695251897542,49,28.968632094714103,-19.953063891993786,0.010108660495784806,0.3631353841508022,0.0,49,28.89518111092704,-17.692023984027742,0.017013654200376774,0.5147492264940119,0.0822136785907046,49,31.722577854078644,-1.3904090468380055,2.261039907966044,1.2274971718898335,-18.741088000536678,-1.211975891457108,1.049064016508936,0.18368245880030992,2.261039907966044,1.6604179851000027,3.1927662408089126,-0.0112451868213399,2.926191516761147,-0.0421442327375176,2.944257911783488,-0.0791715069937595,3.1234049552336773,0.0160031062766106,4,ok,0.1899861661451203,0.1928026001064144,0.1840292823557951,0.1990635364639515,0.0073651007699722,19.749530855987302,1.4618501412614473,ok,1.18708445003648,floor,1.3904558544874388,floor,3.655066954380056,ok
752,22,0.1591541202333353,0,-18.521357031521198,0.014056082478280892,0.4324912514014036,0.0346020059476952,32,35.42160677909851,-19.433739971942124,0.011392682723204841,0.4275171702060402,0.0,32,28.97039818763733,-18.79810181229609,0.013188330400661875,0.4612929709518124,0.0282844306723926,32,28.896987855434418,-18.249304517340846,0.014964752836564607,0.3554489222228901,0.0,32,31.72432744503021,0.6356381596460352,0.5487972949552429,0.27205251418035203,-18.97754850173166,0.17944668943557218,0.7282439843908151,0.09838684055804568,1.184435454601278,1.69827783839472,3.1709993297403454,-0.000707170014949,3.0076565251268272,0.0813241843877308,3.1190382887623023,0.1290544904524138,3.210857951210452,0.1354999248645247,4,ok,0.223944938275963,0.1664998249616474,0.2052627424709499,0.1852967815939337,-0.0100403608521446,20.147608765823964,1.461879162022122,ok,1.1871047074073953,floor,1.3904800551555416,floor,2.765814754040957,ok
753,22,0.1573579060004123,0,-18.753232398316044,0.013325292784762716,0.4785288469356302,0.0711568871664201,38,35.42320422122353,-19.163369591163814,0.012124477750439523,0.4652519160416556,0.0271156377256809,38,28.972166462948447,-19.40298078685301,0.011473658548670395,0.3520708802551087,0.0,38,28.89879638270328,-18.411649162488857,0.014415678356936622,0.4826071411862381,0.0547879409335736,38,31.72607878634804,-0.23961119568919642,0.9913316243641539,0.3415832358271871,-18.95830099473993,-0.4446797921130816,0.5466518322510723,0.08795083987862527,0.9913316243641539,1.6028514320221028,3.162254825994697,-0.022481041220201,3.0339158605431544,0.0906425178181478,3.0137685826972334,0.0102953477085074,3.0670572240718,-0.0212248595952559,4,ok,0.2104334101865166,0.1883011093657267,0.1701101628377249,0.1994600864617448,0.0292570969383967,19.915647277815577,1.4619081519364288,ok,1.1871249916333533,floor,1.390504281931496,floor,2.8324669258821173,ok
754,22,0.2625498992608947,0,-18.058707833822737,0.01563612798684289,0.3917514292056566,0.0053349515862111,61,35.41592951289943,-19.161611299272632,0.012129387480560437,0.4773420178532206,0.0367378811777312,61,28.964064269769388,-18.316078300686158,0.014736426079062141,0.3749901207138246,0.0,61,28.8905116534624,-19.184540501960278,0.012065517386401338,0.5345802631448165,0.1000165968796396,61,31.7180844916672,0.8455329985864743,-0.8684622012741201,-1.1258326681375408,-18.610159566547686,0.2940812658615286,-0.5743809354125915,0.11559940950893943,1.1258326681375408,1.7367769341714583,3.2287450955276844,0.0081254331667421,2.916834055745634,-0.0730959989583608,3.119603600984295,0.078979507834596,3.1977237462652224,0.073847898986465,4,ok,0.1913862464125039,0.1791720378105757,0.2000732213014462,0.171970075149028,-0.0147940791899063,20.610563994854203,1.461776151145636,ok,1.1870320647840087,floor,1.3903933191536364,floor,1.0415995612886657,floor
755,22,0.3314774007741577,0,-17.823115411607766,0.01650777188319882,0.3445103888346992,0.0,92,35.393010885819145,-16.436708371576813,0.022715858923597593,0.5616156812716314,0.1106663108275862,92,28.93868170613828,-15.2765335402787,0.02967198808811623,1.3611297640295064,1.4186854991453983,92,28.864834640337072,-15.526405738336704,0.028012987415240456,0.6734532510505719,0.2435426247612684,92,31.693191196607508,1.1601748312981126,-0.24987219805800365,2.296709673271062,-17.12991189159229,1.853378351313589,1.6035061532555854,0.21233247137564304,2.5465818713290655,3.4523625816728645,3.202325968018286,-0.0494484850561804,3.267097066870808,0.2366590310246117,3.247633160940893,0.1747541960274277,3.2844951558864435,0.1297163271500117,4,ok,0.2078320338674213,0.2085925454030866,0.1880499655380845,0.2193074593239504,0.0201623240971694,20.84739118616946,1.4613605986143583,ok,1.186741191157463,floor,2.825005717149069,ok,4.677171505349792,ok
756,22,0.3479509361392837,0,-18.90608915245889,0.012864445894790627,0.4364149702816047,0.0375735048690488,96,35.38827180862427,-18.687786212875494,0.013527619488457796,0.5136081315004961,0.0670820026179896,96,28.933352609475453,-17.993322034557288,0.015873320913569782,0.4763890771200685,0.0402862687804104,96,28.85952246189117,-18.502605493824973,0.01411690365063157,0.5325868131373178,0.0981965956974582,96,31.68804780642192,0.6944641783182064,-0.5092834592676851,0.4034836586339168,-18.796937682667192,0.8036156481099042,0.294332188842219,0.07931086133533727,0.9127671179016019,1.8944814931739276,3.3235958256055027,0.068594581572916,3.172749664149274,0.1381161006077307,3.2033334379429874,0.1271137435243976,3.290021649744099,0.1320421106558145,4,ok,0.2061170619757225,0.1972088291464994,0.2071879178596039,0.2155551651570325,-0.0055249722984929,19.764672638421636,1.461274729963432,ok,1.1866801696084597,floor,1.3899786752852514,floor,2.890371651376493,ok
757,22,0.2645903261324129,0,-19.75001554825403,0.010592499329309663,0.3664319080785682,0.0,70,35.3950685773577,-19.506636833045995,0.011203051094574305,0.3896533735417286,0.0,70,28.941052382332938,-20.216213817482203,0.009514338929733872,0.4775244786501179,0.0412045711752047,70,28.86732033320836,-18.137604500988694,0.015354636865139359,0.4710486392818657,0.0453576064350329,70,31.69555674961635,-0.7095769844362074,2.078609316493509,1.6124110472653364,-19.628326190650014,-0.5878876268321882,1.4907216896613207,0.1897570402754336,2.078609316493509,1.4678272722820718,3.1556342100359163,-0.0754196497170571,2.9468000871650464,-0.0566966858994382,2.9798340205463303,-0.0715927033105519,3.29403323592908,0.1598075258797258,4,ok,0.1962052404880523,0.1792552255094051,0.206277153960296,0.1948616913386753,-0.0185469209615673,18.920380231606927,1.461397888751472,ok,1.1867683422253932,floor,1.39008295136443,floor,4.013435839419648,ok
758,22,0.1315961008697458,0,-17.849220164743368,0.016408843900259054,0.286500585734476,0.0,24,35.38942686716715,-17.877544611394562,0.016302174549000643,0.4047323631427494,0.0,24,28.934690316518147,-18.035055573430068,0.015721516746802368,0.3778667106162032,0.0,24,28.860939900080364,-17.857772398259954,0.01637656299677136,0.6066069471872897,0.1703374644572368,24,31.689392566680908,-0.15751096203550574,0.17728317517011405,-0.008552233516585517,-17.863382388068963,-0.17167318536110443,0.005609989809009619,0.017296821579020197,0.18583540868669957,2.0722273685098846,3.234321656001362,0.0844266769301147,3.0203673260437083,0.1223946901306356,2.931506005064592,-0.0358961039922443,3.0364598066688746,-0.0172629910709365,4,ok,0.1746691148728132,0.1919723078608513,0.1948867123574018,0.1805213947469989,-0.0115660009905695,20.82147943186692,1.4612956569375124,ok,1.1866954856506484,floor,1.3899976267257852,floor,2.487658386629083,ok
759,22,0.218144531998689,0,-18.732183725995363,0.01339003238521096,0.4820337229148831,0.0740911776170565,53,35.386977429659865,-19.040031098695763,0.012473745820867356,0.5864918049280667,0.1347812959264278,53,28.93192226481888,-19.985270507987423,0.010033973488255793,0.4034973536644298,0.0,53,28.85817920037036,-18.912293351216228,0.012846081259716818,0.4704261130021888,0.0448561880302709,53,31.6867192466304,-0.9452394092916592,1.072977156771195,-0.18010962522086515,-18.886107412345563,-1.0991630956418597,-0.02618593887066467,0.10540545925955015,1.2530867819920601,1.4847323414341356,3.3133146511509715,0.1033536513116279,3.054554645414921,0.0784831623956527,3.0590705846589152,0.0294815132485282,3.1224607981329524,0.0091574645101961,4,ok,0.2213570375768643,0.1962579872529461,0.2318848440388463,0.1790907718944099,-0.0230773316239411,19.938647757725303,1.4612512802450468,ok,1.1866637940672526,floor,1.3899607168640185,floor,2.3077914037048,ok
760,22,0.1202864730341352,0,-18.215464861394594,0.015081811687644548,0.4359016757624519,0.0371832524778914,25,35.38558258056641,-18.753634379594132,0.013324059457940303,0.4496537799070066,0.0150660890629106,25,28.930314025878907,-19.86779405446794,0.010309096253711559,0.4123962135267134,0.0,25,28.85661445617676,-19.208654797995898,0.011998708986580422,0.4218677694790067,0.0077876308862747,25,31.68518981933594,-1.1141596748738074,0.6591392564720415,-0.9931899366013042,-18.484549620494363,-1.3832444339735765,-0.724105177501535,0.13813595123743655,1.6523291930733457,1.515600679581313,3.247413108186322,0.0944230812719668,2.830325910224911,-0.0716709587769233,3.12168885264728,0.151082409072516,3.275832276836188,0.219039447043019,4,ok,0.1907615652680397,0.2067659583687782,0.1513731856644153,0.210784917473793,0.0473905761539936,20.45544172101472,1.4612260120288183,ok,1.1866453832963952,floor,1.3899397989303042,floor,1.0412302686651589,floor
761,22,0.1546037054153339,0,-19.34912974183334,0.011616813732836448,0.4630688128149028,0.0584692542702134,33,35.38409412268436,-18.85401663794157,0.013019620822018829,0.4576559226264158,0.0211964153447328,33,28.928600080085523,-19.356647572802697,0.011596721905651782,0.4333393750918635,0.0070808357062386,33,28.854879437070903,-19.433069652443926,0.011394441282677194,0.4792055368379024,0.0519889067743397,33,31.683518091837566,-0.5026309348611271,-0.0764220796412296,-0.08393991061058514,-19.101573189887453,-0.2550743829152431,-0.3314964625564727,0.054446622205626176,0.5790530145023567,1.5391293166312057,3.2519491459969334,0.0779095962056315,3.1252293071609354,0.1958634956554514,2.816828267011702,-0.1755709617346101,3.056544875362168,-0.0211273440934331,4,ok,0.16925164650787,0.1843322260361729,0.1654567719634735,0.1754607177819266,0.0113351643085479,19.32185697489169,1.4611990499728986,ok,1.1866257640742992,floor,1.3899166066624675,floor,2.4097608668789605,ok
762,22,0.2630388674465399,0,-20.175878074359673,0.009603116390195622,0.3924489546119865,0.0058117028654678,72,35.402156035105385,-17.814220388786715,0.016541617001872556,0.4327454609876138,0.0024685040228495,72,28.94909903738234,-21.010492423491574,0.007924114780496094,0.4039172943997336,0.0,72,28.875355429119534,-20.369441320131884,0.009184507391164066,0.4118608301221999,0.0006499049163835,72,31.70331226454841,-3.196272034704858,0.6410511033596897,-0.19356324577221073,-18.995049231573194,-2.0154431919183793,-1.3743920885586896,0.3111403139293086,3.196272034704858,1.3682399221045702,3.191657785994309,-0.0415319373542306,3.029255972919928,0.0229821142044088,2.9985955945267024,-0.0550424106388351,3.046954358136254,-0.0893899523459147,4,ok,0.2095926063549187,0.2095530992373824,0.1769573363578981,0.1889163708935181,0.0326155164382523,18.49413594271046,1.461526358897448,ambiguous,2.0884634580660757,ambiguous,1.390190443007716,floor,2.293620919136107,ok
763,22,0.3570899188674475,0,-19.19240022048406,0.012043701357263271,0.6126860321083629,0.1987505198728842,98,35.40381162993762,-19.372478223661844,0.011554527156429876,0.456578270471947,0.0203645408598494,98,28.950968703445124,-18.7819836332515,0.013237367823908759,0.4720602515370806,0.0368052093139879,98,28.877261648372727,-19.825583657015187,0.01040978199086101,0.4074012359522013,0.0,98,31.70512205240678,0.5904945904103442,-1.0436000237636875,-0.6331834365311266,-19.282439222072952,0.5004555888214526,-0.543144434942235,0.0859026791118385,1.0436000237636875,1.5569760392315803,3.2524897313877905,-0.0040748287231315,2.9417783703290112,-0.0948878429838888,3.0411809291130547,-0.036657282345069,3.206829917501098,0.0472996978697946,4,ok,0.2088225408248147,0.1909415642825924,0.1805258159126554,0.170534980806465,0.0193562366410481,19.47752460428895,1.461556375359994,ok,1.1868819481480444,floor,1.3902159504178124,floor,1.743741418044377,ambiguous
764,22,0.1885797174670458,0,-18.74495777710364,0.013350705692972305,0.3477246106134795,0.0,43,35.39769514216933,-18.330594545811962,0.014687251965282833,0.3810346704894346,0.0,43,28.94411978610726,-20.598846531758923,0.008711949450173274,0.5033892918371118,0.0627159079091559,43,28.87049515302791,-19.013705108749853,0.01254958860274746,0.366500806540839,0.0,43,31.6985908330873,-2.2682519859469608,1.5851414230090697,-0.2687473316462139,-18.5377761614578,-2.061070370301124,-0.47592894729205426,0.18022987336958463,2.2682519859469608,1.4752705059990516,3.200471970636515,0.0063639227555212,3.0142633130221856,0.0588041038866338,3.0018166669544386,-0.0113596820212009,3.2400145669901894,0.1424360535057891,4,ok,0.184712536026572,0.2220981625276942,0.1586094431059305,0.1737826993299085,0.0447959061712026,19.92529653566432,1.461445493693377,ok,1.1868034776891478,floor,1.390125418111633,floor,2.210484412094652,ok
765,22,0.2219111016544424,0,-19.70220845644593,0.01070974559163179,0.3317742094310548,0.0,53,35.39063471668172,-18.622351110002917,0.013732983207223819,0.4180538297180795,0.0,53,28.936112385875774,-20.496636220527122,0.008919415140121867,0.4495052862974288,0.0191815694597512,53,28.86264084869961,-19.36489942871379,0.011574708357905828,0.4076843675151685,0.0,53,31.69094438372917,-1.8742851105242053,1.1317367918133314,0.33730902773213955,-19.162279783224424,-1.3343564373026986,-0.20261964548936717,0.15413238081768885,1.8742851105242053,1.4079685958590715,3.125217640311387,-0.0847433595279563,2.917715926518616,-0.0583555565006528,2.9942680701807025,-0.0353210012296845,2.932867768525518,-0.1804355650972384,4,ok,0.1850469506714704,0.1975591077275996,0.2197814866338136,0.1883550771283653,-0.0284784574342785,18.96842610051716,1.461317541637447,ok,1.1867117687398958,floor,1.390020370564323,floor,2.827544656401158,ok
766,22,0.2154535132991453,0,-18.727496662466855,0.013404491194530176,0.443742594381033,0.0431946965391272,50,35.39228950500488,-19.041290006813703,0.012470130526462855,0.4550441810989846,0.0191837107567933,50,28.938017387390136,-19.721901545743517,0.010661292174479099,0.4602748755463454,0.0274889254910986,50,28.86454540252685,-18.845384013577167,0.013045526118750922,0.6487137569689634,0.2155585447811396,50,31.69280006408692,-0.6806115389298135,0.8765175321663499,-0.11788735111031201,-18.88439333464028,-0.8375082111032377,0.03900932106311217,0.08512724724580296,0.9944048832766619,1.5270694256097301,3.2664524778027886,0.0609093184077638,3.1325346976894988,0.1622073648734292,3.185434692211987,0.1604194559563465,3.2588312986074524,0.1499100981400469,4,ok,0.2459941151738166,0.2083097225427627,0.1982462159544229,0.241769450455904,0.0289057029038667,19.943048783607622,1.4613475264196485,ambiguous,1.186733583382397,floor,1.3900458391996398,floor,2.374343619396256,ok
767,22,0.2871848561492959,0,-19.023515038153054,0.012521273336105419,0.4505307976816346,0.0484856011945311,75,35.356410064697265,-18.955183939792377,0.012719838757182871,0.4371389629294662,0.0056954680145242,75,28.897821248372395,-20.533065651885526,0.008844910338870063,0.6437271019569369,0.1992086011064915,75,28.82378908793132,-18.68213896624681,0.01354522125332429,0.5731883700581043,0.1366065180829274,75,31.653251419067384,-1.5778817120931485,1.850926685638715,0.3413760719062431,-18.989349488972714,-1.543716162912812,0.307210522725903,0.1519650958848977,1.850926685638715,1.4395841510616867,3.2874857916826143,0.0512010204909674,3.0892473503495403,0.0789492585452591,3.1138925288280066,0.0570501891445416,3.134448836868831,-0.004965505666695,4,ok,0.2131787323951721,0.1834885098040103,0.183718491345644,0.2069276386499405,0.0146151297539472,19.648961305565276,1.46069793942032,ok,1.1862737355081985,floor,1.3895013642671947,floor,2.8305548548194697,ok
768,22,0.2440177351191787,0,-18.702277446622315,0.013482556699286706,0.5042517224600988,0.0931902539115316,59,35.358276625811044,-18.815165610069258,0.013136613999870466,0.5049811731407092,0.0596624357079542,59,28.899942430399232,-20.373644287355134,0.009175623209540526,0.416608996457727,0.0,59,28.826007261114604,-19.44501967094193,0.011363131508368625,0.4800479877178127,0.0526802789463314,59,31.655318534980385,-1.5584786772858763,0.9286246164132024,-0.7427422243196169,-18.758721528345788,-1.614922759009346,-0.6862981425961436,0.14503772220006395,1.6713668407328193,1.413929892945304,3.209659588724106,-0.0084325681374433,3.0542133097195263,0.0675695600351242,2.989004051987012,-0.0490032890068214,3.005810027366264,-0.1155587430298354,4,ok,0.2202903076501216,0.1663528742679094,0.1866171167437303,0.1761031049793049,0.0067044742152852,19.970098508894548,1.4607317046143504,ok,1.1862979785459336,floor,1.389530968393868,floor,1.5558255944890145,ambiguous
769,22,0.1765142880428612,0,-20.129374562945472,0.009706497425891535,0.4050312254719231,0.0145571841370433,36,35.35419623057047,-19.261534463699476,0.011853498624169543,0.4259812423213088,0.0,36,28.89537074830797,-19.883064658381095,0.01027291120268292,0.5137668119858881,0.0716656066405312,36,28.8212317360772,-19.217471322800623,0.011974375357098497,0.6221120487171202,0.1866364693494402,36,31.650844203101265,-0.6215301946816183,0.6655933355804713,0.9119032401448486,-19.695454513322474,-0.1876101450586205,0.4779831905218508,0.08981750867388301,0.9119032401448486,1.4270980462707086,3.2380916455177924,0.0574550546499224,3.051893051541088,0.1139496566398037,3.108152295041396,0.1089230825567342,3.1442505810309385,0.0600346412230066,4,ok,0.2145618357592159,0.171485810023215,0.1814929054429133,0.1942999727196163,0.0115309174483021,18.543220837179238,1.460657896257085,ok,1.1862457319446669,floor,1.389467237552712,floor,3.362252286264878,ok
770,22,0.2219246708934913,0,-18.204205913123815,0.015120961537007824,0.4321390515753289,0.0343365916127629,52,35.36030299846943,-18.932121762931185,0.012787564100024084,0.429957098569994,0.0004374005474969,52,28.902183239276592,-19.618164903968133,0.010919016181670908,0.5390102790148881,0.0941982762826385,52,28.828342034266544,-18.229474242589138,0.015033239476484571,0.6301820757118206,0.1952824693976513,52,31.65752179806049,-0.6860431410369472,1.3886906613789947,-0.02526832946532309,-18.568163838027502,-1.0500010659406307,0.33868959543836397,0.12939337947710844,1.4139589908443178,1.6237573342728315,3.257433282520865,0.0489164814633791,2.9912962844071256,0.0171025728535361,3.208166743047325,0.180072865327646,3.312309046482941,0.2004382388747974,4,ok,0.1999215839000848,0.1970639535440848,0.1887469078915623,0.1875750302838591,0.0097458608305225,20.46806105129238,1.4607683642445477,ok,1.186323591644114,floor,1.389562132296618,floor,2.469811811447177,ok
771,22,0.1772280492169337,0,-19.428747835271924,0.011405785935843722,0.3268019486268313,0.0,38,35.361918800755554,-17.200747298974534,0.019051328698334452,0.4838972287857582,0.0420582275528953,38,28.90396856006824,-19.900291587796076,0.01023224290111069,0.6406899555321457,0.1959011074788137,38,28.830158283835964,-18.41493472461387,0.01440477660769883,0.5566346154934629,0.1206057503526847,38,31.65927897001568,-2.699544288821542,1.4853568631822043,1.0138131106580524,-18.314747567123227,-1.5855440206728488,-0.10018715749064455,0.24727842936901132,2.699544288821542,1.7570218351709075,3.2614898681560045,0.0767540009411065,3.061859044415564,0.1185857016905571,3.089143491000776,0.0856702560120501,3.303099096210339,0.2148170125432829,4,ok,0.2166292239960871,0.2104077396032057,0.190786685402456,0.1651743399469476,0.0227317963971903,19.243432215254444,1.4607975987680843,ok,1.871734609898432,ambiguous,1.389586377653162,floor,3.4563243507761565,ok
772,22,0.1670032164235432,0,-19.361630879786212,0.011583422892011462,0.3465569715933941,0.0,34,35.360667060403266,-18.19069549861379,0.015168074396784512,0.4835702459901632,0.0417911219376088,34,28.902546097250543,-19.072208072510858,0.012381669083841335,0.6111213567450745,0.1645179354405943,34,28.82867740182316,-18.251667931258513,0.014956611290952583,0.5511242667777788,0.1153834935087885,34,31.6578904320212,-0.8815125738970693,0.8205401412523443,1.1099629485276985,-18.7761631892,-0.2960448833108593,0.524495257941485,0.11590589116667946,1.1709353811724235,1.765425961078515,3.1578351577280177,-0.0184677883106414,3.094422851096044,0.1621141338478007,3.109029929915166,0.1142873840084073,3.0992603427172583,0.0193430209624119,4,ok,0.1931047882227336,0.2061391321613508,0.2027845279697109,0.1842009602662395,-0.0031625677776687,19.310616502217744,1.4607749509714385,ok,1.1863277394912102,floor,1.3895666089938403,floor,3.5449006908867364,ok
773,22,0.1415697472055743,0,-18.177010402437503,0.015215946050155867,0.3987417576979966,0.0101511070984741,30,35.359490331013994,-18.018270394521394,0.01578239688578979,0.3999782254201465,0.0,30,28.90122534434001,-19.915540378456964,0.010196378819358183,0.5736385392256372,0.1268657841689633,30,28.827318255106608,-19.200095608336536,0.012022379674983921,0.3975512747392506,0.0,30,31.656599044799805,-1.8972699839355691,0.7154447701204276,-1.023085205899033,-18.09764039847945,-1.8178999799775148,-1.1024552098570872,0.17262268403718223,1.8972699839355691,1.5954577036580528,3.3201989297803003,0.1533856208891877,2.872153755454076,-0.0478163764974839,3.188747900034397,0.2038300720046848,3.1536183521596617,0.0831139673591114,4,ok,0.1953431494534015,0.1676964223384857,0.1653413521746794,0.1679235652089118,0.0161784337212642,20.4953002733404,1.4607536616276864,ok,1.186312642268583,floor,1.3895484667209517,floor,1.0409097850803215,floor
774,22,0.1543313422773751,0,-21.26327255278179,0.007476059423658324,0.5323549778577261,0.1185809979619325,30,35.35997937520345,-18.02662815795198,0.01575205371914694,0.578596988881877,0.1270148417814467,30,28.901720492045083,-19.361312527443896,0.01158427202667094,0.5530740706606851,0.107220520279728,30,28.82777112325033,-19.555261491987547,0.011078318599731433,0.3643328603867283,0.0,30,31.657099469502768,-1.3346843694919173,-0.19394896454365096,1.7080110607942416,-19.644950355366884,0.28363782792298764,0.08968886337933668,0.25581442732590953,3.23664439482981,1.5962775751032061,3.094045766918393,-0.0727675419727194,3.0930258206668606,0.1730556887153014,3.0709739736903714,0.0860561456606587,3.078453280920275,0.0079488961197249,4,ok,0.1850886883834998,0.1909790873527526,0.205034606407086,0.2161807348330815,-0.0170007185389598,17.409011818682586,1.4607625092465584,ok,3.1187027147488924,ok,1.6736708982134127,ambiguous,4.102839076868752,ok
775,22,0.1158006612651432,0,-19.880777441027853,0.010278322869198612,0.426275126302556,0.0299493647229545,25,35.3639128112793,-18.185635297593954,0.01518575784452411,0.4558651888985343,0.0198151683566352,25,28.906100158691405,-21.189728900413943,0.0076037374025853185,0.4101161339000223,0.0,25,28.83222213745117,-19.29028633487686,0.011775283352914315,0.3830244653532102,0.0,25,31.661395645141603,-3.0040936028199887,1.8994425655370826,0.5904911061509921,-19.033206369310903,-2.1565225311030396,-0.257079965565957,0.24428131185788546,3.0040936028199887,1.3849930142232507,3.299557123926477,0.146567097012122,2.875386502423966,-0.0266103665778683,2.842229764742219,-0.1283766788325451,3.130969141308759,0.0741763115155902,4,ok,0.1943732714653015,0.2013971742987632,0.1884344819188118,0.1788427555561065,0.0094507409632206,18.791295344655403,1.4608336793838077,ambiguous,1.1863683701887804,floor,1.3896139310308673,floor,3.0652017440266395,ok
776,22,0.2341469614871554,0,-18.752086028090325,0.013328810613289742,0.4517240080358776,0.0494239212588689,56,35.3466967855181,-18.001501137146825,0.015843454694260073,0.5334295159291943,0.0846053884847184,56,28.88710962023054,-20.660944498341582,0.008588267246055076,0.4946450195911817,0.0553165103151798,56,28.81263259478978,-18.900083427926745,0.012882248046697645,0.4898263117013494,0.0607938823791172,56,31.64268340383257,-2.659443361194757,1.7608610704148369,-0.14799739983642013,-18.376793582618575,-2.284150915723007,-0.5232898453081702,0.20600485331090948,2.659443361194757,1.5178233976104796,3.3312847189286043,0.117149188995496,3.0242658825884554,0.0427666055624573,3.0956802563158057,0.0617692514317997,3.302501019617546,0.185056896628931,4,ok,0.2057831290710185,0.2011800186176385,0.1899236185210091,0.2124314145185053,0.0135579553233193,19.92091260758433,1.4605222810734606,ok,1.186151352031972,floor,1.389352518459624,floor,2.3412054898479284,ok
777,22,0.2263347944121557,0,-18.83268244231329,0.013083735496920445,0.4495507156360894,0.047716738019168,56,35.343874318259104,-18.30709410280852,0.014766942700812193,0.412393291980564,0.0,56,28.883921725409373,-20.589335413319795,0.008731049665710176,0.5178318000741957,0.0752210785171283,56,28.8093923841204,-19.976043347944216,0.01005531465362094,0.5312378277710946,0.0969688421796499,56,31.63955909865243,-2.2822413105112744,0.6132920653755782,-1.143360905630928,-18.569888272560902,-2.019447140758892,-1.4061550753833139,0.204922119011845,2.2822413105112744,1.4025641241278222,3.14430121588656,-0.0698343140465485,3.203111042857042,0.2216117658310441,3.0214642903820885,-0.0124467145019173,3.119238956891851,0.0017948339032356,4,ok,0.2022853191675884,0.2133665800626789,0.1688097305595874,0.1730707822633641,0.0390162190555462,19.840467924842816,1.4604712543757712,ok,1.186114942283882,floor,1.389309304612614,floor,1.0407189956400291,floor
778,22,0.3480382868425286,0,-20.19301268439491,0.009565302996424841,0.4637597489892415,0.0590273929562239,90,35.34797821044922,-18.87449148837581,0.012958384172254924,0.4167263445923565,0.0,90,28.88850137922499,-20.452755819725894,0.009009992262639549,0.459453855167648,0.0268486882807863,90,28.81406898498535,-20.20519256863394,0.009538514475902263,0.4352403209401771,0.0175934476958916,90,31.644077873229985,-1.5782643313500841,0.24756325109195387,-0.012179884239031935,-19.53375208638536,-0.919003733340535,-0.6714404822485811,0.15280130551642468,1.5782643313500841,1.317973708929718,3.294254823170314,0.0441467700019093,3.088564646844822,0.0602932920908161,3.058273854154885,-0.0128798699835286,3.2196746354248726,0.0665487378819649,4,ok,0.2031740895575947,0.1810478082133664,0.2107096955594089,0.1823713284399774,-0.0185987466739283,18.479917058625816,1.4605454499890418,ambiguous,1.1861672495137991,floor,1.3893716775036435,floor,2.482884441835066,ok
779,22,0.3548921999555734,0,-19.408077443024126,0.011460201552200672,0.373135306896407,0.0,96,35.35091996192932,-18.661094811825322,0.013611015194872218,0.5610462050585995,0.1101264941357396,96,28.89172575871149,-20.904831117952988,0.008119268213371902,0.5624879599246687,0.1161246203206356,96,28.81742397944133,-20.124095676882924,0.009718302928782762,0.4689249669989536,0.0436498062305119,96,31.6472761631012,-2.2437363061276656,0.780735441070064,-0.7160182338587973,-19.034586127424724,-1.8702449905282634,-1.0895095494581994,0.19032193218684892,2.2437363061276656,1.3065379785514493,3.2418322067943315,-0.0131690372382551,3.149798988206496,0.1151654246649527,3.048951207380628,-0.0272684870379618,3.246572796893942,0.0885932578056576,4,ok,0.2039951865250865,0.1859384630806744,0.1928957088772828,0.1872831665483924,0.0020711159255976,19.264694131624548,1.4605986441282457,ok,1.1862040845807238,floor,1.3894164329816272,floor,1.6050996417718553,ambiguous
780,22,0.2658093017686072,0,-19.729187703561017,0.010643420721987948,0.4425121979445691,0.0422442921200068,69,35.338377579398774,-17.28605390805695,0.018680762937472808,0.4898610460592781,0.0469616265284564,69,28.87771717016248,-20.573264536236323,0.008763418385159313,0.5040719100360012,0.0632989949831397,69,28.80310567220052,-20.630168974952923,0.008649342653271393,0.5017439163440321,0.0709037706431126,69,31.633493810460187,-3.2872106281793734,-0.056904438716600225,-0.9009812713919061,-18.507620805808983,-2.0656437304273396,-2.12254816914394,0.35229708555201217,3.3441150668959736,1.4814271019731153,3.272290860825662,0.0423279284352422,3.118380999904148,0.1163026688839763,3.0567615110084136,0.0064642353480004,3.1747863264356537,0.0416427263053376,4,ok,0.1902435323682384,0.1849194437913272,0.1759327518335287,0.1903235587844814,0.0116487362462541,18.944258114328104,1.4603719005749871,ok,2.2021815914965344,ambiguous,1.3892254807101274,floor,1.0406511241284209,floor
781,22,0.4003466553310766,0,-19.91905283268545,0.010188135602720845,0.5069481102486493,0.0955666789879912,108,35.342150158352325,-17.658697270028952,0.01714471511249022,0.583596357772842,0.1319207035888832,108,28.88194887726395,-20.8159241659486,0.00828719548413694,0.6162306157931092,0.1698347837368545,108,28.80739019535206,-17.92085161018876,0.016140420274971083,0.5570755306792603,0.1210258585311654,108,31.63763650258382,-3.1572268959196492,2.8950725557598425,1.9982012224966894,-18.788875051357202,-2.0270491145913994,0.8680234411684431,0.29208944641891865,3.1572268959196492,1.622585499127673,3.283656157393649,0.0197248222484867,3.131625378373143,0.0853807606694121,3.1099097247041216,0.0244446161107596,3.233798899915252,0.0669614473649624,4,ok,0.1877743890164075,0.1875470107145331,0.1980270718879721,0.2018881824419454,-0.0103663720225018,18.75419021485148,1.4604400872066012,ambiguous,1.9267832213766067,ambiguous,1.3892826055064167,floor,4.380929826677413,ok
782,22,0.4575363878219974,0,-19.68516599378236,0.010751855044251581,0.4467719706570613,0.0455459477533368,125,35.33687533569336,-17.471676432038553,0.01789914790747686,0.5680440180316819,0.1167978286886479,125,28.875982299804686,-20.083376686478378,0.009809849200641634,0.5098676015493618,0.068281463116119,125,28.801353393554688,-19.635908849033527,0.010874495430083815,0.53203861447824,0.0976972874878125,125,31.63182125854492,-2.6117002544398247,0.44746783744485086,0.04925714474883236,-18.578421212910456,-1.5049554735679216,-1.0574876361230707,0.26264550545274784,2.6117002544398247,1.5826137771353164,3.257429729813695,-0.0175848918818641,3.096634842731216,0.0359795500624238,3.1606370458776265,0.063697297968233,3.306794670059644,0.1289635118572629,4,ok,0.2166509091258049,0.1817986565232277,0.1748258317112922,0.1960535265803337,0.024398951113224,18.98836055953286,1.4603447521428714,ok,1.844519705774022,ambiguous,1.3892021214776862,floor,2.5448397724319607,ok
783,22,0.1956508385449216,0,-19.90782436235704,0.010214510607415081,0.4437970654695811,0.0432368330536727,47,35.334288170997134,-18.53397481603472,0.014015303874177083,0.4936334788343055,0.0500943004957086,47,28.87309979377909,-19.78425404050273,0.010509319511369103,0.3939917905084187,0.0,47,28.7984416231196,-18.189107072655922,0.015173623113312336,0.3968019228024568,0.0,47,31.62900007531998,-1.2502792244680094,1.5951469678468086,1.718717289701118,-19.22089958919588,-0.56335445130685,1.0317925165399586,0.1729460206868085,1.718717289701118,1.6146715276660855,3.162860112926584,-0.0379917682232275,3.116370883865301,0.1521432296648672,3.0682415634128355,0.0480832552488927,3.2014514383744497,0.0971835987964717,4,ok,0.2327734151102126,0.1831067233009541,0.1847617867145132,0.1889154918967409,0.0231782824910701,18.76584122302433,1.460298001821141,ok,1.185991386338901,floor,1.3891633099315683,floor,4.11224754377774,ok
784,22,0.632636127373582,0,-18.970147408758578,0.012676088397950211,0.4537493697993847,0.051022312453792,196,35.338790484837126,-18.48404440752637,0.014177366263919872,0.4518672734847169,0.0167509958579199,196,28.878089350097035,-19.551526506210045,0.011087850187572081,0.5809486345129273,0.1340218938438393,196,28.803483252622645,-20.074513322279735,0.009829890222356847,0.4632423070534058,0.0391179155675831,196,31.63389889074832,-1.0674820986836764,-0.5229868160696896,-1.104365913521157,-18.727095908142473,-0.8244305980675719,-1.3474174141372615,0.1371163894861581,1.590468914753366,1.509505728241798,3.298855601946221,-0.0102620906453703,3.026660895423142,-0.0783357817039931,3.1129032511211427,-0.0193437530178575,3.1930208556949093,-0.0186377346106305,4,ok,0.2050674027402182,0.1750425255990454,0.1949295844616634,0.1941733783187002,-0.0048746202920316,19.703276217473352,1.4603793629228616,ok,1.186048344547924,floor,1.389230514422832,floor,1.0406556564001204,floor
785,22,0.7169532565048772,0,-20.153316311651675,0.009653134754459152,0.4722851773819213,0.0659827221584006,220,35.34321873404763,-18.014372783683427,0.01579656728282026,0.418625509472137,0.0,220,28.88309039202604,-20.88146268213518,0.008163073967999052,0.5550387314605234,0.1090663803428997,220,28.808541948145088,-19.83856837221351,0.010378704877110772,0.4756738329090582,0.0491037680349433,220,31.63877469843084,-2.867089898451752,1.042894309921671,0.3147479394381669,-19.083844547667553,-1.7976181344676263,-0.7547238245459553,0.26217511867598836,2.867089898451752,1.3925463836185517,3.1962945114396373,-0.1215811538169155,3.062112084169828,-0.0542718558286368,3.121045558538034,-0.0202686637959601,3.2034908288986723,-0.016854947572257,4,ok,0.2102020744572986,0.1945851950482888,0.1864068009128624,0.1945992275225845,0.0159868338399312,18.519869296432432,1.4604594032459448,ok,1.696676985480508,ambiguous,1.3892979637506684,floor,2.804783945778133,ok
786,22,0.6570106428248202,0,-19.690617518800718,0.010738367137615282,0.4541198658495874,0.0513154771485284,201,35.342032247514865,-18.140832467048504,0.015343228515836565,0.5058550269624996,0.0604082682330207,201,28.881695609780685,-20.848718406684085,0.00822485327721624,0.5550190509132387,0.1090478574004019,201,28.80712822302064,-18.94369363914868,0.012753536695312111,0.5252538153954501,0.0915601476727103,201,31.637436074403983,-2.707885939635581,1.905024767535405,0.7469238796520372,-18.91572499292461,-1.9329934137594762,-0.027968646224071136,0.2223289771993121,2.707885939635581,1.4587883611287662,3.2677263491763044,-0.043301221318619,3.039925664286223,-0.0675542681066421,3.063399592804081,-0.0708247273574493,3.206096835226248,-0.0074561963540169,4,ok,0.2132018500040123,0.1931671148064124,0.181720215882828,0.1933905783466142,0.0214642665223843,18.982631866691865,1.4604379558614,ok,1.1860895207603046,floor,1.3892791123174062,floor,3.209745716385435,ok
787,22,0.2807751401590921,0,-19.449169173080662,0.011352279696506656,0.3807032929140529,0.0,74,35.40358130996292,-18.869714145319154,0.01297264654746702,0.4861344895993366,0.0438906444727302,74,28.950464197107262,-20.992332020632553,0.007957319534055228,0.4153573904658816,0.0,74,28.876600832552523,-19.76865878485537,0.010547125689751715,0.4905969328405138,0.0614402631386943,74,31.70461618578112,-2.1226178753133986,1.2236732357771842,-0.31948961177470636,-19.159441659199906,-1.8328903614326464,-0.6092171256554622,0.16924554869304811,2.1226178753133986,1.29928442758266,3.277569819261215,0.0423027565528308,3.126906113532318,0.1179312633581077,2.894303069272961,-0.1614856264646209,3.035011158971602,-0.1033937007310337,4,ok,0.2057449177310273,0.1841073414763888,0.1547940119698241,0.1899557191173772,0.040132117633884,19.22076806010793,1.4615521994384733,ambiguous,1.1868761669085297,floor,1.3902071076604388,floor,2.15290232722662,ok
788,22,0.123385311733817,0,-19.336510374285965,0.011650617992211822,0.3550498178198471,0.0,27,35.40472624037001,-19.27299172831784,0.011822268734584175,0.4884741584637205,0.0458159798838313,27,28.95175962094908,-21.31411497572749,0.007389048249060311,0.4065822472408188,0.0,27,28.87792368288393,-18.88596299129707,0.012924200917550038,0.4956661424222883,0.0657175356844137,27,31.70588775917336,-2.041123247409651,2.4281519844304214,0.4505473829888942,-19.304751051301903,-2.009363924425589,0.4187880600048324,0.19286932608923602,2.4281519844304214,1.29988811426453,3.202099380738135,0.0432743105543114,3.094434362519981,0.1848506724447203,2.9692583041771465,-0.0073892190544624,3.1141656313659887,0.0515849201641724,4,ok,0.1910595786240365,0.1868566564387745,0.1908029833877528,0.1730863973498344,-0.0018448658563472,19.333365175097494,1.4615729585908663,ok,1.186891011729245,floor,1.3902248097814385,floor,2.935243714714733,ok
789,22,0.1396939485543957,0,-18.661521640250996,0.013609677558094833,0.4746273284288753,0.0679157118484357,25,35.406609802246095,-18.801273614464595,0.013178702025170953,0.4657538665095294,0.0275102176489059,25,28.95382179260254,-19.460217985087766,0.011323435261795998,0.5964843354773479,0.1495312677804661,25,28.88003273010254,-18.048783019479124,0.015671901668009306,0.3920966242405756,0.0,25,31.70792846679688,-0.6589443706231712,1.4114349656086418,0.6127386207718715,-18.731397627357794,-0.7288203577299726,0.6826146078786692,0.11496516987922324,1.4114349656086418,1.6700444192204613,3.218673518871113,0.0656834919567583,2.847803976397794,-0.0541928926040404,2.930080320785742,-0.0405261227890219,3.0044929429854355,-0.0522998868077331,4,ok,0.1872810477018356,0.1879375506937503,0.1744282042980194,0.1749949803948402,0.0131810948997735,20.008252425439014,1.4616071126936283,ok,1.1869146450617574,floor,1.390253035098404,floor,3.0870209043367858,ok
790,22,0.1914082893579437,0,-19.520347216397287,0.011167739586581373,0.4621119252278177,0.0576976541458666,43,35.40051402602085,-17.80599413613284,0.016572979241681562,0.5763928257120384,0.1248653111522528,43,28.94707706362702,-20.357289078228057,0.009210243075232206,0.5305464081904856,0.0865228932940418,43,28.87318952693496,-18.601322829755212,0.013799638735116132,0.4388209802114981,0.0202710051092673,43,31.70129492116529,-2.5512949420952182,1.7559662484728449,0.9190243866420751,-18.66317067626506,-1.6941184019629958,0.06184784650984909,0.2184760956697078,2.5512949420952182,1.5925413515677447,3.060886013381439,-0.1332220344995547,3.1261370855860253,0.1706778764504735,2.9706637691013675,-0.042512579874272,3.204711836325429,0.1071333228410282,4,ok,0.223268324899119,0.2198492179429808,0.1641835060923598,0.1820403041188107,0.05737526532869,19.14975525567058,1.461496591171661,ok,1.1868373569063009,floor,1.3901614637441262,floor,3.3700446247607485,ok
791,22,0.083947166842118,0,-19.99818180439655,0.01000418742657505,0.4293524962675436,0.0322442939300313,18,35.40705977545844,-19.62407983278207,0.010904155011482565,0.2362393218384793,0.0,18,28.95436414082845,-19.973074275787333,0.01006219136137772,0.2930863700708218,0.0,18,28.88058524661594,-19.794104106770156,0.01048551073769207,0.317383602646372,0.0,18,31.7084436416626,-0.34899444300526383,0.17897016901717677,0.20407769762639205,-19.81113081858931,-0.16194345719802428,0.017026711819152496,0.03502537607316848,0.3741019716144791,1.339392987259556,3.095475644144813,-0.0326078142423873,2.6927089067026992,-0.1769040243843496,2.7226058907008754,-0.2222145291029087,2.903608267577952,-0.128479301555743,4,ok,0.2306283865537908,0.1955176620847649,0.183057550754812,0.1707368697971105,0.0300154735644658,18.67156801631729,1.461615272402461,ok,1.186920861006432,floor,1.390260429911517,floor,2.699648087504171,ok
792,22,0.0942932942934957,0,-17.434123390286587,0.018054591265849098,0.6289631984227547,0.2163655143141065,18,35.409235848320854,-17.476385136265733,0.01787975182406731,0.4135000239342912,0.0,18,28.956753306918674,-19.59734190934052,0.01097149498836098,0.4151672076768615,0.0,18,28.88302887810601,-19.53139006257007,0.011139379342503175,0.4961945205134725,0.0661658982766093,18,31.710808753967285,-2.120956773074788,0.06595184677045296,-2.0972666722834816,-17.45525426327616,-2.142087646064361,-2.0761357992939082,0.23822321678364972,2.1632185190539346,1.7047343707583733,3.197097186955688,0.0690137285684868,3.152056784290603,0.2824438532035542,2.86543473177108,-0.0793856880327044,3.211474935409898,0.1793873662762029,4,ok,0.1979766674339771,0.2300495468080043,0.1619726092451148,0.1992317576789193,0.0520404978758758,21.235509175902717,1.4616547353556757,ambiguous,1.1869482456841154,floor,1.3902931376688088,floor,1.0415178279591808,floor
793,22,0.3246256692770097,0,-18.37051236084298,0.014552873822791069,0.4403614724476306,0.0405893289447603,85,35.40992310467888,-18.467149586106967,0.014232626135135621,0.5291519076738745,0.0807675652256567,85,28.95754659316119,-20.279842559764944,0.00937595995996547,0.4996502787003289,0.0595360897960826,85,28.883839124791763,-19.50599595742871,0.011204704417920387,0.4454074530956148,0.0252535507711129,85,31.71158151065602,-1.8126929736579775,0.7738466023362349,-1.135483596585729,-18.418830973474975,-1.861011586289969,-1.087164983953734,0.17450616526571375,1.909330198921964,1.4655660917259299,3.4098548570705765,0.1640804487313825,3.1102757732325834,0.0876390961316184,3.046330177281737,-0.0203368802787742,3.043530579680449,-0.1052966998093731,4,ok,0.1983441687682095,0.1832937866011086,0.199434809518211,0.1712622218272265,-0.0086158318335519,20.299083171576505,1.4616671995900596,ok,1.1869573390854635,floor,1.390303983635772,floor,1.0415265074567148,floor
794,22,0.1129063263213495,0,-20.325558276951107,0.00927778218409805,0.4150524101531879,0.0217199704894981,18,35.41092872619629,-17.644635917223,0.01720031530868442,0.3628014349585119,0.0,18,28.958699438307026,-20.41160950005906,0.009095761202651547,0.4358556894007179,0.0089352610761177,18,28.8850293689304,-19.81843680167684,0.010426926683600889,0.3265699816593954,0.0,18,31.712711970011394,-2.766973582836062,0.5931726983822223,0.5071214752742677,-18.985097097087053,-1.4265124029720084,-0.8333397045897861,0.2895867017032982,2.766973582836062,1.4940784126080662,3.00081508750469,-0.1272683708825108,2.991154963557044,0.1215420324699954,3.05793708569534,0.1131166658915554,3.018698163853012,-0.0133894052806833,4,ok,0.1946021243929863,0.1483624743090735,0.1703520773185624,0.1797054654194249,0.0011302220324675,18.343983064451574,1.4616854385279217,ok,2.507695050784517,ok,1.3903199170620033,floor,2.98856770874461,ok
795,22,0.2239105267904143,0,-19.846252141173114,0.010360358554866094,0.4536992985753262,0.050982710641414,58,35.41266368997508,-17.291713631014893,0.01865643403510483,0.4054164447268437,0.0,58,28.96062393846183,-17.9504277444926,0.016030874919268724,0.4393050508940964,0.011494752974045,58,28.88699061295081,-19.495571425025986,0.011231631792233115,0.4686444833536459,0.0434248257219176,58,31.71461026421909,-0.658714113477707,-1.5451436805333856,0.3506807161471279,-18.568982886094005,0.618555141601405,-0.9265885389319806,0.24284619159108226,2.5545385101582205,1.9777290039023256,3.291368606380669,0.0745725177225393,2.9283087925466704,-0.056649787533292,3.003375375583034,-0.0332901328148826,3.1809610759648423,0.0608778982734548,4,ok,0.1859512499951083,0.181122781002316,0.1570329619892712,0.1927896017401383,0.0265040535094409,18.82319570162081,1.4617169076606664,ok,2.3520229406729176,ambiguous,1.6554029560697108,ambiguous,2.8408653164106523,ok
796,22,0.1142518769337623,0,-17.999830382387564,0.015849550930976987,0.3920226929694818,0.0055202567362229,21,35.4145747593471,-19.286622596526392,0.011785221254817891,0.3561176460677483,0.0,21,28.96273503984724,-19.24759515984482,0.011891605248543633,0.3744538299571753,0.0,21,28.889143989199685,-17.71842178776875,0.016910553440921825,0.3378034110238074,0.0,21,31.71669869195848,0.039027436681571714,1.5291733720760696,0.2814085946188136,-18.64322648945698,-0.6043686703878421,0.9248047016882275,0.16314861111073167,1.5682008087576413,1.7066419219857532,3.2222810544458635,0.0825101776774714,3.038654811512934,0.1538457031271947,2.87132524207496,-0.0855952808751174,3.0624160986000617,0.018735574891799,4,ok,0.215055634578069,0.1896730083085241,0.1708888986280986,0.1863562436330886,0.031475422815198,20.669514464385077,1.461751574152573,ok,1.1870168230429616,floor,1.3903750056334163,floor,2.7746344376643672,ok
797,22,0.1208214046674961,0,-17.182735033145768,0.019130507738194743,0.3941216403480002,0.0069584214365931,21,35.41592625209263,-17.374794339808467,0.018302927777900668,0.5293769583650934,0.0809687081681338,21,28.96422849382673,-17.553289820881005,0.01756592474795715,0.5361099394102727,0.0915544488567117,21,28.89067168462844,-16.325339582136607,0.02330590875349991,0.3512922743621693,0.0,21,31.71817715962728,-0.1784954810725381,1.2279502387443983,0.857395451009161,-17.278764686477118,-0.2745251344038877,0.9534251043405106,0.11356959798279692,1.2279502387443983,2.473800206622351,3.3022118389874864,0.1624409622190943,3.014163685908476,0.1293545775227365,3.214258524735364,0.2573380017852869,3.048263763675107,0.0045832399668443,4,ok,0.1669849043800717,0.1825122088193893,0.195005738664241,0.1680022130409876,-0.0202571820645105,21.48653697128554,1.4617760919883829,ok,1.1870339479462564,floor,1.3903954621122576,floor,3.3136548736985567,ok
798,22,0.1127391158777546,0,-19.14426293632154,0.012177936533818335,0.4200345939957487,0.0253462081155215,21,35.41848936535063,-18.6722935040171,0.01357596312239753,0.6749095417689943,0.2289516984766855,21,28.96710768200102,-18.324757092062264,0.01470700671774751,0.4168377114760312,0.0,21,28.8936151776995,-18.89099135081053,0.012909245645529283,0.4966203320529585,0.066527574197108,21,31.721006665910995,0.3475364119548381,-0.5662342587482669,0.25327158551100837,-18.908278220169322,0.5835211281070585,0.017286869358791535,0.06970894267052458,0.8195058442592753,1.787811074187768,3.249777473544205,0.110006596775813,2.992854131088472,0.1080450227027327,2.8642917231679927,-0.0926287997820844,3.007578811926712,-0.0361017117815505,4,ok,0.1874260270879382,0.1850773032222475,0.1739770103068579,0.2039933772314162,0.0122746548482349,19.524870912224944,1.4618225946885115,ok,1.187066966239401,floor,1.3904348811964256,floor,2.747625833552432,ok
799,22,0.1107441011746814,0,-19.330808278259813,0.011665924788910452,0.3629434354910587,0.0,21,35.41712479364304,-18.156254066727435,0.01528884202780077,0.4276907250312414,0.0,21,28.96559333801269,-19.921024085744072,0.010183512279816506,0.6630734130979673,0.2206441538282695,21,28.89207095191592,-17.622883119811856,0.01728668379455014,0.5230837974499,0.0896138986991692,21,31.719512122018,-1.7647700190166375,2.298140965932216,1.7079251584479564,-18.743531172493626,-1.1774929132504468,1.1206480526817693,0.20741123433692601,2.298140965932216,1.7125377871529062,3.2778494717906304,0.1380785950222383,2.8421799147803,-0.042629193605439,3.09349048878782,0.1365699658377428,3.407432953215883,0.3637524295076204,4,ok,0.2097301437031655,0.195821498121534,0.1819066117916788,0.1711643448188191,0.0208692091206709,19.33839912450286,1.4617978364591109,ok,1.1870495992644443,floor,1.3904142002802573,floor,4.104441578560395,ok
800,22,0.1360234059671712,0,-20.025104754650485,0.009942360920432703,0.4442963846812199,0.0436233261394758,28,35.421420097351074,-19.0264751829529,0.012512741762503589,0.5626024450979732,0.1116029785310364,28,28.970379420689174,-19.48698912071356,0.011253849110776348,0.5618263496444094,0.1154939284920455,28,28.89696305138724,-20.590634175714886,0.008728439026141137,0.467631349629076,0.0426132958904625,28,31.72423410415649,-0.4605139377606591,-1.1036450550013264,-0.5655294210644009,-19.525789968801693,0.03880084808813322,-1.0648442069131931,0.13347349526252575,1.5641589927619854,1.4108913559984488,3.1901288708919946,0.0285464734395559,3.1415827991907155,0.2284139859789524,3.1551927570914025,0.175690544888273,3.1695089017016222,0.1041931493872438,4,ok,0.1850753389298916,0.2262695237462009,0.2074981206761939,0.1724669981215681,-0.0018256893381476,18.6438711067392,1.461875774325332,ambiguous,1.1871044921379073,floor,1.3904797228995267,floor,1.8434622726406245,ambiguous
801,22,0.1094261529535914,0,-20.657634727223066,0.0085948148846483,0.4816218503256912,0.0737452465925059,19,35.42317420557926,-19.600456812494844,0.010963628691889328,0.3399139307689963,0.0,19,28.972339931287262,-20.95555730099124,0.008024985750032671,0.5161829189977754,0.0737754947058348,19,28.89897205955104,-19.87599689998632,0.01028964306775875,0.4796182247827317,0.0523274346797875,19,31.726169786955182,-1.3551004884963973,1.0795604010049225,0.7816378272367466,-20.129045769858955,-0.8265115311322866,0.25304886987263586,0.12670330363135987,1.3551004884963973,1.208249952155053,3.1371395260245203,0.0049567912902914,2.998232704746908,0.1232898258361365,2.7400774849214136,-0.2089869573864358,2.834766185620084,-0.2013875273727352,4,ok,0.1832429413732729,0.1709103247052744,0.1823055393209582,0.2216113350893321,-0.0052289062816845,18.01124656715721,1.4619076072001886,ok,1.1871269816202483,floor,1.3905066353925564,floor,3.243942269114452,ok
802,22,0.0797966917113752,0,-20.193348823286488,0.009564562681717901,0.2104179857939363,0.0,13,35.408729846660904,-19.172622220979406,0.012098674087086418,0.3590219792746302,0.0,13,28.95625627957857,-19.413695977465046,0.01144538489970078,0.395924376537813,0.0,13,28.882537841796875,-20.569531664545856,0.008770954004537566,0.2816379658891265,0.0,13,31.710303673377403,-0.24107375648564044,-1.1558356870808097,-0.37618284125936796,-19.682985522132945,0.2692895446678989,-0.8865461424129109,0.12912255892240582,1.3969094435664502,1.40653485775442,2.8904862663049533,-0.2129242697911939,3.094138279091933,0.2566054951668142,3.063262023281947,0.1439857309240211,3.008988838226752,0.0013747719670815,4,ok,0.2056127935647964,0.1446243931467716,0.2756056344279876,0.1772415385796473,-0.1004870410722035,18.47631100890854,1.4616455586671315,ok,1.1869425484709906,floor,1.3902865648715053,floor,2.0865453604236213,ok
803,22,0.1515646512014633,0,-19.60833856027908,0.01094374950974429,0.2955636928982643,0.0,29,35.40918468606883,-19.12511601382544,0.012231744437460309,0.3741950354872327,0.0,29,28.956773692163928,-20.26825955355524,0.009400999825993872,0.4039446901539807,0.0,29,28.883075253716832,-19.062039819661102,0.012410692580280587,0.430601087774584,0.0141569310196014,29,31.710815363916858,-1.1431435397297989,1.2062197338941374,0.5462987406179778,-19.36672728705226,-0.9015322665029792,0.30468746739115815,0.10728429783077512,1.2062197338941374,1.4107083222217807,3.033510776333717,-0.1307321798437439,3.043673907321637,0.1270457910559104,3.1509558359661543,0.1686991202491139,3.1481565514749508,0.0802017444578,4,ok,0.1943313314996916,0.1601334897608592,0.1900358272009882,0.1838272072631737,-0.0128034165707127,19.061296762822085,1.4616538074825889,ok,1.1869484793545908,floor,1.3902937584409445,floor,3.025189883452252,ok
804,22,0.0537714236416745,0,-19.779594152572432,0.010520601840683099,0.5594642116124632,,6,35.40659968058268,-19.03237565150719,0.012495753080760771,0.3218649621458131,,6,28.95392640431722,-20.791281909781805,0.008334351427285936,0.3308965825538598,,6,28.8801752726237,-20.695592298568904,0.008520023058594978,0.3344466480424147,,6,31.70800876617432,-1.7589062582746138,0.09568961121290087,-0.9159981459964719,-19.405984902039812,-1.3852970077419933,-1.2896073965290924,0.16981448594324186,1.7589062582746138,1.2384804677911205,3.123100184035009,0.0783114699250999,2.6804172303670057,-0.0808944779175964,2.875138595239027,0.0165540715439438,2.563684803837797,-0.38578125255354,4,ok,0.1523251868784427,0.1987860600153605,0.1658240407705307,0.1456007622182369,0.0097315826763709,18.890180458477605,1.4616069291518394,ok,1.1869158440209526,floor,1.3902549428500854,floor,1.0414863816773632,floor
805,22,0.0635074404904297,0,-20.497925152950234,0.008916768360573904,0.3356118421754783,,9,35.40535227457682,-18.50563370683293,0.01410706376256534,0.444370463914474,,9,28.95254347059462,-20.90083952672428,0.008126734045688002,0.2216618585288614,,9,28.87875662909613,-20.107626356730655,0.009755226654759605,0.5219693533492358,,9,31.70664405822754,-2.3952058198913484,0.7932131699936242,0.39029879621957875,-19.501779429891585,-1.3990600968326952,-0.6058469268390709,0.22620683115651355,2.3952058198913484,1.3086600684449268,2.9952850820700974,-0.0802452438364338,2.863724017580884,0.0624415503080699,2.5890799575530803,-0.3013316695698274,2.91196218615039,-0.0679970123090685,4,ok,0.2459518603152699,0.1955867368314001,0.1788892646630605,0.2112398809856838,0.0418800339102744,18.17191666736496,1.4615843099424135,ok,1.1868999946754937,floor,1.390235956714121,floor,2.8783215930694066,ok
806,22,0.0431711042055543,0,-19.82321651901934,0.010415457427267986,0.2706515348147395,,4,35.40771484375,-20.688333461157885,0.008534275409946553,0.3544957836383403,,4,28.955162525177,-21.83047673464003,0.006560732437416636,0.2732146062323337,,4,28.881446361541748,-21.38840843101824,0.007263721039209609,0.0166558933721153,,4,31.709227085113525,-1.1421432734821444,0.44206830362178806,-1.5651919119989017,-20.25577499008861,-1.5747017445514189,-1.1326334409296308,0.17878614618022026,2.00726021562069,0.9605670874668512,2.605229955568137,-0.4088171467451484,2.3994196596882285,-0.321921289608162,2.238081975807682,-0.5886754444595765,2.374050444348839,-0.5449224699743778,4,ok,0.1929971184581518,0.1816383004188537,0.2231219261884689,0.1334281824529171,-0.0358042167499661,18.84649800528348,1.4616271515813997,ok,1.1869300117363566,floor,1.3902719553824667,floor,1.0415000639125098,floor
807,22,0.0759200580353774,0,-18.33535828064101,0.014671150490809819,0.7399432605766576,,10,35.41212043762207,-19.550510811817816,0.01109044363159421,0.4343307807960789,,10,28.96005706787109,-19.71812723519002,0.010670561580267064,0.3061456712445026,,10,28.88644371032715,-16.427114260038195,0.022766096584316206,0.4086929517804382,,10,31.71405429840088,-0.1676164233722055,3.2910129751518262,1.9082440206028153,-18.942934546229413,-0.7751926889606082,2.515820286191218,0.3280576473161623,3.2910129751518262,1.7798582526652398,3.1220320638291783,0.0385134992153575,2.8201433495266985,0.008474440377586,2.747863844670772,-0.1508180872502391,2.784208414679306,-0.2036744573788866,4,ok,0.2674635291099548,0.2138792909681797,0.1694702044129371,0.1564986079931259,0.0712012056261301,20.334118839108648,1.4617070537470298,ok,1.1869861189518036,floor,1.3903388516630948,floor,4.2959545650534325,ok
808,22,0.131258609600215,0,-18.948865009417055,0.012738359433840506,0.3464614065527303,0.0,28,35.41017886570522,-18.64381215531672,0.013665287857087118,0.4968244070443138,0.0527628470872267,28,28.957906314304896,-19.62274730806837,0.010907501193845388,0.3750585819227543,0.0,28,28.884255273001536,-18.211806423766888,0.015094521753256507,0.3945319530133858,0.0,28,31.711934566497803,-0.9789351527516494,1.410940884301482,0.7370585856501677,-18.796338582366886,-0.8264087257014836,0.5845321585999983,0.11597964827128264,1.410940884301482,1.6397224892301967,3.257993829198087,0.0964114317456483,3.095131085019509,0.181962271807746,2.8840790061737422,-0.0954232060293871,3.1022084191048283,0.0368926667904498,4,ok,0.1976042227553469,0.2094330944653068,0.1763271769242627,0.1762470588354127,0.0271914816860641,19.72071674072173,1.461671838236961,ok,1.1869614626722158,floor,1.3903095543720378,floor,3.202403077607277,ok
809,22,0.1159715025310717,0,-20.134008544281865,0.009696145984340264,0.305243443793897,0.0,20,35.40907154083252,-18.54709358666908,0.01397303160389965,0.3708498672578273,0.0,20,28.956661987304688,-20.10881345153596,0.009752560538373062,0.5693533908994389,0.1227130297919756,20,28.882974243164064,-21.16024030543065,0.007655542458083308,0.3802536943054393,0.0,20,31.71070642471313,-1.5617198648668769,-1.051426853894693,-1.026231761148786,-19.340551065475474,-0.7682623860604849,-1.8196892399551778,0.22388806285038443,2.61314671876157,1.3404093242008865,3.1763198258290064,0.0402481287345164,2.76346321801642,-0.1165361549469277,3.0282876382187887,0.0751969136169008,3.004816060230011,-0.0351951825024183,4,ok,0.2249117527157068,0.1861842349171638,0.1620593532919883,0.1935351431369781,0.0434886405244469,18.535632875706856,1.4616517555010995,ambiguous,1.1869471989153992,floor,1.3902924063412458,floor,1.041516678636032,floor
810,22,0.1211496772019296,0,-19.188182536098854,0.012055403372135823,0.361710640488577,0.0,25,35.41112075805664,-18.304339378433966,0.014776312325040225,0.3499832719704279,0.0,25,28.95893508911133,-19.24846236088968,0.011889230964871754,0.4158584114834185,0.0,25,28.88528945922852,-18.694338322237485,0.013507226041352361,0.3859552962748958,0.0,25,31.712949752807617,-0.9441229824557134,0.5541240386521942,0.4938442138613688,-18.746260957266408,-0.5022014036232711,0.051922635028923025,0.09001515208401434,0.9441229824557134,1.6829350743359033,3.0907368509044466,-0.0622531760099085,2.871565812870325,-0.0304310561315093,2.857742760956088,-0.1128636826186761,2.888080534447714,-0.1687122953454545,4,ok,0.1803294080495834,0.1569168809056282,0.1852643844485283,0.1952222749590873,-0.0166412399709224,19.481348456845787,1.461688921508982,ok,1.1869732562295905,floor,1.3903233989380248,floor,2.976118782515941,ok
811,22,0.297742258464595,0,-19.432452791390794,0.011396059835650273,0.4789311818597506,0.0714926349626685,78,35.415062830998345,-19.33740110087407,0.011648228726053011,0.5320091075892858,0.0833275869888021,78,28.963313053815792,-20.609806830417135,0.008689990805848433,0.4148126002826607,0.0,78,28.889753243862053,-19.50315052135274,0.01121204798736188,0.4611646976810136,0.0374748268001738,78,31.717265936044548,-1.2724057295430633,1.1066563090643946,-0.07069772996194601,-19.38492694613243,-1.2248798842847037,-0.11822357522030913,0.11099453923371144,1.2724057295430633,1.3163191863406212,3.345133253647208,0.1058748407930991,3.0163073814355688,0.0021429108937676,3.0686143722953423,0.008693391147839,3.24376808194342,0.101404132267155,4,ok,0.2151986128435685,0.2167826816439628,0.1951904864265368,0.200573358971339,0.0208001608172288,19.236865749865427,1.4617604282183048,ok,1.1870234507683863,floor,1.3903831636167467,floor,2.424358102301297,ok
812,22,0.2442111402427939,0,-18.770620234491407,0.013272049003961114,0.3954905337946143,0.0079005024816392,56,35.41420568738665,-18.2983255208757,0.014796787876902235,0.3984358952977072,0.0,56,28.96239147867476,-19.178043681081327,0.012083580283724464,0.3916401480329862,0.0,56,28.88884006227766,-18.298984213959486,0.014794543822889873,0.5103811980225339,0.0783827991329513,56,31.71635981968471,-0.879718160205627,0.8790594671218415,0.4716360205319212,-18.534472877683555,-0.6435708033977718,0.23548866372406962,0.08293422705565699,0.879718160205627,1.7414414714215896,3.200423188006064,-0.0137123419270444,3.030139946908787,0.048640669882789,3.0038507968081536,-0.0300602080758523,3.158900603217744,0.0414564802291281,4,ok,0.2079271354845591,0.1998767894027488,0.1830109206161328,0.1860253111725407,0.0208910418275211,19.898744503776108,1.461744878991607,ok,1.1870128837337324,floor,1.390370936114866,floor,2.955335059585668,ok
813,22,0.2298768091679858,0,-18.510759692300187,0.014090422992700259,0.3985345020864605,0.01000708805694,56,35.41615697315761,-19.14200222073189,0.01218427739674458,0.4327949106899148,0.0025046427417663,56,28.964577777045115,-18.93551526261786,0.01277757602808034,0.4779271833515234,0.0415308002326666,56,28.89108419418335,-19.305519023158396,0.011734054410152826,0.4571372913560989,0.0343107655939483,56,31.71851887021746,0.20648695811403073,-0.37000376054053774,-0.7947593308582093,-18.82638095651604,-0.10913430610181862,-0.47913806664235636,0.0697634870751823,0.7947593308582093,1.6050663615734841,3.135707316664381,-0.0784282132687272,3.038338434716624,0.0568391576906259,3.0190281678771624,-0.0148828370068434,3.1629096031041173,0.0454654801155021,4,ok,0.1665232165583542,0.1848859785656844,0.1716154825740627,0.2017010503581592,0.0040891149879566,20.158499876434384,1.4617802777319684,ok,1.1870379532398143,floor,1.3904009860599211,floor,1.4498190979190673,ambiguous
814,22,0.0978368239047849,0,-18.49909654396815,0.014128314231698353,0.4631640071966596,0.0585461029248923,21,35.38813091459728,-19.00346529561177,0.012579212984838075,0.444303692342621,0.0110277805811334,21,28.93324107215518,-17.54628484118794,0.017594280677156373,0.3659942887191089,0.0,21,28.859637669154576,-18.958849113589732,0.01270910853728947,0.506586675566708,0.0750813982422107,21,31.68808283124651,1.4571804544238276,-1.4125642724017915,-0.45975256962158184,-18.75128091978996,1.2049960786020186,-0.20756819379977287,0.14191496963590938,1.4571804544238276,1.9275584258767067,3.1684850038177896,0.0287141270493975,3.0795455946196526,0.1947364862339133,3.1551995835293165,0.1982790605792392,2.9680617427653555,-0.0756187809429072,4,ok,0.284778105361121,0.2051669139237631,0.2332350452031408,0.2206473212156977,0.0117374644393012,20.171672833186967,1.4612721773730355,ok,1.1866788926118677,floor,1.389980215579036,floor,1.983257779998515,ambiguous
815,22,0.0971503526011767,0,-19.50052854183334,0.011218819115572175,0.484970650000837,0.07656646933289,15,35.38657353719076,-20.421213990784835,0.009075668010187714,0.3285758182738545,0.0,15,28.93144785563151,-21.176038724320023,0.007627744326811265,0.3429886022608563,0.0,15,28.857824071248373,-21.56360512394376,0.006976530345550756,0.3276689674861777,0.0,15,31.686334482828777,-0.7548247335351874,-0.3875663996237364,-2.063076582110419,-19.960871266309088,-1.215167458010935,-1.6027338576346715,0.18661167630899742,2.063076582110419,1.0377379519242713,3.1795346378856806,0.0652744614752371,2.782648731195573,-0.0689909369417502,2.66886980605616,-0.2616392292926761,3.031509994700835,0.0131339805745214,4,ok,0.2251652364929517,0.1639440163969993,0.1987111886342366,0.1636529882748921,-0.0041565621892611,19.17032468786008,1.4612439634020304,ok,1.1866583629770628,floor,1.389955969253395,floor,1.0412431090895675,floor
816,22,0.1071625126011947,0,-19.598149621345733,0.010969454671348763,0.4524360849344276,0.049985068738747,23,35.3849283301312,-19.04397475102271,0.012462424058594221,0.4307709856180003,0.0010288966032443,23,28.929551829462465,-21.079183134764396,0.007799768026976934,0.4111529324199147,0.0,23,28.85590652797533,-20.795343498376113,0.008326560657614394,0.4887116469009831,0.0598607229103369,23,31.68448721844217,-2.0352083837416863,0.2838396363882829,-1.1971938770303794,-19.32106218618422,-1.7581209485801743,-1.4742813121918914,0.19315693739804332,2.0352083837416863,1.2034384506783615,3.187005145674444,0.0403369575613155,2.730678984836493,-0.163098123381232,2.8291394293959176,-0.1349219501557947,3.0525549401199648,0.0020328527320061,4,ok,0.2039390718159468,0.1658225981113703,0.1791523725766202,0.180292643930601,0.0057284623870383,19.07279218457915,1.4612141606353604,ok,1.1866366583630652,floor,1.3899303356975103,floor,1.0412223875030715,floor
817,22,0.1094311560835911,0,-20.471687067925853,0.008970802454479709,0.4965200239663447,0.0864462978577149,18,35.384582943386505,-20.498179841577542,0.008916245458948579,0.3736516912306301,0.0,18,28.929148991902668,-20.66859157611458,0.008573158290342562,0.6058495383404775,0.159078324293701,18,28.85554091135661,-19.33676196290649,0.011649943086558884,0.3587678884974709,0.0,18,31.684121555752224,-0.17041173453703706,1.3318296132080896,1.134925105019363,-20.484933454751697,-0.18365812136288184,1.1481714918452077,0.12960489497603442,1.3318296132080896,1.2126621577244792,3.2219078589688874,0.0938244005816866,2.8949893887742486,0.0253764576871997,3.2068657458819207,0.2620453260781366,3.045024558493011,0.012936989359316,4,ok,0.2352144949966007,0.1815207658542527,0.2080153158555428,0.1966514227290948,0.0003523145698838,18.19927333257677,1.4612079042952828,ambiguous,1.1866320471806655,floor,1.389925448449589,floor,3.5685735190051098,ok
818,22,0.103830948142288,0,-19.042694185953792,0.012466099283275883,0.3399413809290494,0.0,20,35.38621501922607,-19.463496200661023,0.011314891138657534,0.3811308902640645,0.0,20,28.931028842926025,-20.602690022905996,0.008704242815710955,0.5757758604590145,0.1289487092776051,20,28.857440280914307,-18.935851863743384,0.012776585736933896,0.4716605091918531,0.0458510877590292,20,31.68595247268677,-1.1391938222449731,1.6668381591626122,0.10684232221040801,-19.25309519330741,-1.349594829598587,0.31724332956402534,0.14165692809079397,1.6668381591626122,1.3595370450442306,3.289202924324743,0.1531312272302529,2.709606950211324,-0.1703924227520241,3.048899580058059,0.0958088554561711,3.2332974365451,0.1932861938126704,4,ok,0.2044875260442495,0.2031228426843881,0.238988309726119,0.1893757749348878,-0.0351831253618002,19.62817834643185,1.4612374686775509,ok,1.1866535661810858,floor,1.3899508385764543,floor,2.603593451202036,ok
819,22,0.1141998230352523,0,-19.725485594024892,0.01065249749137016,0.4350621153636134,0.0365459335289095,30,35.38294766743978,-20.77607404356135,0.008363587322485771,0.4503273913497458,0.0155779648910037,30,28.927265548706053,-20.86083356134798,0.00820194105599168,0.4025576439681123,0.0,30,28.85363521575928,-21.309031745454497,0.00739770187585332,0.464946534627587,0.040471227260592,30,31.682285753885903,-0.0847595177866296,-0.44819818410651635,-1.583546151429605,-20.25077981879312,-0.6100537425548609,-1.0582519266613772,0.13987542733624397,1.583546151429605,1.0554286338427823,3.2187651666074832,0.0519518577163706,2.809361354720392,-0.1106087772311674,3.0407491453604667,0.055831317330754,2.83270146826371,-0.23780291653684,4,ok,0.2150003544986248,0.2123689820369084,0.241191812356313,0.1818636202563842,-0.0275071440885464,18.94556284156576,1.461178284333054,ok,1.1866104891236506,floor,1.389899976225624,floor,1.0411976951862278,floor
820,22,0.1003981066865996,0,-19.105406290636587,0.01228738230434441,0.511187285534485,0.0993284442916389,20,35.38047428131104,-18.15312093413023,0.015299875843438077,0.49967652544466,0.0551626026224016,20,28.9244686126709,-20.655939506443648,0.008598170431035808,0.5111528846714548,0.069394118008625,20,28.850814723968504,-18.613460955780855,0.01376112387870645,0.4853316642200828,0.0570441133666324,20,31.679551887512208,-2.5028185723134193,2.0424785506627927,0.4919453348557319,-18.629263612383408,-2.02667589406024,0.015802656602552645,0.19900308358091978,2.5028185723134193,1.5192413029381227,3.177376458396836,0.0413047613023458,3.1017212643823786,0.2217218914190311,2.917255872696124,-0.0358348519057645,3.0089864729499745,-0.031024769782455,4,ok,0.2133995939046144,0.1954665396362543,0.2126940365880728,0.1802116114646196,-0.0082609698176384,19.56577528959494,1.4611334881167326,ok,1.186578478958057,floor,1.3898622810365135,floor,2.9735455998588294,ok
821,22,0.1065405460617113,0,-19.416614792299168,0.011437695247396552,0.3952630750360624,0.0077437376527127,20,35.38219108581543,-18.776868236718137,0.0132529688234878,0.3862709025822283,0.0,20,28.92639398574829,-20.397602783840323,0.009125143895313813,0.4612050712745199,0.028215679524278,20,28.85279741287232,-20.943223519687223,0.008047808766157565,0.38279922900263,0.0,20,31.68146104812622,-1.6207345471221863,-0.5456207358468994,-1.526608727388055,-19.09674151450865,-1.3008612693316728,-1.8464820051785722,0.19321647639895054,2.1663552829690857,1.3022650524313346,3.389496639165925,0.2534249420714349,2.825592000578029,-0.054407372385318,3.083599415143396,0.1305086905415078,3.103352445330473,0.0633412025980439,4,ok,0.2277850542217493,0.1434331707656383,0.1770073592662811,0.2175369638949632,0.0086017532274126,19.254474372065857,1.4611645810823584,ok,1.1866005138361928,floor,1.389888778628002,floor,1.0411884457251073,floor
822,22,0.0740734463765256,0,-18.95560241758797,0.012718613157075615,0.480360664579629,0.0726878180769663,15,35.38343251546224,-19.492659023146903,0.011239166310272445,0.413609411202399,0.0,15,28.927816772460936,-22.26454325433874,0.0059367078101207876,0.3366787921651612,0.0,15,28.8542542775472,-19.374182905025187,0.011549992693578887,0.4902517848862676,0.0611506346784243,15,31.68286196390788,-2.7718842311918372,2.8903603493135535,-0.4185804874372181,-19.224130720367434,-3.040412533971306,-0.15005218465775272,0.2522228445347276,3.3089408367507716,1.1612510570197632,2.549275752192905,-0.5649844242175384,2.996765239603409,0.1451255714660853,2.5942140519946526,-0.3362949833541835,2.818811982870722,-0.1995640312555915,4,ok,0.1558918709556261,0.1502511565883954,0.2048043618599573,0.1622685194015503,-0.0517328480879465,19.715419916762254,1.4611870661979018,ok,1.186616798265588,floor,1.3899082505607754,floor,2.034504681842919,ambiguous
823,22,0.0583921157578373,0,-19.914462495779595,0.010198909789597818,0.2610031183916006,,6,35.38462893168131,-18.523160357425354,0.01405024716679255,0.2122609910080986,,6,28.929198265075684,-21.513557136147554,0.00705739274050469,0.2087409138105639,,6,28.855627059936523,-19.59349701705697,0.010981212564093075,0.4823954358511563,,6,31.684191703796387,-2.9903967787222,1.9200601190905857,0.32096547872262704,-19.218811426602475,-2.2947457095450794,-0.3746855904544937,0.23532447345150842,2.9903967787222,1.289791596758793,3.0653446706486696,0.0205559565387609,2.504391391777438,-0.256920316507164,2.3852152218758667,-0.4733693018192166,2.5983091137611534,-0.3511569426301841,4,ok,0.1653344246248404,0.1774848873416582,0.1362130412211021,0.1669924197097619,0.0351966147621472,18.756495428866028,1.4612087373217093,ok,1.1866326111934775,floor,1.3899266000013828,floor,2.811786086387189,ok
824,22,0.1387819923936704,0,,,,,0,,,,,,0,,,,,,0,,,,,,0,,,,,,,,,,,,,,,,,,,0,no_sar_data,,,,,,,,,,,,,,
825,22,0.1475317688724449,0,,,,,0,,,,,,0,,,,,,0,,,,,,0,,,,,,,,,,,,,,,,,,,0,no_sar_data,,,,,,,,,,,,,,
826,22,0.1827191352929136,0,-19.450107935354502,0.01134982607560648,0.5518863043878001,0.1370380554714718,39,35.43499363793267,,,,,0,,,,,,0,,,,,,0,,,,,-19.450107935354502,,,0.0,0.0,,3.275838337348354,0.0891330569749149,,,,,,,1,partial,0.2327256481616925,,,,,19.218135993157706,1.462122173540288,ok,,,,,,
827,22,0.0996550657841638,0,-18.886120980912658,0.012923730763661392,0.4098374194563829,0.0179706352580262,14,35.432038170950754,,,,,0,,,,,,0,,,0.0,,,14,31.735610961914062,,,,-18.886120980912658,,,1.0,0.0,,3.0317159756765664,-0.077313289295203,,,,,,,2,partial,0.1990271567233971,,,0.0491448055420603,,19.78228234800103,1.4620685091633887,ok,,,,,,
828,22,0.0949227479867554,0,-18.269966683107455,0.014893725033852886,0.4063802096876477,,11,35.43328510631215,,,,,0,,,,,,0,,,,,,0,,,,,-18.269966683107455,,,0.0,0.0,,3.1058135823801,0.0150687768660899,,,,,,,1,partial,0.2041802406311035,,,,,20.39836939561365,1.462091149642169,ok,,,,,,
829,22,0.1199940978419802,0,-11.500225887803424,0.07079089632486914,1.713117626767365,2.429449075913246,25,35.41168930053711,-19.394660518562734,0.011495660997536261,0.4352283170806645,0.0042881206462792,25,28.95962516784668,-20.3396831909433,0.009247656312635716,0.4573404465772784,0.0252058962213943,25,28.886043243408203,-17.34194852467152,0.01844187812141688,0.4850146554942486,0.0567809460920725,25,31.713634414672853,-0.945022672380567,2.997734666271782,-5.841722636868095,-15.447443203183079,-4.892239987760222,-1.89450532148844,0.9175145913330602,8.839457303139877,1.9463615403020285,3.3820874027224983,0.2290973758081431,2.756065159833093,-0.1459317091687415,2.914311797584745,-0.0562946459900186,3.0434762930778843,-0.0133165367152843,4,ok,0.2534956628084183,0.1854277369379997,0.164911216199398,0.1640989422798156,0.0545504836738109,27.169274466367604,1.4616992336512489,ok,1.18698116742534,floor,1.3903334902439848,floor,1.0415495670169963,floor
830,22,0.2759170239354558,0,-18.822034318100123,0.013115853835215487,0.6028429215126097,0.1883224853885521,62,35.398950084563225,-18.718713498695294,0.013431627844660184,0.5001478553389229,0.0555604994265082,62,28.94547643969136,-19.46032345023064,0.011323160284040783,0.4868105624001942,0.0487971230091777,62,28.871777134556925,-18.467401239956132,0.014231801443243276,0.4728844639954171,0.046840146135481,62,31.699866141042403,-0.7416099515353451,0.9929222102745072,0.3546330781439906,-18.77037390839771,-0.6899495418329309,0.30297266844157633,0.08166577422408434,0.9929222102745072,1.6323415503413408,3.3076603244093907,0.085807819541769,3.014396956298997,0.0228639391013336,3.133677692855292,0.0917772253167061,3.2072938207288173,0.0821950954190544,4,ok,0.2371976899523888,0.2123605452718273,0.1978256087750196,0.1907594239399317,0.0269535088370884,19.848152398472315,1.4614682409649735,ok,1.1868190191762489,floor,1.390142567986004,floor,2.844271605615301,ok
831,22,0.1552055292175185,0,-19.90271667127224,0.010226530851459106,0.5048639154247692,0.0937286898708729,35,35.39985460553851,-18.834765274608635,0.013077462174483589,0.5531055266381802,0.1026564410140118,35,28.94661134992327,-20.38948036258274,0.009142226225198257,0.3830898445716008,0.0,35,28.87298093523298,-20.31960177045235,0.009290515729476102,0.443633526393036,0.0239043041033868,35,31.700955472673687,-1.554715087974106,0.06987859213039016,-0.4168850991801101,-19.368740972940437,-1.020739389642305,-0.9508607975119148,0.15158882683368774,1.554715087974106,1.3266094884999498,3.166609200305523,-0.0118915269667807,2.9509125521050183,0.0157462428547687,3.07182653893996,0.0748086077639547,3.171337561914896,0.0892402225397779,4,ok,0.1994229535971369,0.1569777871881212,0.1843742787837982,0.1921868136950901,-0.0061739083911691,18.767421322253437,1.4614846373199204,ok,1.1868320212503236,floor,1.3901586730046944,floor,2.0370437022036234,ambiguous
832,22,0.1907426589463837,0,-20.176169310839107,0.009602472429898588,0.4304916643396147,0.0330980077980274,42,35.4019342150007,-18.039361412951532,0.015705937276172997,0.5269795958202238,0.0788304211993677,42,28.94895830608549,-19.786783198178227,0.010503201084994798,0.6042710825672338,0.1574587968910312,42,28.875296638125462,-18.511222481253533,0.014088921581801356,0.3426283263210899,0.0,42,31.703184763590496,-1.7474217852266953,1.2755607169246943,1.664946829585574,-19.107765361895318,-0.6790178362829096,0.5965428806417847,0.20113120101517037,2.136807897887575,1.6361242172060484,3.207195615721144,0.0148716064720826,2.9672166956879846,0.0140771234880099,3.1210395949659864,0.1097102793350321,3.0604428415484706,-0.0353660528340289,4,ok,0.2013077287092095,0.1818162209930874,0.1886386585732301,0.1684987859002181,0.0029233162779183,18.493856655989426,1.4615223374145208,ambiguous,1.6949835517707497,ambiguous,1.3901896563558125,floor,4.063256007628171,ok
833,22,0.1761717647857651,0,-18.655956471196056,0.013627128552304479,0.4580331385005769,0.054426567230873,43,35.39014745313068,-18.815885482475,0.01313443669792305,0.4865903434564317,0.0442650457996658,43,28.93554319337357,-19.6476932954642,0.010845027820907295,0.5315855314328861,0.0874586711179234,43,28.86212721536326,-18.4551214597456,0.014272099146272976,0.5450164157610554,0.1096556830915986,43,31.69043066335279,-0.8318078129892008,1.1925718357185993,0.20083501145045446,-18.73592097683553,-0.911772318628671,0.28079951708992823,0.09956305736428152,1.1925718357185993,1.5988889896691367,3.3009125974627223,0.1068045495817284,3.047842849684185,0.0923836405486331,3.253510443343367,0.2403340943677272,3.191050465321186,0.0934719518367863,4,ok,0.2129458143960597,0.2049391252356906,0.2227086814683537,0.2047443606479223,-0.0137662116524784,20.01470432402865,1.4613087128834323,ok,1.1867052511862264,floor,1.3900135024281697,floor,2.696046053012017,ok
834,22,0.2295308197255028,0,-18.54868343565099,0.013967917344958442,0.5048423150532108,0.0937096807932724,58,35.38808270158439,-18.78190284660919,0.013237614065224402,0.4913989417070053,0.0482358121508172,58,28.933158775855755,-19.780901337208643,0.010517435717187407,0.5178687078039198,0.0752534884955677,58,28.859773241240404,-19.355413536070998,0.011600017552908171,0.4458637614162743,0.0256014890185438,58,31.688141428191088,-0.9989984905994547,0.4254878011376455,-0.8067301004200083,-18.66529314113009,-1.1156081960785542,-0.6901203949409087,0.10974341515841568,1.2322179015576538,1.5055009461765865,3.279651839652993,0.0628557509948626,2.9313770692236307,-0.0535815108563317,3.094624314320177,0.0579588059222602,3.168022315212766,0.0479391375213782,4,ok,0.2149731277905661,0.1933456878338394,0.1814349426020836,0.1928205518373127,0.0227244652101192,20.12208853746852,1.461271303897403,ok,1.1866779504018925,floor,1.389982028157236,floor,1.4204964325869398,ambiguous
835,22,0.2177995484788423,0,-19.09890304379143,0.012305795556540263,0.4934837021514208,0.0838263695052092,51,35.39878934972427,-18.363579133204283,0.014576125089600782,0.5098383054585721,0.0638243244994005,51,28.94543157839308,-19.636106857326943,0.010873999639488737,0.5013944231680056,0.0610164354993134,51,28.871841729856005,-20.07299412271074,0.009833329404262445,0.5009181293338715,0.0701954065709409,51,31.699838301714728,-1.2725277241226607,-0.4368872653837954,-0.974091078919308,-18.731241088497857,-0.9048657688290866,-1.341753034212882,0.14947479216165838,1.709414989506456,1.5085558479269587,3.297821211125285,0.0907766532900034,3.156622088087602,0.1843426118511479,3.1209179857242395,0.0943483363896562,3.0870712078740623,-0.0233392559489051,4,ok,0.1847493508282829,0.1793764864697176,0.1962359879238932,0.1935347419451265,-0.0141730692748929,19.571292330774693,1.4614653273828078,ok,1.186818505239193,floor,1.3901434321476205,floor,1.041394645373242,floor
836,22,0.2235762389395554,0,-18.925490309213536,0.012807104968886505,0.4211303421291844,0.0261495431104794,58,35.38610478105216,-18.568942324405484,0.013902911798403507,0.4688212584862101,0.0299307184846309,58,28.931171647433576,-19.857225628854614,0.010334213678276973,0.5605813263819217,0.11430910047426,58,28.857686536065465,-19.580676508189782,0.011013677341800542,0.6004774112660846,0.1640075313575679,58,31.68603203214448,-1.2882833044491306,0.27654912066483206,-0.6551861989762457,-18.74721631680951,-1.1100093120451042,-0.8334601913802722,0.11785124505968927,1.2882833044491306,1.492691352936764,3.2290546551484,0.0122585664902699,2.980947067383549,-0.0040115126964135,3.047227258972524,0.0105617505746073,3.292508032152322,0.1724248544609343,4,ok,0.2001486423200574,0.1575293224947206,0.1823545892176957,0.1879673923269428,-0.0035156068103066,19.745388158370098,1.4612354716833873,ok,1.1866552009746514,floor,1.3899541306114285,floor,1.708775807099114,ambiguous
837,22,0.0835616443476218,0,-19.31092735838585,0.01171945090862153,0.2657475268077121,0.0,13,35.39463454026442,-19.477631166983322,0.011278124469250538,0.5558572142158376,0.1052329865382504,13,28.94078562809871,-20.365917210556546,0.009191963241429518,0.3619257174733268,0.0,13,28.86735343933105,-20.299358435739425,0.009333921765604108,0.5455686408358816,0.1101709230880088,13,31.695334067711464,-0.888286043573224,0.06655877481712125,-0.9884310773535745,-19.394279262684584,-0.9716379478719617,-0.9050791730548404,0.10884202366056134,1.0549898521706957,1.2784232460662188,3.2084586462610725,0.1050481101649252,2.9660432919869235,0.1285105080618045,2.869214363155131,-0.050061929202795,3.013554005925158,0.0059399396654882,4,ok,0.2513899728655815,0.1935460212138983,0.1761907413601875,0.2558052241802215,0.0462772556795523,19.3594917974422,1.4613900226787315,ok,1.1867652869579122,floor,1.390083394160245,floor,1.0413440887190857,floor
838,22,0.172346785243643,0,-19.261969856438157,0.011852310336324844,0.3536192271147238,0.0,40,35.39720392227173,-18.943919444493496,0.012752873610238179,0.7128652796842103,0.273426926676849,40,28.94366612434387,-20.521510236733743,0.008868475617297554,0.5485033991332483,0.1029515583887583,40,28.870261096954344,-20.374554520589975,0.009173700301844051,0.497510781230323,0.0672849068922505,40,31.698142766952515,-1.5775907922402475,0.14695571614376846,-1.112584664151818,-19.102944650465826,-1.418565586267917,-1.2716098701241485,0.15708733705398903,1.5775907922402475,1.3065967515979082,3.2829442885177347,0.0943194589425751,3.0305570377722955,0.0822272009947124,3.0917581412054345,0.0842586239226697,3.1989330187778027,0.1067934053711363,4,ok,0.2199457833543419,0.2286185344681143,0.2147095330059528,0.1787684455513954,0.0095726259052753,19.40831091453604,1.4614365901525208,ok,1.1867982808917286,floor,1.390122287116925,floor,1.0413756129335812,floor
839,22,0.2522914812459447,0,-19.962786922056377,0.010086054436238051,0.4307869542052875,0.0333196727310161,65,35.376905177189755,-18.770066507982683,0.01327374130128235,0.550874171473077,0.1005764975441403,65,28.921656447190504,-19.898268398626758,0.01023701076868735,0.4562534564194094,0.02436390798159,65,28.848015389075645,-19.158891181703304,0.012136986862061468,0.4649579900843512,0.040480340749611,65,31.676537997906024,-1.1282018906440747,0.7393772169234545,0.8038957403530738,-19.36642671501953,-0.5318416836072295,0.20753553331622498,0.11676003546128345,1.192720414073694,1.4813596591754987,3.287100151175149,0.0616650202977981,3.069860239786585,0.0736690321945094,3.141231929239577,0.0956223325470224,3.1904739085947,0.0618215139258171,4,ok,0.2249231450832807,0.1847492541258151,0.18787377551198,0.1784371403547433,0.0169624240925678,18.708586764859763,1.4610688566721577,ok,1.186546299087316,floor,1.3898248739559105,floor,3.263256783898646,ok
840,22,0.377211274716872,0,-19.818221460822897,0.01042744370581902,0.4935055340186341,0.0838451500455506,105,35.38065298171271,-18.50816824227035,0.014098833305282029,0.5578733957471209,0.1071289568403301,105,28.92573776245117,-19.70452935415843,0.01070402376356344,0.5194001284790144,0.0766003193513329,105,28.85201032729376,-19.201582345980277,0.012018264710123973,0.5187026915843639,0.0857091204849733,105,31.680429930914016,-1.1963611118880806,0.502947008178154,0.61663911484262,-19.163194851546624,-0.5413345026118073,-0.0383874944336533,0.12280436861392266,1.3100532185525466,1.5355694527104524,3.266366927465056,0.0045714559154599,3.149154659810362,0.1056871277576658,3.2316084731674115,0.1483546458827049,3.3175765615221646,0.1528577094046892,4,ok,0.2315340573589007,0.202930476622922,0.1943961385105337,0.1969486082948389,0.0228361284803776,18.85295050021036,1.4611367244284434,ok,1.1865930034646412,floor,1.3898782593242287,floor,3.089957683815934,ok
841,22,0.1391359948060955,0,-18.42581709208723,0.014368726912387025,0.3510750430537249,0.0,28,35.36795793260847,-19.045446463994395,0.012458201577168834,0.5184003451005563,0.071257816886912,28,28.911980833326066,-19.06046109643587,0.012415204866538875,0.3747214017388006,0.0,28,28.83806950705392,-17.724240867861894,0.01688791028676866,0.4627735023367247,0.0387465135343516,28,31.666766507284983,-0.015014632441474163,1.3362202285739748,0.7015762242253345,-18.735631778040812,-0.32482931839505724,1.0113909101789176,0.13024035565350664,1.3362202285739748,1.749923870205155,3.254478335925482,0.0928959384730432,2.97879890270646,0.065630089494697,3.0791040469140785,0.099601834710949,2.8861305692620327,-0.1791851830523456,4,ok,0.1986375347312007,0.1600544190566454,0.171338234895042,0.2277677570070539,0.0080077419988811,20.246038067986035,1.4609068847265696,ok,1.1864356153043245,floor,1.3896920117811888,floor,3.1684434950208398,ok
842,22,0.110793449073212,0,-18.173297005813872,0.015228961874224114,0.4202390436016471,0.0254959391419935,19,35.368756344443874,-18.861312439873394,0.012997767255663874,0.4184216567523415,0.0,19,28.91283426786724,-19.232777590097818,0.011932247170917856,0.4778839778763832,0.0414957865247622,19,28.83894860117059,-18.15877320021584,0.015279976277147398,0.4773757157774355,0.0504914151906248,19,31.66762924194336,-0.3714651502244237,1.0740043898819778,0.014523805598031458,-18.517304722843633,-0.715472867254185,0.35853152262779275,0.10424612334517762,1.0740043898819778,1.697880846730518,3.292140793470382,0.1599580587361533,3.0347386221321613,0.1597957432213901,3.009643092661592,0.0605786503537424,3.053153453049697,0.0169997400568777,4,ok,0.1724387909236707,0.2465839366379537,0.2170862759414472,0.1968032743193601,-0.0075749121606349,20.4985151962344,1.4609213354672512,ok,1.1864453759424105,floor,1.3897037524592022,floor,2.510572247371867,ok
843,22,0.1070242638186277,0,-20.414961480970764,0.009088743601403325,0.3850005222169199,0.0007646036551924,18,35.36952230665419,-19.654184475880058,0.010828830412953159,0.5209720375565926,0.0735147149611845,18,28.91365379757352,-21.11540877344082,0.0077349787097284245,0.3855393362261347,0.0,18,28.83979246351454,-21.15536328577476,0.007664144271894643,0.3789603055481214,0.0,18,31.668459044562447,-1.4612242975607614,-0.039954512333942205,-0.740401804803998,-20.03457297842541,-1.0808357950154104,-1.1207903073493526,0.14571265485306578,1.5011788098947036,1.1112245759770936,3.0388244350776628,-0.089259023309538,2.7961605244822088,-0.07345240660484,2.975047542408088,0.0302271226043031,2.7850160265963533,-0.2470715425373417,4,ok,0.1809866494602627,0.1836555049651199,0.1859246090882354,0.1799228609436088,-0.0036035318755441,18.256809507791328,1.4609351994258628,ok,1.1864547492135014,floor,1.3897150230961843,floor,1.5606715469248944,ambiguous
844,22,1.2317487681529955,0,-20.32066435235509,0.00928824291075164,0.4852167777345697,0.0767745927659526,397,35.29128983158909,-17.481650006632975,0.01785808966999117,0.4444932138588081,0.0111700078264058,397,28.825863677248247,-20.76864062009915,0.008377914771862253,0.4954214172973646,0.0559682524564928,397,28.7508928937936,-19.621041670445905,0.010911785820740252,0.4817768292991458,0.0541028864045765,397,31.58269128391064,-3.2869906134661733,1.1475989496532435,0.6996226819091866,-18.901157179494035,-1.8674834406051133,-0.7198844909518698,0.32046817308598957,3.2869906134661733,1.4897503039247995,3.247387072062044,-0.1152447055903405,3.071482639899002,-0.1030939476957621,3.056579262872222,-0.1310714179296384,3.1773922972916626,-0.0873478493486539,4,ok,0.1958854842827812,0.1831050625338362,0.1830854478482185,0.1771447439807038,0.0064098255600902,18.355309980279685,1.4595218911043295,ok,2.6872161271078947,ok,1.3885303377856812,floor,3.164649143227295,ok
845,22,0.96710747267844,0,-19.13888420437614,0.012193028237197095,0.4271120304965461,0.0305718464863409,308,35.29953954126928,-17.300523629140773,0.01861862638229223,0.4402422357574341,0.0079944206548863,308,28.83504884893244,-17.903287937709365,0.01620582729112526,0.472659192888218,0.0372849586402086,308,28.76020015369762,-18.433495790296462,0.0143433442191992,0.4233010007822677,0.008823950288888,308,31.5916648406487,-0.6027643085685916,-0.5302078525870968,0.7053884140796782,-18.219703916758455,0.3164159790490899,-0.21379187353800688,0.15424891019728706,1.8383605752353667,2.091835603192104,3.2900153155721896,-0.0533710500423119,3.074769568315564,-0.0747838119313168,3.1080784918183766,-0.0596472181168588,3.1907411114858952,-0.0549091745669829,4,ok,0.2121254465506448,0.1893709994271978,0.1984352307490907,0.1966870013479288,0.0023129922398305,19.536647454158228,1.4596706689028387,ambiguous,1.1855574918446323,floor,1.3886541160266277,floor,3.170202537100096,ok
846,22,1.099017665409186,0,-19.80860031192507,0.010450569764577228,0.4096522209462088,0.0178383578299239,359,35.29602732963881,-18.08536714191647,0.015540439101530051,0.448270263580205,0.0140171611767183,359,28.831185178836407,-21.353400707956613,0.007322509254001547,0.4412370541441766,0.0129371512728553,359,28.756281031871573,-20.36851177074078,0.009186473422817237,0.45214277249493,0.0304254595835107,359,31.58787086614328,-3.268033566040142,0.9848889372158318,-0.5599114588157121,-18.94698372692077,-2.406416981035843,-1.421528043820011,0.2868959464651398,3.268033566040142,1.3043735918891457,3.218458776763863,-0.1365446423603167,3.0127072268540687,-0.1519508411060148,2.997424482432886,-0.1823284811813423,3.0938116516309964,-0.1633617928505009,4,ok,0.2199934195716733,0.1902023408779858,0.18746437157263,0.1893184033422251,0.0176335086521996,18.86711982614212,1.459607321193386,ok,1.1855134814495558,floor,1.3886019880521494,floor,1.847494648395534,ambiguous
847,22,0.4381955625558037,0,-19.59999578481051,0.010964792603670705,0.4119262217473671,0.0194666953667588,121,35.29180318659002,-16.432096953956332,0.022739991844947995,0.4823970281910704,0.0408342302133657,121,28.826533940212787,-19.497226035044232,0.011227353489935192,0.610187162886013,0.1635505721204024,121,28.751563237718315,-19.054626493089085,0.012431895494575917,0.5349241936635171,0.1003312899767154,121,31.58330974105961,-3.0651290810878997,0.44259954195514695,0.5453692917214248,-18.01604636938342,-1.481179665660811,-1.038580123705664,0.34032526124168444,3.1678988308541776,1.879944237828084,3.245615026183727,-0.0269337474923454,3.1579633359083177,0.1005141801701632,3.1565888844803145,0.0622020541105965,3.2413543633102937,0.0659691228585508,4,ok,0.2058815288642221,0.1888654484482836,0.1989313420677973,0.1955099879833292,-0.0015578534115444,19.07595100546946,1.4595311473385253,ok,3.044486521534175,ok,1.3885392507991208,floor,3.0212811637541983,ok
848,22,1.5358885159158298,0,-19.63649246029518,0.010873034197704199,0.4184466375310005,0.0241857306188122,509,35.29823639725421,-16.300235795208366,0.0234410154155993,0.4657117820646005,0.027477119005892,509,28.833740571627214,-20.870447409828422,0.00818380474300757,0.4873590419415445,0.0492501480715186,509,28.75886627826803,-19.353273674367017,0.011605734537727843,0.461088456332159,0.0374146713995375,509,31.5903352164098,-4.570211614620057,1.5171737354614052,0.2832187859281632,-17.968364127751773,-2.9020832820766493,-1.3849095466152441,0.43358006516796516,4.570211614620057,1.7022224653495275,3.2563985272585514,-0.1250749488730451,3.0564353035386964,-0.1426395762674048,3.067768011208139,-0.139389671706072,3.1378466087696326,-0.1455829479228416,4,ok,0.2122653464188393,0.187898770691955,0.1844206591647242,0.1859957465137152,0.0156613993906729,19.0391091330954,1.4596471635740305,ok,3.2200117306128666,ok,1.388636373071027,floor,2.7733827124357164,ok
849,22,2.03901545558419,0,-20.231565629998475,0.009480766204170247,0.4994177257942874,0.0889616029762154,681,35.311504683305515,-17.573132822711774,0.017485848759787894,0.4889033111611721,0.0461701369508289,681,28.84858510357693,-20.528866337318554,0.00885346686566388,0.5075448379227713,0.0662777788813091,681,28.77382781467073,-18.022909270870418,0.015765548064555088,0.4837558413323603,0.0557376287468969,681,31.60480468738797,-2.9557335146067807,2.5059570664481363,2.2086563591280566,-18.902349226355124,-1.6265171109634302,0.8794399554847061,0.29349774266226597,2.9557335146067807,1.6513542826849466,3.2572480539007023,-0.1462971672475195,3.1247132548984715,-0.1030596777730847,3.041873314128385,-0.1881354709376617,3.231188415986047,-0.0741344903764416,4,ok,0.21170782252993,0.1842469561150333,0.1905899165299407,0.1915694167358847,0.0073874727925408,18.44332374652835,1.4598865596347304,ok,2.477311419431559,ok,1.3888354576801138,floor,4.586687306056335,ok
850,22,0.2160738294679637,0,-17.98082779393622,0.01591905270484112,0.414390444293649,0.0212414210108526,53,35.34240751446418,-17.466600517783228,0.01792008016856754,0.5324089192760469,0.0836869136548967,53,28.88316982197312,-18.53712342701755,0.014005146538806038,0.4156592204095685,0.0,53,28.80860181124705,-18.314462762456778,0.014741908922912286,0.4158765036719014,0.0034936119164372,53,31.6384610230068,-1.0705229092343238,0.22266066456077382,-0.3336349685205562,-17.723714155859724,-0.8134092711578269,-0.5907486065970531,0.09455812732093104,1.0705229092343238,1.9762723753351663,3.2489277224692104,0.0389667226298668,3.1655895598078687,0.1895180767886,2.9808618282070576,-0.0487272432033294,3.198921573864331,0.0856182402415748,4,ok,0.1817375802487697,0.1953044679929625,0.1741511435862982,0.1879985454790997,0.0143698805345679,20.692401420072084,1.460444739194548,ok,1.1861063554666615,floor,1.3892987620300528,floor,2.1348234074169685,ok
851,22,0.1723727727382348,0,-19.104288152510573,0.012290546231120749,0.3623087160421668,0.0,38,35.3409309387207,-18.962585380632007,0.012698179500537907,0.4906762395113237,0.0476365375764424,38,28.881526344700863,-20.206383135201147,0.009535899964214282,0.4693299612204052,0.0346259659663938,38,28.80693074276573,-19.689608786030814,0.010740861620359815,0.4667305402407544,0.041893213942715,38,31.636838812577096,-1.2437977545691403,0.5167743491703334,-0.5853206335202401,-19.033436766571292,-1.1729463686298551,-0.6561720194595217,0.11142460915586656,1.2437977545691403,1.3932837898060653,3.2012549092386298,0.0165190420237317,3.03248156873612,0.0892082260111135,3.1227914402739274,0.1193182052852015,3.151660331368136,0.0633782477010802,4,ok,0.2085306740512973,0.2061042715060083,0.1753275589527268,0.2289804031974391,0.031989913825926,19.56902042931257,1.4604180493062835,ok,1.186087587925427,floor,1.3892764791088494,floor,1.812834746720295,ambiguous
852,22,0.2023717315828386,0,-18.841404981382492,0.013057483985434102,0.4771629316946477,0.0700191383649104,48,35.33933933575948,-16.43113209044164,0.022745044505491366,0.3858949112912117,0.0,48,28.87975486119588,-21.298589491471628,0.00741551044322661,0.5193930046806439,0.0765940450133371,48,28.805129090944927,-18.291710694898903,0.014819342332200362,0.5471751559084987,0.1116728093942003,48,31.635088602701824,-4.867457401029988,3.0068787965727246,0.5496942864835894,-17.636268535912066,-3.6623209555595615,-0.6554421589868369,0.3780515904527125,4.867457401029988,1.744257557017928,3.282910049622373,0.0804619380704561,2.9460226619971177,-0.0202804377301903,2.927538989583111,-0.094271912154602,3.162605813332438,0.0567546449183904,4,ok,0.1842162865990152,0.2178274458274245,0.1957136932760477,0.1798911171499639,0.0053081729371721,19.83198914625959,1.460389282418594,ok,2.1563606239532747,ambiguous,1.3892524570441267,floor,3.0265481838090933,ok
853,22,0.1769559924810128,0,-18.33840203046803,0.014660871827607365,0.4427204886415037,0.0424049981232925,41,35.337743991758764,-16.13517053597987,0.024349101855787154,0.4614278251299772,0.0241235135080351,41,28.87798448888267,-20.921131033081654,0.008088852137759475,0.427812732857191,0.0030456043291644,41,28.80332830475598,-18.623380486180086,0.013729728565234968,0.4555425196143289,0.0330655318564074,41,31.633339765595228,-4.785960497101783,2.297750546901568,-0.28497845571205715,-17.23678628322395,-3.684344749857704,-1.386594202956136,0.38445815220371293,4.785960497101783,1.8163849618512031,3.3704495397919123,0.1799525621691948,3.0589048095988605,0.1081407745465008,2.967607450655722,-0.041830320546063,3.1378852820652745,0.0438886522872996,4,ok,0.1669432484522098,0.1868724495899386,0.1894188878558031,0.191312372593618,-0.0125110388347288,20.33507783901321,1.4603604501826564,ok,1.8255938724662624,ambiguous,1.3892284487239197,floor,2.190549276338058,ok
854,22,0.1548547591093758,0,-20.285842550925146,0.009363015555391487,0.340964075762347,0.0,33,35.34372526226622,-18.487141267695044,0.014167260293786621,0.4505038948585735,0.0157122162054601,33,28.88468719251228,-20.782197499468595,0.008351803159447066,0.3866654820980844,0.0,33,28.810140667539656,-16.77469392588472,0.02101505869911829,0.3888575043976507,0.0,33,31.6399325168494,-2.2950562317735503,4.007503573583875,3.511148625040427,-19.386491909310095,-1.3957055901584994,2.611797983425376,0.37853787187272736,4.007503573583875,1.6644864254671616,3.04704359255274,-0.1269959572385617,2.9131441654755914,-0.0162216460298925,2.966704495254249,-0.0256947334920636,3.0700021668730373,-0.0076700525825632,4,ok,0.1941640343178402,0.1686645064390066,0.199892009749557,0.1975511707591288,-0.0184777393711335,18.38731582881062,1.4604685598264278,ok,1.1861236843371668,floor,1.389319283640676,floor,5.993426777072374,ok
855,22,0.0850496792683054,0,-17.58266254961252,0.01744752161545454,0.3157128580158729,,11,35.34631312977184,-18.888082004677,0.012917896468458251,0.3742771135547617,,11,28.88757792386141,-20.59276815106916,0.008724151221637558,0.3524893565668821,,11,28.81307810003108,-19.804268630352148,0.010460998431170924,0.5928577227786967,,11,31.64278186451305,-1.7046861463921594,0.7884995207170107,-2.221606080739626,-18.235372277144762,-2.3573958739243963,-1.5688963532073856,0.2647279295467547,3.0101056014566367,1.3789070424523704,3.2861677378345897,0.19542293232058,2.750134574783651,-0.0709300139193862,2.6403879770358434,-0.2657753556017681,2.997386250707688,0.002335543994445,4,ok,0.190385453402996,0.2091796642000025,0.1943292184309526,0.2050646956671368,0.0054533403705466,21.09035671173285,1.460515344637234,ok,1.186156701143097,floor,1.3893584606048572,floor,1.0407550672347825,floor
856,22,0.0958608547615176,0,-18.730653410490262,0.013394751437751217,0.4091291859141598,0.0174651046331679,16,35.34495782852173,-20.195285521133133,0.009560298400428964,0.4027211587618878,0.0,16,28.886048793792725,-20.651554841121573,0.008606855583353674,0.469823984014295,0.0350193448069844,16,28.81152641773224,-20.834292545106287,0.008252219011227729,0.3032935005488315,0.0,16,31.64128398895264,-0.45626931998844,-0.18273770398471356,-2.1036391346160244,-19.462969465811696,-1.1885853753098772,-1.3713230792945907,0.20531052776067396,2.1036391346160244,1.1636603733315272,3.165176966517352,0.0460235992427264,2.719945387571641,-0.1380564893532194,2.719879906997538,-0.2156950986314738,2.757033852093911,-0.2661958035777791,4,ok,0.1714020068757236,0.2127345679327845,0.2136930613778531,0.1947322385385632,-0.021624773973599,19.94243871070048,1.4604908420530354,ok,1.1861392354107625,floor,1.3893377648621457,floor,1.0407383011758384,floor
857,22,0.1381011761068543,0,-19.27144045645452,0.01182649232695937,0.5810377094152107,0.1658229776489252,28,35.35422529493059,-18.080262771700863,0.015558714900988951,0.6363448325957362,0.186254561692718,28,28.896223953792028,-19.82080523431415,0.010421241890941306,0.484424069797054,0.0468319016576621,28,28.82190588542393,-19.64082415089753,0.010862194746240478,0.4880779194003221,0.0593311357234787,28,31.651350225721085,-1.7405424626132877,0.1799810834166209,-0.3693836944430089,-18.675851614077693,-1.144953620236457,-0.9649725368198361,0.16626593514080035,1.7405424626132877,1.5439457362711646,3.145592907492656,-0.0159894899597827,3.111218731312034,0.198049918100271,3.038803870047173,0.0593016578440437,2.9948045791585978,-0.0705111731557806,4,ok,0.2119861567126853,0.2307847791484424,0.2239588097270046,0.1709995780672346,-0.0025733417964407,19.401153380699217,1.4606584219361076,ok,1.1862554817191286,floor,1.38947623334226,floor,2.0931138879385047,ok
858,22,0.1427771999474367,0,-19.4050846182215,0.01146810176680148,0.3838739224331879,9.633340397385837e-06,29,35.35752487182617,-19.001048463337472,0.012586215217198823,0.3380272584791124,0.0,29,28.90001139147528,-20.519393183362226,0.008872799783010291,0.4590324616914209,0.0265205267114487,29,28.825765675511853,-19.736354578092953,0.010625871073369444,0.4174544908739627,0.0046186181139535,29,31.6550560655265,-1.5183447200247535,0.7830386052692724,-0.33126995987145236,-19.20306654077949,-1.3163266425827373,-0.533288037313465,0.12449775165987263,1.5183447200247535,1.3421656060932492,3.170793646598053,0.006550690420592,3.1446675950945515,0.2280394788288244,2.995856210114382,0.0135994943973418,3.0597021891565177,-0.008252617860633,4,ok,0.1915514605312512,0.166558316812433,0.1903042926870543,0.1885315805416682,-0.0112494040152122,19.267331769288504,1.4607181053716725,ambiguous,1.1862987667475642,floor,1.3895277439879514,floor,2.137983335904688,ok
859,22,0.3577326280991809,0,-18.843495976121556,0.013051198720550213,0.4607804866192448,0.0566266848814895,95,35.35655561748304,-19.179266774033675,0.012080177693647857,0.4736171526351436,0.0337470343228418,95,28.898871351543225,-20.082351854317622,0.00981216436596223,0.4558188796286035,0.0240278431761162,95,28.82460616262336,-19.4053369986742,0.011467435343271108,0.5455133760563834,0.1101193361509589,95,31.653965156956723,-0.9030850802839474,0.6770148556434208,-0.5618410225526453,-19.011381375077615,-1.0709704792400068,-0.393955623596586,0.10152507218666525,1.2388558781960661,1.4147275156383698,3.167964407638774,-0.0862429218766589,3.0580844021682743,0.0244830995905456,3.115966549024002,0.0405688023815233,3.233633278816693,0.0764412374146616,4,ok,0.1897818259894848,0.1928441965266278,0.1922293741844202,0.1998500237339421,-0.0009163629263639,19.828972539662672,1.4607005722884696,ok,1.1862857368342077,floor,1.389512268699694,floor,1.8466329136714856,ambiguous
860,22,0.1652701677622877,0,-18.643436450847627,0.01366647008067352,0.4668483161629337,0.0615325136189046,38,35.36234554491545,-18.545019155657087,0.013979707492054416,0.3643571769032069,0.0,38,28.905001238772744,-21.705707553482988,0.006751950421155265,0.3752729423824571,0.0,38,28.830967100043047,-20.358798523414784,0.0092070424954487,0.4444450510730074,0.0245208806901588,38,31.660132859882555,-3.1606883978259006,1.346909030068204,-1.7153620725671566,-18.59422780325236,-3.111479750230629,-1.7645707201624248,0.2797847205383414,3.1606883978259006,1.2389563632907215,3.4345226380435623,0.2497867708286643,2.914366127164341,-0.0289072155606651,2.833840546757436,-0.1696326882312897,3.064276891646717,-0.024005192020339,4,ok,0.210016035131718,0.1778605872471081,0.1819057901831049,0.1775558831072167,0.0120325210063081,20.028720644273868,1.4608053201899562,ok,1.1863558063452375,floor,1.3895971753697098,floor,1.0409493720760126,floor
861,22,0.2813159238431733,0,-18.091244221591044,0.015519423262560832,0.4046258030527419,0.0142710869176843,74,35.37209727313068,-19.219748911145103,0.011968097232746104,0.4715209019057028,0.0320741719276611,74,28.91590721542771,-19.025837628656724,0.012514578796633704,0.4101178891649752,0.0,74,28.842076920174264,-18.426828190185546,0.01436538206182824,0.4705333691315049,0.0449425309929012,74,31.670833871171283,0.1939112824883793,0.5990094384711782,-0.3355839685945021,-18.655496566368072,-0.37034106228865227,0.2286683761825259,0.10476768841073314,1.1285046895540596,1.670582637795988,3.2881129052759253,0.0528458425675411,2.9699252599461934,-0.039049590228017,2.948109555911457,-0.1076791398261254,3.284811099091025,0.1464062393883898,4,ok,0.1930372127004571,0.1963581543516468,0.1762692885020294,0.1866955054370132,0.0184283950240225,20.58038821022396,1.46098181030554,ok,1.1864805244203362,floor,1.3897455367605889,floor,2.133368746865936,ok
862,22,0.0445838206628545,0,-18.311546257144297,0.01475181217918547,0.3244252205367109,,3,35.36377207438151,-21.998411331563435,0.00631188193689662,0.0998001595768771,,3,28.906522115071613,-17.64116739555594,0.01721405794161046,0.3210752659705398,,3,28.832569122314453,-17.429209532265965,0.018075030831833056,0.4675398230594573,,3,31.66164461771648,4.357243936007496,0.21195786328997457,0.882336724878332,-20.154978794353866,2.5138113987979267,2.7257692620879013,0.3302301152129092,4.5692017992974705,1.8543129915560372,2.2873694035171663,-0.7048661781120731,2.2550904906969724,-0.4378907537733942,1.803250939472211,-1.000924791541996,2.4383522890460783,-0.4589853966710224,4,ok,0.2842775185902913,0.2211635261774063,0.2536909530560176,0.1713945940136909,-0.0009704306721687,20.36053409953137,1.460831132704073,ok,1.1863731945613163,floor,1.389618563719824,floor,3.3352568272020062,ok
863,22,0.0540851186411419,0,-17.2600745253766,0.018792845678114737,0.1048003466616282,,2,35.36392784118652,-18.685787816725224,0.013533845624064017,0.40152671940658,,2,28.90670585632324,-18.553820469098962,0.013951405222064214,0.1055032300057029,,2,28.83274936676025,-17.631790661390344,0.01725126449780343,0.3187742025946837,,2,31.661821365356445,0.1319673476262615,0.9220298077086184,-0.3717161360137453,-17.97293117105091,-0.5808892980480529,0.3411405096605655,0.1393352155160265,1.4257132913486252,1.9157906087517818,2.718272904392325,-0.2432210654402919,2.626169438932286,-0.0268410465498694,2.6494826944793743,-0.1228659331070076,2.804310873925285,-0.0625336697236949,4,ok,0.3878905028104782,0.1658087782561779,0.1661818921566009,0.1135417893528938,0.1106677483767271,21.41199745176502,1.4608339513558926,ok,1.1863752953706648,floor,1.389620970244577,floor,2.090611897355112,ok
864,22,0.2108669190976667,0,-19.464376947052404,0.011312596718737581,0.3824421064056755,0.0,48,35.36941011746725,-18.75807642175787,0.013310438337153441,0.3452235289632699,0.0,48,28.912736773490906,-21.38141637776933,0.007275424902013786,0.4179408050271775,0.0,48,28.83896108468373,-18.774641102384816,0.013259766909255316,0.3608567411478965,0.0,48,31.66776394844055,-2.62333995601146,2.606775275384514,0.6897358446675881,-19.11122668440514,-2.270189693364191,0.33658558202032296,0.21732847306450756,2.62333995601146,1.3525096528980471,3.1577711922757064,-0.0446769192762106,3.006815984658957,0.0405128849316493,3.02400670957774,0.0021958078400263,3.028755001167674,-0.0770961672463736,4,ok,0.2020308615950246,0.1838966763267914,0.1637065717950463,0.1823030606222649,0.0292571971658617,19.20740007822284,1.4609331687625733,ok,1.186444260888382,floor,1.3897039191856448,floor,3.1575262235173334,ok
865,22,0.1791520649677305,0,-19.317024565117848,0.0117030091204498,0.4312167642438726,0.0336425894116767,41,35.37125043171208,-20.22738425748404,0.009489898649294075,0.427253142421824,0.0,41,28.914804598180257,-21.148038835655626,0.007677080887082222,0.4018448783643706,0.0,41,28.841043890976323,-20.900319676240056,0.008127706873956022,0.4579813183859508,0.0349715619592392,41,31.669791663565288,-0.920654578171586,0.24771915941557054,-1.583295111122208,-19.772204411300944,-1.3758344243546823,-1.1281152649391117,0.16929917920948234,1.8310142705377785,1.0925729603530188,3.2095802521155656,0.0190832744928481,2.822800356757738,-0.1279636782946216,3.088180975741899,0.0787432045401135,2.964767930117956,-0.1292286996600196,4,ok,0.2206227899324603,0.1743759304830213,0.1796818984354414,0.1924117887165488,0.0178174617722993,19.354653436032333,1.4609664805110083,ok,1.1864679120148849,floor,1.3897317380700431,floor,1.0410576088428096,floor
866,22,0.1765165936370752,0,-19.00429983727503,0.012576795991486525,0.50987284730396,0.0981586855822227,40,35.37324857711792,-17.51702927552519,0.01771320188285771,0.4137705181186955,0.0,40,28.91704607009888,-17.468522109412618,0.01791215295316706,0.5498810823528484,0.1042345711567533,40,28.84327988624573,-18.038637779337826,0.015708554461409476,0.4292326173014845,0.0131502687303721,40,31.67198791503906,0.048507166112571554,-0.5701156699252081,0.9656620579372053,-18.26066455640011,0.7921424469874907,0.22202677706228258,0.13420808675685791,1.5357777278624134,2.203016144029227,3.187677920001891,-0.0009469095732685,2.9905606736851573,0.0422308369075743,3.098405848715786,0.0909063314330214,3.2692789345560684,0.1771393211494021,4,ok,0.2085323740728199,0.1740404466167092,0.1766405407339334,0.203594764880836,0.0146458696108311,19.667270639498284,1.4610026526068058,ok,1.186493552074265,floor,1.3897616062981322,floor,3.412269361258576,ok
867,22,0.3015272102139709,0,-19.608775998668133,0.010942647268000554,0.4735493078284445,0.0670248279788583,81,35.37910555615837,-19.827372122517637,0.010405496027340335,0.5386224677952759,0.0893059731997023,81,28.9234049997212,-19.85209607020046,0.010346426882778897,0.4180514772897573,0.0,81,28.84978579297477,-19.01436844113732,0.012547671950979679,0.5162818108901003,0.0835655333734364,81,31.678367379270952,-0.02472394768282271,0.8377276290631386,0.5944075575308112,-19.718074060592883,-0.13402200960757682,0.7037056194555618,0.08041654994939192,0.8377276290631386,1.4066397379158115,3.205502932603927,-0.0366168818571885,2.899917015774508,-0.1179678971031994,3.060611864329069,-0.0022715550112413,3.18908685054444,0.0438846266002661,4,ok,0.2130935713648796,0.203938378320064,0.1842758551607897,0.2003704827784756,0.0242401196816821,19.06247925605924,1.461108701087552,ambiguous,1.1865663073949544,floor,1.3898485309706192,floor,3.0692342725235973,ok
868,22,0.1845603474599867,0,-17.63126716120395,0.01725334409698802,0.4107006086906747,0.0185879540737288,43,35.392821378486104,-19.81593875439632,0.01043292594203705,0.3781893860838375,0.0,43,28.93860528635424,-20.00095874369244,0.0099977926547203,0.3310898157205392,0.0,43,28.86524683930153,-19.214262397521683,0.01198322628120941,0.3739071102598295,0.0,43,31.69337157315986,-0.1850199892961193,0.786696346170757,-1.582995236317732,-18.723602957800136,-1.2773557858923041,-0.49065943972154713,0.2326062397044548,2.369691582488489,1.4114514440407602,3.3024108922748443,0.1083028443938505,2.9661802493449305,0.0107210402093786,2.856146293626197,-0.1570300553494426,3.0064250914257378,-0.0911534220586625,4,ok,0.2191559195865032,0.2068116626767225,0.2097659386521162,0.1894494846116664,0.0032178524794966,21.03924964215323,1.4613571644929804,ok,1.1867403159853829,floor,1.3900552197811276,floor,1.0413220647351695,floor
869,22,0.2184641327689296,0,-18.52864351832678,0.014032519298600688,0.5224208550548531,0.1094483970283681,52,35.39072777674748,-19.643019211895428,0.010856706038347423,0.4516315305693453,0.0165711551620948,52,28.93628230461708,-20.732259271165216,0.008448392315905103,0.3954413779606691,0.0,52,28.86288965665377,-19.588358170847783,0.010994213917852052,0.4878211368600157,0.0591167458380552,52,31.69108423819909,-1.0892400592697875,1.1439011003174322,-1.0597146525210022,-19.085831365111105,-1.646427906054111,-0.5025268057366787,0.1787569570550066,2.2036157528384344,1.285600905621948,3.2586137658957925,0.0500969648383065,2.9769639242547896,0.0027702127012001,2.8756667773312814,-0.1524271003883974,2.969373920957258,-0.1424968866508855,4,ok,0.1847178266885188,0.1845421384160335,0.2126263041908924,0.1807793481991841,-0.0279963216386162,20.1419860274662,1.4613192278218434,ok,1.1867137144354736,floor,1.3900236976070726,floor,1.041296397965463,floor
870,22,0.3066656538975378,0,-18.452061371123147,0.014282158974387709,0.4264765073652066,0.0300990385881461,80,35.39423546791077,-19.060045168505795,0.012416393939381638,0.4911100564189288,0.0479961586905803,80,28.94022841453552,-18.403634063888504,0.014442307700348005,0.4358407894664497,0.0089242488057483,80,28.866853880882264,-18.717129396931472,0.013436527963624184,0.422195187498497,0.0080240656439254,80,31.694911193847656,0.6564111046172911,-0.31349533304296884,-0.26506802580832556,-18.756053269814473,0.352419205925969,0.038923872883000143,0.059027269046068316,0.6564111046172911,1.7619493097710963,3.1748593464147388,-0.0663186156410899,3.047069034176754,0.0304087335849359,3.045047178135799,-0.0168611318278424,3.228054033524405,0.0837860494435025,4,ok,0.2017659859731793,0.1855765799060464,0.1803402959834784,0.1730735260061919,0.0133309869561344,20.21837927724254,1.4613827904221666,ok,1.1867589050505765,floor,1.3900767126238274,floor,2.2145182484946333,ok
871,22,0.1029649260945853,0,-19.670549816194765,0.010788101363747147,0.42186725020165,0.026690975751211,15,35.39977188110352,-17.865718443041892,0.016346627103932955,0.4206628992481389,0.0,15,28.946607462565105,-19.42128858372621,0.011425392846690424,0.4838939397216187,0.0463966627877772,15,28.87305386861165,-20.001226313936325,0.009997176706435249,0.4263960571280164,0.0110738677050703,15,31.700958251953125,-1.555570140684317,-0.5799377302101156,-0.3306764977415604,-18.76813412961833,-0.6531544541078809,-1.2330921843179965,0.20439474654041614,2.1355078708944326,1.5966693802511456,3.207931171125037,0.0936709947145937,3.158385872557349,0.3067462044200253,2.9657224955128387,0.0352134601640026,2.837124165241878,-0.1812518488844352,4,ok,0.1975999707976977,0.2711929708719253,0.2036877398689588,0.1478511492411295,0.0307087309658527,18.999592633443967,1.4614831377342317,ambiguous,1.1868319767136095,floor,1.39015964877387,floor,2.1398356458843657,ok
872,22,0.1095806230143543,0,-19.667220430666653,0.010796374901909121,0.414099632043487,0.0210314280227827,16,35.40074968338013,-17.474658253745623,0.01788686275262799,0.4935800589635487,0.0500497722405726,16,28.94771134853363,-19.79869433201668,0.010474434053230541,0.3753724007814009,0.0,16,28.87413120269776,-18.515999202735618,0.01407343396674075,0.4717848045836952,0.0459514119491741,16,31.70200407505036,-2.3240360782710567,1.2826951292810627,1.1512212279310354,-18.570939342206138,-1.227754989810542,0.05494013947052068,0.22508501192388505,2.3240360782710567,1.7169933959176689,3.047556732703904,-0.0715966345707208,2.9693916685142483,0.1113897915893873,2.890444622733237,-0.0451303828957745,3.111712145692944,0.0884824900212541,4,ok,0.2246532631106674,0.1574190859682858,0.1681299349293112,0.1565259790513664,0.0229062396101653,19.00286934687376,1.46150086321877,ok,1.8084160193157348,ambiguous,1.3901740627525774,floor,3.5840486900398503,ok
873,22,0.0843428088528327,0,-18.768208654286507,0.013279420844972401,0.3440611562872751,,11,35.40163456309926,-18.068265287249094,0.015601755630094702,0.4065009773241214,,11,28.94869821721857,-18.952230376237523,0.012728492247294042,0.4311404118477876,,11,28.8750979683616,-17.935503347400665,0.016086059296214743,0.6578746651706936,,11,31.702943801879883,-0.883965088988429,1.0167270288368577,0.8327053068858419,-18.4182369707678,-0.5339934054697224,0.4827336233671353,0.10007426240091931,1.0167270288368577,1.8454111339600847,3.0376747331643097,-0.0530700723496999,2.6429585346799094,-0.1781060540231278,2.775624580858844,-0.1305387517787672,3.053422580474577,0.0583718737613341,4,ok,0.2515241557901556,0.1863220022483305,0.1906367831609466,0.2468752623959021,0.0282862958582964,19.901833455052287,1.4615169049515884,ok,1.1868559313584937,floor,1.3901869980758073,floor,3.2905009797570446,ok
874,22,1.5232166940498553,0,-17.63364675971799,0.01724389318568898,0.4258558190786223,0.0296379468977354,506,35.36676007297199,-16.88061030054409,0.02050873955628524,0.4916931192572534,0.0484800007919925,506,28.91029678691517,-19.036986512345575,0.012482493505406205,0.4523788499753564,0.0213789172168266,506,28.83625276663557,-20.194773731630256,0.00956142508954839,0.4749088889296471,0.0484816777055405,506,31.66517860427676,-2.156376211801483,-1.1577872192846819,-2.561126971912266,-17.25712853013104,-1.7798579822145335,-2.9376452014992154,0.2823960317289297,3.3141634310861647,1.8304641963988308,3.3555107852234025,-0.0255145035324573,3.15652864079702,-0.0419634982700576,3.0694027359555576,-0.1372909340091372,3.1082367901171186,-0.1747482016835762,4,ok,0.2130906049441914,0.1942603210642521,0.186849085452116,0.1767949592837467,0.0168263775521057,21.03827284802844,1.4608852053057662,ok,1.1864163562918402,floor,1.3896677501008896,floor,1.0410059083004586,floor
875,22,0.1411224451019989,0,-17.57503309845538,0.01747819941880379,0.3952537843080024,0.0077373363897137,28,35.38969693865095,-18.60745241086745,0.013780175825800796,0.4620343761318528,0.0245964558421041,28,28.93566424506051,-18.07799225982003,0.015566851196631362,0.4777567190531013,0.0413926743941528,28,28.861857414245605,-17.63938640019676,0.01722111869087981,0.377837872362976,0.0,28,31.69002171925136,0.5294601510474202,0.43860585962326937,-0.06435330174138088,-18.091242754661415,0.01325049484138674,0.4518563544646561,0.09258751528714193,1.0324193124120704,2.0085352923433653,3.312416802665303,0.1508344052128643,2.8313822475191417,-0.0817865656926213,3.030155094014737,0.0506528818116081,3.1980960816559447,0.1327803293415663,4,ok,0.203726502135396,0.1920901957367147,0.1899255711053099,0.1870181061593549,0.0079827778307454,21.095651955739363,1.4613005501767085,ok,1.1867066372759425,floor,1.3900098948082409,floor,2.430270107151488,ok
876,22,0.1752761834009421,0,-19.73703915300676,0.010624196257825187,0.4506280204356452,0.0485619626225801,32,35.378148436546326,-19.357188294611074,0.011595278136422723,0.4439198337338182,0.0107398980588215,32,28.92289799451828,-20.277018909714286,0.00938205790484336,0.410652258710056,0.0,32,28.849123656749725,-18.90636226490661,0.012863636920700082,0.3891171872604653,0.0,32,31.677679896354675,-0.9198306151032121,1.3706566448076778,0.8306768881001503,-19.547113723808916,-0.7299051859053698,0.640751458902308,0.1149596336472553,1.3706566448076778,1.399162837484365,3.1060277372125125,-0.0656787625427819,3.1023575467355515,0.1760252059964551,2.89472083536134,-0.0952629629485488,3.2333358856008685,0.1579778592549416,4,ok,0.2170469162520021,0.2003044518642127,0.2027581247966736,0.1932229795493185,0.0059175592614337,18.93426761847178,1.4610913690542382,ambiguous,1.186560505661079,floor,1.389839682928461,floor,3.2880030833634617,ok
877,22,0.1609711485552293,0,-20.470638309168848,0.008972969035932728,0.4455482928978308,0.0445942641040499,34,35.37584013097427,-17.930479684320346,0.016104677469427217,0.4362737040056838,0.0050573701145404,34,28.920401348787195,-21.48810003437033,0.007098882642675195,0.40045524314064,0.0,34,28.84667738746194,-16.95096492282712,0.02017917969442624,0.4115914704745051,0.0004601448228285,34,31.67525319492116,-3.5576203500499837,4.537135111543211,3.5196733863417293,-19.200558996744597,-2.287541037625733,2.2495940739174785,0.4046126852397675,4.537135111543211,1.6310462555367502,3.204492481686934,0.0281895356482748,2.9258162252074915,-0.0064924920407514,2.8110619731123108,-0.1836805727944477,3.106691781490888,0.0267744597360417,4,ok,0.2025420198984006,0.1501396999639623,0.1130124490488978,0.18067092821002,0.0633284108822836,18.20079269884613,1.4610495723922656,ok,2.3323175472447897,ambiguous,1.3898069963296231,floor,6.004886701055078,ok
878,22,0.3386949417892075,0,-19.36013976676967,0.011587400644168007,0.4730871802974393,0.0666435428488525,90,35.3796194712321,-18.657706023862524,0.013621639977503147,0.4963597649914655,0.0523732012459046,90,28.92448245154487,-19.281252082134102,0.0117998039523255,0.4764127128517456,0.0403053628647571,90,28.85066081153022,-18.72068976072521,0.013425517157419681,0.4090093456862133,0.0,90,31.67918497721354,-0.6235460582715788,0.5605623214088915,0.6394500060444592,-19.008922895316097,-0.27232918681800555,0.28823313459088595,0.07302001626937897,0.7024337429071466,1.63241882736842,3.251041948404456,0.0009338952360504,2.96767058848761,-0.0606007662663961,3.0929264529662346,0.0217727288278211,3.166963926844112,0.0138380293012043,4,ok,0.2067154177361064,0.1937779066463311,0.1724268509282006,0.2115179157091511,0.0278198112630181,19.31108782584044,1.461118007674166,ok,1.1865786373289606,floor,1.3898602241898246,floor,3.1111359840031243,ok
879,22,0.2128233059311567,0,-19.28197704413018,0.011797834391155679,0.3985177784873824,0.0099954703252578,55,35.398067543723364,-19.61242671909016,0.010933452640470706,0.445457459703073,0.011894569660483,55,28.945016063343395,-20.992548618419,0.007956922684707548,0.4213599261269971,0.0,55,28.87131295637651,-19.01064675806257,0.012558429276963361,0.402530805182535,0.0,55,31.69915781888095,-1.3801218993288416,1.9819018603564302,0.27133028606760945,-19.44720188161017,-1.5453467368088312,0.43655512354759907,0.16145283096132718,1.9819018603564302,1.29214443366069,3.241599595269582,0.0288301949743683,2.947151740320003,-0.0325712720499913,2.998854260550456,-0.0336423764217852,3.2127590335217064,0.0966699983992507,4,ok,0.1867256443608891,0.1844555993649092,0.2149364602836695,0.1884344770149751,-0.0293458384207703,19.388257209934057,1.4614522437520392,ambiguous,1.1868137450987348,floor,1.3901363582528783,floor,2.764503041268915,ok
880,22,0.1798301668974448,0,-19.710792017440806,0.010688599347914572,0.3443805336457318,0.0,43,35.4002106245174,-19.459237467588107,0.01132599207067658,0.5400051081503836,0.0905651957422666,43,28.94739936118902,-21.197566545690655,0.007590027430225617,0.3871037470453266,0.0,43,28.873741549114847,-19.469646460452175,0.011298878900055943,0.3802777217499171,0.0,43,31.701506060223245,-1.7383290781025487,1.7279200852384804,0.24114555698863072,-19.585014742514456,-1.6125518031761992,0.11536828206228122,0.1508917822587665,1.7383290781025487,1.239410580154551,3.208478706541734,0.0143706586607401,3.024352294776793,0.0688930856412413,2.9018462138301246,-0.1113301351455149,3.0920368175285624,-0.0055416959558378,4,ok,0.2140877293639405,0.1759963326675947,0.2078013789168624,0.2048774020269859,-0.0127593479010947,18.959326798272585,1.4614910911173622,ok,1.1868410495255255,floor,1.390168849368154,floor,2.7354270885211847,ok
881,22,0.1944991369526784,0,-20.235689554239514,0.009471767838780766,0.4474338170978882,0.0460617693245459,44,35.40178125554865,-19.596800172986608,0.010972863651482253,0.4382285319071746,0.0065007850524956,44,28.94920453158292,-20.35170320739668,0.009222096858792425,0.3899607315989444,0.0,44,28.875533364035867,-18.734140999459342,0.013383999140175065,0.4902802715799096,0.0611745313681546,44,31.70323879068548,-0.7549030344100736,1.6175622079373397,1.5015485547801717,-19.91624486361306,-0.4354583437836226,1.1821038641537172,0.1537667613580776,1.6175622079373397,1.3765318789434253,3.303793443376275,0.1079423729009265,2.8886636277370537,-0.069061888594454,2.808088262563844,-0.2068926554355208,3.11197491503099,0.0126674669692739,4,ok,0.2034544629806822,0.1668474874035878,0.1899716950614344,0.2001860246739604,-0.0048207198692993,18.434344652670948,1.4615195643649996,ok,1.1868617327957107,floor,1.3901928238772048,floor,3.909461001297096,ok
882,22,0.2305598226740441,0,-20.044428988428628,0.009898219973805727,0.4086874310569502,0.0171502268278478,54,35.377767421581126,-19.145452073486403,0.012174602562247913,0.4895508027947282,0.0467050662267805,54,28.922654787699383,-20.729791973325188,0.008453193349123395,0.5200930152000302,0.0772109956838436,54,28.84905264112685,-19.577819788552876,0.011020924345813457,0.5964038565770321,0.1598363552668715,54,31.677521175808376,-1.5843398998387848,1.151972184772312,0.46660919987575156,-19.594940530957516,-1.1348514423676725,0.017120742404639344,0.1324975888698477,1.5843398998387848,1.3052751628508508,3.184915447078025,-0.0264627555864676,2.9759092215894904,-0.002004932300005,2.958554196111789,-0.0725021198006965,3.264810102652763,0.1501010207767099,4,ok,0.2112389630465596,0.1979801296084015,0.1585114410629979,0.2108949505620532,0.0460981052644826,18.62689829058874,1.461084469659542,ok,1.18655772266338,floor,1.3898387339734355,floor,2.949647609180928,ok
883,22,0.3264672261626599,0,-19.55889104711811,0.011069063918343813,0.4358216845495271,0.037122477368082,83,35.38121446356716,-18.80224192749327,0.01317576399881182,0.5842833565881849,0.1325981514022196,83,28.926403321415545,-20.075602426202067,0.009827425436322677,0.5082420843591577,0.0668782832092527,83,28.85270146289504,-19.13920234543633,0.012192135073453564,0.4461508886587225,0.0258206081462439,83,31.681081496089337,-1.2733604987087972,0.9364000807657362,0.4196887016817783,-19.18056648730569,-0.8950359388963776,0.04136414186935866,0.10810018053992558,1.2733604987087972,1.4622675009385648,3.345197002047733,0.101227872890719,3.0136028105767707,-0.0066866122691235,3.0750953261093423,0.0102972924512685,3.1903500474937667,0.0433134559788959,4,ok,0.181037813155766,0.201847545174231,0.1827965435987136,0.2146349893995078,0.0086461355662848,19.11225068970116,1.4611468931996388,ok,1.186600620683233,floor,1.3898874962455745,floor,2.9054994437830994,ok
884,22,0.2097962149432962,0,-18.53750695815897,0.014003909780594627,0.5235906479684631,0.1105148709310139,49,35.37831652894312,-17.87642364207656,0.016306382890772707,0.416208978101599,0.0,49,28.923220070040955,-18.900051068470674,0.012882344033202235,0.6430805634233736,0.1985032014003134,49,28.84957624941456,-18.034550705923685,0.015723344479978803,0.5654285248672075,0.1290475139289482,49,31.678047219101263,-1.023627426394114,0.8655003625469888,0.5029562522352862,-18.206965300117766,-0.6930857683529084,0.17241459419408045,0.092424393800448,1.023627426394114,1.8724719116306172,3.306535258774294,0.1025238311440417,2.773754648517503,-0.1945811009811615,3.2476740650777147,0.2242446463004679,3.211555606857867,0.1041537579008,4,ok,0.2000372501052155,0.1673284503726326,0.1936684668976433,0.1846318147620376,-0.0099856166587192,20.1337907659155,1.461094412901894,ok,1.186564191200536,floor,1.3898457308344152,floor,2.9838006087809608,ok
885,22,0.1019735320460361,0,-20.96190717008844,0.008013260900549112,0.3523235308700901,0.0,19,35.385683963173314,-19.147255619534896,0.012169547720746894,0.3468708340005586,0.0,19,28.93145872417249,-21.48511627474568,0.00710376150670354,0.382099858367289,0.0,19,28.8577554602372,-18.04663219624757,0.01567966502667768,0.4328982594693034,0.0158539604465532,19,31.685950429816,-2.3378606552107826,3.4384840784981066,2.9152749738408694,-20.05458139481167,-1.430534879934008,2.0079491985640985,0.31946169483189313,3.4384840784981066,1.3543437104084728,3.2329257253662966,0.1007429906320678,2.821883122476406,-0.0530597564343651,2.8491188988391403,-0.0999455434687091,2.884402519020209,-0.1517511939726099,4,ok,0.2058838307857513,0.2012255058476799,0.2270170291395563,0.174048101431445,-0.0234623608228407,17.70899395401084,1.461227848554264,ok,1.1866584873998856,floor,1.3899550520240491,floor,5.320755047118247,ok
886,22,0.1144058863614181,0,-20.26653553623284,0.00940473247851176,0.4353049262845239,0.036730127511859,25,35.38415115356445,-18.958441972649133,0.012710300042402044,0.5141166225724059,0.0675232497456654,25,28.929755859375,-21.86822974267814,0.006503947481521998,0.3684673186533588,0.0,25,28.856093673706056,-18.38217720726092,0.014513838267114597,0.5082449743043572,0.0765211601416013,25,31.68432975769043,-2.9097877700290056,3.486052535417219,1.8843583289719206,-19.61248875444099,-2.25574098823715,1.2303115471800687,0.2852450405397419,3.486052535417219,1.3122802145149106,3.143811396783758,-0.0091786301305969,2.9690382874020047,0.0670414184001702,2.802550832970826,-0.1680556106039379,2.936452231500108,-0.1203405982930609,4,ok,0.2150914403796196,0.1307952079176902,0.1931651857495308,0.2105217403173446,-0.0202218616008758,18.404448110193947,1.4612000829987388,ok,1.1866389938793085,floor,1.3899328373355806,floor,4.272069126869721,ok
887,22,0.1179508966583617,0,-20.45334457984415,0.009008770887564703,0.2936105257571875,0.0,19,35.405522195916426,-21.45771394487013,0.007148725242605575,0.567954048939581,0.1167115322898981,19,28.954100458245527,-21.967563424222003,0.006356874793928748,0.3630157315821863,0.0,19,28.880289780466185,-21.129094675556676,0.007710641873170505,0.3911178024109256,0.0,19,31.70753418771844,-0.5098494793518746,0.8384687486653277,-0.6757500957125266,-20.95552926235714,-1.0120341618648645,-0.17356541319953678,0.1279371214305133,1.5142188443778544,0.9052060258820455,2.8499020107513937,-0.2822807239828351,2.900627160476168,0.0256842815653968,2.7661768732505028,-0.1828875690573466,2.8696113160355647,-0.1665423969572543,4,ok,0.2059488837656221,0.2145599032703199,0.1740225745659125,0.1745586085476373,0.0362318189520584,18.21648808542376,1.461587391043626,ok,1.1869178388743709,floor,1.3902564754030124,floor,1.6761221120945085,ambiguous
888,22,0.314468620786398,0,-19.665987427901513,0.01079944052915891,0.3721993582109121,0.0,86,35.40212622354197,-19.22063691694124,0.011965650355409058,0.3888808708562034,0.0,86,28.9499709994294,-20.150187276935505,0.00966009221737661,0.4312722025690721,0.0055654437012673,86,28.87615718397983,-20.090296896283768,0.00979423026925735,0.4919882560934965,0.0626098491361715,86,31.703786317692245,-0.9295503599942663,0.05989038065173702,-0.4243094683822548,-19.443312172421376,-0.706875104514129,-0.646984723862392,0.08772463221213773,0.9295503599942663,1.3371235573867093,3.276523208328822,0.0298620279671584,2.981547576428445,-0.0422420965213423,3.07769915962065,0.0101140179641339,3.012172329857157,-0.1375345543014798,4,ok,0.1889756030381419,0.1714559566922659,0.1815882952407349,0.1904065774450468,-0.0013725153755309,19.004028195164818,1.4615258184267743,ok,1.1868705154006134,floor,1.3902011711100395,floor,2.027961509639879,ambiguous
889,22,0.1055282470738449,0,-20.33644143269542,0.009254561732537006,0.2627857192932118,0.0,15,35.3998156229655,-19.934842923761344,0.01015116080769838,0.4503273192824339,0.0155779100862298,15,28.94720878601074,-21.80263806950417,0.006602922395999394,0.4543258200263485,0.022875677825398,15,28.87345288594564,-19.407359338513604,0.011462096649465165,0.4027871498161588,0.0,15,31.70120506286621,-1.867795145742825,2.395278730990565,0.9290820941818154,-20.13564217822838,-1.6669958912757892,0.728282839714776,0.18989121586304625,2.395278730990565,1.1372020975790045,2.940642352281692,-0.1736178241287511,2.8653267265714693,0.0136870584341455,2.762145024468193,-0.168364010880643,2.9673397031107225,-0.0510363110155909,4,ok,0.1779393921295801,0.1718104886511961,0.1524507214625676,0.1628082873920599,0.0224242189278205,18.33369866070429,1.4614839306632743,ambiguous,1.1868388660652476,floor,1.3901649872553528,floor,3.379277654320608,ok
890,22,0.2696928758258272,0,-19.82079216506764,0.010421273251686113,0.4328463602161735,0.0348698313828195,67,35.397843716749506,-19.88549125205192,0.010267172880091487,0.4280630526317672,0.0,67,28.94500780817288,-21.34169053245582,0.007342280073090257,0.4639236032338909,0.0303480556254167,67,28.87120343678033,-20.104631802334524,0.009761955414101966,0.5579339347165965,0.1218447082588825,67,31.69902943853122,-1.4561992804039008,1.2370587301212979,-0.2838396372668832,-19.853141708559782,-1.4885488238960392,-0.2514900937747413,0.13124798826087303,1.520898367388181,1.14066664716141,3.259131362014788,0.0313985357971566,2.960949437896048,-0.0382292716943704,3.1121679201923325,0.0641794961395034,3.165292375573943,0.0343608567360367,4,ok,0.2025920589690777,0.1791224113818424,0.2046448061826513,0.2182761405163736,-0.0137875710071912,18.849454145045325,1.4614481867046738,ok,1.1868136505285194,floor,1.3901348931311572,floor,2.1934599799037398,ok
891,22,0.3149322307546805,0,-19.295642065808465,0.011760770992805569,0.4558862785916615,0.0527164873555701,85,35.40005636776195,-19.863519716527094,0.01031924748851546,0.5519400264521833,0.1015689785619287,85,28.947558975219728,-20.933409638160683,0.008066015201958496,0.5463078523482535,0.10091353497402,85,28.8737678752226,-19.748407059508494,0.010596423181029924,0.5636943248375064,0.127372284519259,85,31.701505346859204,-1.0698899216335889,1.1850025786521883,-0.4527649937000291,-19.57958089116778,-1.3538287469929031,-0.16882616834071484,0.13135682956288847,1.6377675723522174,1.21818062695151,3.3401676690623714,0.0943932607231774,3.123551653816436,0.1009149767154706,3.093252641116424,0.0265855835559123,3.124345269732069,-0.0244820097577527,4,ok,0.1821026397540288,0.1852690641056089,0.1780460582059972,0.1816076285698834,0.0056397937238216,19.374485059344327,1.4614882947866326,ok,1.1868428782736489,floor,1.3901692015960228,floor,1.992420248746736,ambiguous
892,22,0.1271827683605767,0,-19.821043389276348,0.010420670434815609,0.3807921714168476,0.0,23,35.38181537130605,-16.908973692834977,0.020375235201396218,0.468846842910627,0.0299509741509957,23,28.927110423212465,-20.81222034420938,0.008294266121319659,0.3942839995156699,0.0,23,28.853436926136848,-18.356679835210265,0.014599299446405915,0.3795984296427027,0.0,23,31.68177165155825,-3.9032466513744026,2.455540508999114,1.4643635540660824,-18.365008541055662,-2.447211803153717,0.008328705845396911,0.34351056818673353,3.9032466513744026,1.6897263907031885,3.10482389781215,-0.0418442903009776,2.79907090341657,-0.0947062048011551,2.9325751275253347,-0.0314862520263776,3.0734769808219764,0.0229548934340177,4,ok,0.2599829260421836,0.1494085545773091,0.1828112506672092,0.188112784339034,0.0218844896425371,18.850066000363384,1.4611577763093264,ok,2.771809490192504,ok,1.389897325955991,floor,3.874102715759795,ok
893,22,0.1298502627666687,0,-19.387166563129334,0.011515514425047392,0.4212641189279266,0.0262477633723066,25,35.38020385742188,-17.943493001056098,0.016056493206801633,0.4762460740692558,0.0358554703286859,25,28.925337677001952,-17.399205718163422,0.01820033694411247,0.5467462648474181,0.1013198396431616,25,28.85171211242676,-17.790616544884465,0.01663176521243679,0.4381626875921544,0.0197770990039771,25,31.68008804321289,0.5442872828926753,-0.3914108267210423,1.5965500182448693,-18.665329782092716,1.2661240639292934,0.8747132372082511,0.15933852624352654,1.9879608449659116,2.183372358529091,3.117198942973104,-0.0357910839412509,3.047937846850257,0.1459409778484226,3.065075002514959,0.094468558940195,3.07574415869399,0.0189513289008216,4,ok,0.2043978136777877,0.2075269377231597,0.2067731818556785,0.1768650278449058,-0.0008108061552047,19.28402957352951,1.461128590722602,ok,1.1865884246731608,floor,1.9211415196978343,ambiguous,3.99804338201159,ok
894,22,0.0792063962143296,0,-19.924087956694148,0.010176330525162649,0.400259859771179,0.0112082980019105,12,35.377818743387856,-19.382524322689967,0.01152783011637672,0.3988111505336999,0.0,12,28.92274602254232,-21.74430695378262,0.006692206056081873,0.5613746817331795,0.115063794314481,12,28.849176565806072,-19.91920593106758,0.01018777645480392,0.3495206501604837,0.0,12,31.677623589833576,-2.3617826310926517,1.8251010227150388,0.00488202562656781,-19.653306139692056,-2.091000814090563,-0.26589979137552433,0.1857461431833696,2.3617826310926517,1.1576375323254202,3.076675832848237,-0.0206660137423413,2.9817738105961533,0.1521316384973161,2.8459067508285223,-0.0670865655474375,3.0677016520137483,0.066107224948174,4,ok,0.2109859200815359,0.2418799630055824,0.1976740633447965,0.1797636604557434,0.0287588781987627,18.747236560023502,1.4610853989839836,ok,1.1865587666529265,floor,1.3898403899344869,floor,2.501015010158607,ok
895,22,0.0572175419787768,0,-21.11778518976955,0.007730747363879999,0.2876063309655425,,8,35.37906646728516,-18.933711223095884,0.012782884877597446,0.3942416796520656,,8,28.924089670181274,-18.920857678815732,0.012820773629566755,0.5257240272862914,,8,28.85048031806945,-18.96096441657231,0.012702919863400379,0.4381596791582886,,8,31.67889928817749,0.012853544280151397,-0.04010673775657736,2.1568207731972393,-20.025748206432716,1.104890527616984,1.0647837898604067,0.1895836723777918,2.1969275109538167,1.6159518525592151,2.6371712521578856,-0.42942898263607,2.606552240019528,-0.1831191730910979,3.03491073087898,0.1537445179308445,2.8913351331506627,-0.0797661518467904,4,ok,0.1725607216358184,0.1935896947979927,0.1879086624830961,0.1479722457006573,-0.0048334542661905,17.553472168943475,1.4611079932293134,ok,1.7910926932353195,ambiguous,2.322595893873674,ambiguous,4.537506149468219,ok
896,22,0.2586774676009768,0,-19.16797487991071,0.012111627684663775,0.4641523796766439,0.0593449310823124,65,35.37848804180439,-19.050303699198466,0.012444275867478231,0.4115776562829851,0.0,65,28.92354161189153,-20.20991929550744,0.009528138699003333,0.4548139278749588,0.0232519253557978,65,28.850023651123045,-19.743517393931754,0.01060836027591593,0.4670404583764654,0.0421407972017719,65,31.67840922429012,-1.1596155963089743,0.4664019015756864,-0.5755425140210448,-19.109139289554587,-1.1007800059528527,-0.6343781043771664,0.10515425130519772,1.1596155963089743,1.3789359501979848,3.339536671690004,0.1141015408126531,2.999078426159957,0.0028872185678809,3.161107877773711,0.1154982810811562,3.0734066080409708,-0.0552457866279119,4,ok,0.2289999851240561,0.2043559174125011,0.1850361276131409,0.1821131718846468,0.0316418236551376,19.503313612598685,1.461097518713974,ok,1.1865678706933738,floor,1.3898517095116214,floor,1.8279568804448632,ambiguous
897,22,0.1810302913238106,0,-18.946879904744456,0.012744183306338365,0.4823498974007444,0.0743569326097079,48,35.332955280939736,-19.253346261666337,0.011875868329666093,0.5539428085650352,0.1034390774128262,48,28.873161951700848,-19.92094925854384,0.010183687739166955,0.4028451847849625,0.0,48,28.79859725634257,-17.65760632907581,0.017149022379106323,0.5725344174441994,0.1359655155669068,48,31.628594040870667,-0.6676029968775019,2.2633429294680276,1.2892735756686449,-19.100113083205397,-0.8208361753384423,1.4425067541295853,0.19807775897780652,2.2633429294680276,1.5976792091095526,3.303839045896345,0.1013909343444279,3.0202737430709456,0.0539706433436375,3.0427782288936567,0.0209673271559434,3.303679080810759,0.1978279123967112,4,ok,0.1925847278907895,0.1698625057470053,0.1602286670046548,0.1975601172695557,0.0209949498142426,19.726857303840127,1.4602739186962237,ok,1.185992095812796,floor,1.3891653842510063,floor,3.7098391936976154,ok
898,22,0.1162428115362525,0,-18.106078475030177,0.015466503795783968,0.5920113576121477,0.1770424387529146,24,35.33513593673706,-17.009431328194445,0.019909340178509222,0.7278202310873124,0.2916187377327219,24,28.87559223175049,-18.80343122280454,0.013172156370892604,0.513119489375798,0.0711020074530786,24,28.80103572209676,-18.43578777089241,0.01433577654455528,0.3591253012024149,0.0,24,31.630956093470257,-1.7939998946100957,0.3676434519121301,-0.32970929586223363,-17.557754901612313,-1.245676321192228,-0.8780328692800978,0.16224268760528904,1.7939998946100957,1.9814628766795934,3.389320269148328,0.2394252900770803,3.120413963487117,0.2224413275740442,3.174851384342727,0.2074492752858905,3.171254892812667,0.117532095072856,4,ok,0.1906030606478452,0.1797563234965006,0.2049265385915835,0.2244882425293326,-0.0197468465194106,20.567541553595312,1.4603133203742025,ok,1.186019836920891,floor,1.3891978868941892,floor,2.139172941017107,ok
899,22,0.1171610808001504,0,-20.593048278479394,0.008723588517027042,0.352143913675689,0.0,22,35.33695116910067,-19.630332976725384,0.010888466074748372,0.415536697799755,0.0,22,28.87764765999534,-19.564151806943382,0.01105566369467193,0.4316757856639272,0.0058607310281131,22,28.80310197310014,-18.435695967474082,0.014336079584832353,0.4420957052065601,0.0227389961221946,22,31.632945580915973,0.06618116978200206,1.1284558394693,2.1573523110053117,-20.11169062760239,0.5475388206590068,1.675994660128307,0.17817953999553518,2.1573523110053117,1.5036662867754371,3.229699539246604,0.0864016012519246,2.9365753814009827,0.04718032888371,2.880058237160707,-0.0805138881577809,3.0830344942695835,0.0358554168821037,4,ok,0.1778454314917326,0.2002395875751972,0.1835229152982885,0.1832723648033359,0.0055195942351763,18.080474199411235,1.460346122550101,ok,1.1860433018572754,floor,1.389225431396056,floor,4.536691246373179,ok
900,22,0.1358093396786282,0,-19.651889808434913,0.010834553518216232,0.352596733961482,0.0,29,35.33902753632644,-17.665362175078943,0.017118424135457454,0.3390457725397165,0.0,29,28.87999495144548,-19.357753419321604,0.011593769401646551,0.6175093069429871,0.1711723536735661,29,28.80546050236143,-20.75631109821177,0.008401733276072663,0.4150446915564042,0.0029022967992928,29,31.63521753508469,-1.6923912442426605,-1.3985576788901675,-1.1044212897768588,-18.658625991756928,-0.6991274275646759,-2.0976851064548434,0.2660013053489535,3.090948923132828,1.5855008541193674,3.1257681636522583,-0.0384747925252026,2.9545217535508206,0.0378936372850935,3.0099211419357546,0.0276644262187142,3.20512341540388,0.1371686083867289,4,ok,0.2088719305807146,0.1931643688987041,0.1579745409303698,0.1861693484002146,0.0430436088093395,19.02152107728034,1.4603836471702694,ok,1.1860701017303894,floor,1.389256875705001,floor,1.04067041078656,floor
901,22,0.075706859002092,0,-19.265829724535152,0.01184178106813355,0.4324401740288909,,11,35.36246733231978,-18.152737162363014,0.015301227902944383,0.436575958368644,,11,28.90585119074041,-17.70933377328847,0.016945977392066054,0.7623601505731021,,11,28.832067142833363,-17.625717201712988,0.017275406677791986,0.5197620713388562,,11,31.6609035838734,0.44340338907454324,0.08361657157548308,1.6401125228221645,-18.70928344344908,0.9999496701606105,1.0835662417360936,0.14042657130019262,1.6401125228221645,2.1059928286680396,3.11097611910356,0.0202313135895502,2.9248720307298743,0.1038074420268371,2.8614217894003806,-0.0447415432372308,3.120789107048028,0.1257384003347845,4,ok,0.1563912474296309,0.2228302772749554,0.20684853060679,0.2557807937264442,-0.0172377682544968,19.40632081933669,1.4608075238162672,ok,1.1863655237010873,floor,1.3896118616821629,floor,4.038609485811296,ok
902,22,0.0952646321428098,0,-20.160400687223394,0.009637401032769484,0.3905763482380278,0.0045337139729233,19,35.360780214008535,-18.387796220434996,0.014495072034385027,0.3914511340763462,0.0,19,28.90396539788497,-19.018222485629455,0.01253654175322791,0.5245965503875263,0.0812000324454598,19,28.830114264237253,-18.42217286789764,0.01438078896698648,0.385053117064025,0.0,19,31.65902208027087,-0.6304262651944583,0.5960496177318149,1.738227819325754,-19.274098453829197,0.25587596819974223,0.8519255859315571,0.1539327238978039,1.7726044667883976,1.7212661825960982,3.141648140291241,0.009465405557012,2.7582538378353307,-0.1166890410754404,3.020664530943552,0.071600088635702,3.007281728038828,-0.0288719849539917,4,ok,0.2013653312858782,0.2239914246295627,0.1847653298785811,0.1638083120709971,0.0279130480791393,18.511840608343363,1.4607769982073724,ok,1.1863439643212446,floor,1.3895857900031812,floor,4.131550898096682,ok
903,22,0.0892527853089992,0,-19.590838079125167,0.010987937794072521,0.5204777169873016,0.1076821537642906,18,35.3589113023546,-17.927783242923436,0.016114679623389114,0.4220312340296214,0.0,18,28.901875178019207,-20.394879188220568,0.009130868351349004,0.3786482981309952,0.0,18,28.82794973585341,-18.316350093110792,0.014735503865261452,0.4759071033336977,0.0492936743103145,18,31.6569381290012,-2.4670959452971317,2.0785290951097757,1.2744879860143747,-18.7593106610243,-1.6355685271962663,0.44296056791350935,0.22011262646746343,2.4670959452971317,1.5990335230044816,2.913258184112226,-0.214825274274975,2.87788561487604,0.008272683788991,3.0152456231706264,0.0704252033668422,3.1710875819280995,0.1390000127944044,4,ok,0.2134147741728358,0.1775388481716314,0.165028727095988,0.1725506294104788,0.0304480840762456,19.08150374036311,1.4607431863169469,ok,1.186320070241052,floor,1.389556895747512,floor,3.696857548680321,ok
904,22,0.0723672564810679,0,-17.99325505102102,0.01587356573808657,0.3850332875665151,,9,35.357237074110245,-17.27568662983058,0.018725410064583416,0.3018785744167481,,9,28.90002102322049,-21.200828517582718,0.0075843287254302024,0.4970125814106365,,9,28.82601081000434,-18.506978066653847,0.014102697592719645,0.4747783447077765,,9,31.65507549709744,-3.9251418877521367,2.6938504509288705,-0.5137230156328272,-17.6344708404258,-3.566357677156919,-0.8725072262280484,0.29082839049256803,3.9251418877521367,1.6121768183822318,2.886801984511476,-0.1887283413950551,2.9750660126603425,0.1737835453875287,2.897654837964106,0.0072432108411981,3.160254560837572,0.1802953623781129,4,ok,0.2127428568071789,0.2365350723266601,0.2716874173945851,0.191977574593491,-0.0470484528276655,20.679176814972426,1.460712899239555,ok,1.186298876835354,floor,1.3895310157606493,floor,1.9122660760234589,ambiguous
905,22,0.1458658579830193,0,-17.26033539208254,0.018791716886311472,0.4609681612686341,0.0567774576495452,31,35.36530463926254,-18.059648340161708,0.015632742200039934,0.3700652571349384,0.0,31,28.90903282165528,-18.431910645725807,0.0143485803953325,0.5041189575358996,0.0633392116923057,31,28.83509297524729,-18.196015392846498,0.015149505625402099,0.4412309674914088,0.02208550506522,31,31.663820389778383,-0.37226230556409945,0.23589525287930968,-0.9356800007639592,-17.659991866122123,-0.7719187796036842,-0.5360235267243745,0.10553610430885536,1.1715752536432689,1.9481785973537504,3.350551533737224,0.1812521613502715,2.957553775951544,0.034351222568115,3.150063028576891,0.1625713537191822,2.975530781790092,-0.0974395728454338,4,ok,0.1839336284225987,0.203720529473597,0.2098185033086807,0.181885372727148,-0.0159914243605828,21.41166251758831,1.460858865914484,ok,1.1864019024757462,floor,1.3896522628274626,floor,1.0409906884699525,floor
906,22,0.1279777800665164,0,-17.055088084992924,0.019701132483458426,0.4575170130910183,0.0540147142959801,26,35.36673487149752,-18.490170214695432,0.014157382912979872,0.3417343579251566,0.0,26,28.910619222200832,-18.812535231669095,0.013144572823539447,0.4372269286035964,0.0099503305893673,26,28.83672941648043,-18.104608568706134,0.015471739450491021,0.4387408910799248,0.020210875935912,26,31.665419285113995,-0.32236501697366293,0.7079266629629615,-1.0495204837132093,-17.772629149844178,-1.0399060818249168,-0.33197941886195537,0.15988703431948936,1.7574471466761707,1.8430244789203039,3.391898689652064,0.2359350210752473,2.9841364028380344,0.0782731550986803,3.032650701828975,0.0589656167901724,2.7626495938659565,-0.2970928430679502,4,ok,0.1962069881936678,0.2003749182017949,0.1787967633169431,0.167415125725361,0.0194941898807883,21.616832878621608,1.4608847492115284,ok,1.186420043583383,floor,1.389674115309419,floor,1.0410086054204446,floor
907,22,0.2555723780231709,0,-18.95198547388069,0.012729210038049775,0.4513951126196531,0.0491650358082458,65,35.36889583881085,-18.330910885665272,0.014686182185647875,0.5446778098137081,0.0948446914641376,65,28.9130129300631,-20.09489017553951,0.009783876959560203,0.5690065878137329,0.1223783035257191,65,28.839201501699595,-19.83650736796649,0.01038363140326202,0.49672635772292,0.0666176785511332,65,31.667844742995044,-1.7639792898742392,0.258382807573021,-0.8845218940858004,-18.64144817977298,-1.453441995766532,-1.195059188193511,0.16401966584574956,1.7639792898742392,1.4683869564045275,3.303649052718421,0.07821392184107,3.1164385249690327,0.1202473173769567,3.073683201998031,0.0280736053054764,3.2093969522484733,0.0807445575795906,4,ok,0.2292320021069966,0.1758811041712761,0.2249187104977094,0.2031830065525495,-0.022362157358573,19.71981922263453,1.4609238602840144,ok,1.1864474193361767,floor,1.3897071301513009,floor,1.1618196394342064,ambiguous
908,22,0.2628129174717634,0,-19.33088343859864,0.011665722896574889,0.3500559527490959,0.0,68,35.37887214211857,-17.642677834130012,0.01720807208240289,0.5725682424026178,0.1211549927468496,68,28.92340794731589,-18.853359646818312,0.013021590550554529,0.4589298066956919,0.0264406294045036,68,28.849709763246423,-19.64683209136896,0.010847178598515635,0.5381830674208907,0.1033231727539094,68,31.678278923034668,-1.2106818126882999,-0.7934724445506482,-0.31594865277032014,-18.486780636364326,-0.3665790104539859,-1.1600514550046341,0.18571305585610035,2.004154257238948,1.7501732955582683,3.2528492198031334,0.0239931412838045,3.1043954294404728,0.1037562483779943,3.1307492546833915,0.081597916095756,3.079029771854879,-0.0530159205742042,4,ok,0.220777877003831,0.1884112776640583,0.1815826237092123,0.1842201650690506,0.0230119536247323,19.340384379755815,1.461104474225913,ok,1.1865663411251444,floor,1.389847514979871,floor,2.1562894107908326,ok
909,22,0.3282170765911494,0,-19.15120743797538,0.012158479201253387,0.4762648404299167,0.069272839027175,90,35.38246303134494,-17.74367090786928,0.016812523686725717,0.4361234858853851,0.004946718355218,90,28.927256266276043,-18.082572688590787,0.015550441762863852,0.5770570492214536,0.1302010044538761,90,28.8536460240682,-18.1423090081638,0.015338012917216782,0.5195124769435903,0.0864283892374668,90,31.68207202487521,-0.3389017807215069,-0.05973631957301251,1.0088984298115804,-18.44743917292233,0.364866484331543,0.3051301647585305,0.11463529413412768,1.4075365301060998,2.0211281917627915,3.260686364483173,0.0105783113147683,3.0575494132065306,0.0292780584525247,3.1030524547743,0.0318987306358864,3.183910503836843,0.0307846062939352,4,ok,0.2096903785235352,0.1697099652555253,0.1952704983866877,0.2009664251986477,-0.0055703264971574,19.51986708697926,1.461169506516803,ok,1.1866103828812526,floor,1.3899001206864638,floor,3.452340155733346,ok
910,22,0.1143935455680247,0,-19.21706926263761,0.01197548396942714,0.5254920796678598,0.1122534532251295,19,35.40314282869038,-19.0101401300449,0.012559894371160132,0.3973667785677276,0.0,19,28.950423391241777,-18.781563618293422,0.013238648098373709,0.5152358616108673,0.072947288363137,19,28.876963464837324,-18.254606386189458,0.014946495006903307,0.3888037172671647,0.0,19,31.70462457757247,0.22857651175147708,0.526957232103964,0.9624628764481535,-19.113604696341255,0.33204107804783334,0.8589983101517973,0.0844815702712417,0.9624628764481535,1.7273934415190753,3.402522954590516,0.2703402198562865,2.967616327970385,0.0926734490596143,2.982940188508147,0.0338757462002976,2.826012075425398,-0.2101416375674212,4,ok,0.2073443210438678,0.2032492911737216,0.1761638961340251,0.1518748802574057,0.0291329099747695,19.45289159329848,1.4615442494846755,ok,1.1868756993124008,floor,1.3902119602152336,floor,3.410120401669156,ok
911,22,0.1301020646859798,0,-19.285350233771787,0.011788674504626557,0.5168515922586174,0.1044037369145425,25,35.40169067382813,-19.19664462149634,0.012031936683913988,0.3539227119117064,0.0,25,28.948781509399414,-20.04071100895497,0.009906697432645953,0.3994539547632338,0.0,25,28.87531753540039,-19.14110457252965,0.012186796039173881,0.4248357121116645,0.0099375432190047,25,31.70303939819336,-0.8440663874586285,0.8996064364253193,0.1442456612421381,-19.240997427634063,-0.7997135813209049,0.09989285510441448,0.08002109392328419,0.8996064364253193,1.4319205321437867,3.2364389201650177,0.0834488932506625,3.000627986647196,0.0986311176453611,3.184798982645421,0.2141925390706567,2.992241504976201,-0.0645513248169677,4,ok,0.2202093452215194,0.1919588042795658,0.1807666400074958,0.1792525002360344,0.0253174347430467,19.384688852846526,1.461517922190662,ok,1.186856885724385,floor,1.390189935971177,floor,2.6409419832254337,ok
912,22,0.0945117623795066,0,-18.50790743019559,0.014099680024854936,0.3902822432290629,0.0043335529093959,12,35.376219749450684,-19.61228467317665,0.010933810249819013,0.5904093256296089,0.1386741939052966,12,28.92032289505005,-19.019530523047344,0.012532766481571199,0.3166424538575699,0.0,12,28.846604029337566,-17.604563864237612,0.01735975587679315,0.5347056387129129,0.1001312908687452,12,31.675257682800293,0.5927541501293057,1.4149666588097318,0.9033435659579787,-19.06009605168612,0.04056552863877627,1.455532187448508,0.17296502979511294,2.0077208089390375,1.7165575060152372,3.158809093824122,0.0614672472335438,2.8635714677143373,0.0339292956155001,3.232279551248508,0.319286234872548,3.083082698605831,0.0814882715402567,4,ok,0.1675384150197108,0.2405283488333225,0.2484348242481549,0.1990248200794061,-0.0444014423216382,20.16350314690084,1.461056445845269,ok,1.186531040735518,floor,1.3898060161947707,floor,3.354942384939225,ok
913,22,0.3779617053493314,0,-19.39185280737368,0.011503095338282004,0.3769967395594593,0.0,98,35.38182239143216,-18.714588164331815,0.01344439252008752,0.4392998307083145,0.0072945529364756,98,28.926343022560587,-20.56562789750991,0.008778841545318874,0.5057629188526633,0.0647468445433643,98,28.852819637376435,-19.864766617090268,0.01031628516016726,0.5370143886628101,0.1022481509279147,98,31.681316395195164,-1.8510397331780943,0.700861280419641,-0.47291380971658725,-19.053220485852748,-1.5124074116571613,-0.8115461312375203,0.1548541311352864,1.8510397331780943,1.357263026075365,3.1805314149192703,-0.0760331451916518,2.99214384523784,-0.0445223680750599,3.0873839019218434,0.0095456904637196,3.1649374905922287,0.0054072709609251,4,ok,0.2164365068382146,0.1791824058686592,0.184047219818648,0.1850240225238459,0.0137622365347889,19.279256204364728,1.461157903453553,ok,1.186599930561613,floor,1.3898890756619369,floor,1.9662910424807112,ambiguous
914,22,1.1399690165045444,0,-19.870037970010717,0.010303771118995698,0.4432821313694203,0.0428387086188559,378,35.348176925901384,-17.885519437815063,0.016272266795932074,0.5217033789568787,0.0741585743534054,378,28.88878825858788,-20.71651769449625,0.008479070193275106,0.5688002008123302,0.1221792003976722,378,28.814389687997323,-18.790869226137026,0.01321031207669368,0.5379303893423304,0.1030905460692817,378,31.64433754310406,-2.8309982566811875,1.925648468359224,1.0791687438736908,-18.877778703912888,-1.8387389905833622,0.08690947777586189,0.24505544656054254,2.8309982566811875,1.516463150243895,3.250557103680693,-0.1083563941229521,3.117653662174673,-0.0520883556301949,3.121503287697183,-0.0622978201511732,3.243692445617094,-0.0173594742501204,4,ok,0.2171307335849161,0.1996534995281349,0.189349791813622,0.1849009283281192,0.0190423247429034,18.802881089270933,1.4605490430124133,ok,1.1861705265569418,floor,1.3893759553371148,floor,3.516171049443651,ok
915,22,0.1066133551049159,0,-19.129262306456603,0.01222007212945576,0.3411126081543498,0.0,21,35.37066523234049,-18.341961485177173,0.014648860777012612,0.30409866397943,0.0,21,28.914248330252512,-21.03107986564759,0.00788663993311448,0.3838253988556038,0.0,21,28.840419042678107,-19.45888158359294,0.011326920220729125,0.4320675118060892,0.0152392056112902,21,31.66921633765811,-2.6891183804704184,1.57219828205465,-0.329619277136338,-18.735611895816888,-2.2954679698307032,-0.7232696877760532,0.21047398197827213,2.6891183804704184,1.3820488883909112,3.1818725106417767,0.0421016338733846,2.674742410497244,-0.2100666978884953,2.9011687536713624,-0.0557517692787148,3.203964546440224,0.160284022731961,4,ok,0.204599542986779,0.182833018047469,0.1853838140765825,0.2126553005405835,0.0083324664405414,19.542447183989825,1.460955887419,ok,1.186461549353144,floor,1.38972339200933,floor,2.1402652356992555,ok
916,22,0.2145564857986854,0,-18.68297976447694,0.013542599139491138,0.5928587907661862,0.1779175857252006,51,35.363110934986786,-18.595943636439145,0.013816741626800813,0.374885795008665,0.0,51,28.90608679079542,-20.052286143918387,0.009880328532046722,0.4815319687837108,0.0444632672118272,51,28.831986819996555,-18.932588942793895,0.012786188588388977,0.4185831857927375,0.0054259206612363,51,31.66112361234777,-1.456342507479242,1.1196972011244917,-0.2496091783169554,-18.639461700458043,-1.4128244434603445,-0.29312724233585286,0.12493290565588452,1.456342507479242,1.5213491930416996,3.300299674718848,0.093255116883566,2.9773369868253967,0.0050575105889425,3.106694042049956,0.0801243927153723,3.166298606271584,0.0558881424486163,4,ok,0.214883196587656,0.1968405766814362,0.163426982421501,0.1623142786762293,0.0424349042130451,19.98913615790475,1.4608191694094197,ok,1.186368217350717,floor,1.3896107892903284,floor,2.2309508632806825,ok
917,22,0.3287995156658739,0,-19.6458671345286,0.010849588995733423,0.5000760475872169,0.089535089359763,89,35.39361675133866,-19.56472678482674,0.01105420009299229,0.4590241687266576,0.0222554343657126,89,28.939731940794527,-19.797611373151334,0.010477046288960748,0.4712476165763148,0.0361552649522838,89,28.86625932843497,-19.860416673953402,0.010326623245726689,0.5038780042865347,0.0727398056051837,89,31.69426577278737,-0.2328845883245947,-0.06280530080206859,-0.2145495394248016,-19.60529695967767,-0.19231441347366385,-0.25511971427573243,0.02709735336724557,0.2956898891266633,1.3693596138120254,3.197228457498385,-0.0520324567606396,3.04262808314272,0.0154581925995169,3.027677149773206,-0.0425995228343718,3.066568581187812,-0.0857170244638942,4,ok,0.1966677559225746,0.19110379543867,0.1703245016965973,0.1997838041671876,0.023561273984025,19.024606834960306,1.4613715779075762,ok,1.1867532189641077,floor,1.3900687607751132,floor,2.2704922793155435,ok
918,22,0.1680511670318878,0,-19.598200923861448,0.010969325091692501,0.3467631983668724,0.0,33,35.39157925230084,-19.49418886274178,0.011235207914686433,0.4901536883536823,0.0472037804132181,33,28.93741607666016,-20.191081337734687,0.009569557718769578,0.5093959469560816,0.0678738597306247,33,28.86392911275228,-18.68362564480786,0.013540585241458002,0.6825739236053406,0.2541236843518706,33,31.692016196973395,-0.6968924749929073,1.5074556929268255,0.9145752790535866,-19.546194893301614,-0.6448864444330731,0.8625692484937524,0.12580571461961845,1.5074556929268255,1.4201671910850586,3.205318950039838,0.0312794002485361,3.030336335059624,0.1009705235541398,3.0038495475110416,0.0114503187647287,3.467917838299208,0.3902456188436072,4,ok,0.1918310504971128,0.1666733180031632,0.1933209336165225,0.2104313283255606,-0.0140687493663845,19.07238277021953,1.4613346563329983,ok,1.1867266973965065,floor,1.3900375975978752,floor,3.365698224798205,ok
919,22,0.1895262229941397,0,,,,,0,,,,,,0,,,,,,0,,,,,,0,,,,,,,,,,,,,,,,,,,0,no_sar_data,,,,,,,,,,,,,,
920,22,0.1831528089789255,0,,,,,0,,,,,,0,,,,,,0,,,,,,0,,,,,,,,,,,,,,,,,,,0,no_sar_data,,,,,,,,,,,,,,
921,22,0.1540439114371215,0,-19.820170169071915,0.010422765891979754,0.3320960274257653,0.0,34,35.35082480486702,-18.4938719833262,0.014145320814697758,0.5356775871377634,0.0866347200969372,34,28.89292060627657,-20.356421846814317,0.00921208242848255,0.5037063940774806,0.0629866758656207,34,28.818492833305807,-21.090905612624415,0.0077787432787234335,0.3453652703512353,0.0,34,31.647867932039148,-1.8625498634881161,-0.7344837658100971,-1.2707354435524998,-19.157021076199058,-1.1994007706152594,-1.9338845364253565,0.22730672776242253,2.5970336292982132,1.323424625618632,3.186154497048066,0.0098515510094068,2.9839211656726383,0.0516124484243953,3.061801483344153,0.0670589374373946,2.7534065861003145,-0.3265107356545318,4,ok,0.2097885207656551,0.177010532687692,0.1761744936161181,0.2116701545960763,0.0172250331105554,18.852606522130635,1.4605969233324263,ok,1.186217735963747,floor,1.389430693051311,floor,1.0408120060756856,floor
922,22,0.0640930030766061,0,-20.911559788760425,0.008106698497287766,0.289168269833137,,4,35.351226806640625,-16.037809956512284,0.02490112706170203,0.1241851253682931,,4,28.89335823059082,-18.029591798779627,0.015741308129087594,0.2827776420903225,,4,28.818939685821533,-17.267567838387876,0.01876044847648999,0.3324491648585146,,4,31.64829730987549,-1.9917818422673434,0.7620239603917511,3.6439919503725484,-18.474684872636352,0.44509307385672514,1.2071170342484763,0.3581393696473002,4.873749832248141,2.3875917496428705,2.3133009509806937,-0.7007461513325923,2.785151345374783,0.0638103960783924,2.4319650510260424,-0.3947923692412161,2.5584807895377515,-0.3604921247854653,4,ok,0.1859579682350158,0.1900569126009941,0.1734136473387479,0.1838612668216228,0.014593793079257,17.76119528685886,1.4606041930840667,ok,4.800538718807087,ok,3.2368577377919445,ok,6.152746567321536,ok
923,22,0.0494887662557629,0,-19.682891220504448,0.010757488189517498,0.3656780468262326,,6,35.35376294453939,-19.56089080279284,0.011063968222026677,0.4447853556066503,,6,28.896212259928387,-19.859915652139463,0.010327814640546943,0.2512229747764475,,6,28.821913083394367,-20.837083472542833,0.008246917551820901,0.2991284595623658,,6,31.65113417307536,-0.29902484934662255,-0.9771678204033698,-1.154192252038385,-19.621891011648643,-0.23802464049082062,-1.2151924608941904,0.10900368043402002,1.2761926697499923,1.2980513525981339,2.741829896104336,-0.3029588180055729,2.447277777573807,-0.3140339307107953,2.791389061709535,-0.0671954619855483,2.71728588841324,-0.2321801679780977,4,ok,0.2249689226349195,0.155261264493068,0.1169026978313922,0.2067773429056008,0.0732123957326014,18.989727479899244,1.460650059622188,ok,1.1862553480878095,floor,1.3894763293930104,floor,1.0408485794566302,floor
924,22,0.0496604856604014,0,-20.815686237015925,0.00828764951191561,0.4403069208532501,,6,35.35212071736654,-17.643688936878444,0.017204066251228285,0.3712640586944404,,6,28.89441458384196,-17.972459842432656,0.015949754977811804,0.2052533838605509,,6,28.82003847757976,-19.981916483524067,0.010041725645544546,0.470523989322476,,6,31.649327596028645,-0.3287709055542116,-2.009456641091411,0.8337697534918576,-19.229687586947186,1.2572277445145303,-0.7522288965768809,0.29397693639443756,3.1719973001374804,1.8737475655742484,2.4479087420291883,-0.5968799720807203,2.9721377786591336,0.2108260703745315,2.277019282434707,-0.5815652412603765,2.665084062820289,-0.2843819935710483,4,ok,0.2212878540158271,0.1895527678231398,0.1463027670979499,0.1295060366392135,0.0591175438215335,17.8570207719876,1.4606203589749749,ok,3.050695309998315,ok,3.1908984566570657,ok,3.2901691495892136,ok
925,22,0.1072210698309332,0,-19.204229341241703,0.012010941891542124,0.3184985865234246,0.0,18,35.35213194953071,-17.92197574836183,0.016136242990825663,0.4300171804902862,0.0004810271114497,18,28.894424120585125,-18.936290787098173,0.012775294525847407,0.4934980241292296,0.0543555427298634,18,28.820057445102268,-20.673404672344613,0.008563662296085895,0.3577299137556347,0.0,18,31.649347093370224,-1.014315038736342,-1.7371138852464405,-1.4691753311029103,-18.563102544801765,-0.3731882422964077,-2.110302127542848,0.21751561474148115,2.7514289239827825,1.6326484568602355,3.1163217408863995,-0.0117617175008013,2.91254445487694,0.0429315237898912,3.1063168341909155,0.1614964143871313,2.8007134828754627,-0.2313740862582323,4,ok,0.2221926889485783,0.1650685220956802,0.2117890711459848,0.184098797953791,-0.0181584656238555,19.468477063785222,1.4606205621071129,ok,1.1862349151082596,floor,1.389451568654806,floor,1.040828568087327,floor
926,22,0.1939525270225895,0,-18.534262597127626,0.01401437519421347,0.4376021829879453,0.038477889717718,46,35.36039568030316,-18.548548174095977,0.013968352384251129,0.5380149197041317,0.0887536772478674,46,28.90354086005169,-17.441728918920504,0.01802300105428278,0.4534777827206905,0.0222229470631936,46,28.82953971365224,-18.978316301662524,0.012652267629388834,0.467534374298141,0.042535709820439,46,31.65849084439485,1.1068192551754734,-1.5365873827420202,-0.44405370453489823,-18.541405385611803,1.0996764666912995,-0.43691091605072074,0.13738548518823343,1.5365873827420202,1.997903686049118,3.202024773447513,0.0028034528537159,3.058366663083105,0.0962590910511451,2.996943329694324,-0.021526842538265,3.32009818869445,0.2174477306322546,4,ok,0.1854089132469633,0.1955020615588063,0.1913502469010975,0.2324974431615808,-0.0008947594982126,20.137999382079737,1.4607700410631894,ok,1.1863391110658097,floor,1.3895781200258823,floor,2.002225208236911,ambiguous
927,22,0.2237883747382338,0,-19.336143530469695,0.011651602148782447,0.4292340153274199,0.0321556319677889,54,35.40184324759024,-19.333923112694226,0.01165756078753384,0.4951658270840412,0.0513736445988417,54,28.948712101689093,-20.496342831333507,0.008920017714761416,0.4482981105281514,0.0182626467700333,54,28.87494253229212,-19.546710655780004,0.011100152219308181,0.4560758186366792,0.033481459459822,54,31.702939139472115,-1.1624197186392813,0.9496321755535035,-0.21056712531030897,-19.33503332158196,-1.161309509751547,-0.21167733419804335,0.1040440982270909,1.1624197186392813,1.328286855172411,3.290734815198703,0.0793566125342097,3.043928636953888,0.0660144830643925,2.948054962116096,-0.0830013537963894,3.077645644370063,-0.0370634375059899,4,ok,0.1849459070298406,0.1757043606981083,0.1986234653741121,0.1881720861075101,-0.0182983315101376,19.33388733687177,1.4615206882354967,ok,1.1868560904471568,floor,1.3901849182984725,floor,2.275080432193359,ok
928,22,0.242754563762465,0,-18.5508527871841,0.013960941949806767,0.4111363105891325,0.0189000440966824,58,35.403530252390894,-18.351740022537093,0.014615914632093134,0.4479613891628126,0.0137834260637006,58,28.95057671645592,-20.219537774817248,0.00950705973126944,0.411857365531395,0.0,58,28.87679885995799,-19.084860212044244,0.01234565051928737,0.4581700911034976,0.0351195206178021,58,31.70473289489746,-1.867797752280154,1.1346775627730032,-0.5340074248601461,-18.451296404860596,-1.7682413699566517,-0.6335638071836485,0.15637440653533774,1.867797752280154,1.5167741574732057,3.36232429509334,0.1455282064352094,3.1071263228945214,0.1221677428145588,3.0225418370687764,-0.0141236713291403,3.114504510227312,-0.0055786674640758,4,ok,0.1926046024108755,0.198637491156315,0.1845521597384379,0.2029169610348241,0.0110688870451573,20.119087196700683,1.4615512737222682,ok,1.1868774562775055,floor,1.390209757548082,floor,1.8864195446213796,ambiguous
929,22,0.106818048212991,0,-18.382161013456823,0.01451389238585236,0.3937202455849874,0.006682798373895,20,35.40935573577881,-17.081172007059678,0.01958316121996627,0.4357540620311247,0.0046747601469043,20,28.957038021087648,-18.14990401229398,0.015311213021297935,0.4738647585741077,0.0382524558195322,20,28.88340892791748,-17.857220467577992,0.016378644372965434,0.4448378790202361,0.0248197465014228,20,31.71108474731445,-1.0687320052343026,0.2926835447159881,0.524940545878831,-17.73166651025825,-0.41823750203572985,-0.12555395731974173,0.11722050313607583,1.3009890063971454,2.1493690490211197,3.1789353535250644,0.0428636564305744,2.579814255794055,-0.3001851171692924,2.9818061996850536,0.0287154750831657,3.103542647478447,0.0635314047460173,4,ok,0.2437228266149759,0.2199723858386278,0.2041576586663723,0.21896240003407,0.0276899475604295,20.287465092496895,1.4616569096308696,ok,1.1869515093064844,floor,1.3902982249621565,floor,3.005216646182063,ok
930,22,0.171696067060587,0,-19.490822493560607,0.011243920095374544,0.4822734493940092,0.0742926595875721,36,35.40737438201904,-18.289659443610574,0.01482634342852019,0.4336372002474037,0.0031208370720248,36,28.95483525594076,-20.602800296246546,0.00870402180582332,0.5137385005235823,0.0716409420676678,36,28.88115167617798,-19.073157652153306,0.012378962142787171,0.4631006932152116,0.0390056849323285,36,31.7089098294576,-2.3131408526359714,1.52964264409324,0.4176648414073014,-18.89024096858559,-1.712559327660955,-0.18291668356771495,0.18675905048225933,2.3131408526359714,1.4607964579252488,3.266773611703073,0.0861370208352032,3.032522646135105,0.0945792512338208,2.9960335147544224,-0.0031956977302387,3.0587651286485373,-0.0254508111593945,4,ok,0.215113572569357,0.1672377643278903,0.2019458907759851,0.1898525822907686,-0.0107702223273614,19.178910375618944,1.4616209775117948,ok,1.1869262606755095,floor,1.390268011151035,floor,2.904275635785246,ok
931,22,0.2475881094052968,0,-19.428811354445685,0.011405619117974546,0.3975167904004413,0.0093009809235014,64,35.42691111564636,4.1739330510787305,2.6145280474890207,1.4023227877048885,1.5047676285190317,64,28.976517379283905,-18.64419681421226,0.013664077562695942,0.4293326966759844,0.0041502296271633,64,28.90325367450714,-18.203242864386723,0.015124314984547622,0.4895624782326415,0.0605728179233935,64,31.7302907705307,-22.81812986529099,0.4409539498255377,1.2255684900589614,-7.627439151683477,-11.016757662528784,-10.575803712703246,1.6970863272300858,23.602744405524415,91.52160011081085,3.217968574600649,-0.0062910576353152,2.762499074082988,-0.2321637304703432,2.9278430335472176,-0.1165495574435473,3.2731826242925863,0.1456962272724227,4,ok,0.1869975888403132,0.1443956220173277,0.1863767415634356,0.1659575503435917,-0.0206801361346151,19.2398684562076,1.4619754323840697,ok,15.0,sat,1.390564000703022,floor,3.6534694424418257,ok
932,22,0.1692190018351312,0,-17.79518162378689,0.01661429194643014,0.4677047245233161,0.0622300865808336,42,35.395752679734,-17.421090582998417,0.01810885293218956,0.5132924882510254,0.0668083203477001,42,28.94188622065953,-18.88416542032395,0.012929551429246344,0.4967580155149039,0.0570926459377494,42,28.86826928456624,-17.969471765785798,0.01596073266497191,0.5305743549953257,0.0963661372906996,42,31.6964472816104,-1.4630748373255322,0.9146936545381514,-0.17429014199890958,-17.608136103392653,-1.2760293169312966,-0.3613356623931452,0.11854324360985927,1.4630748373255322,1.961484286657781,3.323502091937452,0.1311780826883906,3.176934367116732,0.2237947949167571,3.183331436984252,0.1720021213532971,3.14426105709278,0.04845216271028,4,ok,0.2359249357666288,0.2142796227264972,0.2046602515592461,0.195425538257474,0.0204420276873168,20.87517731156154,1.4614102871101424,ok,1.1867778928533033,floor,1.390095643925514,floor,2.314298123952443,ok
933,22,0.092900275003397,0,-18.496056282515834,0.014138208165251038,0.3145359696541441,0.0,12,35.39255460103353,-18.404979230859638,0.014437835088386631,0.4359186360317029,0.0047958858781913,12,28.938285032908123,-19.1197759413867,0.01224679380561833,0.4232547499822401,0.0,12,28.86468807856242,-19.758985347378857,0.010570644448696613,0.3775685089038139,0.0,12,31.69296582539876,-0.714796710527061,-0.6392094059921583,-1.2629290648630231,-18.450517756687738,-0.6692581846989611,-1.3084675906911194,0.12145115355389773,1.3540061165192192,1.617437037810232,3.1557551623979387,0.0584133158073605,2.83074172366878,0.0010995515699421,3.0283381955100137,0.1153448791340538,2.8951383839631486,-0.1064560431024257,4,ok,0.1940837713579336,0.1946930587291717,0.2121639686326185,0.2354379954437414,-0.0177755535890658,20.174474887544832,1.4613523301901536,ok,1.186736648426642,floor,1.3900477472335389,floor,1.041317511522524,floor
934,22,0.1529436955651186,0,-19.971601573802545,0.01006560405083201,0.4576708405356458,0.0541374155097773,36,35.39421855078803,-18.17252581901243,0.01523166635647893,0.3598022308497705,0.0,36,28.940169281429714,-19.140222116327937,0.01218927256302274,0.4245652682123916,0.0006986540695197,36,28.86658991707696,-19.334817032738798,0.011655161527289282,0.3914208666294573,0.0,36,31.694803131951225,-0.9676962973155057,-0.19459491641086046,0.6367845410637472,-19.07206369640749,-0.06815841992044724,-0.2627533363313077,0.15235873281978757,1.7990757547901133,1.6475515701029284,3.0847161615554954,-0.0959204293123745,2.806745058366163,-0.1311983365351214,3.043672812239663,0.0444435997550018,3.243292997988232,0.1590770581803,4,ok,0.2049021259364154,0.1864960482344031,0.176513098180294,0.206188328564167,0.0191859889051152,18.698839985648814,1.4613824838418814,ambiguous,1.1867582277948328,floor,1.3900731822070975,floor,3.1090458505097773,ok
935,22,0.1428861233922938,0,-19.49224601625567,0.011240235187279771,0.390330627395907,0.0043664716915887,31,35.391575474892896,-16.941701823471224,0.020222265950278515,0.4773927962427903,0.0367788151060377,31,28.93716110721711,-20.17692873373433,0.009600793453956487,0.5483512268064971,0.1028100402938192,31,28.8635191763601,-19.646934655331464,0.010846922432128862,0.4791494564270484,0.0519429265061701,31,31.691849124047064,-3.235226910263105,0.5299940784028649,-0.15468863907579333,-18.21697391986345,-1.9599548138708798,-1.4299607354680148,0.32566179437645315,3.235226910263105,1.6529833972952694,3.375694273862901,0.2063949014759489,3.263189017396078,0.3399864640126497,3.159653500876093,0.1721618260183843,3.135487541294861,0.0625171866593348,4,ok,0.2010533807258452,0.2027641306481053,0.1830403874478032,0.1987864997598432,0.018868368239172,19.178337881240815,1.4613345878859367,ok,2.3461941147560044,ambiguous,1.390032115689222,floor,2.3352330892056328,ok
936,22,0.1377366889078163,0,-19.194140696341186,0.012038875698047267,0.4172082147043819,0.0232837427982581,29,35.38912319314891,-19.00559279877529,0.01257305224310617,0.4788484378895668,0.0379541014275657,29,28.934382274233062,-19.06007184464503,0.012416317673057738,0.4864590224875148,0.0485070315026179,29,28.86070876285948,-20.23015849347614,0.009483838519018375,0.5530133347931409,0.1171679448012656,29,31.68914301642056,-0.05447904586974062,-1.1700866488311092,-1.036017797134953,-19.099866747558238,0.039794902913207864,-1.1302917459179014,0.10776363288990914,1.2245656947008499,1.51668457503237,3.441612563329854,0.277369607152393,2.96531500974848,0.0486868934827531,2.9032655872478994,-0.0789911284691409,2.9478645092796585,-0.1200902977374922,4,ok,0.1760061262496586,0.1769482723340906,0.1672558753654874,0.1771974833361033,0.0092213239263871,19.47657525189153,1.461290154955051,ok,1.186691958636105,floor,1.3899945362802213,floor,1.0412746173145293,floor
937,22,0.3464536140290312,0,-18.83306131198707,0.013082594148229232,0.4310445148568801,0.0335131396203245,96,35.388346672058105,-18.406134177457446,0.014433996054695879,0.4197032446490639,0.0,96,28.93349236249924,-19.663399291662515,0.010805878270048384,0.4686080672956005,0.034051882878715,96,28.8598495721817,-17.516444940518234,0.017715585320991132,0.3860101950354349,0.0,96,31.688300569852192,-1.2572651142050688,2.146954351144281,1.316616371468836,-18.619597744722256,-1.0438015469402586,1.1031528042040222,0.17858435270030987,2.146954351144281,1.741218225143038,3.255798230635332,0.0007969866027455,2.935097793622851,-0.0995357699186922,3.040726398512065,-0.0354932959065248,3.096691661201445,-0.0612878778868393,4,ok,0.2230102786173423,0.1835979865087817,0.1836877859507998,0.1882777341719096,0.0196163466122622,19.83769644794307,1.4612760862785574,ok,1.1866817696583374,floor,1.3899830486958342,floor,3.736746691227201,ok
938,22,0.1336748175705457,0,-18.59935211898798,0.013805902058484325,0.3340580610039259,0.0,24,35.38805389404297,-19.654634628202537,0.010827708047659283,0.3699601929330765,0.0,24,28.93303314844768,-20.765427114770343,0.008384116194585674,0.5177352953174706,0.0751363452047548,24,28.85910979906718,-19.810776062990055,0.010445335495081988,0.5932055031820946,0.1565812523503633,24,31.68768612543742,-1.1107924865678065,0.9546510517802886,-1.2114239440020746,-19.12699337359526,-1.638433741175085,-0.6837826893947963,0.17810779273924648,2.1660749957823633,1.262933095162822,3.2331836870449404,0.083288707973693,2.8984597030869343,0.0004870671738617,2.994653214531664,0.0272511054748272,3.24619759836879,0.1924748006289789,4,ok,0.1862991321831941,0.1966215604916215,0.1578075398380557,0.2108889690910776,0.033652806499352,20.07142140523237,1.461270781991881,ok,1.1866765121018483,floor,1.3899731581553063,floor,1.0412582722743362,floor
939,22,0.1779265209567096,0,-16.230213946673445,0.023822021119450965,1.6182121309533288,2.1538906010387144,40,35.38971710205078,-18.54402632207551,0.013982903735673817,0.5463564101713404,0.0963910401364518,40,28.934924173355103,-18.19894901897044,0.015139275705325039,0.4500923435121867,0.0196293404500851,40,28.86101608276368,-17.470413202014555,0.017904354980255586,0.4119941334490756,0.0007438611619077,40,31.689522647857665,0.34507730310507156,0.7285358169558833,-1.2401992553411105,-17.387120134374477,-0.8118288845959611,-0.08329306764007782,0.21479164194449316,2.3138123754020654,2.0524619564736977,3.4582397603924924,0.2696149308173328,3.081750662628392,0.1334208258508087,3.0300869406200044,0.0225874233372396,3.1458549729143304,0.053715359507664,4,ok,0.2415570989251136,0.180176018923521,0.1842530006542801,0.2040150361135602,0.0266135582700371,22.44047002178611,1.4613009155060783,ok,1.1866981632954825,floor,1.3899986453426765,floor,1.0412788766414454,floor
940,22,0.219683468521454,0,-20.007753199599197,0.009982163524113807,0.4175936343527125,0.0235641712271943,53,35.394642452024065,-19.50505568838959,0.011207130554485564,0.4445250898239399,0.0111939352417222,53,28.94036958802421,-21.00161001628941,0.007940338159770511,0.5080989190334732,0.0667549146439949,53,28.86644712484108,-18.978562948797965,0.012651549094596306,0.4185969655459727,0.0054357901411323,53,31.694820691954416,-1.496554327899819,2.0230470674914436,1.029190250801232,-19.75640444399439,-1.245205572295017,0.7778414951964265,0.16538702173182607,2.0230470674914436,1.2916161531410704,3.265990022715961,0.0560290228766175,2.911207496578544,-0.064863986440725,3.0354906614021813,0.0059015899917942,3.228533363747313,0.1152300301245565,4,ok,0.1945119867066167,0.1757604817174515,0.186780294579155,0.1908209950153557,-0.0016440603671208,18.662665530128,1.461390166062381,ok,1.1867605219290045,floor,1.390071272434358,floor,3.47137237759072,ok
941,22,0.123144348245238,0,-19.457893826245776,0.011329496703175141,0.4936943470611238,0.0840076083329006,24,35.35052299499512,-18.84219423815958,0.01305511122414671,0.5298323454591864,0.0813759798811901,24,28.89109841982524,-17.62880741125265,0.01726311878549576,0.4511620660222473,0.0204467613895116,24,28.81675251324972,-18.158090710478923,0.015282377699886066,0.4815221769443542,0.0538930201016272,24,31.64672017097473,1.2133868269069268,-0.5292832992262717,1.2998031157668528,-19.15004403220268,1.5212366209500274,0.9919533217237557,0.15750420658343048,1.8290864149931245,1.9837752863590359,3.2407764495024747,0.0908814704312273,3.157322711796596,0.259350075883523,3.025348413466711,0.0579463044098744,3.1028489015454364,0.0491261038056252,4,ok,0.2290371190756559,0.1759936058272918,0.2339133334656556,0.2092442469050487,-0.0313979710141817,19.214899093023263,1.460591465533871,ok,1.186196917435222,floor,1.389407475040155,floor,3.720107179720676,ok
942,22,0.0647328678826952,0,-19.346187261984756,0.011624687151477086,0.4586430213643543,,10,35.35167846679688,-19.862672369386104,0.010321261061860522,0.5727477280011926,,10,28.89235210418701,-20.897574623921695,0.008132845791000171,0.4937943874123801,,10,28.818058586120607,-18.639970922565524,0.01367737983017852,0.4770678324551641,,10,31.647955322265624,-1.0349022545355915,2.257603701356171,0.7062163394192318,-19.604429815685428,-1.293144808236267,0.9644588931199038,0.18411235212020202,2.257603701356171,1.3136704239021546,2.903832617326544,-0.1796859472872771,2.6939657099569905,-0.117703199192122,2.944942907404002,0.0462609754829905,2.9472646982685564,-0.0406181737896362,4,ok,0.1957184679806232,0.1825315497815609,0.1702616393566131,0.1631635896861553,0.0188633695244789,19.32654352754308,1.4606123610240027,ambiguous,1.1862112406051015,floor,1.3894248994668053,floor,3.172338710901508,ok
943,22,0.1824430019990338,0,-19.312155120423334,0.011716138256986407,0.4287342221409232,0.0317818947680335,38,35.38399887084961,-19.473779680627025,0.01128813076936366,0.4388374354447872,0.0069517081679142,38,28.92892400841964,-20.47452736189135,0.008964937451109,0.5313239398386952,0.0872229235164914,38,28.855345625626413,-19.341940012012756,0.011636061254678873,0.580097665392525,0.1434236970186151,38,31.683723098353337,-1.0007476812643255,1.1325873498785946,-0.029784891589422102,-19.39296740052518,-1.081559961366171,0.0510273885124235,0.10361024310201325,1.1623722414680167,1.3346436200181464,3.129838671284923,-0.0548971959299748,2.9492600961814808,0.0059867534564741,3.014963253281831,0.011490018293105,3.283349429208765,0.1950673455417089,4,ok,0.189428525143548,0.1821543813536041,0.2001888504938075,0.1596735404118111,-0.0143973972452314,19.35883672423796,1.4611973246402947,ok,1.1866294718912338,floor,1.3899228380754878,floor,2.4657845177062017,ok
944,22,0.1608983748175893,0,-19.32320451979632,0.01168636773188312,0.3736521314448029,0.0,30,35.38510958353678,-19.08803776376697,0.012336621024988479,0.4552266347850161,0.0193239420705981,30,28.930149777730307,-19.63507711484327,0.01087657824627766,0.3884477699145205,0.0,30,28.8565944035848,-19.37677709781563,0.011543095539261061,0.6214293811115097,0.1859101903996138,30,31.684936904907225,-0.5470393510763003,0.25830001702763994,-0.0535725780193097,-19.205621141781645,-0.429455973061625,-0.17115595603398503,0.04467430195081548,0.5470393510763003,1.4787092200812788,3.15267062056717,-0.0141426883239419,2.971593384044887,0.0516232520933277,2.9827545882195574,-0.0021632398101552,3.326460512878438,0.2559561280778877,4,ok,0.2192535842458407,0.1734739171961943,0.2229797872404257,0.1691099772850672,-0.0266160365194082,19.347727527898392,1.4612174439046293,ok,1.1866435031039533,floor,1.389939530872515,floor,2.441313823219019,ok
945,22,0.228613453307838,0,-17.67299213799742,0.017088375797429806,0.4135624441452812,0.0206439169985654,55,35.378558072176844,-17.97485053943784,0.015940977399505018,0.5790960161775647,0.1275026391493874,55,28.92294061834162,-19.398848315334995,0.011484581352123895,0.5164152190649096,0.0739788745425023,55,28.849293864857067,-17.391942156369936,0.018230802421032918,0.474403396743575,0.0480711358402059,55,31.6778622713956,-1.4239977758971563,2.0069061589650588,0.28104998162748274,-17.82392133871763,-1.5749269766173661,0.4319791823476926,0.1630302966372471,2.0069061589650588,1.8740679540203904,3.2120069365288586,-0.000762463766355,3.1787584063613856,0.1990353939913913,3.1198307466918505,0.0873341097196096,3.257997830176143,0.1419087950536872,4,ok,0.2044037427414547,0.2047233423048799,0.2222656358372081,0.1962508499622345,-0.0177020933140408,20.998292585157174,1.461098786854868,ok,1.1865609934058936,floor,1.3898419573692684,floor,2.7733549719498254,ok
946,22,0.2019408294766841,0,-19.567977489717855,0.011045929092820983,0.4129922586254404,0.0202331528126291,45,35.377395968967015,-19.289817358472394,0.011776554985056989,0.491576951855965,0.048383555987612,45,28.92150315178765,-20.062210255545526,0.009857776659739298,0.5340366769843947,0.0896732929917478,45,28.847807184855142,-17.57690212599217,0.01747067912806814,0.410452744011578,0.0,45,31.676474550035262,-0.7723928970731322,2.4853081295533563,1.9910753637256846,-19.428897424095126,-0.6333128314504002,1.8519952981029562,0.2336312056489015,2.4853081295533563,1.573961106194726,3.3119731034714115,0.1144181827836763,3.062285315864427,0.1023444249246563,3.0909597994055296,0.0742148679479925,3.169292034495615,0.0682945076269438,4,ok,0.2018726958168877,0.1812201188670264,0.166195794277721,0.1964697702063454,0.0253506130642361,19.103369781881536,1.4610777435442015,ok,1.1865445450461054,floor,1.3898220919680109,floor,4.375084648055992,ok
947,22,0.3391261218718195,0,-19.476576272523133,0.011280864240660516,0.4630261368744828,0.0584348079050063,96,35.37944837411245,-19.04657867098115,0.012454954143689367,0.5251299584246085,0.0771873011159751,96,28.923707207043964,-20.119479510394726,0.009728638117559616,0.5174233225808239,0.0748625342838138,96,28.85008680820465,-19.155766187768627,0.012145723251966445,0.4868370286140309,0.0582961503974377,96,31.67869007587433,-1.072900839413574,0.9637133226260985,0.32081008475450545,-19.26157747175214,-0.8579020386425853,0.10581128398351325,0.09277794572247042,1.072900839413574,1.4316542438990276,3.2508219909002896,-0.004179253132297,3.064265466529563,0.02963190298802,3.026740274858687,-0.0494794195599026,3.2738788333704125,0.1158992942821282,4,ok,0.2001381538963566,0.1842363586959739,0.1790598662337288,0.191506586697263,0.0131273900624364,19.19466052966036,1.4611149092174034,ok,1.186569765668247,floor,1.3898525534974726,floor,2.8115011385468804,ok
948,22,0.2396940611079569,0,-18.03223052972329,0.015731746768679392,0.4573268968024288,0.0538631240999429,61,35.366626676965936,-17.795175020637036,0.016614317207341207,0.3878244293309984,0.0,61,28.90973297494357,-21.076851189624513,0.007803957238668457,0.3873335419486456,0.0,61,28.83582309035004,-20.580058654990534,0.00874971957942018,0.4796231708042854,0.0523314936682799,61,31.6647876676966,-3.2816761689874774,0.496792534633979,-2.5478281252672446,-17.913702775180163,-3.1631484144443505,-2.6663558798103715,0.32511412196209555,3.2816761689874774,1.3905714048750635,3.2547496147236936,0.0341299523627514,3.026096345360141,0.0361662906561459,2.977512310151941,-0.0631117829977578,3.120891317056856,-0.0029845302219011,4,ok,0.2301652078501513,0.1973711007931193,0.1737046049388705,0.2003457888227994,0.0400635493827647,20.63969625486619,1.4608827911221312,ok,1.1864099088205649,floor,1.3896620123122807,floor,1.0410015274520124,floor
949,22,0.2458454973487787,0,-18.210385071284236,0.015099462674236664,0.4354241538928147,0.0368206100275698,63,35.36467779250372,-19.03277409795052,0.012494606701934783,0.5092051705429059,0.0632795575900644,63,28.907582055954705,-18.313597172346988,0.014744847418062179,0.4839833528594354,0.0464700379134879,63,28.83361223008897,-17.903439648819443,0.016205261186510053,0.5901412272132183,0.15347902377672,63,31.662669499715168,0.7191769256035307,0.41015752352754475,0.3069454224647927,-18.62157958461738,0.30798241227039114,0.7181399357979359,0.09214177062357695,1.1293344491310755,1.8705694244421962,3.3276120729350733,0.1045464518893894,3.1662307158114,0.1731203846232141,3.0585499029487533,0.0153934838899747,3.2205061044662555,0.0942040680156353,4,ok,0.2088337615132331,0.200864498813947,0.1992514672733488,0.2088069069007086,0.0055976628902412,20.461646561267685,1.4608475222761943,ok,1.1863853136871758,floor,1.3896324910273563,floor,2.797851725009449,ok
950,22,0.1190642979792507,0,-18.902165541117704,0.012876073464449552,0.410992245948432,0.0187968150492472,26,35.3281932243934,-17.80093621251499,0.016592291873558714,0.3675391954009311,0.0,26,28.86699155660776,-20.421228332230797,0.00907563804020356,0.4375491286193416,0.0101893040465179,26,28.792252467228817,-17.869253879753742,0.016333325311952356,0.3977382559293327,0.0,26,31.622796058654785,-2.6202921197158062,2.5519744524770545,1.0329116613639613,-18.351550876816347,-2.0696774554144497,0.48229699706260476,0.22276715046637902,2.6202921197158062,1.6725153128470749,3.165849589658419,0.0098859210816026,2.996298022308076,0.0904347745687217,2.919146239909207,-0.0545388451295951,3.0660350241039773,0.0062925871700705,4,ok,0.1988434848877099,0.2119124571864421,0.1282082483745538,0.1772076172324327,0.0771697226625222,19.77182752900101,1.4601878891306823,ok,1.1859216775356975,floor,1.3890808326064723,floor,3.473006104140602,ok
951,22,0.1117156758446639,0,-18.882091249475774,0.01293572799949842,0.3255398678066803,0.0,13,35.3289313683143,-18.140774128976968,0.015343434620314485,0.3355644925114127,0.0,13,28.867798291719875,-20.1220996964047,0.009722770404629575,0.4033005232696475,0.0,13,28.793078936063328,-20.39326019373363,0.009134272857255668,0.3766946781391313,0.0,13,31.623593403742863,-1.9813255674277315,-0.2711604973289319,-1.5111689442578573,-18.51143268922637,-1.6106670071783284,-1.8818275045072603,0.21327584603000393,2.2524860647566634,1.451379595583775,3.005812599291912,-0.0975979368042359,3.144224865905546,0.3066920819804268,2.8702603438914904,-0.0490159484664354,2.836562373901076,-0.1710516923585938,4,ok,0.2568886956343284,0.2010924535302015,0.2242470956765688,0.1686631664633751,0.0047434789056961,19.791862163705375,1.4602012228435102,ok,1.1859308829660051,floor,1.3890918447105085,floor,1.0405403811134792,floor
952,22,0.1426694677978951,0,-19.237431019656526,0.011919468713704001,0.3715403768369748,0.0,29,35.331276466106544,-19.27945358257773,0.011804691497039554,0.3138418651630498,0.0,29,28.870398948932515,-21.30207707619303,0.007409557837217955,0.3982822207879754,0.0,29,28.79571822593952,-18.88999359857273,0.012912211768503256,0.383516019289107,0.0,29,31.626146974234747,-2.022623493615299,2.4120834776202997,0.3474374210837965,-19.258442301117128,-2.043634775075901,0.36844870254439854,0.19286149067546327,2.4120834776202997,1.3018591109006799,3.303725888529465,0.1394829323520041,2.820923726248383,-0.0957043900173442,3.0303761364741675,0.0481194207571271,3.250350798912104,0.1823959918949529,4,ok,0.1926220598919638,0.1891625937202881,0.2007803937484478,0.1576956033963581,-0.0098880669423218,19.436396395466318,1.4602435875357689,ok,1.1859605609168065,floor,1.389127014458271,floor,2.835681501180732,ok
953,22,0.1112147414359093,0,-18.789551276187876,0.013214321607761271,0.4477170661501781,0.0462827577338045,24,35.32629934946696,-19.252499951247593,0.011878182807714853,0.529470280869016,0.0810521418546952,24,28.864863793055218,-20.56285430273346,0.008784449888707153,0.3884990913879456,0.0,24,28.79010073343913,-20.030121190488003,0.009930883357641302,0.5073982031868218,0.0757853918037405,24,31.62071418762207,-1.3103543514858664,0.5327331122454559,-1.2405699143001279,-19.021025613717732,-1.541828689015727,-1.009095576770271,0.15627298802402992,1.7733030265455838,1.3031149915908646,3.2311040629903043,0.0812090839190569,2.9638190251641348,0.0658463892510621,2.7838755288308903,-0.183526580225946,2.958060964354116,-0.0956618333856953,4,ok,0.234125915604333,0.1805633570378025,0.1501047927886247,0.1787617585311333,0.057239843532443,19.884543537806408,1.4601536807014517,ok,1.1858974000300355,floor,1.3890521644728562,floor,1.0405081853101696,floor
954,22,0.1189156378709653,0,-19.100861235768082,0.012300248242593613,0.3632371180359657,0.0,22,35.341601458462804,-19.511225477344958,0.0111912204886891,0.5020979235260663,0.0572107343562722,22,28.881898619911887,-19.98487198683667,0.010034894276868551,0.4913647920394901,0.0525742263140824,22,28.80737928910689,-19.25081297073624,0.011882797684507826,0.5751525029443644,0.1385361549740886,22,31.637433832341973,-0.4736465094917115,0.7340590161004279,-0.14995173496815895,-19.306043356556522,-0.6788286302801474,0.0552303858202805,0.07553943995680762,0.8840107510685868,1.4045565190302431,3.1076337690529554,-0.0356641689417238,3.035931372903791,0.1465363203865184,2.974360866224361,0.0137887409058725,3.040928240396576,-0.0062508369909042,4,ok,0.1617507897317409,0.1905850090763785,0.1723204001106999,0.1939244504002007,0.0038474992933598,19.572411305307654,1.4604301690644832,ok,1.1860918389512736,floor,1.3892824600795346,floor,2.3389764826716406,ok
955,22,0.1598716600319468,0,-19.25413958034416,0.01187369918220624,0.3925298457665083,0.0058670459993184,36,35.33913294474284,-19.681983258024847,0.01075973745059371,0.4586302565357746,0.0219502232636117,36,28.879166179233128,-21.019233362762716,0.007908182146648192,0.4567348669198165,0.0247365638830716,36,28.80460913976033,-19.411135339723,0.011452135187222092,0.3599730347302303,0.0,36,31.634746551513672,-1.337250104737869,1.608098023039716,-0.15699575937884092,-19.4680614191845,-1.5511719435782148,0.05692607946150119,0.14739948362948402,1.7650937824185569,1.2506286068520813,3.080843939983512,-0.0997926508843578,2.899504028242191,-0.0384393666590932,2.7580768764368826,-0.2411523360477785,3.0236064648998378,-0.060609474908094,4,ok,0.191556187139617,0.2025976992315716,0.1935028998802105,0.1775255685465203,0.0035740433053838,19.41926564007788,1.4603855522397255,ok,1.1860606389734514,floor,1.389245524759878,floor,2.33137919381349,ok
956,22,0.2369409254204545,0,-19.79013477063027,0.010495098596684143,0.3982116604084271,0.0097828990247699,60,35.33696269989014,-18.988048820691557,0.01262394570330637,0.4035825345750894,0.0,60,28.87672675450643,-21.432098524611348,0.007191014219690197,0.4777666499977476,0.0414007200063493,60,28.802134609222414,-19.18785655126831,0.012056308294091484,0.4721396326163891,0.0462379544561357,60,31.63235960006714,-2.4440497039197915,2.244241973343037,0.6022782193619598,-19.389091795660914,-2.0430067289504343,0.20123524439260265,0.19944211984511978,2.4440497039197915,1.2825123412072927,3.17778632231357,-0.0415801190582123,3.0575531728290937,0.069252577063299,2.9882546892787114,-0.0510719314318777,3.25402909720347,0.1313963417286827,4,ok,0.1873808161045114,0.1790953372294704,0.212296196569999,0.1669999745984872,-0.0290581199030081,18.88338708757386,1.4603463309267493,ok,1.1860327884216089,floor,1.3892125354304576,floor,3.075472890604803,ok
957,22,0.1368249967058088,0,-18.971487281120098,0.012672178212236453,0.3071685422304167,0.0,30,35.33949089050293,-18.36260979734348,0.014579378812193627,0.4181404669008555,0.0,30,28.879527473449706,-19.047226531687656,0.01245309630899351,0.3593361291330252,0.0,30,28.80497404734293,-18.975106318799213,0.012661622704558149,0.419196450895345,0.0058654743767525,30,31.635113779703776,-0.6846167343441749,0.07212021288844284,-0.003619037679115422,-18.66704853923179,-0.3801779924558666,-0.30805777956742375,0.065952275522507,0.6846167343441749,1.6874859944585852,3.2690789203819426,0.10226561149083,3.04818083013814,0.1282106981865807,2.8345543359462075,-0.150363492083505,2.919416835629658,-0.1510875491708923,4,ok,0.183868558704853,0.2253012605011463,0.2111578822135925,0.1948293027778466,-0.0065729726105928,19.701898700941925,1.460392021546027,ok,1.1860647641101674,floor,1.389250389895632,floor,2.4913902574829576,ok
958,22,0.2280371225756999,0,-17.92879618114482,0.01611092151174954,0.3559336663512427,0.0,57,35.42486779731617,-19.431390673143,0.011398847216980857,0.5541458458083343,0.1036290416983733,57,28.974263910661666,-21.33543402888473,0.007352865081197171,0.4482383110658424,0.0182171906422028,57,28.90097025821084,-20.015705201094875,0.009963902745873755,0.4660806060698847,0.0413745369297504,57,31.728071614315635,-1.904043355741731,1.3197288277898558,-2.086909019950056,-18.68009342714391,-2.6553406017408214,-1.3356117739509656,0.28388427326893173,3.406637847739912,1.2233644758978603,3.264926383574624,0.049448904563103,3.158413546450803,0.1751694447375849,2.955464551513981,-0.0798357869025694,3.0755878138722617,-0.0431874118629149,4,ok,0.2007617815806154,0.1795490397173061,0.1462544928255834,0.179665696006595,0.0439009178233774,20.73999380295852,1.4619383444606582,ok,1.1871490542240823,floor,1.3905334058117205,floor,1.0417118017054734,floor
959,22,0.1804921380158735,0,-19.08774522451804,0.012337452043468054,0.3748086206952622,0.0,36,35.42361683315701,-19.085875158633797,0.012342765676772682,0.5127255246202219,0.0663171502395119,36,28.97287919786241,-19.324406584268086,0.011683133561496556,0.552236762126508,0.1064358320008891,36,28.899562252892387,-19.71453803454802,0.01067938384680108,0.5038652044618636,0.0727287702121846,36,31.72670661078559,-0.23853142563428875,-0.39013145027993446,-0.6267928100299791,-19.08681019157592,-0.23759639269216493,-0.6277278429720994,0.05777449267298893,0.6286628759142232,1.5040221161020326,3.3215331314853493,0.1408965406174793,3.136028600615025,0.1980852057137405,3.335008195630777,0.3357789831461164,2.9808194543729454,-0.1033964854349864,4,ok,0.2112894203099939,0.2062725515829192,0.1820980213168594,0.1659044931746191,0.0266829646295971,19.581112206075176,1.4619156402690776,ok,1.1871331680682853,floor,1.3905145420924498,floor,1.7541445693808293,ambiguous
960,22,0.2464361085988086,0,-20.226827330533304,0.00949111568506832,0.4068219190086823,0.0158242626580265,60,35.43231646219889,,,,,0,,-21.74581559455417,0.006689881738839297,2.1750631990732003,3.859035204826029,18,28.90727410997664,-14.01837588251985,0.03964262568249606,1.2916640100886887,1.2828857139012957,29,31.734675903320312,,7.72743971203432,6.208451448013454,-20.226827330533304,-1.5189882640208658,6.208451448013454,0.8016882534282623,7.72743971203432,,3.163445069842336,-0.0559213715294459,,,,,3.0674197323016843,-0.0005350747154664,3,partial,0.1817344214767217,,0.2109511693318685,0.0925300276099607,-0.0292167478551467,18.441560989739436,1.4620735619485328,ok,,,1.3906178780954046,floor,10.158896968841908,ok
961,22,0.3766997190558057,0,,,,,0,,,,,,0,,,,,,0,,,,,,0,,,,,,,,,,,,,,,,,,,0,no_sar_data,,,,,,,,,,,,,,
962,22,0.225381916555041,0,,,,,0,,,,,,0,,,,,,0,,,,,,0,,,,,,,,,,,,,,,,,,,0,no_sar_data,,,,,,,,,,,,,,
963,22,0.2290561819742954,0,,,,,0,,,,,,0,,,,,,0,,,,,,0,,,,,,,,,,,,,,,,,,,0,no_sar_data,,,,,,,,,,,,,,
964,22,0.1752785405928226,0,,,,,0,,,,,,0,,,,,,0,,,,,,0,,,,,,,,,,,,,,,,,,,0,no_sar_data,,,,,,,,,,,,,,
965,22,0.2092750658404556,0,,,,,0,,,,,,0,,,,,,0,,,,,,0,,,,,,,,,,,,,,,,,,,0,no_sar_data,,,,,,,,,,,,,,
966,22,0.7919911341656249,0,-19.419789727385588,0.011429336709368368,0.4220654199550203,0.0268367396426814,231,35.4318760897206,9.286611328206877,8.485181429819187,0.4262447209628718,0.0,53,28.978329119474992,-19.929540854896743,0.010163561384627049,0.9207677156528624,0.5666979792051221,93,28.90603471356769,-17.789648749222145,0.016635471900983866,1.2121765597721954,1.1126153195786204,117,31.733477443730067,-29.21615218310362,2.1398921056745976,1.6301409781634426,-5.066589199589355,-14.862951655307388,-12.72305954963279,1.721693282359306,29.21615218310362,293.9016007347107,3.2515954084596324,-0.0699794364708221,0.0,-2.9760714830192687,3.3808603906289005,0.3071328196624905,3.380536918572182,0.2076798268277966,4,ok,0.2153886183128728,0.2014055633038844,0.1687320134332103,0.1550307350599358,0.0396650773751683,19.248622342727163,1.4620655663732864,ok,15.0,sat,1.3906012679117936,floor,4.031280593004959,ok
