village_id,farm_id,crop_type,health_index,yield_estimate_to_date,shapefile_village_id,area_ha,crop_confidence,flood_excess_db,health_raw_z,source,p_Rice,p_Cotton,p_Maize,p_Bajra,p_Groundnut
1,1,Rice,24.86,1.418,22,0.2842602108358393,0.5744,3.78,-0.8415,measured,0.5744,0.0258,0.0348,0.2492,0.1158
1,2,Rice,37.96,1.623,22,0.2215418251883499,0.4627,3.03,-0.6953,measured,0.4627,0.0602,0.0754,0.23,0.1718
1,3,Rice,53.54,1.404,22,0.5008628882666493,0.4088,2.92,-0.5401,measured,0.4088,0.0613,0.0324,0.2056,0.292
1,4,Maize,96.76,2.767,22,0.033637670655093,0.5289,0.88,1.388,measured,0.0081,0.4049,0.5289,0.0202,0.038
1,5,Groundnut,5.79,2.124,22,0.5675288112319056,0.3715,3.05,-0.9046,measured,0.3208,0.1741,0.0447,0.0889,0.3715
1,6,Cotton,30.19,0.377,22,0.8378502189360072,0.3714,1.3,-0.0406,measured,0.0904,0.3714,0.2749,0.1103,0.153
1,7,Bajra,43.96,2.823,22,0.1950720911999547,0.4464,1.4,-0.2793,measured,0.3195,0.0321,0.0319,0.4464,0.1701
1,8,Groundnut,21.34,1.973,22,0.8917320682281362,0.2934,1.69,-0.6036,measured,0.2646,0.0686,0.0824,0.291,0.2934
1,9,Cotton,50.62,0.324,22,0.4170669829003039,0.5885,0.45,0.361,measured,0.0197,0.5885,0.2239,0.0495,0.1185
1,10,Cotton,30.52,0.364,22,0.3860355851925647,0.5451,2.4,-0.0335,measured,0.104,0.5451,0.1643,0.0562,0.1303
1,11,Cotton,14.8,0.317,22,0.4430542916703957,0.2345,2.01,-0.4361,measured,0.1797,0.2345,0.2003,0.1906,0.1949
1,12,Cotton,36.1,0.431,22,0.5516646220761335,0.4449,0.42,0.082,measured,0.161,0.4449,0.1628,0.121,0.1103
1,13,Rice,68.88,1.416,22,0.4815186925147954,0.3071,2.22,-0.3817,measured,0.3071,0.1076,0.0746,0.2658,0.2449
1,14,Cotton,74.98,0.605,22,0.2896841758437599,0.902,0.28,0.856,measured,0.0006,0.902,0.0922,0.0003,0.0049
1,15,Cotton,28.85,0.304,22,2.257871362413479e-07,0.4014,0.74,-0.07,measured,0.0848,0.4014,0.1541,0.1083,0.2515
1,16,Groundnut,40.5,1.699,22,1.198032268621871e-07,0.7545,-1.13,-0.3891,measured,0.043,0.0617,0.0372,0.1035,0.7545
1,17,Cotton,75.49,0.298,22,8.170756718469804e-09,0.4654,-2.63,0.8679,measured,0.0529,0.4654,0.0652,0.1709,0.2455
1,18,Cotton,5.56,0.278,22,5.084064626714735e-09,0.4269,2.42,-0.8482,measured,0.1321,0.4269,0.1133,0.0513,0.2764
1,19,Bajra,73.98,2.428,22,4.845720711671931e-09,0.3646,1.72,-0.0225,measured,0.1632,0.0955,0.0708,0.3646,0.3058
1,20,Rice,77.43,2.082,22,0.3876135438595965,0.3863,4.79,-0.2793,measured,0.3863,0.2952,0.1092,0.0415,0.1677
1,21,Rice,90.77,2.101,22,0.5725174781550666,0.57,4.54,-0.0541,measured,0.57,0.0959,0.0819,0.1117,0.1405
1,22,Cotton,7.76,0.361,22,0.3980899814218664,0.6053,3.43,-0.7189,measured,0.2059,0.6053,0.0794,0.0267,0.0827
1,23,Bajra,0.0,1.66,22,1.1280382993849755e-09,0.72,1.75,-1.6642,measured,0.2163,0.0005,0.0039,0.72,0.0592
1,24,Rice,24.84,2.134,22,0.256617417728398,0.6259,3.9,-0.8418,measured,0.6259,0.1217,0.0769,0.0845,0.091
1,25,Cotton,50.0,0.352,22,0.1020199392891068,0.4615,2.26,0.3494,measured,0.1121,0.4615,0.1133,0.0546,0.2585
1,26,Rice,94.16,1.859,22,0.4838093252761882,0.3407,3.1,0.0409,measured,0.3407,0.1783,0.1189,0.1786,0.1835
1,27,Rice,70.67,1.562,22,0.5415105264041837,0.2435,2.64,-0.3615,measured,0.2435,0.1786,0.1925,0.2063,0.1792
1,28,Cotton,41.89,0.349,22,0.259927890220491,0.274,3.3,0.1955,measured,0.2607,0.274,0.1309,0.1274,0.207
1,29,Rice,79.4,1.656,22,0.5681262967499147,0.3277,3.57,-0.2529,measured,0.3277,0.1234,0.1976,0.1937,0.1576
1,30,Cotton,96.39,0.493,22,0.3338709047267693,0.9691,1.98,1.7009,measured,0.0001,0.9691,0.0238,0.0001,0.0069
1,31,Maize,77.0,2.536,22,0.5907185134228785,0.4897,2.37,0.7029,measured,0.0267,0.3477,0.4897,0.0451,0.0909
1,32,Rice,25.51,1.674,22,0.1085043476881907,0.4929,1.54,-0.8336,measured,0.4929,0.0762,0.0684,0.2422,0.1204
1,33,Cotton,14.39,0.433,22,0.6522243259691243,0.4846,3.78,-0.4496,measured,0.2024,0.4846,0.1675,0.0318,0.1137
1,34,Rice,85.36,2.03,22,0.4679714340427883,0.4884,4.5,-0.1619,measured,0.4884,0.155,0.0719,0.0755,0.2092
1,35,Rice,55.59,1.533,22,0.992270754998336,0.2603,2.88,-0.5198,measured,0.2603,0.1078,0.2354,0.2122,0.1843
1,36,Maize,15.61,2.097,22,0.902129946251072,0.3608,2.64,-0.3786,measured,0.1519,0.1462,0.3608,0.1788,0.1622
1,37,Rice,69.59,1.73,22,0.5266487272851875,0.3609,3.15,-0.3737,measured,0.3609,0.1988,0.0967,0.1468,0.1969
1,38,Rice,46.15,1.69,22,0.492507854010358,0.4674,3.56,-0.613,measured,0.4674,0.0979,0.0766,0.1542,0.2038
1,39,Cotton,9.64,0.381,22,0.6675339882764417,0.3588,3.69,-0.6294,measured,0.3399,0.3588,0.1158,0.0564,0.1291
1,40,Cotton,41.51,0.381,22,0.5319990846374182,0.2571,3.75,0.1882,measured,0.2365,0.2571,0.2145,0.1218,0.1702
1,41,Cotton,97.01,0.543,22,0.944772147474751,0.982,1.47,1.7638,measured,0.0002,0.982,0.0127,0.0001,0.0051
1,42,Cotton,99.12,0.438,22,1.3556459123480105,0.9662,0.87,2.1331,measured,0.0001,0.9662,0.029,0.0001,0.0047
1,43,Cotton,31.73,0.354,22,0.6459871347636221,0.3265,3.02,-0.0079,measured,0.1812,0.3265,0.1852,0.1105,0.1967
1,44,Cotton,40.55,0.35,22,0.3342891034507806,0.5548,1.57,0.1696,measured,0.0496,0.5548,0.2118,0.0573,0.1265
1,45,Cotton,54.51,0.361,22,0.4164261151889281,0.5647,0.92,0.4345,measured,0.0539,0.5647,0.1718,0.0652,0.1445
1,46,Cotton,58.15,0.406,22,2.8816279759477605e-12,0.5626,0.83,0.504,measured,0.024,0.5626,0.2679,0.0372,0.1083
1,47,Cotton,72.99,0.493,22,0.9941431838624308,0.7169,2.88,0.8098,measured,0.0148,0.7169,0.2159,0.0087,0.0438
1,48,Cotton,23.02,0.44,22,0.5443159741193601,0.502,2.89,-0.2054,measured,0.0882,0.502,0.2811,0.0406,0.0881
1,49,Rice,86.31,1.976,22,1.4403908240645713,0.4227,4.05,-0.1453,measured,0.4227,0.2115,0.063,0.0646,0.2382
1,50,Cotton,93.23,0.605,22,1.308755997789612e-07,0.7164,2.67,1.472,measured,0.0018,0.7164,0.2688,0.0013,0.0117
1,51,Cotton,96.17,0.303,22,0.021906183441864,0.582,0.39,1.6801,measured,0.1275,0.582,0.0185,0.082,0.19
1,52,Cotton,32.61,0.474,22,7.831776115873674e-09,0.6857,2.58,0.0105,measured,0.0148,0.6857,0.2364,0.0064,0.0567
1,53,Cotton,62.8,0.412,22,0.2259368620071783,0.4503,2.8,0.5949,measured,0.0439,0.4503,0.3307,0.0472,0.1279
1,54,Maize,75.68,2.372,22,0.1833500946954329,0.384,0.43,0.6764,measured,0.0608,0.2731,0.384,0.1655,0.1165
1,55,Maize,99.29,2.432,22,0.2351931151356756,0.55,-3.64,1.7604,measured,0.0004,0.4088,0.55,0.014,0.0268
1,56,Rice,51.79,1.706,22,0.3370215314449604,0.5088,2.67,-0.5573,measured,0.5088,0.0985,0.0553,0.2147,0.1226
1,57,Maize,10.04,2.279,22,8.545364638340783e-16,0.4147,5.06,-0.5445,measured,0.2751,0.0847,0.4147,0.133,0.0924
1,58,Cotton,81.62,0.598,22,0.096016580764782,0.5927,1.88,1.0265,measured,0.058,0.5927,0.2591,0.0303,0.0598
1,59,Cotton,48.56,0.438,22,0.8144783422308708,0.743,0.67,0.3223,measured,0.0198,0.743,0.1747,0.0188,0.0437
1,60,Groundnut,82.86,2.406,22,0.2806386983997658,0.272,0.28,0.071,measured,0.1668,0.2459,0.1008,0.2144,0.272
1,61,Cotton,21.59,0.357,22,0.3749607207946541,0.5692,1.15,-0.2416,measured,0.1381,0.5692,0.1081,0.0705,0.1141
1,62,Cotton,16.19,0.425,22,0.4876136060365847,0.5502,1.44,-0.3922,measured,0.0102,0.5502,0.388,0.0125,0.0391
1,63,Rice,91.23,1.909,22,0.7577981760913929,0.3124,3.67,-0.0429,measured,0.3124,0.2289,0.1687,0.123,0.1669
1,64,Cotton,30.89,0.363,22,0.9613098902533448,0.5869,0.27,-0.0256,measured,0.036,0.5869,0.1922,0.0428,0.1421
1,65,Rice,92.2,1.892,22,1.1754314082487507,0.2902,3.59,-0.018,measured,0.2902,0.2083,0.1933,0.1257,0.1825
1,66,Rice,82.3,1.773,22,0.4845022201146881,0.4869,4.53,-0.2111,measured,0.4869,0.073,0.1118,0.1605,0.1678
1,67,Cotton,97.57,0.605,22,0.9000453815698743,0.9402,0.54,1.8322,measured,0.0008,0.9402,0.0503,0.0005,0.0081
1,68,Cotton,17.92,0.351,22,0.5116644737487964,0.2941,2.71,-0.3409,measured,0.2276,0.2941,0.1855,0.1437,0.1492
1,69,Cotton,94.71,0.605,22,1.0442634460811326,0.5956,0.39,1.5654,measured,0.0009,0.5956,0.3989,0.0014,0.0033
1,70,Cotton,58.94,0.605,22,1.121296032217443,0.7798,1.1,0.5193,measured,0.0012,0.7798,0.2145,0.0008,0.0037
1,71,Groundnut,77.16,2.577,22,0.5035004939765695,0.2631,2.95,-0.0081,measured,0.1836,0.1938,0.2005,0.1589,0.2631
1,72,Maize,59.89,2.008,22,0.3691253187355509,0.356,1.33,0.4011,measured,0.0549,0.2068,0.356,0.1502,0.2321
1,73,Maize,6.21,2.234,22,0.3509148390410827,0.351,-0.01,-0.7043,measured,0.0917,0.3236,0.351,0.1156,0.1182
1,74,Cotton,95.87,0.464,22,0.9351467283416492,0.9849,0.07,1.6538,measured,0.0002,0.9849,0.0122,0.0001,0.0027
1,75,Cotton,11.01,0.325,22,1.1755913536809968,0.2462,1.82,-0.572,measured,0.1604,0.2462,0.2108,0.1487,0.2339
1,76,Cotton,11.82,0.339,22,1.311939657480852,0.4023,1.99,-0.5408,measured,0.1378,0.4023,0.184,0.0824,0.1935
1,77,Cotton,10.74,0.253,22,0.9373809699681762,0.4316,0.65,-0.5831,measured,0.0816,0.4316,0.1099,0.0814,0.2956
1,78,Rice,26.67,1.622,22,0.4008839929677567,0.4985,4.01,-0.8196,measured,0.4985,0.0977,0.0684,0.1233,0.2121
1,79,Rice,32.18,1.513,22,0.5705266848847619,0.3936,3.06,-0.7566,measured,0.3936,0.0814,0.0857,0.213,0.2263
1,80,Rice,30.49,1.352,22,1.3581766549317962,0.3672,3.09,-0.7754,measured,0.3672,0.0319,0.0571,0.2602,0.2835
1,81,Maize,88.03,2.57,22,1.496181459322255,0.523,1.79,0.9734,measured,0.0063,0.3924,0.523,0.0175,0.0609
1,82,Maize,34.86,1.813,22,1.064641333179936,0.2801,1.47,0.0058,measured,0.0877,0.1783,0.2801,0.2084,0.2455
1,83,Cotton,8.67,0.291,22,0.490880855487086,0.3761,0.32,-0.6739,measured,0.1297,0.3761,0.133,0.1306,0.2307
1,84,Cotton,78.77,0.431,22,0.16524761421084,0.7353,2.05,0.9494,measured,0.0085,0.7353,0.2128,0.0117,0.0318
1,85,Cotton,98.47,0.496,22,1.280637977935705,0.9663,1.41,1.9744,measured,0.0002,0.9663,0.0226,0.0001,0.0107
1,86,Cotton,98.03,0.502,22,2.734616647205324,0.9727,1.2,1.8973,measured,0.0001,0.9727,0.0199,0.0001,0.0072
1,87,Cotton,27.35,0.393,22,0.777248708882525,0.4366,1.31,-0.1034,measured,0.1202,0.4366,0.209,0.0926,0.1415
1,88,Rice,76.6,1.664,22,0.260868006603177,0.37,0.78,-0.29,measured,0.37,0.1137,0.0529,0.2597,0.2037
1,89,Rice,55.26,1.706,22,0.7261771928709487,0.3126,1.79,-0.5231,measured,0.3126,0.1726,0.1156,0.1817,0.2175
1,90,Cotton,47.34,0.32,22,0.3848799608978606,0.5144,1.37,0.2992,measured,0.0361,0.5144,0.1871,0.0487,0.2137
1,91,Cotton,48.28,0.357,22,0.2342812214481492,0.7283,3.77,0.317,measured,0.0617,0.7283,0.0962,0.0139,0.0999
1,92,Cotton,48.21,0.349,22,0.2264409709599675,0.6413,3.39,0.3156,measured,0.0531,0.6413,0.119,0.0171,0.1694
1,93,Cotton,39.19,0.247,22,0.1393293747212762,0.4779,1.86,0.1432,measured,0.0975,0.4779,0.0637,0.0623,0.2986
1,94,Cotton,44.29,0.327,22,0.2785054924750704,0.6154,2.07,0.2414,measured,0.1152,0.6154,0.0834,0.0552,0.1308
1,95,Cotton,77.19,0.581,22,0.2840433751677662,0.6777,1.69,0.9094,measured,0.0223,0.6777,0.2426,0.0133,0.044
1,96,Cotton,62.32,0.357,22,1.1554552082194167,0.3456,0.45,0.5854,measured,0.0404,0.3456,0.2712,0.1042,0.2386
1,97,Cotton,8.59,0.339,22,0.5991694971966668,0.2628,1.75,-0.6777,measured,0.2349,0.2628,0.1577,0.1453,0.1993
1,98,Cotton,71.32,0.409,22,0.2332142299587677,0.729,-0.71,0.7725,measured,0.0145,0.729,0.1544,0.027,0.0751
1,99,Cotton,74.7,0.496,22,0.0758460241113632,0.907,-0.29,0.8494,measured,0.0101,0.907,0.0569,0.0053,0.0207
1,100,Maize,53.94,2.599,22,1.038304978411163,0.4123,1.46,0.3073,measured,0.0968,0.2439,0.4123,0.1265,0.1204
1,101,Cotton,47.26,0.355,22,0.863408252802758,0.5775,0.84,0.2977,measured,0.0189,0.5775,0.2213,0.0286,0.1536
1,102,Cotton,42.37,0.344,22,0.8774275405357334,0.6195,1.67,0.2047,measured,0.0549,0.6195,0.1354,0.0387,0.1514
1,103,Cotton,99.98,0.442,22,0.8204243197416506,0.963,-0.72,2.9699,measured,0.0,0.963,0.031,0.0001,0.0058
1,104,Groundnut,75.36,2.439,22,1.2056742022049345,0.3445,1.55,-0.0307,measured,0.1534,0.2455,0.1168,0.1399,0.3445
1,105,Cotton,98.34,0.575,22,0.8695715446656979,0.9783,0.64,1.9501,measured,0.0003,0.9783,0.012,0.0001,0.0094
1,106,Cotton,98.77,0.519,22,1.232768008182174,0.9662,1.68,2.0392,measured,0.0001,0.9662,0.0236,0.0001,0.01
1,107,Cotton,11.48,0.417,22,0.345415721487276,0.5353,1.87,-0.5536,measured,0.0732,0.5353,0.2643,0.0392,0.088
1,108,Cotton,98.72,0.548,22,1.440513439912615,0.9778,0.99,2.0282,measured,0.0002,0.9778,0.0141,0.0001,0.0079
1,109,Cotton,7.81,0.272,22,0.3839817922403229,0.4351,3.39,-0.7163,measured,0.2596,0.4351,0.0488,0.0384,0.2182
1,110,Cotton,97.54,0.568,22,0.902733476203221,0.9827,1.08,1.8274,measured,0.0001,0.9827,0.0121,0.0001,0.005
1,111,Groundnut,44.88,2.184,22,1.7360962439700336,0.4185,2.99,-0.3459,measured,0.1838,0.2477,0.0689,0.0811,0.4185
1,112,Maize,67.67,2.639,22,0.4228356993263947,0.5282,3.0,0.5297,measured,0.0712,0.2225,0.5282,0.0886,0.0894
1,113,Rice,84.76,1.618,22,0.4519441090941869,0.3194,3.35,-0.172,measured,0.3194,0.2211,0.0618,0.1194,0.2782
1,114,Groundnut,0.53,2.266,22,2.7160552186196507,0.3952,2.31,-1.2846,measured,0.2504,0.1502,0.1043,0.1,0.3952
1,115,Cotton,61.1,0.305,22,1.1777386518729067,0.5346,1.55,0.5613,measured,0.0329,0.5346,0.1547,0.0452,0.2327
1,116,Groundnut,42.09,2.457,22,1.4371211218304338,0.3109,3.45,-0.3733,measured,0.2842,0.1574,0.1148,0.1327,0.3109
1,117,Cotton,95.19,0.605,22,0.5394947723443138,0.848,0.54,1.5995,measured,0.0018,0.848,0.1418,0.0013,0.0071
1,118,Rice,63.75,1.659,22,0.973816937519818,0.282,3.05,-0.4368,measured,0.282,0.147,0.1642,0.169,0.2378
1,119,Cotton,93.27,0.605,22,0.5508221864634812,0.7665,0.69,1.4743,measured,0.0013,0.7665,0.2248,0.0012,0.0062
1,120,Cotton,78.41,0.475,22,1.090826826352455,0.7155,2.05,0.9402,measured,0.0029,0.7155,0.2561,0.0043,0.0211
1,121,Cotton,93.43,0.478,22,1.3062825103304567,0.97,0.25,1.4832,measured,0.0005,0.97,0.0229,0.0002,0.0064
1,122,Groundnut,64.46,1.671,22,0.8742570352409497,0.4245,0.33,-0.1526,measured,0.0676,0.2056,0.1123,0.1901,0.4245
1,123,Cotton,37.56,0.237,22,0.6430006209264557,0.4755,2.09,0.1111,measured,0.0808,0.4755,0.0833,0.066,0.2944
1,124,Groundnut,0.74,1.894,22,0.7598516798762366,0.2856,0.73,-1.2392,measured,0.1361,0.1756,0.2233,0.1794,0.2856
1,125,Groundnut,43.71,2.29,22,1.0225539443500316,0.2724,2.82,-0.3573,measured,0.2288,0.1306,0.1629,0.2052,0.2724
1,126,Groundnut,44.21,1.946,22,0.7150948808813716,0.4184,2.09,-0.3525,measured,0.1242,0.2437,0.0938,0.1199,0.4184
1,127,Groundnut,85.6,1.813,22,0.5040409155123979,0.3283,-0.31,0.1152,measured,0.0796,0.2203,0.1126,0.2591,0.3283
1,128,Groundnut,71.95,2.11,22,0.2558524131024084,0.2756,1.35,-0.0711,measured,0.1662,0.1996,0.1216,0.2369,0.2756
1,129,Groundnut,96.68,1.706,22,0.2873982682578124,0.3607,0.02,0.4144,measured,0.0333,0.1899,0.204,0.212,0.3607
1,130,Cotton,49.24,0.378,22,1.129894981372383,0.3841,1.89,0.3351,measured,0.0657,0.3841,0.2694,0.0764,0.2043
1,131,Groundnut,80.56,1.919,22,0.3506813898908201,0.3729,-0.61,0.0374,measured,0.0854,0.1027,0.132,0.3071,0.3729
1,132,Bajra,72.45,3.024,22,0.2254981623826314,0.3394,0.25,-0.0375,measured,0.1891,0.1747,0.0658,0.3394,0.2311
1,133,Groundnut,93.17,1.965,22,0.2754255023970374,0.2872,1.0,0.28,measured,0.0686,0.2437,0.1964,0.204,0.2872
1,134,Groundnut,37.96,2.092,22,0.5424562315593663,0.3145,0.98,-0.4147,measured,0.1874,0.24,0.0805,0.1776,0.3145
1,135,Cotton,4.12,0.353,22,2.340303052373448,0.4232,1.39,-0.9565,measured,0.0638,0.4232,0.2545,0.0395,0.219
1,136,Cotton,53.87,0.493,22,0.6784272025058703,0.5531,2.89,0.4223,measured,0.0495,0.5531,0.3022,0.0278,0.0673
1,137,Cotton,99.14,0.352,22,1.780815864649631,0.9418,2.27,2.1416,measured,0.0002,0.9418,0.0512,0.0001,0.0066
1,138,Cotton,99.69,0.456,22,0.8420534802994826,0.963,2.73,2.4059,measured,0.0001,0.963,0.0302,0.0001,0.0066
1,139,Groundnut,66.58,2.222,22,0.9984049705209734,0.3744,2.14,-0.1303,measured,0.154,0.2553,0.0927,0.1236,0.3744
1,140,Cotton,52.91,0.244,22,0.2669220443432319,0.4816,1.62,0.4042,measured,0.0603,0.4816,0.0503,0.0581,0.3497
1,141,Maize,63.76,1.828,22,0.4840316854581701,0.3604,-0.11,0.4638,measured,0.0292,0.2163,0.3604,0.1693,0.2248
1,142,Groundnut,78.73,2.035,22,1.945272622124535,0.3145,0.48,0.0124,measured,0.0478,0.2142,0.2713,0.1523,0.3145
1,143,Cotton,43.63,0.338,22,0.6452601611646481,0.4052,1.2,0.2288,measured,0.0559,0.4052,0.2525,0.0977,0.1886
1,144,Groundnut,93.1,1.883,22,2.464586531116192,0.4784,0.22,0.2779,measured,0.0243,0.3759,0.0674,0.0541,0.4784
1,145,Groundnut,82.68,2.185,22,1.280297201865029,0.3187,0.16,0.0684,measured,0.0934,0.2088,0.1688,0.2103,0.3187
1,146,Cotton,25.85,0.284,22,0.6950063945810191,0.4908,1.61,-0.1376,measured,0.1337,0.4908,0.089,0.0844,0.2021
1,147,Cotton,99.0,0.521,22,0.6208175701277161,0.8987,2.39,2.0977,measured,0.0003,0.8987,0.0931,0.0004,0.0075
1,148,Cotton,39.26,0.257,22,0.2687311528820438,0.4475,2.28,0.1445,measured,0.1656,0.4475,0.0638,0.0918,0.2313
1,149,Maize,35.87,2.239,22,1.1391172504945166,0.2854,3.17,0.0224,measured,0.1592,0.2228,0.2854,0.1227,0.2098
1,150,Cotton,14.45,0.369,22,0.7710070888383248,0.3657,2.57,-0.4476,measured,0.186,0.3657,0.1931,0.0897,0.1655
1,151,Cotton,90.9,0.494,22,0.4696501216122695,0.5702,1.54,1.3526,measured,0.0143,0.5702,0.3224,0.0241,0.0689
1,152,Groundnut,54.3,2.59,22,0.3038206362764897,0.2709,2.55,-0.2542,measured,0.2552,0.2118,0.116,0.1462,0.2709
1,153,Cotton,28.41,0.287,22,0.2807673441173454,0.3233,2.52,-0.0796,measured,0.2188,0.3233,0.0908,0.1233,0.2437
1,154,Cotton,99.87,0.528,22,0.723847460353637,0.9683,1.44,2.6113,measured,0.0,0.9683,0.0229,0.0001,0.0086
1,155,Bajra,40.1,3.411,22,0.4358413456392997,0.2874,0.88,-0.3112,measured,0.2247,0.1069,0.0963,0.2874,0.2848
1,156,Groundnut,90.12,2.475,22,0.8466172172870067,0.3244,1.8,0.2024,measured,0.1334,0.1952,0.1748,0.1721,0.3244
1,157,Groundnut,72.65,1.691,22,0.4224371561524075,0.3654,0.54,-0.0631,measured,0.052,0.286,0.139,0.1576,0.3654
1,158,Maize,26.01,2.738,22,0.4537630693477505,0.3912,3.55,-0.1513,measured,0.1118,0.3554,0.3912,0.0448,0.0968
1,159,Cotton,42.42,0.5,22,0.6722226892039258,0.5417,3.13,0.2057,measured,0.0508,0.5417,0.3128,0.0218,0.0729
1,160,Cotton,4.61,0.314,22,0.702019525588388,0.6229,1.59,-0.916,measured,0.1102,0.6229,0.0877,0.0315,0.1477
1,161,Cotton,17.66,0.287,22,0.5002484352402639,0.2801,0.98,-0.3484,measured,0.1719,0.2801,0.1173,0.1828,0.2479
1,162,Cotton,28.26,0.351,22,0.3072359700729527,0.2853,1.84,-0.0829,measured,0.207,0.2853,0.1467,0.1483,0.2127
1,163,Cotton,97.9,0.534,22,0.980347962241822,0.9829,0.67,1.8778,measured,0.0002,0.9829,0.0115,0.0001,0.0053
1,164,Cotton,12.71,0.436,22,0.906192737167293,0.7254,1.68,-0.5077,measured,0.0262,0.7254,0.179,0.0099,0.0595
1,165,Groundnut,58.09,2.298,22,0.7514389364106688,0.2956,1.83,-0.2171,measured,0.1009,0.2793,0.205,0.1192,0.2956
1,166,Groundnut,59.18,2.302,22,1.1973765742523796,0.323,2.17,-0.2063,measured,0.136,0.2259,0.1752,0.14,0.323
1,167,Groundnut,32.05,2.01,22,0.7704174140296096,0.3281,2.24,-0.4765,measured,0.2346,0.1797,0.077,0.1806,0.3281
1,168,Groundnut,57.13,2.143,22,0.7724193757020149,0.2576,0.48,-0.2265,measured,0.1119,0.251,0.1784,0.2011,0.2576
1,169,Maize,93.79,3.006,22,1.2283106611993748,0.6138,0.04,1.1965,measured,0.0074,0.3604,0.6138,0.0111,0.0073
1,170,Groundnut,32.23,1.755,22,0.5500544157715738,0.3827,1.21,-0.4746,measured,0.1693,0.1838,0.0636,0.2006,0.3827
1,171,Cotton,27.88,0.242,22,0.3239565531048635,0.5722,0.85,-0.0914,measured,0.0657,0.5722,0.0861,0.074,0.202
1,172,Groundnut,46.87,1.961,22,0.7412361949080405,0.4536,3.08,-0.3264,measured,0.2267,0.2333,0.017,0.0695,0.4536
1,173,Cotton,90.55,0.505,22,1.0505682467249404,0.9793,0.33,1.3365,measured,0.0004,0.9793,0.0157,0.0001,0.0044
1,174,Cotton,47.23,0.48,22,0.9525668214601076,0.71,0.19,0.2971,measured,0.0051,0.71,0.2519,0.0074,0.0255
1,175,Cotton,63.38,0.256,22,0.1686314783880216,0.4166,-0.6,0.6063,measured,0.0303,0.4166,0.1572,0.1613,0.2346
1,176,Cotton,6.6,0.239,22,0.1731525057273974,0.3199,0.03,-0.7829,measured,0.1779,0.3199,0.0666,0.1594,0.2762
1,177,Cotton,23.39,0.265,22,0.417016906292713,0.3525,0.69,-0.1963,measured,0.0925,0.3525,0.1509,0.1734,0.2307
1,178,Cotton,54.97,0.369,22,0.2664482686812132,0.6718,0.18,0.4432,measured,0.0204,0.6718,0.1621,0.0287,0.117
1,179,Cotton,8.81,0.299,22,0.2934827487748793,0.5088,-0.63,-0.6672,measured,0.0692,0.5088,0.1388,0.0846,0.1986
1,180,Bajra,49.84,2.969,22,0.5213027996045472,0.4119,-1.5,-0.2315,measured,0.1493,0.1271,0.0836,0.4119,0.228
1,181,Rice,38.38,1.234,22,0.3170852062888362,0.297,2.25,-0.691,measured,0.297,0.0847,0.067,0.2969,0.2543
1,182,Rice,27.82,1.363,22,0.4785180004657791,0.3647,3.5,-0.8059,measured,0.3647,0.0961,0.0607,0.1587,0.3198
1,183,Rice,38.74,1.699,22,0.3600646109439386,0.3761,3.66,-0.6873,measured,0.3761,0.2645,0.1045,0.1062,0.1487
1,184,Rice,82.46,1.746,22,0.8761300156238778,0.4157,4.04,-0.2086,measured,0.4157,0.1854,0.0588,0.0952,0.2449
1,185,Cotton,47.18,0.365,22,0.4617213093585915,0.3955,3.07,0.2962,measured,0.1606,0.3955,0.1745,0.0966,0.1728
1,186,Cotton,2.68,0.292,22,0.7721688846969385,0.4672,0.88,-1.1012,measured,0.0926,0.4672,0.1615,0.0651,0.2136
1,187,Cotton,65.58,0.356,22,0.2648420259177794,0.46,0.37,0.6509,measured,0.0284,0.46,0.2619,0.0759,0.1738
1,188,Cotton,12.13,0.261,22,0.7572062780518057,0.3677,0.34,-0.5289,measured,0.0781,0.3677,0.1468,0.1203,0.2872
1,189,Cotton,65.28,0.345,22,0.4966935727849175,0.311,0.45,0.6446,measured,0.0723,0.311,0.1944,0.1596,0.2627
1,190,Groundnut,72.49,2.232,22,0.6007625556064117,0.2618,2.2,-0.0648,measured,0.2293,0.1793,0.1044,0.2253,0.2618
1,191,Cotton,63.11,0.41,22,0.181773638670406,0.3201,0.12,0.6011,measured,0.0638,0.3201,0.3131,0.1638,0.1392
1,192,Bajra,38.29,3.211,22,0.5115188564422274,0.3157,2.05,-0.3264,measured,0.2592,0.0752,0.0995,0.3157,0.2505
1,193,Groundnut,81.94,2.549,22,1.1708722939039171,0.2983,2.67,0.0573,measured,0.1742,0.2477,0.1453,0.1345,0.2983
1,194,Rice,83.66,1.801,22,0.5905895150811981,0.3121,3.23,-0.1899,measured,0.3121,0.1999,0.1462,0.154,0.1878
1,195,Groundnut,75.29,1.961,22,0.2704750222983429,0.3349,1.21,-0.0315,measured,0.1877,0.3083,0.0299,0.1392,0.3349
1,196,Groundnut,84.17,1.791,22,0.2478605627610821,0.3779,-0.69,0.0915,measured,0.0727,0.1878,0.1038,0.2578,0.3779
1,197,Bajra,88.02,3.473,22,0.2251970800390402,0.2672,1.37,0.1498,measured,0.1389,0.1326,0.1984,0.2672,0.263
1,198,Groundnut,53.59,2.064,22,0.1275051537003932,0.2921,0.53,-0.2612,measured,0.1712,0.1286,0.1173,0.2908,0.2921
1,199,Cotton,45.95,0.325,22,2.2064500138134653,0.6508,1.08,0.2729,measured,0.022,0.6508,0.1532,0.0263,0.1477
1,200,Cotton,94.25,0.48,22,0.9396453164725428,0.9838,0.65,1.5344,measured,0.0002,0.9838,0.0129,0.0001,0.0029
1,201,Groundnut,57.97,2.346,22,1.0044624331766328,0.3146,1.96,-0.2182,measured,0.1602,0.2234,0.1505,0.1513,0.3146
1,202,Rice,0.33,1.673,22,0.7478270702787766,0.4293,3.22,-1.6425,measured,0.4293,0.1615,0.1139,0.0899,0.2053
1,203,Rice,13.45,1.556,22,0.6296053964305492,0.4456,2.8,-1.009,measured,0.4456,0.0825,0.0634,0.1721,0.2365
1,204,Groundnut,76.91,1.794,22,1.0112498838353696,0.3928,0.79,-0.0113,measured,0.1287,0.1261,0.0802,0.2722,0.3928
1,205,Cotton,98.27,0.514,22,0.6349802383745021,0.9818,-0.3,1.938,measured,0.0002,0.9818,0.0134,0.0002,0.0044
1,206,Cotton,73.91,0.39,22,0.784311710682565,0.6521,1.47,0.8308,measured,0.0119,0.6521,0.2145,0.0172,0.1043
1,207,Cotton,10.47,0.305,22,0.6967410053794851,0.3866,0.61,-0.594,measured,0.2464,0.3866,0.0556,0.0921,0.2193
1,208,Groundnut,53.26,2.349,22,0.4266130349569345,0.2494,2.32,-0.2644,measured,0.2483,0.236,0.0981,0.1681,0.2494
1,209,Cotton,84.3,0.371,22,0.1582519835685695,0.6558,-0.72,1.1061,measured,0.0146,0.6558,0.1786,0.0489,0.1021
1,210,Cotton,3.6,0.307,22,0.3129597991705544,0.5334,0.2,-1.003,measured,0.1186,0.5334,0.1049,0.0634,0.1796
1,211,Cotton,79.44,0.431,22,0.1802465149020178,0.3903,-0.22,0.9672,measured,0.0221,0.3903,0.3868,0.0836,0.1172
1,212,Rice,74.9,1.647,22,0.4319206022836689,0.3168,3.47,-0.3114,measured,0.3168,0.1688,0.1228,0.1533,0.2383
1,213,Cotton,98.76,0.505,22,0.3845928018852836,0.9806,0.29,2.0372,measured,0.0003,0.9806,0.0141,0.0002,0.0048
1,214,Groundnut,9.25,2.182,22,0.5767319613707624,0.3323,1.67,-0.809,measured,0.12,0.3188,0.142,0.087,0.3323
1,215,Groundnut,60.35,1.947,22,0.368371320561087,0.2902,1.46,-0.1945,measured,0.1906,0.1354,0.0996,0.2843,0.2902
1,216,Cotton,97.84,0.565,22,2.257866105104644,0.9609,0.62,1.8696,measured,0.0004,0.9609,0.0303,0.0003,0.0082
1,217,Cotton,18.99,0.32,22,1.618538722957794,0.2968,1.03,-0.3106,measured,0.0649,0.2968,0.2817,0.1143,0.2422
1,218,Cotton,97.32,0.605,22,0.5209821847620844,0.9432,0.53,1.8007,measured,0.0003,0.9432,0.053,0.0003,0.0031
1,219,Cotton,98.64,0.555,22,0.4809575378341605,0.9614,0.92,2.0101,measured,0.0005,0.9614,0.0315,0.0003,0.0062
1,220,Rice,81.4,1.555,22,0.6791941181350513,0.257,2.89,-0.2244,measured,0.257,0.1349,0.1707,0.231,0.2064
1,221,Rice,79.04,1.399,22,0.4398077316451554,0.2963,2.92,-0.2578,measured,0.2963,0.0985,0.078,0.2545,0.2727
1,222,Rice,8.87,1.375,22,0.31199362653037,0.399,2.46,-1.1045,measured,0.399,0.1016,0.0619,0.2005,0.2369
1,223,Rice,63.92,1.405,22,0.7449046251333464,0.2993,2.41,-0.435,measured,0.2993,0.0636,0.0815,0.288,0.2676
1,224,Rice,45.17,1.613,22,0.4594212551855331,0.2897,2.77,-0.6227,measured,0.2897,0.1488,0.1867,0.1796,0.1953
1,225,Rice,7.3,1.508,22,0.4347827927627647,0.2899,2.58,-1.1458,measured,0.2899,0.1375,0.1882,0.1625,0.2219
1,226,Rice,49.26,1.609,22,0.980848019215926,0.4707,3.49,-0.5823,measured,0.4707,0.0488,0.0669,0.2097,0.2039
1,227,Rice,56.36,1.733,22,1.6989458802815125,0.4735,3.36,-0.5121,measured,0.4735,0.0949,0.0402,0.1174,0.274
1,228,Maize,17.22,2.626,22,0.4754910576842381,0.3154,3.25,-0.3383,measured,0.2469,0.2258,0.3154,0.1105,0.1015
1,229,Groundnut,54.28,1.957,22,0.7804683459311321,0.3603,0.42,-0.2545,measured,0.1949,0.1215,0.0581,0.2651,0.3603
1,230,Cotton,98.05,0.587,22,1.6167286085644208,0.9592,1.34,1.9002,measured,0.0003,0.9592,0.033,0.0002,0.0073
1,231,Groundnut,55.25,2.398,22,0.9411568183957834,0.2495,1.33,-0.245,measured,0.2143,0.1675,0.1397,0.2291,0.2495
1,232,Cotton,19.92,0.313,22,0.2671883684737131,0.303,1.19,-0.2855,measured,0.1366,0.303,0.1974,0.1976,0.1655
1,233,Rice,9.37,1.838,22,1.4462685345625117,0.5528,3.38,-1.0926,measured,0.5528,0.0867,0.0684,0.1149,0.1772
1,234,Groundnut,46.62,2.182,22,0.7494096865565114,0.3251,-0.5,-0.3289,measured,0.2103,0.1408,0.0608,0.2631,0.3251
1,235,Cotton,96.19,0.605,22,0.988305653914853,0.5298,0.45,1.6824,measured,0.0036,0.5298,0.4566,0.0039,0.006
1,236,Groundnut,37.51,2.082,22,0.9385149634883032,0.431,1.51,-0.4193,measured,0.1434,0.2814,0.0532,0.0909,0.431
1,237,Cotton,7.41,0.357,22,0.5468197505470982,0.2771,2.51,-0.7373,measured,0.27,0.2771,0.1471,0.0997,0.206
1,238,Cotton,24.44,0.275,22,0.2241986851892471,0.4701,1.26,-0.171,measured,0.0885,0.4701,0.0831,0.0548,0.3035
1,239,Groundnut,45.26,1.869,22,0.6230334578875042,0.3508,1.8,-0.3422,measured,0.1751,0.1972,0.082,0.195,0.3508
1,240,Cotton,52.35,0.397,22,0.647745570913258,0.6101,1.75,0.3936,measured,0.0215,0.6101,0.2634,0.0267,0.0784
1,241,Groundnut,22.32,2.119,22,1.2201418833926574,0.3629,2.49,-0.5908,measured,0.2092,0.1382,0.122,0.1678,0.3629
1,242,Bajra,31.33,3.039,22,0.2829378630772339,0.3149,-0.22,-0.3874,measured,0.1548,0.1307,0.1206,0.3149,0.279
1,243,Maize,8.59,2.059,22,0.3109161381294359,0.34,1.4,-0.5983,measured,0.1226,0.2109,0.34,0.1515,0.175
1,244,Cotton,25.63,0.276,22,0.8506963185502399,0.3656,0.87,-0.1428,measured,0.0902,0.3656,0.1369,0.1227,0.2846
1,245,Rice,50.74,1.559,22,0.3606361674570256,0.389,3.47,-0.5677,measured,0.389,0.0805,0.1218,0.22,0.1888
1,246,Cotton,95.12,0.42,22,1.3289544930386472,0.9819,0.08,1.5946,measured,0.0002,0.9819,0.0148,0.0001,0.0029
1,247,Cotton,13.39,0.337,22,0.3614106724607678,0.5679,1.94,-0.4834,measured,0.1237,0.5679,0.1247,0.0536,0.1301
1,248,Cotton,99.28,0.563,22,0.5567778905520895,0.9587,-0.55,2.189,measured,0.0003,0.9587,0.0334,0.0003,0.0072
1,249,Groundnut,26.79,2.104,22,0.3292725539449389,0.2702,1.47,-0.5356,measured,0.2278,0.2056,0.0952,0.2011,0.2702
1,250,Cotton,56.54,0.303,22,0.511454514602527,0.568,1.8,0.4732,measured,0.0498,0.568,0.1335,0.0535,0.1952
1,251,Groundnut,42.02,1.923,22,0.5215320846717192,0.3851,1.09,-0.374,measured,0.1736,0.1601,0.0748,0.2063,0.3851
1,252,Groundnut,23.65,1.921,22,1.0573110816609477,0.3797,1.15,-0.5738,measured,0.2419,0.1022,0.0513,0.2248,0.3797
1,253,Cotton,99.32,0.442,22,0.7286031622944441,0.9743,0.45,2.2053,measured,0.0001,0.9743,0.0208,0.0001,0.0047
1,254,Groundnut,15.42,1.809,22,2.1852211968278685,0.4847,2.16,-0.6903,measured,0.2254,0.0984,0.0401,0.1514,0.4847
1,255,Bajra,43.2,2.988,22,0.3891005307635708,0.2722,2.03,-0.2856,measured,0.1507,0.1138,0.2237,0.2722,0.2396
1,256,Cotton,20.23,0.338,22,0.3326938893618243,0.2818,0.3,-0.2772,measured,0.2516,0.2818,0.0931,0.2033,0.1701
1,257,Cotton,20.02,0.303,22,0.2645702222467116,0.4457,1.1,-0.2828,measured,0.1083,0.4457,0.1442,0.1046,0.1973
1,258,Groundnut,13.79,2.048,22,0.6946125446866311,0.3177,-0.11,-0.7178,measured,0.1922,0.1836,0.0864,0.2201,0.3177
1,259,Rice,38.27,1.519,22,0.7847632123812942,0.3365,2.62,-0.6921,measured,0.3365,0.1239,0.0853,0.1822,0.2721
1,260,Groundnut,18.68,1.789,22,1.8687723631176507,0.4302,1.38,-0.6404,measured,0.2021,0.0995,0.0574,0.2108,0.4302
1,261,Groundnut,94.99,1.934,22,0.8134373561379661,0.3903,0.77,0.3401,measured,0.0393,0.2901,0.1608,0.1195,0.3903
1,262,Groundnut,65.37,1.996,22,1.2893564361958316,0.3813,1.97,-0.1431,measured,0.1372,0.157,0.1303,0.1942,0.3813
1,263,Maize,58.64,2.3,22,0.828263028546942,0.6011,1.22,0.3811,measured,0.0195,0.2377,0.6011,0.0606,0.0811
1,264,Cotton,14.39,0.25,22,0.6158419783830043,0.3214,0.63,-0.4496,measured,0.1386,0.3214,0.0927,0.1543,0.293
1,265,Cotton,27.82,0.302,22,0.2161711378282018,0.4993,0.15,-0.0926,measured,0.1331,0.4993,0.0922,0.1399,0.1356
1,266,Groundnut,53.92,2.194,22,0.60773561308754,0.2556,1.95,-0.258,measured,0.1526,0.1947,0.1972,0.1999,0.2556
1,267,Cotton,92.89,0.303,22,2.1551723531181226,0.9037,1.71,1.4523,measured,0.0021,0.9037,0.0403,0.0014,0.0525
1,268,Cotton,98.6,0.59,22,0.6035998364536282,0.9443,0.65,2.0004,measured,0.0004,0.9443,0.0492,0.0004,0.0057
1,269,Cotton,23.08,0.323,22,0.6948285958534068,0.3032,1.82,-0.204,measured,0.108,0.3032,0.2218,0.1222,0.2448
1,270,Maize,21.88,2.03,22,1.471214069823128,0.298,2.05,-0.2337,measured,0.1122,0.2519,0.298,0.1341,0.2039
1,271,Groundnut,74.55,1.689,22,0.5089799478166456,0.4155,0.81,-0.0405,measured,0.0457,0.2716,0.135,0.1321,0.4155
1,272,Groundnut,21.57,2.041,22,0.9326545888768212,0.2982,1.0,-0.6005,measured,0.2645,0.1013,0.0705,0.2656,0.2982
1,273,Rice,70.98,1.673,22,1.1231173649206252,0.3017,2.59,-0.3579,measured,0.3017,0.1242,0.1344,0.1936,0.246
1,274,Maize,57.41,2.698,22,1.126366025944325,0.5566,2.86,0.3616,measured,0.0392,0.2898,0.5566,0.0436,0.0708
1,275,Cotton,45.51,0.343,22,0.352751469778999,0.449,0.28,0.2646,measured,0.0329,0.449,0.2713,0.0819,0.165
1,276,Bajra,15.7,2.848,22,1.6402277577174762,0.3301,1.3,-0.5555,measured,0.2304,0.0574,0.0827,0.3301,0.2994
1,277,Groundnut,60.61,2.13,22,0.4988411236106482,0.3623,1.02,-0.1919,measured,0.1595,0.1621,0.1068,0.2093,0.3623
1,278,Cotton,31.4,0.273,22,0.4856704379137245,0.3536,0.71,-0.0149,measured,0.0914,0.3536,0.1298,0.1423,0.2828
1,279,Groundnut,37.2,2.124,22,1.4053171179877608,0.296,2.33,-0.4224,measured,0.2419,0.0915,0.1199,0.2507,0.296
1,280,Groundnut,18.16,2.312,22,1.4554634121873091,0.2423,1.75,-0.648,measured,0.2209,0.1846,0.1637,0.1885,0.2423
1,281,Groundnut,35.78,2.008,22,0.6996678405121893,0.3342,1.18,-0.437,measured,0.3156,0.0644,0.031,0.2547,0.3342
1,282,Groundnut,64.07,1.915,22,0.5657004419728286,0.4607,0.96,-0.1567,measured,0.2458,0.0699,0.0193,0.2043,0.4607
1,283,Groundnut,93.4,2.247,22,0.3010912574216349,0.2607,0.53,0.2868,measured,0.0967,0.2583,0.1703,0.214,0.2607
1,284,Groundnut,13.39,2.332,22,0.435011895227568,0.2928,2.06,-0.7249,measured,0.2524,0.1532,0.1315,0.1702,0.2928
1,285,Groundnut,18.11,2.19,22,0.858566318658825,0.3344,1.44,-0.6487,measured,0.1793,0.2156,0.1221,0.1486,0.3344
1,286,Cotton,15.19,0.289,22,1.626564128640391,0.318,0.78,-0.4235,measured,0.091,0.318,0.1699,0.121,0.3
1,287,Cotton,98.61,0.605,22,1.5955433868042292,0.8515,0.28,2.0031,measured,0.0018,0.8515,0.1304,0.0017,0.0145
1,288,Cotton,30.83,0.392,22,0.4017942140985259,0.4273,-0.59,-0.0269,measured,0.0465,0.4273,0.2968,0.0971,0.1322
1,289,Cotton,62.86,0.404,22,0.443959441511126,0.858,-0.49,0.596,measured,0.0078,0.858,0.0811,0.008,0.0451
1,290,Cotton,98.64,0.487,22,1.3059679812627736,0.9744,0.25,2.0091,measured,0.0003,0.9744,0.0175,0.0002,0.0075
1,291,Cotton,35.37,0.316,22,1.1546305771591698,0.3317,-0.27,0.0673,measured,0.0504,0.3317,0.2296,0.1419,0.2465
1,292,Cotton,99.33,0.43,22,1.230624620457207,0.9708,0.72,2.2096,measured,0.0002,0.9708,0.0238,0.0001,0.0051
1,293,Groundnut,87.75,2.737,22,0.5258274788244242,0.2367,1.41,0.1538,measured,0.1863,0.2245,0.1605,0.1919,0.2367
1,294,Cotton,97.27,0.51,22,0.6740944677624838,0.9794,1.92,1.7935,measured,0.0001,0.9794,0.017,0.0001,0.0035
1,295,Groundnut,77.13,2.39,22,1.5282217972556655,0.3394,1.01,-0.0085,measured,0.1834,0.2123,0.0872,0.1778,0.3394
1,296,Cotton,34.77,0.351,22,0.8112287225926186,0.5423,0.42,0.055,measured,0.0909,0.5423,0.1119,0.0666,0.1883
1,297,Groundnut,60.81,2.355,22,0.9764188898337998,0.2696,1.8,-0.1899,measured,0.2281,0.141,0.1277,0.2336,0.2696
1,298,Rice,65.44,1.415,22,0.4933137875261112,0.3481,1.21,-0.4191,measured,0.3481,0.0471,0.0396,0.3331,0.2321
1,299,Cotton,1.9,0.368,22,0.8369142643465202,0.3707,2.31,-1.2096,measured,0.1605,0.3707,0.2609,0.0695,0.1385
1,300,Cotton,20.71,0.528,22,0.8367580792825227,0.7474,1.51,-0.2644,measured,0.0196,0.7474,0.1942,0.0067,0.0322
1,301,Rice,43.87,1.438,22,0.5822234450337958,0.3407,2.69,-0.6356,measured,0.3407,0.0566,0.1045,0.2898,0.2085
1,302,Bajra,44.32,3.354,22,0.5615611998131312,0.282,1.44,-0.2764,measured,0.1929,0.1529,0.1709,0.282,0.2013
1,303,Cotton,57.21,0.417,22,0.1821619080194837,0.5091,1.73,0.4859,measured,0.046,0.5091,0.2862,0.054,0.1048
1,304,Cotton,8.21,0.299,22,0.8909633496069183,0.4289,1.69,-0.6963,measured,0.141,0.4289,0.1296,0.0779,0.2226
1,305,Rice,7.95,1.516,22,0.5634341572768592,0.2511,1.82,-1.128,measured,0.2511,0.2287,0.16,0.1497,0.2105
1,306,Cotton,50.23,0.345,22,0.4512150156524247,0.4012,-1.19,0.3538,measured,0.0149,0.4012,0.3467,0.0858,0.1513
1,307,Groundnut,2.23,2.245,22,0.4510876346187722,0.2557,1.08,-1.0732,measured,0.1967,0.2295,0.1679,0.1501,0.2557
1,308,Groundnut,52.77,1.537,22,0.5172944069572172,0.4105,-0.12,-0.2692,measured,0.1056,0.0895,0.0681,0.3263,0.4105
1,309,Groundnut,43.65,1.851,22,0.6354701603562977,0.4645,1.4,-0.3579,measured,0.2074,0.1003,0.0372,0.1906,0.4645
1,310,Rice,50.91,1.442,22,0.6493259123802336,0.317,2.41,-0.566,measured,0.317,0.096,0.089,0.2477,0.2504
1,311,Cotton,63.2,0.44,22,0.3711406347239452,0.4824,2.17,0.6028,measured,0.0371,0.4824,0.3555,0.0482,0.0768
1,312,Bajra,80.43,2.659,22,0.8207014904318839,0.3127,0.64,0.0468,measured,0.0824,0.1218,0.2372,0.3127,0.2459
1,313,Cotton,10.63,0.349,22,0.6891098008111272,0.2614,1.87,-0.5874,measured,0.2299,0.2614,0.1716,0.1472,0.1899
1,314,Cotton,23.83,0.546,22,1.414908514548959,0.6445,1.61,-0.1857,measured,0.013,0.6445,0.3091,0.0061,0.0274
1,315,Groundnut,18.25,2.027,22,0.8642603734586705,0.3301,1.81,-0.6467,measured,0.2716,0.1827,0.0525,0.1631,0.3301
1,316,Cotton,73.04,0.432,22,0.3335159108252412,0.6741,1.13,0.8109,measured,0.0195,0.6741,0.2248,0.0285,0.0531
1,317,Groundnut,61.51,1.981,22,0.5913584048082562,0.3321,1.96,-0.1828,measured,0.2305,0.091,0.0731,0.2733,0.3321
1,318,Maize,62.35,2.436,22,0.8234512741447568,0.5621,1.34,0.4407,measured,0.0215,0.2986,0.5621,0.0522,0.0655
1,319,Cotton,12.83,0.328,22,0.6058604186114857,0.4006,1.32,-0.5034,measured,0.0469,0.4006,0.3137,0.0671,0.1717
1,320,Cotton,98.88,0.506,22,0.9906345080041588,0.9758,0.32,2.0652,measured,0.0002,0.9758,0.0181,0.0002,0.0058
1,321,Cotton,48.53,0.347,22,0.3564729567549488,0.6238,0.73,0.3218,measured,0.0147,0.6238,0.228,0.0285,0.105
1,322,Cotton,6.06,0.302,22,0.3236797028551916,0.4384,1.66,-0.8155,measured,0.143,0.4384,0.1482,0.0855,0.1849
1,323,Bajra,42.77,3.023,22,1.5116467373384224,0.33,2.07,-0.2891,measured,0.2033,0.0596,0.1532,0.33,0.2539
1,324,Maize,83.69,2.488,22,1.7102559925899008,0.6654,1.14,0.853,measured,0.007,0.2544,0.6654,0.0261,0.0471
1,325,Cotton,66.93,0.295,22,0.8448201543654581,0.7942,2.88,0.6785,measured,0.0106,0.7942,0.0322,0.0055,0.1576
1,326,Maize,76.5,2.064,22,0.8775631379416673,0.7516,-0.49,0.6928,measured,0.0049,0.1455,0.7516,0.0542,0.0438
1,327,Groundnut,28.67,1.562,22,1.2682139293909993,0.4402,2.16,-0.514,measured,0.1984,0.0384,0.0441,0.2789,0.4402
1,328,Rice,73.38,1.414,22,0.7612845343969405,0.3358,2.59,-0.3299,measured,0.3358,0.054,0.0522,0.271,0.287
1,329,Bajra,42.9,2.698,22,0.8387973812945769,0.3432,0.82,-0.288,measured,0.1469,0.0813,0.1232,0.3432,0.3055
1,330,Groundnut,53.25,1.638,22,2.2141617505692937,0.5035,-0.01,-0.2645,measured,0.0888,0.112,0.0704,0.2253,0.5035
1,331,Groundnut,51.78,1.671,22,0.9905587198819932,0.3967,0.66,-0.2788,measured,0.1259,0.0863,0.0877,0.3034,0.3967
1,332,Bajra,42.4,3.239,22,0.6593476155756809,0.2582,1.28,-0.2922,measured,0.1535,0.183,0.2164,0.2582,0.1888
1,333,Bajra,45.87,2.963,22,0.8405281011079051,0.309,1.43,-0.2637,measured,0.1567,0.092,0.1878,0.309,0.2544
1,334,Cotton,14.63,0.23,22,0.5230689440835916,0.4102,1.98,-0.4416,measured,0.0958,0.4102,0.0641,0.0627,0.3672
1,335,Rice,52.74,1.616,22,0.8936061282675993,0.4674,0.31,-0.548,measured,0.4674,0.026,0.037,0.3616,0.1081
1,336,Groundnut,0.06,1.897,22,0.5467712647381995,0.2504,0.97,-1.5474,measured,0.185,0.1749,0.2092,0.1805,0.2504
1,337,Groundnut,41.89,1.691,22,0.4080617585056155,0.3919,1.1,-0.3752,measured,0.0815,0.3022,0.0915,0.1329,0.3919
1,338,Groundnut,33.32,1.843,22,0.8287246764590369,0.3785,1.92,-0.4629,measured,0.1757,0.1533,0.0914,0.2011,0.3785
1,339,Groundnut,0.58,1.63,22,1.5960100105300083,0.5328,-0.61,-1.2718,measured,0.1682,0.0795,0.0362,0.1833,0.5328
1,340,Rice,69.99,1.703,22,0.8538129886400763,0.4769,4.1,-0.3692,measured,0.4769,0.0931,0.0701,0.1374,0.2224
1,341,Groundnut,20.78,2.28,22,1.4042032565193134,0.2388,1.61,-0.6111,measured,0.209,0.204,0.1595,0.1887,0.2388
1,342,Cotton,14.65,0.328,22,0.3523437320829827,0.288,2.64,-0.441,measured,0.2273,0.288,0.1655,0.1422,0.177
1,343,Groundnut,21.38,2.276,22,0.4519907706112032,0.2445,2.44,-0.6031,measured,0.2245,0.2221,0.1486,0.1602,0.2445
1,344,Cotton,97.41,0.444,22,0.765893171710428,0.9781,0.58,1.8114,measured,0.0002,0.9781,0.018,0.0001,0.0036
1,345,Bajra,2.28,2.919,22,1.068248846807722,0.3734,1.64,-0.876,measured,0.3241,0.0349,0.0992,0.3734,0.1684
1,346,Bajra,39.53,2.819,22,0.9825367848894824,0.3737,1.03,-0.316,measured,0.1668,0.0586,0.1987,0.3737,0.2021
1,347,Groundnut,6.0,1.715,22,1.2277659917656358,0.3916,0.63,-0.8977,measured,0.1511,0.088,0.1146,0.2547,0.3916
1,348,Bajra,9.09,2.776,22,0.5345383746943924,0.3468,1.58,-0.6616,measured,0.2219,0.0555,0.137,0.3468,0.2388
1,349,Rice,39.42,1.542,22,1.1666711468102835,0.3093,2.79,-0.6803,measured,0.3093,0.1389,0.0949,0.1582,0.2987
1,350,Groundnut,79.86,1.93,22,0.4777295948184044,0.3356,0.32,0.0276,measured,0.0546,0.2105,0.2181,0.1812,0.3356
1,351,Cotton,4.59,0.268,22,1.390780801866487,0.3484,1.4,-0.918,measured,0.1347,0.3484,0.1392,0.1033,0.2744
1,352,Groundnut,19.42,1.588,22,0.3683717190155463,0.4198,0.91,-0.6299,measured,0.277,0.0458,0.0124,0.245,0.4198
1,353,Groundnut,45.36,1.763,22,0.7154449728476883,0.4023,0.05,-0.3412,measured,0.1653,0.1124,0.049,0.271,0.4023
1,354,Bajra,9.69,2.732,22,0.1942681709057613,0.3093,0.07,-0.6501,measured,0.198,0.1397,0.0734,0.3093,0.2797
1,355,Groundnut,31.08,1.961,22,0.6405699028036437,0.3907,2.71,-0.4871,measured,0.1852,0.3101,0.0402,0.0737,0.3907
1,356,Groundnut,73.53,1.863,22,3.4870211523025763,0.4543,0.04,-0.0527,measured,0.0734,0.1476,0.1223,0.2024,0.4543
1,357,Groundnut,59.26,1.683,22,1.773973407142243,0.3703,-0.21,-0.2054,measured,0.0808,0.1073,0.1371,0.3044,0.3703
1,358,Groundnut,65.96,1.871,22,1.0030560652810323,0.3053,-0.09,-0.1368,measured,0.0846,0.1995,0.1608,0.2498,0.3053
1,359,Groundnut,73.15,1.961,22,1.1243145242197328,0.6113,1.44,-0.0571,measured,0.1026,0.1801,0.0217,0.0844,0.6113
1,360,Cotton,2.74,0.311,22,0.3577856720256962,0.2452,1.17,-1.0938,measured,0.1718,0.2452,0.2049,0.1523,0.2258
1,361,Groundnut,32.34,1.616,22,1.0700679113211724,0.3983,1.23,-0.4734,measured,0.154,0.0557,0.0775,0.3145,0.3983
1,362,Groundnut,23.21,1.403,22,0.8972080155162842,0.3878,0.24,-0.5793,measured,0.1292,0.0426,0.0568,0.3836,0.3878
1,363,Cotton,32.95,0.33,22,0.5148690725528019,0.3749,-0.9,0.0177,measured,0.034,0.3749,0.2886,0.1311,0.1714
1,364,Groundnut,91.04,2.043,22,0.3985669466216266,0.2747,-0.01,0.2238,measured,0.0749,0.2491,0.1719,0.2294,0.2747
1,365,Bajra,31.63,2.971,22,0.4625124653439409,0.3403,0.36,-0.3847,measured,0.1669,0.119,0.1503,0.3403,0.2235
1,366,Groundnut,24.66,2.013,22,0.6305903969406799,0.2989,1.82,-0.5612,measured,0.1862,0.2266,0.113,0.1753,0.2989
1,367,Bajra,40.03,2.628,22,0.2021444470803958,0.3266,1.48,-0.3119,measured,0.1265,0.1415,0.2774,0.3266,0.128
1,368,Groundnut,38.93,2.033,22,0.968417767219628,0.3361,1.44,-0.4049,measured,0.1571,0.2066,0.1184,0.1817,0.3361
1,369,Cotton,21.63,0.359,22,0.2506905736298268,0.6325,0.67,-0.2404,measured,0.0331,0.6325,0.2169,0.0408,0.0767
1,370,Cotton,16.29,0.366,22,0.2355886103566377,0.6427,1.33,-0.3893,measured,0.0674,0.6427,0.167,0.044,0.0789
1,371,Cotton,34.34,0.3,22,0.7369441444436556,0.4229,0.24,0.0463,measured,0.0702,0.4229,0.1607,0.1251,0.2211
1,372,Cotton,7.61,0.27,22,0.4214209698728999,0.4731,0.35,-0.727,measured,0.1021,0.4731,0.1192,0.1008,0.2048
1,373,Groundnut,39.68,1.608,22,1.7138235892495668,0.4011,1.0,-0.3973,measured,0.1435,0.0564,0.0751,0.3238,0.4011
1,374,Groundnut,44.03,2.111,22,2.819943391078925,0.4004,2.1,-0.3542,measured,0.1521,0.1718,0.1245,0.1512,0.4004
1,375,Rice,22.79,1.466,22,0.7496783738599766,0.3587,2.6,-0.8678,measured,0.3587,0.1166,0.095,0.2105,0.2192
1,376,Cotton,3.1,0.31,22,0.4036799134390735,0.4897,1.21,-1.0529,measured,0.0602,0.4897,0.2197,0.0461,0.1843
1,377,Rice,5.41,1.47,22,0.5670231911252412,0.3675,2.09,-1.2055,measured,0.3675,0.1529,0.0895,0.1727,0.2174
1,378,Cotton,80.38,0.298,22,0.9978975444577148,0.8355,0.89,0.9924,measured,0.0062,0.8355,0.0242,0.0054,0.1288
1,379,Cotton,34.22,0.294,22,0.1725464974076412,0.3585,-1.09,0.0438,measured,0.0779,0.3585,0.1485,0.251,0.1641
1,380,Cotton,78.94,0.457,22,0.2385056719887044,0.7657,0.37,0.9539,measured,0.0126,0.7657,0.1748,0.021,0.0259
1,381,Groundnut,19.37,1.645,22,0.4308311902793345,0.3718,0.64,-0.6306,measured,0.1948,0.0969,0.0521,0.2844,0.3718
1,382,Cotton,12.19,0.24,22,0.1987242048391292,0.3753,0.76,-0.5268,measured,0.0932,0.3753,0.1174,0.1223,0.2918
1,383,Cotton,56.73,0.363,22,0.1022631011815819,0.2823,,,imputed_spatial_same_crop,0.1019,0.2823,0.1533,0.1802,0.2823
1,384,Cotton,56.73,0.363,22,0.1395918366313292,0.2823,,,imputed_spatial_same_crop,0.1019,0.2823,0.1533,0.1802,0.2823
1,385,Cotton,64.59,0.38,22,0.0677907865748431,0.2823,,,imputed_spatial_same_crop,0.1019,0.2823,0.1533,0.1802,0.2823
1,386,Rice,0.73,2.116,22,0.2192110577475543,0.993,26.06,-1.5339,rfi_flagged,0.993,0.0018,0.0015,0.0017,0.0019
1,387,Rice,0.03,1.758,22,0.2020509404142093,0.9945,24.33,-1.9128,rfi_flagged,0.9945,0.0003,0.0001,0.0027,0.0024
1,388,Cotton,51.92,0.353,22,0.0909549608202883,0.6084,,,imputed_spatial_same_crop,0.0173,0.6084,0.0111,0.0174,0.3458
1,389,Cotton,51.92,0.353,22,0.1741471641977431,0.2823,,,imputed_spatial_same_crop,0.1019,0.2823,0.1533,0.1802,0.2823
1,390,Cotton,76.49,0.405,22,0.2231943275792059,0.2823,,,imputed_spatial_same_crop,0.1019,0.2823,0.1533,0.1802,0.2823
1,391,Cotton,51.92,0.353,22,0.2027115518899628,0.2823,,,imputed_spatial_same_crop,0.1019,0.2823,0.1533,0.1802,0.2823
1,392,Cotton,51.92,0.353,22,0.1358435637914478,0.2823,,,imputed_spatial_same_crop,0.1019,0.2823,0.1533,0.1802,0.2823
1,393,Cotton,51.92,0.353,22,0.1270314314274379,0.2823,,,imputed_spatial_same_crop,0.1019,0.2823,0.1533,0.1802,0.2823
1,394,Cotton,51.92,0.353,22,0.0578884432963519,0.2823,,,imputed_spatial_same_crop,0.1019,0.2823,0.1533,0.1802,0.2823
1,395,Cotton,51.92,0.353,22,0.0748161587044376,0.2823,,,imputed_spatial_same_crop,0.1019,0.2823,0.1533,0.1802,0.2823
1,396,Cotton,51.92,0.353,22,0.1352313505241906,0.2823,,,imputed_spatial_same_crop,0.1019,0.2823,0.1533,0.1802,0.2823
1,397,Cotton,51.92,0.353,22,0.1874663135430153,0.2823,,,imputed_spatial_same_crop,0.1019,0.2823,0.1533,0.1802,0.2823
1,398,Cotton,51.92,0.353,22,0.0895022850057635,0.2823,,,imputed_spatial_same_crop,0.1019,0.2823,0.1533,0.1802,0.2823
1,399,Cotton,51.92,0.353,22,0.0663007984793627,0.2823,,,imputed_spatial_same_crop,0.1019,0.2823,0.1533,0.1802,0.2823
1,400,Cotton,51.92,0.353,22,0.0665568876974908,0.2823,,,imputed_spatial_same_crop,0.1019,0.2823,0.1533,0.1802,0.2823
1,401,Cotton,51.92,0.353,22,0.075503484120892,0.2823,,,imputed_spatial_same_crop,0.1019,0.2823,0.1533,0.1802,0.2823
1,402,Cotton,51.92,0.353,22,0.1147239548183838,0.2823,,,imputed_spatial_same_crop,0.1019,0.2823,0.1533,0.1802,0.2823
1,403,Cotton,51.92,0.353,22,0.1138478329458833,0.2823,,,imputed_spatial_same_crop,0.1019,0.2823,0.1533,0.1802,0.2823
1,404,Cotton,51.92,0.353,22,0.139267666591027,0.2823,,,imputed_spatial_same_crop,0.1019,0.2823,0.1533,0.1802,0.2823
1,405,Cotton,51.92,0.353,22,0.0494787589120025,0.2823,,,imputed_spatial_same_crop,0.1019,0.2823,0.1533,0.1802,0.2823
1,406,Cotton,51.92,0.353,22,0.1228598942750505,0.2823,,,imputed_spatial_same_crop,0.1019,0.2823,0.1533,0.1802,0.2823
1,407,Cotton,31.79,0.311,22,0.1773483031430975,0.2823,,,imputed_spatial_same_crop,0.1019,0.2823,0.1533,0.1802,0.2823
1,408,Cotton,8.81,0.263,22,0.1758786606699972,0.2823,,,imputed_spatial_same_crop,0.1019,0.2823,0.1533,0.1802,0.2823
1,409,Cotton,76.49,0.405,22,0.0896289367019814,0.2823,,,imputed_spatial_same_crop,0.1019,0.2823,0.1533,0.1802,0.2823
1,410,Cotton,8.81,0.605,22,0.1209058739095106,0.8536,25.65,-0.6673,rfi_flagged,0.0915,0.8536,0.0201,0.0,0.0348
1,411,Cotton,51.92,0.353,22,0.0998596373453189,0.2823,,,imputed_spatial_same_crop,0.1019,0.2823,0.1533,0.1802,0.2823
1,412,Cotton,51.92,0.353,22,0.1512283896605371,0.2823,,,imputed_spatial_same_crop,0.1019,0.2823,0.1533,0.1802,0.2823
1,413,Cotton,51.92,0.353,22,0.1146565708858193,0.2823,,,imputed_spatial_same_crop,0.1019,0.2823,0.1533,0.1802,0.2823
1,414,Cotton,51.92,0.353,22,0.0840443904075514,0.2823,,,imputed_spatial_same_crop,0.1019,0.2823,0.1533,0.1802,0.2823
1,415,Maize,36.87,2.023,22,0.0900858260800494,0.491,,,imputed_spatial_same_crop,0.0982,0.0074,0.491,0.3868,0.0166
1,416,Cotton,51.92,0.353,22,0.1069232413880061,0.2823,,,imputed_spatial_same_crop,0.1019,0.2823,0.1533,0.1802,0.2823
1,417,Cotton,51.92,0.353,22,0.0933179088006988,0.2823,,,imputed_spatial_same_crop,0.1019,0.2823,0.1533,0.1802,0.2823
1,418,Rice,96.3,1.806,22,0.0780034485237215,0.987,18.77,0.1266,rfi_flagged,0.987,0.0018,0.0008,0.0044,0.006
1,419,Cotton,51.92,0.315,22,0.187999441704919,0.7827,0.67,0.3855,measured,0.0124,0.7827,0.1049,0.0159,0.0841
1,420,Maize,23.54,1.348,22,0.1190419878866117,0.3095,0.06,-0.1996,measured,0.032,0.1338,0.3095,0.3076,0.2172
1,421,Groundnut,17.4,1.915,22,0.1307876963301807,0.4668,3.4,-0.6593,measured,0.1739,0.1811,0.0838,0.0945,0.4668
1,422,Bajra,75.0,2.446,22,0.2617540848663456,0.3344,0.77,-0.0123,measured,0.0801,0.1396,0.2198,0.3344,0.2261
1,423,Maize,40.23,1.897,22,0.1273410501554589,0.3816,0.58,0.0933,measured,0.0505,0.2578,0.3816,0.1766,0.1336
1,424,Groundnut,53.27,1.799,22,0.1231783903473832,0.2931,0.5,-0.2643,measured,0.1746,0.2136,0.0601,0.2586,0.2931
1,425,Cotton,85.47,0.319,22,0.1831811562379054,0.8405,-0.92,1.1438,measured,0.0064,0.8405,0.0651,0.0145,0.0735
1,426,Groundnut,94.74,1.874,22,0.0972574889193448,0.4275,-0.89,0.3307,measured,0.0811,0.1809,0.0639,0.2466,0.4275
1,427,Groundnut,64.22,1.778,22,0.1821130129321728,0.3602,1.34,-0.1551,measured,0.1595,0.0916,0.085,0.3037,0.3602
1,428,Groundnut,50.18,1.549,22,0.1724722811208963,0.3843,1.37,-0.2943,measured,0.1769,0.0381,0.0437,0.357,0.3843
1,429,Cotton,83.62,0.344,22,0.1065567867081176,0.6613,1.05,1.0854,measured,0.0052,0.6613,0.232,0.0175,0.0839
1,430,Cotton,76.49,0.244,22,0.0989364261380969,0.5186,0.69,0.8922,measured,0.0388,0.5186,0.0868,0.0839,0.2718
1,431,Cotton,21.8,0.266,22,0.1410992926610027,0.323,0.19,-0.2361,measured,0.0747,0.323,0.1987,0.2398,0.1638
1,432,Bajra,98.05,2.445,22,0.1131706324664488,0.4413,-1.25,0.4366,measured,0.1006,0.1132,0.0347,0.4413,0.3102
1,433,Groundnut,18.48,1.734,22,0.1352923248489435,0.3778,1.0,-0.6432,measured,0.2029,0.0746,0.0633,0.2814,0.3778
1,434,Cotton,77.19,0.338,22,0.1227351169267869,0.7732,0.06,0.9094,measured,0.0138,0.7732,0.1112,0.0277,0.0742
1,435,Bajra,99.92,2.894,22,0.0741918320125327,0.3137,-0.28,0.7877,measured,0.0471,0.1672,0.2461,0.3137,0.2259
1,436,Cotton,25.3,0.247,22,0.1186127164251362,0.3979,-1.12,-0.1505,measured,0.0599,0.3979,0.0982,0.144,0.2999
1,437,Cotton,56.73,0.305,22,0.1306669443564322,0.344,-1.29,0.4769,measured,0.0305,0.344,0.2159,0.1646,0.245
1,438,Cotton,69.53,0.279,22,0.1448332909927037,0.3213,-0.6,0.7335,measured,0.0384,0.3213,0.185,0.2351,0.2202
1,439,Maize,73.33,2.134,22,0.1010327358234228,0.5592,0.76,0.6312,measured,0.0195,0.1898,0.5592,0.0986,0.1328
1,440,Cotton,18.16,0.272,22,0.1513593903421214,0.2849,-0.7,-0.3341,measured,0.0844,0.2849,0.1422,0.2059,0.2826
1,441,Groundnut,99.85,1.655,22,0.0752466385374019,0.7031,-1.11,0.8549,measured,0.0175,0.0956,0.0544,0.1294,0.7031
1,442,Groundnut,32.79,1.589,22,0.145268003031462,0.3684,0.49,-0.4685,measured,0.1342,0.0882,0.0848,0.3244,0.3684
1,443,Bajra,79.08,2.355,22,0.2685436355180668,0.4519,-1.22,0.0313,measured,0.1111,0.0593,0.0433,0.4519,0.3344
1,444,Rice,0.81,1.758,22,0.4904839466247684,0.9746,28.31,-1.5192,rfi_flagged,0.9746,0.0141,0.0009,0.0008,0.0096
1,445,Rice,33.32,2.111,22,0.3252314726123673,0.9794,26.82,-0.7442,rfi_flagged,0.9794,0.0113,0.0045,0.0014,0.0034
1,446,Cotton,8.81,0.531,22,0.3153823649757301,0.8898,29.31,-0.6673,rfi_flagged,0.0977,0.8898,0.0114,0.0,0.0011
1,447,Cotton,22.24,0.291,22,0.1706812611493622,0.3429,,,imputed_spatial_same_crop,0.086,0.3429,0.1146,0.1403,0.3162
1,448,Cotton,22.24,0.291,22,0.121957644637218,0.2823,,,imputed_spatial_same_crop,0.1019,0.2823,0.1533,0.1802,0.2823
1,449,Cotton,22.24,0.291,22,0.0889376568097096,0.2823,,,imputed_spatial_same_crop,0.1019,0.2823,0.1533,0.1802,0.2823
1,450,Cotton,22.24,0.291,22,0.1030874091253543,0.2823,,,imputed_spatial_same_crop,0.1019,0.2823,0.1533,0.1802,0.2823
1,451,Cotton,22.24,0.291,22,0.1712863025543503,0.2823,,,imputed_spatial_same_crop,0.1019,0.2823,0.1533,0.1802,0.2823
1,452,Rice,0.65,1.758,22,0.1099288989404731,0.9857,28.76,-1.5502,rfi_flagged,0.9857,0.0062,0.0009,0.0011,0.0062
1,453,Cotton,5.9,0.383,22,0.1167168704508762,0.7139,28.68,-0.8255,rfi_flagged,0.2633,0.7139,0.0209,0.0001,0.0018
1,454,Bajra,54.77,2.306,22,0.3054868557778105,0.3605,-0.27,-0.1915,measured,0.0915,0.1102,0.1132,0.3605,0.3246
1,455,Bajra,43.65,1.611,22,0.1099937996052906,0.5974,-1.39,-0.2818,measured,0.0896,0.023,0.0252,0.5974,0.2648
1,456,Cotton,43.37,0.33,22,0.1227482566561767,0.6585,-0.04,0.2238,measured,0.0099,0.6585,0.2088,0.0251,0.0977
1,457,Cotton,22.24,0.257,22,0.1016183650017705,0.4271,-0.75,-0.2249,measured,0.0477,0.4271,0.1341,0.1187,0.2724
1,458,Cotton,31.79,0.235,22,0.1062084710291445,0.3717,-0.2,-0.0066,measured,0.0951,0.3717,0.0784,0.1765,0.2783
1,459,Rice,70.72,1.686,22,0.1706364841076529,0.5945,5.08,-0.361,measured,0.5945,0.0716,0.0305,0.0815,0.2219
1,460,Groundnut,97.36,1.695,22,0.0800586046246009,0.4046,0.08,0.453,measured,0.0514,0.1346,0.1348,0.2746,0.4046
1,461,Rice,75.1,2.129,22,0.1745334382426218,0.9912,20.84,-0.3089,rfi_flagged,0.9912,0.0006,0.0008,0.0052,0.0022
1,462,Maize,66.15,2.409,22,0.177026733048418,0.4517,,,imputed_spatial_same_crop,0.1138,0.0172,0.4517,0.3843,0.0328
1,463,Rice,0.45,1.758,22,0.0913840449500568,0.9544,29.51,-1.601,rfi_flagged,0.9544,0.0136,0.0003,0.0007,0.0309
1,464,Cotton,31.27,0.31,22,0.256712414809108,0.2823,,,imputed_spatial_same_crop,0.1019,0.2823,0.1533,0.1802,0.2823
1,465,Cotton,22.24,0.291,22,0.2917391167715356,0.2823,,,imputed_spatial_same_crop,0.1019,0.2823,0.1533,0.1802,0.2823
1,466,Bajra,87.98,2.739,22,0.2698876320493243,0.297,-0.8,0.1492,measured,0.0746,0.2632,0.1221,0.297,0.243
1,467,Groundnut,36.29,1.315,22,0.2922226121952749,0.4786,0.72,-0.4317,measured,0.1,0.051,0.0536,0.3168,0.4786
1,468,Rice,79.62,1.965,22,0.0911195235807055,0.99,22.36,-0.2498,rfi_flagged,0.99,0.0026,0.0009,0.0027,0.0038
1,469,Cotton,73.08,0.305,22,0.2402989172515131,0.5966,0.56,0.8118,measured,0.0183,0.5966,0.1742,0.0511,0.1598
1,470,Cotton,58.31,0.294,22,0.1606899894870283,0.377,-1.06,0.507,measured,0.0569,0.377,0.1545,0.258,0.1537
1,471,Cotton,72.73,0.377,22,0.1856188783839298,0.6841,-0.84,0.8038,measured,0.0129,0.6841,0.1658,0.0322,0.1051
1,472,Cotton,36.38,0.306,22,0.18878809722125,0.4364,-1.01,0.0876,measured,0.0365,0.4364,0.22,0.1396,0.1675
1,473,Bajra,94.07,2.359,22,0.1430337150801233,0.4288,-1.04,0.274,measured,0.0695,0.1308,0.1077,0.4288,0.2631
1,474,Cotton,14.9,0.287,22,0.0963185488537208,0.7552,1.4,-0.433,measured,0.0205,0.7552,0.0936,0.0119,0.1189
1,475,Rice,0.94,1.244,22,0.0917433134354056,0.3322,2.3,-1.4973,measured,0.3322,0.1469,0.0856,0.1838,0.2516
1,476,Groundnut,40.54,1.499,22,0.0867593207062643,0.3929,-0.82,-0.3887,measured,0.0773,0.0466,0.0998,0.3834,0.3929
1,477,Bajra,0.03,1.71,22,0.0795514990984142,0.4495,-0.3,-1.3281,measured,0.2662,0.0163,0.0107,0.4495,0.2573
1,478,Bajra,40.79,2.084,22,0.0839916335803564,0.4208,-0.13,-0.3055,measured,0.0912,0.0925,0.1369,0.4208,0.2586
1,479,Bajra,83.16,2.21,22,0.1380084472045846,0.3841,-0.88,0.0802,measured,0.0702,0.122,0.09,0.3841,0.3338
1,480,Groundnut,78.36,1.534,22,0.1001175208381452,0.384,-0.42,0.0075,measured,0.0904,0.1906,0.053,0.282,0.384
1,481,Bajra,50.0,2.398,22,0.2403069130365946,0.416,-0.6,-0.2302,measured,0.0952,0.1236,0.1777,0.416,0.1875
1,482,Cotton,85.77,0.28,22,0.044650843468584,0.7885,-1.21,1.1537,measured,0.0058,0.7885,0.0354,0.0099,0.1604
1,483,Maize,35.49,2.095,22,0.0432005622432614,0.5029,1.41,0.0161,measured,0.008,0.2014,0.5029,0.0215,0.2661
1,484,Cotton,25.98,0.273,22,0.1930456949426987,0.4008,-0.61,-0.1348,measured,0.0629,0.4008,0.1687,0.201,0.1667
1,485,Cotton,26.49,0.272,22,0.2791231881668802,0.4319,0.02,-0.1228,measured,0.0648,0.4319,0.1516,0.1385,0.2132
1,486,Rice,90.81,2.143,22,0.1676648984824417,0.9816,13.5,-0.053,measured,0.9816,0.0014,0.0026,0.0062,0.0081
1,487,Bajra,11.66,1.812,22,0.1412971222008638,0.4202,-2.13,-0.6155,measured,0.0843,0.1095,0.0476,0.4202,0.3385
1,488,Groundnut,26.67,1.294,22,0.096307335907597,0.482,-0.53,-0.537,measured,0.0797,0.0378,0.0529,0.3476,0.482
1,489,Bajra,76.95,2.238,22,0.0804609686412166,0.4394,-1.5,0.008,measured,0.0696,0.0475,0.0872,0.4394,0.3562
1,490,Groundnut,91.99,1.63,22,0.0923559261789525,0.4418,1.56,0.2474,measured,0.0981,0.1872,0.063,0.2099,0.4418
1,491,Bajra,92.35,2.59,22,0.1762386218897898,0.4093,-0.37,0.2317,measured,0.1143,0.0897,0.0632,0.4093,0.3234
1,492,Cotton,39.12,0.284,22,0.1181822677593686,0.483,0.1,0.1418,measured,0.0702,0.483,0.1343,0.1411,0.1715
1,493,Cotton,64.59,0.314,22,0.1160567113296273,0.3281,-0.26,0.6307,measured,0.0452,0.3281,0.2139,0.1814,0.2314
1,494,Cotton,45.06,0.28,22,0.1644427004074185,0.3276,-1.55,0.2561,measured,0.0573,0.3276,0.1228,0.2108,0.2813
1,495,Bajra,14.42,2.474,22,0.1089236851216604,0.3888,-0.53,-0.5733,measured,0.1635,0.1604,0.0833,0.3888,0.204
1,496,Cotton,25.84,0.248,22,0.1629603049676952,0.2806,-0.89,-0.138,measured,0.0787,0.2806,0.1194,0.2654,0.2559
1,497,Cotton,60.04,0.281,22,0.1806301414067923,0.3395,1.02,0.5406,measured,0.0514,0.3395,0.1861,0.1437,0.2794
1,498,Bajra,96.71,2.607,22,0.1602551624910886,0.3647,-0.83,0.3645,measured,0.0681,0.14,0.1182,0.3647,0.309
1,499,Bajra,0.75,1.805,22,0.1336757797223952,0.5452,2.55,-1.0159,measured,0.3212,0.0031,0.0164,0.5452,0.1141
1,500,Groundnut,98.73,2.038,22,0.1377554802401774,0.3971,-1.53,0.5689,measured,0.0372,0.2665,0.1214,0.1778,0.3971
1,501,Cotton,48.48,0.26,22,0.1471149749475219,0.4402,0.07,0.3208,measured,0.0444,0.4402,0.1322,0.1152,0.2679
1,502,Cotton,16.59,0.267,22,0.1344802344217112,0.2501,1.44,-0.3802,measured,0.1364,0.2501,0.1613,0.2169,0.2352
1,503,Bajra,26.2,2.916,22,0.2026347051363618,0.294,-0.09,-0.4361,measured,0.1236,0.1964,0.212,0.294,0.1741
1,504,Cotton,29.27,0.282,22,0.1511967240891229,0.5056,1.1,-0.0607,measured,0.0711,0.5056,0.1403,0.0892,0.1937
1,505,Bajra,94.51,2.765,22,0.1015830987330794,0.3966,1.22,0.2866,measured,0.1327,0.1515,0.1292,0.3966,0.1899
1,506,Bajra,27.45,2.284,22,0.1007333501969106,0.4225,-0.44,-0.4239,measured,0.1297,0.1956,0.1026,0.4225,0.1496
1,507,Bajra,28.16,2.606,22,0.1492172537858076,0.4719,-0.94,-0.417,measured,0.1599,0.1314,0.0968,0.4719,0.1401
1,508,Bajra,62.78,2.336,22,0.2176167412887505,0.3599,-0.18,-0.1249,measured,0.0947,0.1197,0.1042,0.3599,0.3215
1,509,Bajra,45.96,2.576,22,0.1657768055223072,0.4426,0.69,-0.263,measured,0.1712,0.0563,0.0976,0.4426,0.2324
1,510,Cotton,70.65,0.247,22,0.1223672355262345,0.583,0.37,0.7576,measured,0.035,0.583,0.1006,0.0953,0.1861
1,511,Maize,70.3,2.499,22,0.3306555545046636,0.4884,2.03,0.5756,measured,0.0092,0.4399,0.4884,0.0193,0.0432
1,512,Cotton,24.09,0.272,22,0.2586701865126444,0.3536,-0.49,-0.1794,measured,0.0376,0.3536,0.2191,0.1389,0.2508
1,513,Bajra,4.28,2.548,22,0.195207576854954,0.3556,1.34,-0.7858,measured,0.212,0.111,0.1377,0.3556,0.1837
1,514,Groundnut,17.09,2.215,22,0.1849479099757573,0.2684,-0.24,-0.6639,measured,0.2049,0.2211,0.0928,0.2127,0.2684
1,515,Cotton,16.81,0.277,22,0.1123791051336908,0.4838,0.28,-0.3736,measured,0.0856,0.4838,0.1438,0.1353,0.1514
1,516,Bajra,55.47,2.801,22,0.2840670729549926,0.3331,0.85,-0.1858,measured,0.1813,0.1749,0.0853,0.3331,0.2254
1,517,Cotton,95.47,0.461,22,0.0792446906230123,0.8048,0.29,1.6213,measured,0.0008,0.8048,0.1667,0.0025,0.0252
1,518,Bajra,93.38,3.174,22,0.0656999065572408,0.3711,1.0,0.2559,measured,0.1571,0.0227,0.0843,0.3711,0.3648
1,519,Cotton,42.32,0.326,22,0.5447215477813234,0.6409,0.0,0.2037,measured,0.0173,0.6409,0.1531,0.0275,0.1612
1,520,Cotton,52.18,0.282,22,0.8513127096240398,0.4606,1.38,0.3906,measured,0.0395,0.4606,0.1608,0.0668,0.2722
1,521,Cotton,38.58,0.307,22,0.2473291007450734,0.3756,1.25,0.1312,measured,0.0762,0.3756,0.2062,0.1338,0.2081
1,522,Cotton,21.75,0.314,22,0.2516121697178553,0.2612,1.63,-0.2375,measured,0.1391,0.2612,0.2065,0.1888,0.2044
1,523,Cotton,68.33,0.28,22,0.1652413273952201,0.7772,0.65,0.7079,measured,0.0113,0.7772,0.0285,0.0103,0.1727
1,524,Groundnut,37.28,1.961,22,0.8612989626456616,0.6073,1.91,-0.4216,measured,0.1333,0.158,0.0169,0.0846,0.6073
1,525,Bajra,69.79,3.528,22,0.2599311903897489,0.2584,3.05,-0.0627,measured,0.2256,0.0971,0.222,0.2584,0.1969
1,526,Groundnut,79.89,1.84,22,0.2431002338182946,0.4808,1.14,0.0281,measured,0.0828,0.2935,0.0337,0.1091,0.4808
1,527,Groundnut,49.32,1.712,22,2.500848576841335,0.577,1.52,-0.3027,measured,0.1357,0.1067,0.036,0.1446,0.577
1,528,Groundnut,9.33,1.381,22,0.9825433740373588,0.5749,-0.69,-0.8071,measured,0.0977,0.0794,0.0336,0.2145,0.5749
1,529,Cotton,44.26,0.252,22,0.4940634585001887,0.4467,-0.27,0.2409,measured,0.0824,0.4467,0.0601,0.1035,0.3074
1,530,Groundnut,0.04,1.921,22,0.3696380340553226,0.3738,1.2,-1.5873,measured,0.2381,0.2073,0.0707,0.1101,0.3738
1,531,Groundnut,89.97,2.071,22,0.1038161631747896,0.3235,1.12,0.1992,measured,0.0571,0.2709,0.2081,0.1404,0.3235
1,532,Maize,47.96,1.825,22,0.1329832284225276,0.3787,-0.89,0.2146,measured,0.0231,0.3084,0.3787,0.1454,0.1444
1,533,Cotton,86.28,0.361,22,0.2415115627003901,0.7476,-0.39,1.171,measured,0.0057,0.7476,0.1461,0.0174,0.0832
1,534,Bajra,34.08,2.144,22,0.1886608496676608,0.4522,-0.16,-0.3628,measured,0.1324,0.0476,0.0648,0.4522,0.303
1,535,Cotton,38.64,0.234,22,0.1765557253714162,0.4479,-1.3,0.1323,measured,0.0504,0.4479,0.0898,0.1665,0.2454
1,536,Groundnut,100.0,1.88,22,0.0404355468667854,0.628,-4.11,1.3533,measured,0.0112,0.1046,0.0592,0.197,0.628
1,537,Groundnut,41.5,1.747,22,0.0439521715472426,0.4116,0.59,-0.3792,measured,0.1797,0.1028,0.0477,0.2583,0.4116
1,538,Bajra,74.4,2.463,22,0.0413056002289738,0.4471,0.75,-0.0183,measured,0.1779,0.0075,0.0217,0.4471,0.3458
1,539,Cotton,53.42,0.32,22,0.0563783451973083,0.6023,-0.04,0.4138,measured,0.0264,0.6023,0.1922,0.0736,0.1054
1,540,Cotton,74.99,0.349,22,0.0841851915694515,0.4458,-0.94,0.8562,measured,0.0328,0.4458,0.2124,0.1332,0.1759
1,541,Cotton,31.93,0.263,22,0.0900955213287215,0.3129,-1.36,-0.0036,measured,0.1663,0.3129,0.0511,0.2844,0.1854
1,542,Cotton,53.09,0.253,22,0.0975509091155648,0.4003,-0.53,0.4076,measured,0.0444,0.4003,0.0955,0.1113,0.3484
1,543,Cotton,52.74,0.271,22,0.1044356316650902,0.5087,-0.8,0.4009,measured,0.0197,0.5087,0.1333,0.0621,0.2762
1,544,Groundnut,86.84,2.004,22,1.0644223343721928,0.3575,0.53,0.1369,measured,0.0615,0.1944,0.202,0.1847,0.3575
1,545,Maize,35.44,1.828,22,1.2379552197366972,0.3042,1.09,0.0154,measured,0.0815,0.1773,0.3042,0.2296,0.2073
1,546,Cotton,99.15,0.332,22,1.2141040129704344,0.9424,0.79,2.1442,measured,0.0002,0.9424,0.0451,0.0003,0.0121
1,547,Groundnut,70.37,1.486,22,0.6823035464666509,0.5824,0.01,-0.089,measured,0.0668,0.124,0.043,0.1838,0.5824
1,548,Groundnut,30.51,1.557,22,0.7533470024140454,0.434,0.46,-0.4933,measured,0.1068,0.105,0.0897,0.2646,0.434
1,549,Cotton,41.84,0.254,22,0.3137235905644036,0.3648,-0.34,0.1945,measured,0.078,0.3648,0.0997,0.186,0.2715
1,550,Rice,51.61,1.575,22,0.4606338196593138,0.4443,3.55,-0.5592,measured,0.4443,0.1132,0.0607,0.1541,0.2277
1,551,Bajra,76.11,3.062,22,0.1696009172845742,0.4515,0.44,-0.0008,measured,0.2222,0.0507,0.0587,0.4515,0.2169
1,552,Bajra,37.52,1.979,22,0.2494268841373508,0.5404,-0.29,-0.333,measured,0.168,0.0174,0.0223,0.5404,0.252
1,553,Bajra,81.26,2.749,22,0.1284406975733947,0.4264,-0.25,0.0566,measured,0.1219,0.0633,0.1111,0.4264,0.2772
1,554,Bajra,42.79,2.713,22,0.4613383867075512,0.4015,0.43,-0.2889,measured,0.158,0.0806,0.1304,0.4015,0.2295
1,555,Groundnut,20.54,1.383,22,1.1271496322792165,0.3905,0.45,-0.6143,measured,0.1595,0.0288,0.0347,0.3865,0.3905
1,556,Cotton,95.04,0.383,22,0.4233013390986516,0.972,1.15,1.5887,measured,0.0002,0.972,0.023,0.0002,0.0046
1,557,Cotton,97.86,0.413,22,0.2987337725504171,0.9553,1.2,1.8723,measured,0.0005,0.9553,0.0361,0.0004,0.0077
1,558,Bajra,73.45,2.946,22,0.9442326829983092,0.3784,-0.65,-0.0277,measured,0.13,0.0683,0.0864,0.3784,0.3369
1,559,Maize,84.14,3.006,22,0.4174512297340512,0.4922,0.51,0.8645,measured,0.0083,0.4826,0.4922,0.01,0.0069
1,560,Bajra,49.99,2.845,22,0.6725763753459075,0.3875,1.65,-0.2303,measured,0.1927,0.0629,0.1463,0.3875,0.2106
1,561,Cotton,31.9,0.482,22,0.4397974925726421,0.4778,0.71,-0.0042,measured,0.0181,0.4778,0.4647,0.0213,0.0182
1,562,Cotton,82.15,0.532,22,0.2438421813596782,0.6078,2.4,1.0418,measured,0.0063,0.6078,0.3537,0.0076,0.0247
1,563,Cotton,31.28,0.46,22,0.2196439918163695,0.6119,1.55,-0.0175,measured,0.0288,0.6119,0.3007,0.0268,0.0318
1,564,Cotton,32.26,0.26,22,0.4751739944836876,0.4034,-0.13,0.0032,measured,0.0552,0.4034,0.1352,0.1298,0.2764
1,565,Cotton,49.77,0.319,22,0.1140550917385265,0.5565,0.03,0.3451,measured,0.0651,0.5565,0.1264,0.1032,0.1488
1,566,Cotton,19.72,0.308,22,0.2808860739766131,0.301,0.31,-0.2907,measured,0.1113,0.301,0.1781,0.1993,0.2102
1,567,Cotton,9.7,0.268,22,0.4230612460997342,0.3348,-0.33,-0.6271,measured,0.0772,0.3348,0.1652,0.1547,0.2681
1,568,Cotton,76.3,0.42,22,0.1505242195589567,0.7638,-2.15,0.8874,measured,0.0073,0.7638,0.156,0.0254,0.0475
1,569,Groundnut,20.76,2.16,22,0.5757768329702583,0.4061,2.08,-0.6113,measured,0.1627,0.264,0.0767,0.0904,0.4061
1,570,Cotton,99.17,0.4,22,1.6120899250143288,0.9607,0.59,2.1505,measured,0.0002,0.9607,0.0317,0.0002,0.0072
1,571,Groundnut,93.62,1.759,22,0.6626345621976223,0.3914,0.11,0.2935,measured,0.0519,0.2109,0.136,0.2098,0.3914
1,572,Cotton,58.87,0.432,22,0.6223063217066931,0.3868,0.79,0.5178,measured,0.0984,0.3868,0.2476,0.1239,0.1434
1,573,Groundnut,72.45,2.089,22,1.273891552877008,0.4215,1.96,-0.0654,measured,0.1314,0.2914,0.0582,0.0975,0.4215
1,574,Cotton,56.76,0.262,22,0.7135218324367294,0.727,0.04,0.4773,measured,0.0135,0.727,0.0401,0.0157,0.2037
1,575,Groundnut,41.41,1.939,22,0.7889566409347055,0.2811,0.05,-0.38,measured,0.0912,0.196,0.2021,0.2295,0.2811
1,576,Groundnut,8.14,1.863,22,0.1748646271367337,0.2644,-1.09,-0.8361,measured,0.1267,0.2321,0.1261,0.2507,0.2644
1,577,Cotton,59.41,0.366,22,0.1507729260125211,0.8298,0.96,0.5284,measured,0.0064,0.8298,0.1284,0.01,0.0253
1,578,Cotton,55.98,0.506,22,0.282146896543282,0.4859,0.79,0.4625,measured,0.0544,0.4859,0.3674,0.0559,0.0363
1,579,Cotton,77.83,0.522,22,0.4596120191386753,0.5145,-0.48,0.9256,measured,0.0148,0.5145,0.4229,0.0266,0.0212
1,580,Cotton,68.35,0.319,22,0.1585226202588837,0.5156,-0.42,0.7083,measured,0.0565,0.5156,0.0983,0.0934,0.2362
1,581,Cotton,59.65,0.322,22,0.3381779372622051,0.5708,-0.28,0.533,measured,0.0762,0.5708,0.0909,0.1047,0.1573
1,582,Cotton,78.79,0.39,22,0.3330963064426387,0.8866,-0.93,0.9502,measured,0.0015,0.8866,0.0754,0.0027,0.0338
1,583,Groundnut,62.35,1.671,22,0.7334427895405267,0.6122,0.85,-0.1743,measured,0.0734,0.1662,0.0301,0.118,0.6122
1,584,Maize,86.09,3.006,22,0.8413062359421699,0.4761,0.61,0.9164,measured,0.0218,0.4568,0.4761,0.0261,0.0191
1,585,Cotton,91.3,0.544,22,0.3410882309356329,0.8888,-0.72,1.3714,measured,0.0039,0.8888,0.0907,0.0052,0.0114
1,586,Bajra,98.34,2.722,22,0.1400604314572162,0.4407,1.52,0.4577,measured,0.1549,0.0749,0.0752,0.4407,0.2542
1,587,Cotton,41.94,0.356,22,0.1656896793481617,0.6884,0.58,0.1964,measured,0.029,0.6884,0.1562,0.0346,0.0918
1,588,Bajra,94.67,2.444,22,0.1688590269462622,0.3761,-0.87,0.2911,measured,0.0838,0.1305,0.0619,0.3761,0.3477
1,589,Bajra,6.73,1.731,22,0.0352974566787609,0.7241,-1.88,-0.7137,measured,0.19,0.0029,0.0054,0.7241,0.0775
1,590,Cotton,34.43,0.251,22,0.1412877818025019,0.6094,0.03,0.0481,measured,0.0348,0.6094,0.1188,0.0768,0.1602
1,591,Cotton,15.86,0.231,22,0.1776757317516739,0.3086,-1.12,-0.4023,measured,0.1259,0.3086,0.0627,0.226,0.2767
1,592,Cotton,49.54,0.276,22,0.6900126625425295,0.347,0.03,0.3407,measured,0.0134,0.347,0.2934,0.0785,0.2676
1,593,Groundnut,91.82,1.596,22,1.0611812859193357,0.4108,-0.83,0.243,measured,0.0189,0.2288,0.1889,0.1526,0.4108
1,594,Cotton,97.98,0.409,22,1.4630833591899588,0.9741,0.48,1.89,measured,0.0002,0.9741,0.0207,0.0001,0.0049
1,595,Cotton,98.6,0.52,22,1.0994954291794508,0.9431,-0.3,2.0012,measured,0.0005,0.9431,0.048,0.0005,0.008
1,596,Groundnut,30.34,1.843,22,0.5211644070332737,0.328,-0.09,-0.4952,measured,0.1,0.2371,0.1309,0.2042,0.328
1,597,Cotton,3.52,0.338,22,0.5359766470809272,0.3866,-0.63,-1.0102,measured,0.0768,0.3866,0.2344,0.0949,0.2072
1,598,Cotton,28.42,0.287,22,0.1790612843389417,0.2537,0.68,-0.0793,measured,0.0898,0.2537,0.2023,0.2271,0.2272
1,599,Cotton,16.49,0.326,22,0.5188792626184952,0.3045,-0.12,-0.3832,measured,0.0665,0.3045,0.273,0.1532,0.2029
1,600,Cotton,19.59,0.27,22,0.2615006475105891,0.5107,0.82,-0.2943,measured,0.0525,0.5107,0.1411,0.0665,0.2292
1,601,Bajra,53.26,2.984,22,0.136808104476643,0.2655,1.21,-0.2038,measured,0.1503,0.2209,0.1368,0.2655,0.2265
1,602,Cotton,71.84,0.359,22,0.0649705906902342,0.7399,-0.8,0.784,measured,0.009,0.7399,0.159,0.0282,0.0639
1,603,Cotton,4.86,0.274,22,0.1271090851437495,0.2451,-0.22,-0.8973,measured,0.0899,0.2451,0.2288,0.2361,0.2001
1,604,Cotton,25.89,0.284,22,0.2496248677190488,0.3826,0.36,-0.1368,measured,0.0624,0.3826,0.1854,0.1292,0.2404
1,605,Cotton,7.75,0.343,22,0.2729362031979411,0.7479,1.48,-0.7196,measured,0.0288,0.7479,0.1315,0.0135,0.0784
1,606,Bajra,15.35,2.284,22,0.3093999391629928,0.4239,-0.44,-0.5604,measured,0.1987,0.0388,0.0284,0.4239,0.3102
1,607,Groundnut,30.69,1.692,22,0.1635198306333619,0.5067,0.73,-0.4913,measured,0.0897,0.2099,0.0654,0.1284,0.5067
1,608,Cotton,91.42,0.443,22,0.1847434776541969,0.6301,-0.66,1.3767,measured,0.0039,0.6301,0.3016,0.0207,0.0437
1,609,Groundnut,39.24,2.078,22,0.0977520205102335,0.3927,0.52,-0.4017,measured,0.084,0.2916,0.121,0.1106,0.3927
1,610,Cotton,32.41,0.289,22,0.0761286606322558,0.6244,0.86,0.0065,measured,0.0372,0.6244,0.115,0.0381,0.1854
1,611,Maize,25.67,1.772,22,0.0381415659647135,0.3851,3.39,-0.1577,measured,0.0868,0.0745,0.3851,0.1775,0.2762
1,612,Cotton,18.17,0.321,22,0.1296107003729204,0.6697,1.1,-0.3338,measured,0.0428,0.6697,0.1276,0.0294,0.1305
1,613,Cotton,18.23,0.306,22,0.3561961983703638,0.4357,0.7,-0.3321,measured,0.0975,0.4357,0.1616,0.1148,0.1904
1,614,Cotton,28.38,0.372,22,0.3176998439686013,0.5884,1.61,-0.0802,measured,0.0461,0.5884,0.2085,0.0364,0.1207
1,615,Cotton,97.26,0.447,22,0.9694127001378698,0.9618,1.15,1.7934,measured,0.0003,0.9618,0.0321,0.0002,0.0055
1,616,Groundnut,9.66,1.641,22,2.0207724197379453,0.4432,0.36,-0.7995,measured,0.1632,0.0603,0.0615,0.2718,0.4432
1,617,Cotton,42.09,0.263,22,0.4148327578341932,0.3104,-0.55,0.1994,measured,0.0415,0.3104,0.1696,0.1706,0.308
1,618,Groundnut,51.66,1.818,22,0.5883358547679751,0.3154,-0.01,-0.28,measured,0.1108,0.1855,0.1212,0.2671,0.3154
1,619,Cotton,36.41,0.301,22,0.2525174549179244,0.4938,-0.16,0.0881,measured,0.0569,0.4938,0.1694,0.1333,0.1466
1,620,Bajra,12.21,2.312,22,0.2314803634074955,0.3773,-0.27,-0.6065,measured,0.1549,0.1043,0.0723,0.3773,0.2912
1,621,Cotton,54.96,0.291,22,0.314551513871161,0.5108,-1.43,0.4431,measured,0.0217,0.5108,0.1833,0.1125,0.1717
1,622,Groundnut,58.96,1.842,22,0.4141647075943391,0.3393,0.92,-0.2084,measured,0.1172,0.1252,0.1455,0.2728,0.3393
1,623,Bajra,82.13,2.558,22,0.3914576054397236,0.3159,0.03,0.0672,measured,0.0748,0.148,0.167,0.3159,0.2943
1,624,Groundnut,73.15,1.706,22,1.2622739737476427,0.4365,0.36,-0.0572,measured,0.0987,0.1407,0.0791,0.245,0.4365
1,625,Cotton,55.63,0.329,22,0.1818096702632076,0.6756,-0.25,0.4559,measured,0.0287,0.6756,0.1214,0.0474,0.1269
1,626,Cotton,44.06,0.293,22,0.21123205847329,0.5053,1.58,0.2371,measured,0.0448,0.5053,0.1853,0.0704,0.1942
1,627,Groundnut,4.24,1.713,22,0.3735009143820065,0.3025,1.05,-0.9628,measured,0.2265,0.1404,0.0782,0.2524,0.3025
1,628,Cotton,46.38,0.309,22,0.2715327049878658,0.344,0.08,0.2811,measured,0.0387,0.344,0.2523,0.1324,0.2326
1,629,Maize,43.18,1.851,22,0.3564377251458184,0.3515,0.21,0.14,measured,0.0564,0.1703,0.3515,0.2427,0.1791
1,630,Cotton,36.64,0.283,22,0.2108067180698888,0.2791,-0.15,0.0927,measured,0.0696,0.2791,0.1958,0.2639,0.1916
1,631,Cotton,26.91,0.289,22,0.7572088323478815,0.3873,0.03,-0.1134,measured,0.0533,0.3873,0.207,0.138,0.2144
1,632,Bajra,65.38,2.572,22,0.3033733211523419,0.3405,0.11,-0.1024,measured,0.0946,0.1268,0.1601,0.3405,0.278
1,633,Bajra,19.36,2.775,22,0.4459277197697974,0.392,1.96,-0.5097,measured,0.2953,0.0319,0.0562,0.392,0.2246
1,634,Bajra,8.39,2.829,22,0.2654615691753482,0.3585,2.13,-0.6758,measured,0.3474,0.026,0.0422,0.3585,0.226
1,635,Bajra,99.74,2.124,22,0.0617118900058861,0.4791,-0.46,0.6738,measured,0.0423,0.0912,0.2236,0.4791,0.1638
1,636,Cotton,52.81,0.265,22,0.0627127265695569,0.3605,1.35,0.4024,measured,0.0955,0.3605,0.0909,0.1131,0.34
1,637,Bajra,30.15,1.915,22,0.0767571898437906,0.4539,-1.03,-0.3983,measured,0.1018,0.0587,0.0531,0.4539,0.3325
1,638,Bajra,13.58,2.078,22,0.1231491296264476,0.4608,-0.72,-0.5855,measured,0.1757,0.0507,0.0307,0.4608,0.282
1,639,Groundnut,1.08,1.576,22,0.1661254008683303,0.4203,-1.35,-1.1847,measured,0.0725,0.1784,0.1367,0.192,0.4203
1,640,Bajra,14.15,2.807,22,0.2640639096629293,0.2814,0.86,-0.5771,measured,0.1936,0.1765,0.0983,0.2814,0.2502
1,641,Groundnut,68.12,2.016,22,0.3451692209353151,0.3059,0.68,-0.1138,measured,0.1243,0.2195,0.1274,0.223,0.3059
1,642,Groundnut,99.94,2.237,22,0.0715947223737647,0.4241,-0.71,0.9645,measured,0.0473,0.3886,0.0523,0.0876,0.4241
1,643,Rice,37.03,1.518,22,0.2309750544674736,0.371,3.18,-0.7049,measured,0.371,0.1602,0.1012,0.1851,0.1824
1,644,Bajra,43.79,3.422,22,0.1829256187328611,0.265,2.74,-0.2807,measured,0.2552,0.1365,0.1455,0.265,0.1977
1,645,Cotton,97.02,0.479,22,0.8413529327727436,0.9187,0.47,1.7655,measured,0.0013,0.9187,0.0627,0.0012,0.0161
1,646,Bajra,12.99,3.013,22,0.1542534907138744,0.28,1.49,-0.5944,measured,0.1928,0.0961,0.156,0.28,0.2752
1,647,Cotton,29.46,0.284,22,0.1495128193345922,0.7831,0.28,-0.0564,measured,0.0292,0.7831,0.0756,0.0291,0.0831
1,648,Cotton,79.57,0.345,22,0.1165808565481153,0.841,-1.21,0.9705,measured,0.0042,0.841,0.0657,0.0076,0.0815
1,649,Cotton,61.35,0.343,22,0.1497805394511784,0.2702,1.07,0.5662,measured,0.079,0.2702,0.2568,0.2111,0.1829
1,650,Groundnut,59.27,1.764,22,0.1832858234389917,0.3587,1.79,-0.2054,measured,0.1979,0.0619,0.0643,0.3172,0.3587
1,651,Bajra,17.11,2.401,22,0.2722980272380524,0.423,0.32,-0.5372,measured,0.2355,0.046,0.0347,0.423,0.2607
1,652,Cotton,22.27,0.338,22,0.1275554934542464,0.2771,0.78,-0.2241,measured,0.1222,0.2771,0.2419,0.2223,0.1365
1,653,Cotton,15.05,0.325,22,0.430364101659034,0.2835,0.37,-0.428,measured,0.1204,0.2835,0.2122,0.1926,0.1912
1,654,Bajra,91.66,3.021,22,0.3507205833227034,0.3363,0.42,0.2166,measured,0.1076,0.1288,0.1589,0.3363,0.2683
1,655,Groundnut,71.73,1.607,22,0.8153355646759126,0.4082,-0.3,-0.0736,measured,0.0884,0.1285,0.0778,0.2971,0.4082
1,656,Bajra,84.6,3.053,22,0.2308187273673437,0.278,1.1,0.0992,measured,0.1043,0.1246,0.2177,0.278,0.2753
1,657,Bajra,55.16,2.074,22,0.2684605996387411,0.4065,1.0,-0.1883,measured,0.1241,0.0469,0.0679,0.4065,0.3547
1,658,Bajra,62.21,2.675,22,0.496982340961713,0.3469,0.19,-0.1297,measured,0.1538,0.0909,0.0615,0.3469,0.3468
1,659,Cotton,26.27,0.29,22,0.5056482184126999,0.4266,0.67,-0.1279,measured,0.0511,0.4266,0.2076,0.1011,0.2137
1,660,Maize,16.59,1.672,22,0.2245651541189817,0.2699,0.87,-0.3537,measured,0.0773,0.1764,0.2699,0.2085,0.2678
1,661,Cotton,87.34,0.375,22,0.3331439861912955,0.73,1.78,1.2084,measured,0.0143,0.73,0.1383,0.0172,0.1002
1,662,Cotton,98.62,0.502,22,0.8278971292041478,0.9774,0.06,2.0046,measured,0.0003,0.9774,0.018,0.0002,0.0041
1,663,Cotton,42.86,0.263,22,0.3663479916809415,0.6264,0.71,0.2142,measured,0.0339,0.6264,0.0958,0.0432,0.2008
1,664,Groundnut,3.58,1.678,22,0.779507829120733,0.4219,2.36,-0.9932,measured,0.2974,0.0898,0.0297,0.1612,0.4219
1,665,Cotton,57.34,0.28,22,0.5788826608019269,0.7397,1.91,0.4884,measured,0.0291,0.7397,0.024,0.0167,0.1905
1,666,Cotton,99.17,0.605,22,1.3449905483952955,0.8222,-0.04,2.1489,measured,0.0014,0.8222,0.1632,0.0019,0.0113
1,667,Cotton,79.24,0.306,22,0.2817057673189999,0.7056,0.45,0.9618,measured,0.0169,0.7056,0.0941,0.0274,0.1561
1,668,Groundnut,44.04,1.757,22,0.1093828424349963,0.2957,1.27,-0.3541,measured,0.2027,0.1402,0.0693,0.2921,0.2957
1,669,Bajra,54.46,3.125,22,0.1333703524786225,0.287,1.94,-0.194,measured,0.2644,0.1004,0.0658,0.287,0.2824
1,670,Bajra,44.6,2.614,22,0.2629297764179536,0.4154,-0.25,-0.2741,measured,0.2182,0.0404,0.0262,0.4154,0.2999
1,671,Cotton,51.6,0.271,22,0.1230057599182047,0.786,1.76,0.3795,measured,0.0461,0.786,0.0587,0.033,0.0762
1,672,Groundnut,8.13,1.529,22,0.0984739360361196,0.6148,-0.86,-0.8364,measured,0.1029,0.0487,0.0329,0.2006,0.6148
1,673,Cotton,8.03,0.248,22,0.0823679800475533,0.3391,0.97,-0.7051,measured,0.1325,0.3391,0.1445,0.1998,0.1841
1,674,Bajra,64.87,3.528,22,0.3606421232832901,0.2531,3.12,-0.1069,measured,0.221,0.1011,0.2213,0.2531,0.2035
1,675,Groundnut,76.86,1.828,22,0.1688705489980921,0.2765,1.6,-0.012,measured,0.1022,0.1709,0.1886,0.2619,0.2765
1,676,Groundnut,81.1,1.36,22,0.0823973471243068,0.5891,-0.38,0.0451,measured,0.0703,0.0197,0.0221,0.2988,0.5891
1,677,Groundnut,28.01,1.977,22,0.0781781114560615,0.4724,0.51,-0.5214,measured,0.1706,0.0792,0.0657,0.2122,0.4724
1,678,Maize,40.98,2.38,22,0.5203760098108207,0.4628,1.43,0.1052,measured,0.025,0.3992,0.4628,0.0427,0.0703
1,679,Cotton,94.57,0.434,22,0.146255786282629,0.7837,0.43,1.5552,measured,0.0028,0.7837,0.1731,0.0082,0.0322
1,680,Cotton,63.92,0.423,22,0.2797926690962611,0.4683,1.61,0.6171,measured,0.013,0.4683,0.4354,0.0326,0.0506
1,681,Cotton,79.97,0.328,22,0.2574471920305934,0.9013,0.28,0.9813,measured,0.0029,0.9013,0.058,0.0044,0.0334
1,682,Cotton,21.84,0.401,22,0.1765061332287585,0.6167,2.09,-0.2352,measured,0.0056,0.6167,0.2606,0.0038,0.1133
1,683,Cotton,37.53,0.308,22,0.2236431876776515,0.2942,0.67,0.1105,measured,0.1081,0.2942,0.1871,0.2423,0.1683
1,684,Cotton,74.84,0.31,22,0.1365979334447161,0.5262,0.69,0.8526,measured,0.0552,0.5262,0.1386,0.1179,0.1621
1,685,Groundnut,10.98,1.652,22,0.2463288821902645,0.3595,0.87,-0.7711,measured,0.2002,0.1894,0.0471,0.2038,0.3595
1,686,Groundnut,16.45,1.841,22,0.2091292843886036,0.4533,0.7,-0.6739,measured,0.147,0.1233,0.0845,0.192,0.4533
1,687,Cotton,22.25,0.264,22,0.2109250582922887,0.3498,0.76,-0.2246,measured,0.1495,0.3498,0.0878,0.1534,0.2595
1,688,Groundnut,34.96,1.648,22,1.0836690567189309,0.3478,2.02,-0.4456,measured,0.1664,0.0602,0.1047,0.3209,0.3478
1,689,Rice,30.81,1.327,22,0.7231682935968384,0.5302,3.84,-0.7718,measured,0.5302,0.0232,0.0119,0.1563,0.2783
1,690,Rice,38.21,1.542,22,0.7804438702457662,0.4038,3.64,-0.6927,measured,0.4038,0.1731,0.061,0.115,0.2471
1,691,Rice,10.76,1.3,22,1.6789870870146013,0.3053,2.06,-1.0616,measured,0.3053,0.0482,0.08,0.2643,0.3022
1,692,Bajra,8.67,2.863,22,0.1801973150132869,0.3491,2.26,-0.6701,measured,0.2867,0.0532,0.0994,0.3491,0.2116
1,693,Cotton,36.27,0.294,22,0.1698161849481193,0.3262,-0.72,0.0854,measured,0.057,0.3262,0.1941,0.2061,0.2167
1,694,Cotton,96.66,0.471,22,1.39099111287217,0.9626,-0.03,1.7274,measured,0.0007,0.9626,0.0289,0.0004,0.0073
1,695,Groundnut,99.8,2.272,22,0.1247118946882877,0.3179,0.54,0.8171,measured,0.06,0.26,0.1733,0.1888,0.3179
1,696,Cotton,61.11,0.356,22,0.1429197539846879,0.6967,1.91,0.5614,measured,0.02,0.6967,0.163,0.0205,0.0997
1,697,Cotton,43.9,0.367,22,0.1231097309083733,0.6509,1.23,0.234,measured,0.0351,0.6509,0.1883,0.0393,0.0864
1,698,Cotton,33.41,0.403,22,0.1517668535939515,0.4439,-1.17,0.0272,measured,0.0366,0.4439,0.2783,0.0764,0.1648
1,699,Groundnut,12.39,2.261,22,0.2522032177381246,0.2414,1.44,-0.7433,measured,0.2388,0.1753,0.142,0.2024,0.2414
1,700,Bajra,27.75,2.503,22,0.2239086471287021,0.437,0.66,-0.421,measured,0.275,0.016,0.0183,0.437,0.2536
1,701,Bajra,23.0,2.898,22,0.2260426438016324,0.3536,1.4,-0.469,measured,0.2548,0.089,0.0842,0.3536,0.2184
1,702,Groundnut,34.41,1.702,22,0.2801620640821437,0.3403,0.86,-0.4514,measured,0.2205,0.112,0.0433,0.2839,0.3403
1,703,Cotton,38.6,0.379,22,0.3428586849446337,0.7553,0.57,0.1317,measured,0.0282,0.7553,0.1293,0.0248,0.0625
1,704,Bajra,7.44,2.538,22,1.8944393029421955,0.3536,0.99,-0.6968,measured,0.2584,0.0332,0.0381,0.3536,0.3167
1,705,Cotton,96.25,0.418,22,0.2229181417682573,0.8964,-1.56,1.6881,measured,0.0017,0.8964,0.0717,0.0053,0.0249
1,706,Bajra,61.58,2.797,22,0.2453023069452371,0.4143,-0.59,-0.1351,measured,0.1304,0.0893,0.1332,0.4143,0.2327
1,707,Cotton,42.26,0.312,22,1.4115818472587105,0.3337,1.62,0.2025,measured,0.0552,0.3337,0.2658,0.1121,0.2332
1,708,Groundnut,23.09,1.961,22,0.9871610624684668,0.4488,3.34,-0.5809,measured,0.2294,0.1901,0.0449,0.0868,0.4488
1,709,Groundnut,43.45,1.74,22,0.8481016978266469,0.3778,0.29,-0.3599,measured,0.1232,0.1331,0.0966,0.2693,0.3778
1,710,Cotton,88.16,0.551,22,0.3834866554124757,0.6194,-0.17,1.2386,measured,0.0135,0.6194,0.3263,0.021,0.0198
1,711,Cotton,63.4,0.315,22,0.2435224128519745,0.6763,-1.06,0.6068,measured,0.0246,0.6763,0.1047,0.0556,0.1389
1,712,Cotton,27.42,0.277,22,0.1901934856010554,0.3875,2.14,-0.1016,measured,0.0778,0.3875,0.1958,0.1057,0.2331
1,713,Cotton,76.18,0.41,22,0.1895580570161833,0.7365,-0.53,0.8847,measured,0.0208,0.7365,0.1325,0.033,0.0773
1,714,Rice,41.21,1.243,22,0.155343746258268,0.3033,2.65,-0.6622,measured,0.3033,0.1121,0.0679,0.261,0.2557
1,715,Cotton,90.52,0.528,22,0.1700582679178164,0.5596,2.05,1.3353,measured,0.0033,0.5596,0.4085,0.006,0.0226
1,716,Groundnut,15.27,1.754,22,0.1936965349530155,0.3088,-0.27,-0.6926,measured,0.1032,0.2365,0.1333,0.2182,0.3088
1,717,Cotton,37.84,0.308,22,0.4645281499649691,0.4112,1.42,0.1165,measured,0.0969,0.4112,0.1648,0.1233,0.2039
1,718,Bajra,55.77,3.206,22,0.2041704412449317,0.2853,0.29,-0.1833,measured,0.159,0.1637,0.1133,0.2853,0.2787
1,719,Cotton,68.03,0.516,22,0.5814242488531355,0.51,0.25,0.7016,measured,0.0415,0.51,0.3611,0.0506,0.0369
1,720,Maize,87.08,2.972,22,0.2270188182349037,0.4866,0.03,0.9448,measured,0.0419,0.3692,0.4866,0.0705,0.0318
1,721,Cotton,62.74,0.52,22,0.4610461902529916,0.4953,0.28,0.5936,measured,0.0295,0.4953,0.4068,0.0346,0.0338
1,722,Cotton,93.61,0.591,22,1.1017437941646242,0.6631,0.28,1.4943,measured,0.0044,0.6631,0.3114,0.0061,0.015
1,723,Cotton,94.58,0.605,22,1.154694399908888,0.821,0.33,1.556,measured,0.003,0.821,0.1571,0.0031,0.0158
1,724,Cotton,22.7,0.479,22,0.7672931522856246,0.6348,0.14,-0.2135,measured,0.0633,0.6348,0.2031,0.0396,0.059
1,725,Groundnut,40.07,2.062,22,1.111107436481167,0.3578,3.42,-0.3934,measured,0.2691,0.1294,0.0824,0.1614,0.3578
1,726,Cotton,29.95,0.353,22,0.3541569000242758,0.3011,1.05,-0.0459,measured,0.1015,0.3011,0.2691,0.1711,0.1572
1,727,Groundnut,78.3,1.961,22,1.2313378230403542,0.6296,2.91,0.0067,measured,0.0924,0.229,0.0089,0.0401,0.6296
1,728,Bajra,7.06,2.626,22,0.902977754585911,0.3197,1.79,-0.7057,measured,0.2079,0.056,0.115,0.3197,0.3015
1,729,Cotton,16.87,0.394,22,1.0388574481235149,0.3457,0.32,-0.3718,measured,0.0788,0.3457,0.3411,0.1225,0.1118
1,730,Cotton,71.96,0.523,22,1.4641090342420395,0.5334,0.26,0.7865,measured,0.0174,0.5334,0.3979,0.0241,0.0272
1,731,Groundnut,96.32,2.03,22,0.2058149877665178,0.302,-1.59,0.3962,measured,0.0484,0.2991,0.1338,0.2167,0.302
1,732,Cotton,84.28,0.379,22,0.2718581929545149,0.8881,-0.83,1.1055,measured,0.0088,0.8881,0.0573,0.0135,0.0323
1,733,Cotton,89.5,0.56,22,2.0441827894040534,0.6156,-0.3,1.2917,measured,0.0083,0.6156,0.34,0.0135,0.0226
1,734,Maize,80.98,2.523,22,0.1343507531623019,0.6175,0.5,0.7884,measured,0.0158,0.2704,0.6175,0.0519,0.0444
1,735,Cotton,83.98,0.461,22,0.15095782865775,0.6505,-0.71,1.0961,measured,0.004,0.6505,0.3044,0.0181,0.023
1,736,Cotton,83.05,0.371,22,0.1226928559678582,0.638,1.34,1.0682,measured,0.0193,0.638,0.2002,0.0363,0.1063
1,737,Cotton,75.0,0.385,22,0.1667354735492448,0.4524,0.4,0.8564,measured,0.0276,0.4524,0.3143,0.0887,0.117
1,738,Cotton,25.52,0.259,22,0.4379255015595223,0.3534,0.27,-0.1454,measured,0.0531,0.3534,0.1758,0.1376,0.2802
1,739,Cotton,60.71,0.277,22,1.0873402446401723,0.5248,1.08,0.5537,measured,0.0205,0.5248,0.1749,0.0495,0.2302
1,740,Cotton,26.15,0.263,22,0.2318923795238772,0.3588,-1.25,-0.1307,measured,0.0511,0.3588,0.1423,0.1714,0.2764
1,741,Rice,90.93,1.978,22,0.271422116324136,0.9881,16.03,-0.0503,rfi_flagged,0.9881,0.0023,0.0014,0.0037,0.0043
1,742,Cotton,8.81,0.605,22,0.4649353581810703,0.9824,29.18,-0.6673,rfi_flagged,0.0108,0.9824,0.0052,0.0,0.0016
1,743,Groundnut,88.83,1.795,22,0.2658589181971164,0.3021,-1.34,0.1752,measured,0.0514,0.1933,0.1607,0.2925,0.3021
1,744,Bajra,59.07,2.073,22,0.7113912405889645,0.4201,-1.3,-0.1561,measured,0.0788,0.0559,0.0636,0.4201,0.3817
1,745,Rice,1.54,1.758,22,0.1747802257475218,0.9731,27.44,-1.4232,rfi_flagged,0.9731,0.0181,0.0016,0.0008,0.0065
1,746,Rice,3.69,1.758,22,0.3915603846145015,0.852,28.58,-1.277,rfi_flagged,0.852,0.1355,0.0043,0.0004,0.0079
1,747,Rice,79.67,2.181,22,0.1920327852826328,0.9906,20.18,-0.2492,rfi_flagged,0.9906,0.0012,0.0015,0.0038,0.0029
1,748,Groundnut,95.89,1.681,22,0.186767860375407,0.3885,-0.46,0.3764,measured,0.0638,0.116,0.1016,0.3302,0.3885
1,749,Groundnut,28.27,1.589,22,0.193599475804038,0.367,0.67,-0.5185,measured,0.1714,0.1695,0.0472,0.2449,0.367
1,750,Groundnut,88.51,1.819,22,0.1837497208873704,0.4307,-0.36,0.1686,measured,0.088,0.16,0.0738,0.2475,0.4307
1,751,Groundnut,98.58,1.965,22,0.193199249959713,0.3986,-0.11,0.552,measured,0.0622,0.3086,0.0713,0.1593,0.3986
1,752,Cotton,69.8,0.317,22,0.1591541202333353,0.6393,-1.38,0.7392,measured,0.0143,0.6393,0.1611,0.0637,0.1215
1,753,Cotton,74.41,0.282,22,0.1573579060004123,0.4179,-0.88,0.8424,measured,0.0345,0.4179,0.1424,0.1604,0.2448
1,754,Cotton,86.93,0.39,22,0.2625498992608947,0.5338,-1.57,1.1936,measured,0.0133,0.5338,0.2717,0.086,0.0952
1,755,Cotton,79.51,0.503,22,0.3314774007741577,0.9592,0.92,0.9688,measured,0.0001,0.9592,0.0375,0.0001,0.0031
1,756,Cotton,78.23,0.396,22,0.3479509361392837,0.6723,-0.25,0.9357,measured,0.0065,0.6723,0.2421,0.0228,0.0563
1,757,Groundnut,81.97,1.743,22,0.2645903261324129,0.4342,-0.22,0.0576,measured,0.0491,0.2671,0.0982,0.1514,0.4342
1,758,Cotton,89.23,0.383,22,0.1315961008697458,0.6751,-0.49,1.2804,measured,0.0134,0.6751,0.1582,0.0367,0.1166
1,759,Groundnut,94.72,1.913,22,0.218144531998689,0.2819,-0.77,0.3302,measured,0.0727,0.2599,0.1148,0.2706,0.2819
1,760,Bajra,94.78,3.134,22,0.1202864730341352,0.3071,-1.0,0.2946,measured,0.0884,0.295,0.1187,0.3071,0.1907
1,761,Groundnut,96.79,2.2,22,0.1546037054153339,0.3159,0.03,0.4202,measured,0.0415,0.2301,0.2554,0.157,0.3159
1,762,Bajra,34.52,2.503,22,0.2630388674465399,0.4135,1.9,-0.3589,measured,0.2133,0.0482,0.0861,0.4135,0.2389
1,763,Maize,69.88,2.03,22,0.3570899188674475,0.3951,-0.65,0.5683,measured,0.0189,0.3299,0.3951,0.103,0.1531
1,764,Groundnut,37.94,1.773,22,0.1885797174670458,0.3394,-0.05,-0.4149,measured,0.1643,0.1376,0.0657,0.2929,0.3394
1,765,Groundnut,63.51,1.754,22,0.2219111016544424,0.3331,0.61,-0.1624,measured,0.1184,0.1415,0.1133,0.2937,0.3331
1,766,Cotton,43.58,0.277,22,0.2154535132991453,0.4091,-0.78,0.228,measured,0.0588,0.4091,0.1422,0.1967,0.1932
1,767,Groundnut,8.1,1.706,22,0.2871848561492959,0.3639,-0.4,-0.8373,measured,0.1233,0.2305,0.083,0.1992,0.3639
1,768,Bajra,80.38,2.722,22,0.2440177351191787,0.363,-0.58,0.0462,measured,0.111,0.1254,0.0882,0.363,0.3123
1,769,Cotton,29.05,0.274,22,0.1765142880428612,0.3435,0.4,-0.0654,measured,0.0506,0.3435,0.2283,0.1598,0.2178
1,770,Cotton,32.63,0.265,22,0.2219246708934913,0.5209,-1.19,0.0111,measured,0.0543,0.5209,0.1014,0.1308,0.1926
1,771,Cotton,7.49,0.269,22,0.1772280492169337,0.3824,1.76,-0.7334,measured,0.1408,0.3824,0.1269,0.0964,0.2535
1,772,Cotton,26.1,0.308,22,0.1670032164235432,0.5963,0.71,-0.1319,measured,0.0318,0.5963,0.1807,0.0454,0.1458
1,773,Cotton,14.65,0.289,22,0.1415697472055743,0.3313,-0.31,-0.441,measured,0.1451,0.3313,0.1196,0.2231,0.1809
1,774,Maize,25.0,1.905,22,0.1543313422773751,0.416,2.77,-0.1707,measured,0.0391,0.3473,0.416,0.065,0.1326
1,775,Groundnut,45.02,1.572,22,0.1158006612651432,0.377,1.23,-0.3445,measured,0.1822,0.0549,0.047,0.3389,0.377
1,776,Bajra,26.27,2.822,22,0.2341469614871554,0.2961,0.28,-0.4355,measured,0.1996,0.1536,0.0595,0.2961,0.2911
1,777,Bajra,17.1,2.682,22,0.2263347944121557,0.3662,0.06,-0.5372,measured,0.1812,0.0928,0.0904,0.3662,0.2694
1,778,Bajra,52.45,2.508,22,0.3480382868425286,0.3322,0.85,-0.2104,measured,0.1047,0.1163,0.1835,0.3322,0.2633
1,779,Bajra,3.48,2.349,22,0.3548921999555734,0.3651,0.28,-0.8167,measured,0.1797,0.0718,0.0875,0.3651,0.2959
1,780,Bajra,10.61,2.944,22,0.2658093017686072,0.3383,1.98,-0.6334,measured,0.2553,0.0734,0.1354,0.3383,0.1977
1,781,Groundnut,4.86,1.734,22,0.4003466553310766,0.4073,1.79,-0.9379,measured,0.1914,0.2138,0.0558,0.1318,0.4073
1,782,Groundnut,42.46,2.107,22,0.4575363878219974,0.2245,1.75,-0.3697,measured,0.166,0.2099,0.1801,0.2196,0.2245
1,783,Cotton,54.94,0.253,22,0.1956508385449216,0.4159,0.91,0.4427,measured,0.0521,0.4159,0.1408,0.1309,0.2602
1,784,Maize,17.78,1.869,22,0.632636127373582,0.274,0.02,-0.3249,measured,0.081,0.2249,0.274,0.1895,0.2307
1,785,Groundnut,7.91,1.706,22,0.7169532565048772,0.3088,1.67,-0.8422,measured,0.2105,0.0905,0.1052,0.285,0.3088
1,786,Groundnut,12.18,1.688,22,0.6570106428248202,0.4119,1.08,-0.7472,measured,0.1796,0.1132,0.0683,0.227,0.4119
1,787,Bajra,49.91,2.276,22,0.2807751401590921,0.3971,0.11,-0.231,measured,0.1301,0.0495,0.0585,0.3971,0.3649
1,788,Bajra,51.95,2.127,22,0.123385311733817,0.4078,-0.4,-0.2144,measured,0.1318,0.0755,0.0345,0.4078,0.3504
1,789,Cotton,25.37,0.269,22,0.1396939485543957,0.4357,-0.61,-0.1489,measured,0.0438,0.4357,0.1214,0.0827,0.3164
1,790,Groundnut,34.27,1.912,22,0.1914082893579437,0.3791,1.25,-0.4529,measured,0.1488,0.2037,0.093,0.1754,0.3791
1,791,Groundnut,99.7,1.821,22,0.083947166842118,0.359,-0.09,0.7668,measured,0.0395,0.1144,0.1925,0.2947,0.359
1,792,Bajra,92.96,3.528,22,0.0942932942934957,0.3027,-0.51,0.2458,measured,0.1474,0.1757,0.1134,0.3027,0.2608
1,793,Bajra,43.8,2.896,22,0.3246256692770097,0.3245,-0.56,-0.2806,measured,0.1411,0.1421,0.0934,0.3245,0.2989
1,794,Bajra,51.32,2.956,22,0.1129063263213495,0.2861,2.22,-0.2196,measured,0.1736,0.17,0.1704,0.2861,0.1998
1,795,Maize,83.98,2.538,22,0.2239105267904143,0.4834,2.09,0.8605,measured,0.0131,0.4066,0.4834,0.028,0.069
1,796,Cotton,77.42,0.269,22,0.1142518769337623,0.4442,-1.75,0.9151,measured,0.027,0.4442,0.093,0.1191,0.3167
1,797,Cotton,81.95,0.372,22,0.1208214046674961,0.9284,-0.66,1.0361,measured,0.0037,0.9284,0.0403,0.0044,0.0232
1,798,Cotton,79.74,0.382,22,0.1127391158777546,0.466,0.01,0.9751,measured,0.0127,0.466,0.3259,0.0511,0.1442
1,799,Cotton,9.16,0.228,22,0.1107441011746814,0.521,0.71,-0.6508,measured,0.0739,0.521,0.0878,0.0682,0.249
1,800,Maize,23.76,1.863,22,0.1360234059671712,0.426,0.53,-0.1952,measured,0.0454,0.2627,0.426,0.1569,0.1091
1,801,Groundnut,26.95,1.464,22,0.1094261529535914,0.4679,0.59,-0.5338,measured,0.0834,0.0606,0.1102,0.278,0.4679
1,802,Maize,66.15,1.87,22,0.0797966917113752,0.4246,0.56,0.5037,measured,0.0342,0.2409,0.4246,0.1967,0.1035
1,803,Bajra,90.71,2.703,22,0.1515646512014633,0.2878,0.02,0.1973,measured,0.0796,0.2855,0.1312,0.2878,0.216
1,804,Bajra,87.78,2.239,22,0.0537714236416745,0.5494,0.28,0.146,measured,0.1092,0.0557,0.1045,0.5494,0.1812
1,805,Bajra,98.71,2.349,22,0.0635074404904297,0.4261,1.53,0.4901,measured,0.0993,0.032,0.0778,0.4261,0.3648
1,806,Bajra,86.96,1.84,22,0.0431711042055543,0.6244,-1.33,0.1331,measured,0.0485,0.0036,0.0226,0.6244,0.301
1,807,Groundnut,99.99,1.961,22,0.0759200580353774,0.454,-1.68,1.1597,measured,0.022,0.393,0.0372,0.0938,0.454
1,808,Groundnut,99.02,2.102,22,0.131258609600215,0.3518,-0.16,0.6075,measured,0.0507,0.3262,0.1173,0.1541,0.3518
1,809,Maize,9.0,1.76,22,0.1159715025310717,0.331,1.12,-0.5827,measured,0.1096,0.1197,0.331,0.2819,0.1578
1,810,Cotton,59.43,0.31,22,0.1211496772019296,0.3465,0.42,0.5287,measured,0.0447,0.3465,0.1991,0.1189,0.2908
1,811,Bajra,76.88,2.402,22,0.297742258464595,0.3813,-0.37,0.0073,measured,0.0949,0.1281,0.0978,0.3813,0.2979
1,812,Cotton,67.61,0.302,22,0.2442111402427939,0.4495,0.01,0.6928,measured,0.0413,0.4495,0.1555,0.1123,0.2415
1,813,Cotton,57.36,0.345,22,0.2298768091679858,0.3926,-1.1,0.4888,measured,0.0286,0.3926,0.2639,0.1238,0.1911
1,814,Cotton,95.06,0.449,22,0.0978368239047849,0.6625,-0.97,1.5901,measured,0.0034,0.6625,0.2815,0.023,0.0296
1,815,Bajra,83.51,1.9,22,0.0971503526011767,0.6417,-1.39,0.0847,measured,0.0575,0.0121,0.0609,0.6417,0.2277
1,816,Bajra,42.77,2.08,22,0.1071625126011947,0.5159,0.09,-0.2891,measured,0.1293,0.0296,0.0715,0.5159,0.2537
1,817,Cotton,10.2,0.223,22,0.1094311560835911,0.3033,-0.49,-0.6056,measured,0.0596,0.3033,0.1685,0.2442,0.2244
1,818,Groundnut,25.0,1.626,22,0.103830948142288,0.3231,-0.89,-0.5571,measured,0.1045,0.2142,0.0864,0.2717,0.3231
1,819,Bajra,79.95,1.9,22,0.1141998230352523,0.6206,-1.52,0.0412,measured,0.0537,0.0464,0.1242,0.6206,0.1552
1,820,Groundnut,33.46,1.759,22,0.1003981066865996,0.3897,0.49,-0.4614,measured,0.1638,0.1507,0.0606,0.2351,0.3897
1,821,Bajra,48.98,2.418,22,0.1065405460617113,0.4538,0.17,-0.2385,measured,0.1255,0.099,0.1765,0.4538,0.1452
1,822,Bajra,38.02,1.715,22,0.0740734463765256,0.4691,-1.0,-0.3288,measured,0.122,0.0071,0.0066,0.4691,0.3953
1,823,Groundnut,94.66,1.433,22,0.0583921157578373,0.4715,0.93,0.3281,measured,0.1055,0.011,0.0203,0.3917,0.4715
1,824,Cotton,31.27,0.31,22,0.1387819923936704,0.2823,,,imputed_spatial_same_crop,0.1019,0.2823,0.1533,0.1802,0.2823
1,825,Cotton,31.27,0.31,22,0.1475317688724449,0.2823,,,imputed_spatial_same_crop,0.1019,0.2823,0.1533,0.1802,0.2823
1,826,Cotton,31.27,0.31,22,0.1827191352929136,0.2823,,,imputed_spatial_same_crop,0.1019,0.2823,0.1533,0.1802,0.2823
1,827,Cotton,31.27,0.31,22,0.0996550657841638,0.2823,,,imputed_spatial_same_crop,0.1019,0.2823,0.1533,0.1802,0.2823
1,828,Cotton,31.27,0.31,22,0.0949227479867554,0.2823,,,imputed_spatial_same_crop,0.1019,0.2823,0.1533,0.1802,0.2823
1,829,Groundnut,95.83,2.031,22,0.1199940978419802,0.4029,-8.36,0.3739,measured,0.166,0.1794,0.0159,0.2358,0.4029
1,830,Cotton,43.67,0.284,22,0.2759170239354558,0.4726,-0.36,0.2297,measured,0.0476,0.4726,0.1476,0.1227,0.2095
1,831,Bajra,85.08,2.561,22,0.1552055292175185,0.4088,0.6,0.1058,measured,0.1028,0.1238,0.1728,0.4088,0.1919
1,832,Cotton,13.83,0.269,22,0.1907426589463837,0.4424,1.67,-0.4685,measured,0.0718,0.4424,0.1807,0.0842,0.2209
1,833,Cotton,31.49,0.271,22,0.1761717647857651,0.5348,-0.63,-0.0129,measured,0.0557,0.5348,0.122,0.1304,0.157
1,834,Cotton,27.89,0.293,22,0.2295308197255028,0.2821,-0.7,-0.0911,measured,0.0837,0.2821,0.1602,0.2305,0.2436
1,835,Maize,30.65,1.852,22,0.2177995484788423,0.2578,0.27,-0.0665,measured,0.0876,0.2512,0.2578,0.2311,0.1723
1,836,Groundnut,45.81,2.035,22,0.2235762389395554,0.2686,-0.11,-0.3368,measured,0.0968,0.2359,0.1838,0.2149,0.2686
1,837,Bajra,94.51,2.433,22,0.0835616443476218,0.4535,-0.63,0.2864,measured,0.0747,0.0907,0.1351,0.4535,0.2461
1,838,Bajra,13.95,2.477,22,0.172346785243643,0.3835,-0.15,-0.5801,measured,0.1378,0.1175,0.1435,0.3835,0.2177
1,839,Cotton,36.86,0.277,22,0.2522914812459447,0.3239,0.73,0.0972,measured,0.0657,0.3239,0.203,0.1852,0.2222
1,840,Cotton,27.55,0.293,22,0.377211274716872,0.3871,0.84,-0.0988,measured,0.0649,0.3871,0.2265,0.1428,0.1786
1,841,Cotton,79.22,0.284,22,0.1391359948060955,0.6259,-1.09,0.9613,measured,0.021,0.6259,0.1082,0.083,0.1618
1,842,Cotton,53.67,0.289,22,0.110793449073212,0.5226,-1.15,0.4186,measured,0.0367,0.5226,0.1222,0.1066,0.2118
1,843,Bajra,59.79,1.9,22,0.1070242638186277,0.5796,0.3,-0.1501,measured,0.0969,0.0395,0.1121,0.5796,0.172
1,844,Groundnut,21.11,1.825,22,1.2317487681529955,0.3638,2.37,-0.6066,measured,0.2106,0.0799,0.1006,0.2451,0.3638
1,845,Cotton,74.43,0.422,22,0.96710747267844,0.5826,1.37,0.843,measured,0.0125,0.5826,0.2902,0.0212,0.0935
1,846,Bajra,11.83,2.245,22,1.099017665409186,0.4151,1.26,-0.6127,measured,0.2151,0.0239,0.0468,0.4151,0.2992
1,847,Cotton,11.26,0.333,22,0.4381955625558037,0.3597,2.7,-0.5622,measured,0.1475,0.3597,0.213,0.0882,0.1915
1,848,Rice,37.28,1.372,22,1.5358885159158298,0.3568,2.87,-0.7024,measured,0.3568,0.0582,0.052,0.22,0.313
1,849,Groundnut,37.99,1.851,22,2.03901545558419,0.5279,2.19,-0.4144,measured,0.1284,0.1557,0.0689,0.1191,0.5279
1,850,Cotton,72.91,0.364,22,0.2160738294679637,0.5396,0.05,0.8079,measured,0.0367,0.5396,0.1749,0.0717,0.1771
1,851,Bajra,66.61,2.743,22,0.1723727727382348,0.329,-0.32,-0.0915,measured,0.1007,0.2081,0.1465,0.329,0.2157
1,852,Rice,20.37,1.279,22,0.2023717315828386,0.3994,1.94,-0.9003,measured,0.3994,0.0544,0.0169,0.1907,0.3386
1,853,Rice,64.08,1.377,22,0.1769559924810128,0.4055,1.74,-0.4334,measured,0.4055,0.0676,0.0227,0.2472,0.2571
1,854,Groundnut,89.67,1.795,22,0.1548547591093758,0.4844,1.33,0.1927,measured,0.0799,0.2748,0.0373,0.1236,0.4844
1,855,Bajra,91.04,2.609,22,0.0850496792683054,0.4675,-1.77,0.2039,measured,0.1076,0.0374,0.0373,0.4675,0.3503
1,856,Bajra,55.88,2.031,22,0.0958608547615176,0.4867,-1.93,-0.1824,measured,0.0677,0.037,0.0909,0.4867,0.3176
1,857,Cotton,28.05,0.307,22,0.1381011761068543,0.2486,0.73,-0.0876,measured,0.1075,0.2486,0.2022,0.2253,0.2164
1,858,Bajra,55.52,2.516,22,0.1427771999474367,0.3599,-0.06,-0.1853,measured,0.1126,0.1295,0.1164,0.3599,0.2815
1,859,Bajra,81.84,2.812,22,0.3577326280991809,0.3019,-0.8,0.0637,measured,0.0808,0.2155,0.135,0.3019,0.2668
1,860,Bajra,26.58,1.997,22,0.1652701677622877,0.5545,-0.37,-0.4324,measured,0.1926,0.0116,0.0164,0.5545,0.2249
1,861,Cotton,72.47,0.31,22,0.2813159238431733,0.4085,-1.59,0.7979,measured,0.0269,0.4085,0.1541,0.1238,0.2866
1,862,Cotton,99.49,0.363,22,0.0445838206628545,0.4752,-4.15,2.2795,measured,0.0008,0.4752,0.198,0.023,0.3029
1,863,Cotton,98.26,0.324,22,0.0540851186411419,0.5313,-1.89,1.9352,measured,0.0188,0.5313,0.1016,0.1172,0.2311
1,864,Bajra,36.36,2.258,22,0.2108669190976667,0.3756,0.24,-0.3429,measured,0.1707,0.0751,0.0319,0.3756,0.3467
1,865,Bajra,62.39,1.872,22,0.1791520649677305,0.6501,-1.38,-0.1282,measured,0.0837,0.0399,0.0679,0.6501,0.1584
1,866,Cotton,73.13,0.443,22,0.1765165936370752,0.7328,1.02,0.8129,measured,0.0047,0.7328,0.2174,0.0074,0.0377
1,867,Cotton,53.52,0.266,22,0.3015272102139709,0.2895,-0.68,0.4158,measured,0.0378,0.2895,0.179,0.205,0.2888
1,868,Bajra,99.8,2.818,22,0.1845603474599867,0.3925,-2.65,0.6982,measured,0.0521,0.1245,0.0729,0.3925,0.3579
1,869,Bajra,82.79,2.302,22,0.2184641327689296,0.4357,-1.58,0.0754,measured,0.0846,0.0625,0.0536,0.4357,0.3636
1,870,Cotton,78.14,0.367,22,0.3066656538975378,0.5387,-1.07,0.9334,measured,0.0132,0.5387,0.249,0.0613,0.1378
1,871,Maize,36.87,1.956,22,0.1029649260945853,0.3278,1.34,0.0389,measured,0.0766,0.262,0.3278,0.1629,0.1707
1,872,Groundnut,95.6,2.191,22,0.1095806230143543,0.3036,1.73,0.3642,measured,0.099,0.2966,0.1404,0.1603,0.3036
1,873,Cotton,65.45,0.308,22,0.0843428088528327,0.465,0.23,0.6481,measured,0.033,0.465,0.1501,0.0701,0.2818
1,874,Maize,50.0,2.267,22,1.5232166940498553,0.2367,0.29,0.2462,measured,0.1325,0.1865,0.2367,0.2258,0.2185
1,875,Cotton,79.92,0.363,22,0.1411224451019989,0.7491,-1.5,0.9797,measured,0.009,0.7491,0.1216,0.027,0.0933
1,876,Groundnut,90.35,1.738,22,0.1752761834009421,0.398,-0.09,0.2078,measured,0.0622,0.1804,0.1186,0.2408,0.398
1,877,Groundnut,55.83,1.732,22,0.1609711485552293,0.6209,2.07,-0.2393,measured,0.1384,0.0867,0.0168,0.1371,0.6209
1,878,Cotton,48.19,0.305,22,0.3386949417892075,0.436,0.24,0.3153,measured,0.0379,0.436,0.211,0.1027,0.2124
1,879,Bajra,65.08,2.197,22,0.2128233059311567,0.3801,-0.8,-0.105,measured,0.0977,0.0974,0.0521,0.3801,0.3728
1,880,Bajra,64.14,2.051,22,0.1798301668974448,0.4218,-0.21,-0.1132,measured,0.1051,0.0544,0.0495,0.4218,0.3693
1,881,Groundnut,93.75,1.675,22,0.1944991369526784,0.4982,0.17,0.2976,measured,0.0466,0.1431,0.111,0.201,0.4982
1,882,Groundnut,30.86,1.6,22,0.2305598226740441,0.3821,0.43,-0.4895,measured,0.1081,0.1091,0.1139,0.2868,0.3821
1,883,Groundnut,62.44,1.889,22,0.3264672261626599,0.3044,0.29,-0.1734,measured,0.0835,0.2481,0.1586,0.2054,0.3044
1,884,Cotton,23.86,0.318,22,0.2097962149432962,0.7063,0.2,-0.1848,measured,0.0317,0.7063,0.1292,0.0366,0.0961
1,885,Groundnut,65.2,1.37,22,0.1019735320460361,0.5264,1.35,-0.1449,measured,0.1032,0.0903,0.0373,0.2429,0.5264
1,886,Groundnut,50.0,1.3,22,0.1144058863614181,0.4912,0.84,-0.2961,measured,0.1394,0.0371,0.0179,0.3143,0.4912
1,887,Bajra,59.14,1.774,22,0.1179508966583617,0.6628,-1.47,-0.1556,measured,0.0483,0.0096,0.0352,0.6628,0.2441
1,888,Bajra,83.38,2.638,22,0.314468620786398,0.3312,-0.02,0.0831,measured,0.0758,0.1542,0.198,0.3312,0.2408
1,889,Groundnut,24.74,1.195,22,0.1055282470738449,0.4496,-0.06,-0.5603,measured,0.1046,0.0303,0.0312,0.3844,0.4496
1,890,Bajra,24.04,1.812,22,0.2696928758258272,0.516,-0.53,-0.4581,measured,0.1154,0.0587,0.0633,0.516,0.2465
1,891,Bajra,13.43,2.086,22,0.3149322307546805,0.3953,-1.03,-0.5877,measured,0.1063,0.0991,0.082,0.3953,0.3173
1,892,Groundnut,61.42,1.87,22,0.1271827683605767,0.3461,2.45,-0.1837,measured,0.2481,0.1317,0.0505,0.2237,0.3461
1,893,Cotton,77.84,0.433,22,0.1298502627666687,0.7551,0.98,0.9258,measured,0.0027,0.7551,0.2045,0.0051,0.0326
1,894,Bajra,0.52,1.754,22,0.0792063962143296,0.4095,0.08,-1.0583,measured,0.1732,0.0329,0.0379,0.4095,0.3465
1,895,Cotton,46.57,0.332,22,0.0572175419787768,0.5086,1.72,0.2848,measured,0.0121,0.5086,0.3606,0.0342,0.0845
1,896,Bajra,73.27,2.709,22,0.2586774676009768,0.34,-0.35,-0.0295,measured,0.0952,0.2012,0.1503,0.34,0.2133
1,897,Cotton,65.37,0.222,22,0.1810302913238106,0.4031,-0.77,0.6465,measured,0.0443,0.4031,0.0776,0.1468,0.3282
1,898,Cotton,44.58,0.354,22,0.1162428115362525,0.6375,0.63,0.2469,measured,0.056,0.6375,0.1468,0.0645,0.0952
1,899,Cotton,58.01,0.265,22,0.1171610808001504,0.3659,0.5,0.5013,measured,0.0213,0.3659,0.2187,0.0911,0.3029
1,900,Maize,10.79,2.063,22,0.1358093396786282,0.4308,1.52,-0.519,measured,0.0887,0.1974,0.4308,0.1398,0.1432
1,901,Cotton,30.79,0.395,22,0.075706859002092,0.7123,0.65,-0.0277,measured,0.0044,0.7123,0.2037,0.0049,0.0746
1,902,Cotton,43.74,0.315,22,0.0952646321428098,0.5474,1.31,0.2309,measured,0.0227,0.5474,0.2419,0.0451,0.1429
1,903,Groundnut,88.19,1.871,22,0.0892527853089992,0.2958,1.2,0.1624,measured,0.1318,0.2605,0.0812,0.2306,0.2958
1,904,Rice,37.15,1.203,22,0.0723672564810679,0.3339,0.25,-0.7037,measured,0.3339,0.0685,0.0175,0.2916,0.2884
1,905,Cotton,62.88,0.362,22,0.1458658579830193,0.7051,-1.27,0.5964,measured,0.024,0.7051,0.127,0.0529,0.0909
1,906,Cotton,70.02,0.324,22,0.1279777800665164,0.5818,-1.9,0.7439,measured,0.0344,0.5818,0.1071,0.1041,0.1725
1,907,Bajra,18.73,3.001,22,0.2555723780231709,0.2606,0.16,-0.5172,measured,0.1361,0.1825,0.1627,0.2606,0.2581
1,908,Cotton,52.31,0.382,22,0.2628129174717634,0.3946,1.22,0.393,measured,0.045,0.3946,0.3491,0.0968,0.1146
1,909,Cotton,53.82,0.388,22,0.3282170765911494,0.6637,0.94,0.4215,measured,0.0109,0.6637,0.2265,0.0163,0.0827
1,910,Cotton,56.58,0.321,22,0.1143935455680247,0.5848,-0.26,0.4739,measured,0.0154,0.5848,0.2029,0.0462,0.1507
1,911,Cotton,48.36,0.264,22,0.1301020646859798,0.3371,-0.38,0.3185,measured,0.0672,0.3371,0.1449,0.2754,0.1754
1,912,Cotton,89.49,0.278,22,0.0945117623795066,0.7615,-1.57,1.291,measured,0.0113,0.7615,0.0856,0.0686,0.073
1,913,Bajra,26.75,2.554,22,0.3779617053493314,0.3443,0.21,-0.4307,measured,0.1393,0.1184,0.1165,0.3443,0.2815
1,914,Groundnut,11.34,1.764,22,1.1399690165045444,0.4112,1.52,-0.7639,measured,0.1794,0.1409,0.0793,0.1892,0.4112
1,915,Bajra,58.23,2.442,22,0.1066133551049159,0.4207,0.32,-0.163,measured,0.176,0.0614,0.0452,0.4207,0.2966
1,916,Cotton,29.35,0.264,22,0.2145564857986854,0.2773,-0.38,-0.059,measured,0.1025,0.2773,0.1122,0.2448,0.2632
1,917,Groundnut,86.88,1.908,22,0.3287995156658739,0.2667,-0.38,0.1375,measured,0.0471,0.2052,0.2524,0.2286,0.2667
1,918,Groundnut,68.97,1.758,22,0.1680511670318878,0.3479,-0.36,-0.1045,measured,0.0599,0.2763,0.1267,0.1893,0.3479
1,919,Cotton,60.04,0.37,22,0.1895262229941397,0.2823,,,imputed_spatial_same_crop,0.1019,0.2823,0.1533,0.1802,0.2823
1,920,Cotton,64.59,0.38,22,0.1831528089789255,0.2823,,,imputed_spatial_same_crop,0.1019,0.2823,0.1533,0.1802,0.2823
1,921,Bajra,26.61,2.461,22,0.1540439114371215,0.3849,0.86,-0.432,measured,0.1359,0.0917,0.2222,0.3849,0.1653
1,922,Cotton,93.96,0.383,22,0.0640930030766061,0.4698,4.41,1.5156,measured,0.0188,0.4698,0.2665,0.0142,0.2308
1,923,Bajra,99.98,2.454,22,0.0494887662557629,0.4333,-0.34,0.9145,measured,0.0427,0.0967,0.2501,0.4333,0.1772
1,924,Maize,99.29,2.514,22,0.0496604856604014,0.6435,2.71,1.7617,measured,0.0084,0.1469,0.6435,0.0413,0.1599
1,925,Maize,46.45,2.181,22,0.1072210698309332,0.4459,0.82,0.1911,measured,0.0505,0.2864,0.4459,0.1378,0.0795
1,926,Cotton,88.26,0.466,22,0.1939525270225895,0.5626,-0.48,1.2424,measured,0.0046,0.5626,0.3569,0.0195,0.0565
1,927,Groundnut,71.32,1.674,22,0.2237883747382338,0.3568,-0.46,-0.0783,measured,0.0879,0.1153,0.105,0.335,0.3568
1,928,Bajra,84.86,2.996,22,0.242754563762465,0.3139,-0.27,0.1028,measured,0.1244,0.1728,0.0871,0.3139,0.3018
1,929,Cotton,70.83,0.383,22,0.106818048212991,0.695,0.84,0.7616,measured,0.0193,0.695,0.1626,0.0258,0.0972
1,930,Groundnut,32.28,1.761,22,0.171696067060587,0.3431,0.74,-0.4741,measured,0.1559,0.154,0.0894,0.2576,0.3431
1,931,Rice,97.77,2.176,22,0.2475881094052968,0.9638,23.14,0.2139,rfi_flagged,0.9638,0.0174,0.0097,0.002,0.0071
1,932,Cotton,50.67,0.325,22,0.1692190018351312,0.6614,-0.09,0.362,measured,0.0479,0.6614,0.107,0.0655,0.1182
1,933,Cotton,57.88,0.356,22,0.092900275003397,0.3604,-0.37,0.4989,measured,0.0531,0.3604,0.2635,0.189,0.134
1,934,Cotton,56.45,0.34,22,0.1529436955651186,0.3822,1.33,0.4715,measured,0.0387,0.3822,0.3218,0.104,0.1532
1,935,Rice,46.32,1.458,22,0.1428861233922938,0.2389,2.08,-0.6113,measured,0.2389,0.223,0.1525,0.215,0.1708
1,936,Maize,54.42,1.992,22,0.1377366889078163,0.3935,-0.28,0.3148,measured,0.0338,0.2359,0.3935,0.1491,0.1877
1,937,Cotton,45.62,0.24,22,0.3464536140290312,0.432,-0.04,0.2667,measured,0.0521,0.432,0.0828,0.0962,0.3369
1,938,Bajra,26.79,2.252,22,0.1336748175705457,0.4352,-1.52,-0.4303,measured,0.1119,0.0966,0.0728,0.4352,0.2835
1,939,Cotton,82.93,0.351,22,0.1779265209567096,0.7266,-2.78,1.0645,measured,0.0153,0.7266,0.0801,0.0482,0.1298
1,940,Groundnut,33.03,1.47,22,0.219683468521454,0.3927,0.04,-0.466,measured,0.1054,0.1308,0.0751,0.296,0.3927
1,941,Cotton,88.58,0.413,22,0.123144348245238,0.6853,0.15,1.2547,measured,0.0028,0.6853,0.2545,0.011,0.0464
1,942,Groundnut,50.99,1.482,22,0.0647328678826952,0.3798,-0.98,-0.2865,measured,0.0879,0.1649,0.0606,0.3068,0.3798
1,943,Groundnut,43.33,1.665,22,0.1824430019990338,0.3362,-0.63,-0.361,measured,0.0901,0.171,0.1144,0.2883,0.3362
1,944,Cotton,58.27,0.298,22,0.1608983748175893,0.2745,-0.23,0.5063,measured,0.0495,0.2745,0.2113,0.2231,0.2415
1,945,Cotton,40.85,0.259,22,0.228613453307838,0.5667,-0.77,0.1754,measured,0.06,0.5667,0.0643,0.0852,0.2237
1,946,Cotton,28.96,0.209,22,0.2019408294766841,0.4545,-0.19,-0.0675,measured,0.0449,0.4545,0.0855,0.1001,0.3151
1,947,Groundnut,59.97,1.842,22,0.3391261218718195,0.3538,-0.04,-0.1983,measured,0.0768,0.212,0.1481,0.2092,0.3538
1,948,Bajra,39.95,2.579,22,0.2396940611079569,0.5436,-0.23,-0.3125,measured,0.2374,0.0229,0.0297,0.5436,0.1663
1,949,Cotton,75.17,0.347,22,0.2458454973487787,0.6763,-1.29,0.8604,measured,0.0096,0.6763,0.1581,0.0343,0.1218
1,950,Groundnut,74.3,1.881,22,0.1190642979792507,0.4124,0.64,-0.0435,measured,0.14,0.2108,0.0503,0.1865,0.4124
1,951,Bajra,81.92,2.923,22,0.1117156758446639,0.3953,0.28,0.0646,measured,0.1341,0.0996,0.1478,0.3953,0.2233
1,952,Bajra,56.72,2.131,22,0.1426694677978951,0.434,-0.51,-0.1755,measured,0.1357,0.0846,0.0346,0.434,0.3111
1,953,Bajra,84.05,2.429,22,0.1112147414359093,0.4334,-0.93,0.0918,measured,0.0916,0.0579,0.0775,0.4334,0.3396
1,954,Groundnut,79.12,1.849,22,0.1189156378709653,0.2948,-0.88,0.0176,measured,0.0603,0.2492,0.1564,0.2392,0.2948
1,955,Groundnut,52.26,1.463,22,0.1598716600319468,0.4832,-0.89,-0.2742,measured,0.0851,0.0477,0.0477,0.3362,0.4832
1,956,Groundnut,21.3,1.399,22,0.2369409254204545,0.3773,0.34,-0.6041,measured,0.1618,0.0596,0.0398,0.3615,0.3773
1,957,Cotton,73.72,0.334,22,0.1368249967058088,0.3192,0.14,0.8265,measured,0.0384,0.3192,0.2325,0.1352,0.2746
1,958,Bajra,27.06,2.026,22,0.2280371225756999,0.5567,-1.97,-0.4276,measured,0.1401,0.0273,0.0231,0.5567,0.2528
1,959,Cotton,31.27,0.33,22,0.1804921380158735,0.4831,-0.46,-0.0177,measured,0.0391,0.4831,0.2641,0.1317,0.082
1,960,Groundnut,0.0,1.056,22,0.2464361085988086,0.7061,,-3.1401,measured,0.0328,0.2429,0.0026,0.0157,0.7061
1,961,Cotton,8.81,0.263,22,0.3766997190558057,0.2823,,,imputed_spatial_same_crop,0.1019,0.2823,0.1533,0.1802,0.2823
1,962,Cotton,31.27,0.31,22,0.225381916555041,0.2823,,,imputed_spatial_same_crop,0.1019,0.2823,0.1533,0.1802,0.2823
1,963,Cotton,31.27,0.31,22,0.2290561819742954,0.2823,,,imputed_spatial_same_crop,0.1019,0.2823,0.1533,0.1802,0.2823
1,964,Cotton,31.27,0.31,22,0.1752785405928226,0.2823,,,imputed_spatial_same_crop,0.1019,0.2823,0.1533,0.1802,0.2823
1,965,Cotton,31.27,0.31,22,0.2092750658404556,0.2823,,,imputed_spatial_same_crop,0.1019,0.2823,0.1533,0.1802,0.2823
1,966,Rice,1.37,1.872,22,0.7919911341656249,0.9832,28.24,-1.441,rfi_flagged,0.9832,0.0111,0.002,0.001,0.0027
