farm_id,village_id,area_ha,buffer_level,g0_db_20250606,g0_lin_20250606,cv_20250606,ktex_20250606,npix_20250606,inc_20250606,g0_db_20250619,g0_lin_20250619,cv_20250619,ktex_20250619,npix_20250619,inc_20250619,g0_db_20250814,g0_lin_20250814,cv_20250814,ktex_20250814,npix_20250814,inc_20250814,g0_db_20251013,g0_lin_20251013,cv_20251013,ktex_20251013,npix_20251013,inc_20251013,d_aug_jun19,d_oct_aug,d_oct_jun,jun_baseline_db,ref_aug,ref_oct,temporal_cv,temporal_range_db,season_integral,glcm_ent_20250606,glcm_resid_20250606,glcm_ent_20250619,glcm_resid_20250619,glcm_ent_20250814,glcm_resid_20250814,glcm_ent_20251013,glcm_resid_20251013,n_dates,qc_flag,subcoh_20250606,subcoh_20250619,subcoh_20250814,subcoh_20251013,subcoh_drop_jun_aug,wcm_k_db,vwc_20250606,vwcflag_20250606,vwc_20250619,vwcflag_20250619,vwc_20250814,vwcflag_20250814,vwc_20251013,vwcflag_20251013
1,22,0.2842602108358393,0,6.860526212481133,4.853473036578207,0.3748683996782557,0.0,66,35.26639366149902,10.642987008050046,11.59574618845275,0.4710830306753132,0.0317256762459636,66,28.79837154619621,5.758183395181774,3.765462609854612,0.4537487364222979,0.0224313664176254,66,28.72305043538412,8.352996855308808,6.843837443626288,0.4376499206820058,0.0193928921679618,66,31.555676980452105,-4.884803612868272,2.5948134601270336,1.4924706428276746,8.75175661026559,-2.9935732150838152,-0.3987597549567816,0.4434431067867492,4.884803612868272,855.3127729197345,3.128857595865335,-0.0977350864066366,3.036525160421986,0.0388288851022666,3.080947568303221,0.0341395468760321,3.0606826878857287,-0.0691179022441086,4,ok,0.2349933268445911,0.1635816008078329,0.1889691998561223,0.1781521545666637,0.0103182639700896,18.80501233720453,1.4590732730436156,ambiguous,4.145135745420581,ok,1.3881604083129664,floor,2.023054615824418,ambiguous
2,22,0.2215418251883499,0,7.76757129462028,5.980770388516513,0.2939484530161643,0.0,55,35.263114443692295,10.79778316526204,12.016509012742477,0.4757526415952613,0.0354588400795723,55,28.794760339910333,6.588283339561793,4.55856691273776,0.5061885853115872,0.0651120660570985,55,28.71933444630016,8.46154999412812,7.017056920311668,0.4515869349684592,0.0299957051893104,55,31.55208337957209,-4.209499825700247,1.873266654566328,0.6939786995078396,9.28267722994116,-2.6943938903793683,-0.8211272358130408,0.3798499907630409,4.209499825700247,928.3531570131128,3.241476502345737,0.0287071020505234,2.974255718522774,-0.0054672938472202,2.98952598584617,-0.0429706511260707,3.1231134546588235,0.0070244195363677,4,ok,0.2149552196264267,0.2115175538442351,0.1867347121238708,0.2117513057183135,0.02650167461146,19.712233180460558,1.4590142240569886,ok,3.3825896303660663,ok,1.3881110754369292,floor,1.039742112018072,floor
3,22,0.5008628882666493,0,7.483265391408615,5.601786326314952,0.445345295297621,0.0444366404021885,148,35.25994669424521,10.400727164661967,10.966618012737584,0.4766750551380531,0.0362006274401214,148,28.79118284019264,6.089290186106089,4.0637690521575305,0.443054756370882,0.01429999344346,148,28.71569567757684,9.835117456667762,9.62746050470584,0.4375156226333939,0.0192923394495854,148,31.54858524734909,-4.311436978555879,3.745827270561673,2.3518520652591466,8.94199627803529,-2.852706091929201,0.8931211786324713,0.3735229505453282,4.311436978555879,939.2823527268058,3.240590429544677,-0.0472297656443765,3.0882407848807123,0.0109354708922668,2.9995014430762943,-0.1106960453421646,3.180769582583297,-0.0097636477935756,4,ok,0.2209938410166147,0.2088108958827482,0.178142346592771,0.1904875265585409,0.0367600218569104,19.4280970435677,1.4589571913603003,ok,3.267120426244849,ok,1.3880627767815095,floor,2.9161013066589057,ok
4,22,0.033637670655093,1,8.07914657154656,6.425614356994629,,,1,35.25602340698242,8.960988293922561,7.872249126434326,,,1,28.78679656982422,9.71178118876118,9.35789394378662,,,1,28.711292266845703,8.668842655230808,7.360109329223633,,,1,31.544313430786133,0.7507928948386198,-1.0429385335303731,0.5896960836842489,8.52006743273456,1.1917137560266209,0.1487752224962477,0.1368838210812833,1.632634617214622,1076.9202167987823,,,,,,,,,4,ok,0.1047652214765548,0.1200914159417152,0.3148283958435058,0.0786672532558441,-0.2024000771343708,20.024188453276295,1.4588865681937742,ok,1.1850084792856643,floor,1.388004340744832,floor,1.0396555470646391,floor
5,22,0.5675288112319056,0,7.455537802176857,5.566135574109627,0.4148586510288917,0.0215798187469897,165,35.2569497310754,10.508196428011445,11.241380362077193,0.4942674014407103,0.0506230760316099,165,28.78780212402344,6.568829685826572,4.538193073055961,0.6094731668903571,0.1628122227723412,165,28.712301658861566,10.860803130702664,12.192150446862886,0.4732568449000728,0.0471415697755879,165,31.5453049399636,-3.939366742184873,4.291973444876092,3.4052653285258065,8.98186711509415,-2.413037429267579,1.878936015608513,0.4017994109693131,4.291973444876092,1052.987215366508,3.301901426499384,0.0058372819268774,3.054916352256221,-0.0331078829162199,3.035797174446984,-0.082935358633958,3.2306581138545227,0.0319475659897094,4,ok,0.2054374487562613,0.1816247813403606,0.1867188104625904,0.1829263021774364,0.0068123045857205,19.400530049531547,1.4589032417375443,ok,3.405263838193744,ok,1.388017734854371,floor,3.8922988997993793,ok
6,22,0.8378502189360072,0,7.971991812288705,6.269013155841459,0.4149546291447148,0.0216492343956928,259,35.252090041701855,9.267780443703312,8.448469574156876,0.488317886194393,0.0456870938750957,259,28.782343271616345,7.986835120807088,6.2904760340466,0.5367944224949459,0.0921771088351819,259,28.706782094300024,9.120790120394648,8.167309472919891,0.5187989271342978,0.0857945402197433,259,31.53997704053017,-1.2809453228962244,1.1339549995875604,1.1487983081059436,8.619886127996008,-0.6330510071889197,0.5009039923986407,0.1397020501424589,1.2957886314146077,942.0876799836813,3.3281709797471146,-0.0020782456197525,3.181351853759825,0.0488796034844773,3.204923847994529,0.050799153001952,3.231184268018058,-0.001435059001503,4,ok,0.2041898003588772,0.1763301675556709,0.1905022325231531,0.1790467452933889,-0.0002422485658791,19.91724443296446,1.4588157773406896,ok,1.1849578778133998,floor,1.3879445015100604,floor,1.4994871213987282,ambiguous
7,22,0.1950720911999547,0,7.896236269112794,6.160608729590541,0.4344447321778358,0.036078055566705,46,35.25274102584176,9.29289727704619,8.49747171609298,0.5125735040031175,0.0661855445153485,46,28.783102657483973,5.868779648675343,3.862584246241528,0.3550976084579361,0.0,46,28.70755324156388,8.570408350390462,7.195166282031847,0.4604984540339523,0.0369494883255623,46,31.540707795516305,-3.424117628370848,2.70162870171512,0.6741720812776677,8.594566773079492,-2.7257871244041496,-0.0241584226890303,0.2640177496219836,3.424117628370848,773.0916056905104,3.273322327085931,0.0741010064921341,2.905471706967057,-0.0566358650649032,3.0038798059756253,-0.0145903662569635,3.156018423239709,0.053367965177514,4,ok,0.1667747693541257,0.1634653157190136,0.2010207381909308,0.1676734614631404,-0.0359006956543611,19.841454013959645,1.4588274924970872,ok,1.1849665056720189,floor,1.3879547318201833,floor,1.0396153880939214,floor
8,22,0.8917320682281362,0,7.438652496105194,5.544536535815721,0.4032473297243577,0.013300473437986,283,35.24506378173828,9.130936838506964,8.18641362341891,0.4445202318378377,0.0111902885259855,283,28.774473850802902,6.378653773966886,4.343755555658374,0.4977434491483267,0.0579235675006044,283,28.69882200126513,8.743702852066432,7.488076717187996,0.4686031507319202,0.0433916835314065,283,31.532283371834367,-2.75228306454008,2.3650490780995463,1.3050503559612388,8.28479466730608,-1.9061408933391943,0.458908184760352,0.2390420565907186,2.75228306454008,795.0508812345801,3.227711979334541,-0.1092561616627265,3.063675271455884,-0.0775330255531732,3.051824581122872,-0.109256275573466,3.1493864891798165,-0.0898974476922447,4,ok,0.2190379829609983,0.1898284913846966,0.186911096960938,0.1895014562054994,0.0175221402119094,19.384281488179166,1.4586893562274161,ok,1.7323856100742923,ambiguous,1.3878389236261661,floor,1.7698300711906152,ambiguous
9,22,0.4170669829003039,0,7.1671090583168064,5.208478860366038,0.416908198008713,0.0230656321462281,117,35.23719869108282,7.615705609810593,5.775246970673912,0.4134830192079347,0.0,117,28.76568138905061,8.124008809240555,6.492334400486742,0.513975263364367,0.071847248579612,117,28.68994742173415,10.157250685768586,10.368718131994587,0.5971432959100877,0.1605914058242916,117,31.5236993936392,0.508303199429962,2.033241876528031,2.99014162745178,7.3914073340637,0.732601475176855,2.765843351704886,0.2900727707099055,2.99014162745178,920.718072268698,3.26957554478176,-0.0004244798689714,3.0046439734539168,-0.0494912560760956,3.212442385358518,0.1206943007831897,3.264045267812759,0.0911881760683734,4,ok,0.2022420262806435,0.1929416451762374,0.1923206319921037,0.1726837949429312,0.0052712037363368,19.113159238770617,1.458547894317886,ok,1.1847686557164936,floor,1.387721267053203,floor,3.507023093490803,ok
10,22,0.3860355851925647,0,8.021646291576715,6.3411003947258,0.4416151208464177,0.0415530194844593,92,35.21871052617612,10.424436236628107,11.026650861553524,0.5044650853310234,0.0592225614515242,92,28.74506483907285,8.09472337937306,6.448702440313671,0.5454692513015084,0.1001372581798647,92,28.66913414001465,10.246646076705108,10.584360117497653,0.468508556375849,0.0433158448991644,92,31.503604826719865,-2.329712857255048,2.151922697332049,2.224999785128393,9.223041264102411,-1.128317884729352,1.0236048126026969,0.2571062931619002,2.402789945051392,1113.1921523524366,3.3259035258644545,0.0741290727899879,3.163581085593292,0.1331430497470966,3.178641219674037,0.1057622547605716,3.252501354102036,0.097722525365604,4,ok,0.2140989519007828,0.2163464992266634,0.1764292865991592,0.1897115478211123,0.0387934389645638,19.96868606023368,1.4582155814691011,ok,2.718060171233986,ok,1.3874455394620437,floor,2.794508099744603,ok
11,22,0.4430542916703957,0,7.177719903990019,5.221219969712771,0.4486059890923285,0.0469771957188509,130,35.21731538038988,9.192466057376418,8.303221160631914,0.5147129077895083,0.068041237157981,130,28.74348435035119,7.103748755092112,5.133042682134188,0.5350897066106152,0.0906278389834152,130,28.66751180795523,8.95063287721123,7.8535007169613475,0.5229670781409336,0.0895094436547212,130,31.502052307128903,-2.088717302284306,1.8468841221191183,1.772912973221212,8.185092980683219,-1.0813442255911072,0.7655398965280114,0.220231076737524,2.088717302284306,853.7205569175574,3.2837580369190063,0.0057697735609858,3.2062034662484944,0.1416817948421833,3.187430584999004,0.0874121956255722,3.262689423435693,0.0819086580925736,4,ok,0.2051842008359157,0.1973391997986115,0.1846631046098012,0.1936480289754959,0.0165985957074623,19.124834321020984,1.4581905169264833,ok,2.248466149272685,ambiguous,1.387424059628234,floor,2.3412763452197187,ok
12,22,0.5516646220761335,0,10.038775453436427,10.08968354961065,0.6039007673139491,0.1894350934148243,127,35.2105092626857,10.460112476922957,11.117605201372012,0.5059534470918398,0.0604923504174435,127,28.73585224902536,8.352933424932589,6.843737487483212,0.5344659086504318,0.0900621541386592,127,28.65979525047963,9.337914963548682,8.586012103426174,0.4284313065735037,0.0125623030148309,127,31.49460550743764,-2.107179051990366,0.9849815386160934,-0.7008604898877469,10.249443965179692,-1.8965105402471032,-0.9115290016310098,0.1759703896382027,2.107179051990366,1103.6574598966154,3.4293077261642444,0.1530896166027338,3.111863438907128,0.0496433511406224,3.2255046694907845,0.1273189383506752,3.254414241233789,0.0753893223816248,4,ok,0.200476565698939,0.1712580845933261,0.1941549848970465,0.1830666658329212,-0.008287659750914,21.986253981838306,1.4580682661168496,ambiguous,1.184430299542437,floor,1.3873219159897017,floor,1.0391025442821982,floor
13,22,0.4815186925147954,0,7.474947776865822,5.591068043708801,0.4650856530662107,0.0601007898331811,125,35.31769146728516,9.692857991429182,9.317208176612851,0.5187822698633404,0.0715922850525434,125,28.85576150512696,6.473876390786627,4.440047733306884,0.4469712682012973,0.0172554825961959,125,28.781081558227537,9.267822789120864,8.448551950454712,0.4901258552400401,0.0610450124602011,125,31.611743896484374,-3.218981600642556,2.7939463983342367,1.792875012255042,8.583902884147502,-2.110026493360875,0.6839199049733615,0.2877651282515652,3.218981600642556,868.7649514226914,3.284321616166047,0.0093069944704877,3.1390200203647094,0.0783647276959178,3.092741261169888,-0.0041984867395057,3.206993145227848,0.0291619870254664,4,ok,0.1923338706791401,0.2039765585660934,0.1700568880736827,0.1983043462336063,0.0280983265489339,19.416681637664862,1.4599982396978064,ok,2.5077887077713825,ok,1.3889320337386044,floor,2.3651009005826373,ok
14,22,0.2896841758437599,0,10.64895805043788,11.611699951228813,0.4062487656311948,0.0154180963039736,67,35.326263256927035,10.933030831671957,12.396614131642812,0.6257058013355743,0.1749174974809775,67,28.86542556534952,12.197410811461078,16.585977853234134,0.922436010385172,0.5693051731538852,67,28.790788280430125,11.133193226882288,12.981333956789614,0.5539912021229447,0.1180940562237518,67,31.621115812614786,1.2643799797891209,-1.06421758457879,0.4842351764444075,10.790994441054918,1.4064163704061592,0.3421987858273692,0.1422988355213308,1.5484527610231975,1854.5859714159324,3.32649355269293,0.0987607264752985,3.3545158259050187,0.3553371163146002,3.223544858319995,0.175556434267166,3.3548953399162262,0.2239638210783199,4,ok,0.206002831403444,0.1960058622062206,0.1953002873863747,0.2007243391960414,0.0057040594184576,22.590231502210088,1.4601530288050304,ok,1.1859038095234467,floor,1.3890613245065027,floor,1.0405126760605696,floor
15,22,2.257871362413479e-07,2,7.96290366594945,6.255908191204071,0.3817826770271627,0.0,40,35.33023548126221,8.705809879093117,7.423026105761528,1.184623234697952,1.0292499729252245,40,28.8699520111084,7.60411654055135,5.759856373071671,0.5339595179855342,0.0896034241553185,40,28.795354175567628,10.097431302789008,10.22687929868698,0.4593549160345905,0.0360495699752061,40,31.62550582885742,-1.101693338541767,2.493314762237657,2.1345276368395565,8.334356772521284,-0.7302402319699342,1.7630745302677229,0.2334426902807326,2.493314762237657,937.6358524903656,,,,,,,,,4,ok,0.197911324724555,0.1993888756260275,0.2132556552067399,0.2091497711837291,-0.0146055550314485,19.903963711603346,1.4602247813170406,ok,1.1859554603115574,floor,1.389122163039011,floor,2.710103518387985,ok
16,22,1.198032268621871e-07,2,7.95187261902625,6.2400383949279785,0.5345847415860739,0.1206544954585333,26,35.32688346275916,6.824042799200241,4.812871648715093,0.5604618294956529,0.1095731234131802,26,28.866263903104343,6.6022793170592,4.573281471545879,0.5691809778018394,0.1225465951903121,26,28.791662216186523,10.436608184788552,11.057598545001104,0.6372725520752788,0.2029709715145897,26,31.621917137732872,-0.221763482141041,3.834328867729353,2.4847355657623016,7.387957709113246,-0.785678392054046,3.0486504756753066,0.3914830212102049,3.834328867729353,803.5826031473966,2.450483352029196,-0.7054803165476202,2.279331401021096,-0.6265318467182581,2.1730510026264365,-0.8006340824123659,2.385159045581943,-0.6745833913519639,4,ok,0.2204448093588535,0.1878596088634087,0.2195262524944085,0.1986873124081354,-0.0153740433832774,19.893112752561233,1.46016423100339,ambiguous,1.1859133748079114,floor,1.3890729682187681,floor,3.042454077794875,ok
17,22,8.170756718469804e-09,2,10.442831694266877,11.073455619812012,0.3331767440779885,,5,35.32736892700196,7.811894305999772,6.042121171951294,0.4530550056837597,,5,28.866868591308595,7.916055279495717,6.188786888122559,0.3808251271354777,,5,28.79227523803711,10.779141554170392,11.965040016174315,0.3651311003134515,,5,31.622492218017577,0.1041609734959454,2.863086274674675,0.3363098599035155,9.127363000133323,-1.211307720637608,1.651778554037067,0.3085639925779844,2.9672472481706205,998.3314819574356,,,,,,,,,4,ok,0.2009590506553649,0.1238584637641906,0.2526817917823791,0.201776722073555,-0.0902730345726013,22.384045747518854,1.4601729997296204,ok,1.185920274446021,floor,1.3890811360049389,floor,1.0405280669528219,floor
18,22,5.084064626714735e-09,2,7.3707755645811055,5.458553314208984,0.1848773000277256,,6,35.32817014058431,9.7949409768066,9.53880778948466,0.2747852533597896,,6,28.867781321207683,7.389173860910638,5.481726785500844,0.6965420991838238,,6,28.793195724487305,10.763906669100765,11.92314064502716,0.7985058034337125,,6,31.623374303181965,-2.4057671158959604,3.374732808190126,3.393131104519659,8.582858270693851,-1.1936844097832129,2.1810483984069133,0.3409898463434395,3.393131104519659,1040.203838189443,,,,,,,,,4,ok,0.1661324898401896,0.1558702935775121,0.1229582484811544,0.2616132621963818,0.0380431432276964,19.311946573727106,1.4601874721563093,ambiguous,2.7454439865390086,ok,1.389093400869822,floor,3.88296692437221,ok
19,22,4.845720711671931e-09,2,6.306752773105064,4.272433161735535,0.3572854271971208,,10,35.32927589416504,8.027882619562526,6.350212550163269,0.3741138363359339,,10,28.869044303894043,5.96248897936503,3.9468343377113344,0.3444107939129967,,10,28.794464302062988,9.447669576258784,8.80576229095459,0.502386481766298,,10,31.62459392547608,-2.065393640197496,3.4851805968937537,3.14091680315372,7.167317696333795,-1.2048287169687644,2.2803518799249893,0.3324483551150253,3.4851805968937537,739.9424088478088,,,,,,,,,4,ok,0.2063297219574451,0.1976668708026409,0.1233543705195188,0.1549208275973796,0.0786439258605241,18.2478643750539,1.4602074464692518,ok,1.794126139647717,ambiguous,1.3891103047580788,floor,3.648639001676671,ok
20,22,0.3876135438595965,0,7.678376765306241,5.859191283395019,0.3438348867488767,0.0,79,35.201038650319546,12.469113247375589,17.656772637669043,0.4365375660938148,0.0052518251002029,79,28.724971843671195,7.859820606174608,6.109167892721635,0.5640582978148805,0.1176245446869452,79,28.648775269713585,10.465165953892852,11.130549243733851,0.4093471522980662,0.0,79,31.48406955863856,-4.6092926412009785,2.605345347718245,2.7867891885866127,10.073745006340914,-2.213924400166306,0.3914209475519392,0.4708095719951085,4.790736482069346,1335.49161443152,3.1956023429049027,-0.0446219192350891,3.1131969839012004,0.0977766999270919,2.998969730487189,-0.0619512042515855,3.135786449926247,-0.0075355425385894,4,ok,0.2128920707427248,0.2107240564272373,0.1715431501499459,0.1996142724646797,0.0402649134350351,19.626361796566357,1.4578982242404221,ok,5.212551868001404,ok,1.3871761148153041,floor,3.3188104619297754,ok
21,22,0.5725174781550666,0,7.835773833942291,6.075435064457081,0.4337197220518876,0.0355294618131494,162,35.195548045782395,12.379699812407097,17.296967971472093,0.4279853954139967,0.0,162,28.718791914574894,7.310318366564518,5.383092426959379,0.4195176073474814,0.0,162,28.64250171331712,9.23772519921974,8.390203990318158,0.4387919661187014,0.0202492206933493,162,31.478024941903573,-5.069381445842579,1.9274068326552207,1.4019513652774478,10.107736823174694,-2.797418456610176,-0.8700116239549551,0.5122595493022496,5.069381445842579,1200.161203407947,3.255603854304251,-0.0390690926375336,3.047954939993053,-0.0382604366988901,3.0228220339770355,-0.0944701780441512,3.2003678856885784,0.0030372910701679,4,ok,0.203009592116247,0.1857084930862909,0.1807771943003675,0.1987174307858502,0.0135818483009014,19.784052429763562,1.457799678552169,ok,4.941088818648826,ok,1.387093148384037,floor,1.9048944131313283,ambiguous
22,22,0.3980899814218664,0,8.49719872220624,7.074892938137054,0.4796664159099442,0.0721069154695952,108,35.18781202810782,11.925472341031432,15.579274666530116,0.572942230763462,0.121516718052929,108,28.710128007111727,7.995671902725859,6.303288574571963,0.7084353399437763,0.2733935264648688,108,28.633693642086453,10.925698140925649,12.375701169172922,0.5389937296112377,0.104070241918007,108,31.469517884431063,-3.929800438305573,2.930026238199788,2.4284994187194062,10.211335531618836,-2.215663628892977,0.7143626093068107,0.3702493885858299,3.929800438305573,1320.3335524935414,3.4441888258712567,0.1802574907260945,3.3815590236984625,0.3353144059947315,3.3320533642409,0.2465882556475378,3.3478235471377915,0.1809860945875021,4,ok,0.2060539717613547,0.1975881369715487,0.1795924967844729,0.1981090477633255,0.0222285575819788,20.44589083609246,1.4576608773758455,ok,3.783259949633395,ok,1.3869767083475182,floor,2.986324631664769,ok
23,22,1.1280382993849755e-09,2,4.913086828162058,3.099621629714966,0.3333206531880167,,5,35.1802734375,6.658585358653076,4.632959842681885,0.696080089993414,,5,28.701694107055665,2.8355101685078976,1.921104621887207,0.4452318194194887,,5,28.625116729736327,6.002251025065814,3.98313570022583,0.3125839309336533,,5,31.46125030517578,-3.823075190145178,3.166740856557916,1.0891641969037558,5.785836093407567,-2.950325924899669,0.2164149316582468,0.2983136172223246,3.823075190145178,410.9027942419052,,,,,,,,,4,ok,0.2156708300113678,0.2356490448117256,0.194503566622734,0.1572272971272468,0.0311563707888126,16.862181792888084,1.4575256694562322,ok,1.833369988554278,ambiguous,1.3868633744402836,floor,1.354681686599149,ambiguous
24,22,0.256617417728398,0,8.61378762506125,7.267394945539277,0.4972388868703657,0.0870689305133312,58,35.18282120803307,12.510037759920426,17.823942644842738,0.5845501285012498,0.1328614293537791,58,28.70445264618972,7.385398070365086,5.476963000050906,0.6275887562190496,0.1818129895658096,58,28.627925938573377,9.00745147836838,7.956922862036475,0.5193082087734593,0.086246848042139,58,31.46398860010608,-5.12463968955534,1.6220534080032951,0.3936638533071317,10.561912692490838,-3.176514622125752,-1.5544612141224563,0.5000200581577569,5.12463968955534,1218.5356282571267,3.362369511256168,0.1455734225980371,2.958285212933376,-0.0266733671465866,3.1153542403017047,0.0786887319037878,3.2117538871564024,0.0916707094650148,4,ok,0.2086096512603348,0.207496922206262,0.1800456736879102,0.2381448298692703,0.0280076130453882,20.562746453388293,1.4575713592065935,ok,4.258813956460759,ok,1.3869004894008259,floor,1.0387626114840631,floor
25,22,0.1020199392891068,0,8.573567685221468,7.200402408838272,0.5267684938456484,0.1134240833705657,16,35.172585248947144,10.830198363467662,12.106534287333488,0.35957633320904,0.0,16,28.69286108016968,8.198100270658813,6.604045048356056,0.4717335737435122,0.0365437982488885,16,28.61622655391693,10.949355273918924,12.44329872727394,0.3455643448110477,0.0,16,31.45276391506195,-2.632098092808849,2.7512550032601126,2.3757875886974578,9.701883024344564,-1.503782753685751,1.247472249574361,0.2812971234770442,2.7512550032601126,1220.8116231933236,2.993216097372779,-0.1259372699018457,2.938808077100769,0.0808062001759082,2.795961396635575,-0.1396136089934367,3.08909467774978,0.06586502207809,4,ok,0.23792813019827,0.1597057078033685,0.184131377376616,0.1556512583047151,0.0146855416242033,20.523073379161573,1.45738783024217,ok,2.5489284578150824,ok,1.3867459534639188,floor,2.9364409944389287,ok
26,22,0.4838093252761882,0,8.057987055784853,6.394383886702975,0.4107863261784538,0.018649326724383,133,35.17875292785185,11.159245060020703,13.059438544108456,0.4400239082360143,0.0078321484170731,133,28.699809899007462,7.344885204822543,5.426109085405679,0.4105858889821396,0.0,133,28.62321941117595,9.30088936940561,8.513123562461452,0.4497128906582538,0.0285506546198874,133,31.459490367344447,-3.814359855198161,1.956004164583068,1.2429023136207569,9.60861605790278,-2.2637308530802365,-0.3077266884971692,0.3521923659136419,3.814359855198161,1062.222158862684,3.3038834394705647,0.0241654095971832,3.0892659041615875,0.0224951613354438,3.086548013887791,-0.0152612203559288,3.149360032389433,-0.0331365185945471,4,ok,0.2119543963581099,0.1874342490743873,0.1908067656134752,0.1987323784514477,0.0088875571027734,20.00716326059919,1.4574984045474701,ok,3.452218860868669,ok,1.3868383102845985,floor,1.6701416005012755,ambiguous
27,22,0.5415105264041837,0,7.270623786327306,5.334115050055764,0.4025826152310703,0.0128336170175589,154,35.17756447234711,9.914241545120593,9.804470734162765,0.490650076502749,0.0476148593937941,154,28.698447896288588,7.1246899163761865,5.157853369976019,0.4977653694085225,0.057942069473388,154,28.621844873799905,8.684605117502219,7.386870947751132,0.4277823448103222,0.0120869293046721,154,31.45817947387696,-2.789551628744406,1.5599152011260324,1.413981331174913,8.59243266572395,-1.4677427493477628,0.0921724517782696,0.2718428894258903,2.789551628744406,893.6876120451209,3.2478618530709045,-0.0429713800629274,3.1104369062810804,0.0292139898484355,3.164712639369472,0.0513957221151124,3.194161092713605,0.0006391773349636,4,ok,0.2054608023253741,0.1930217385872618,0.183707704307971,0.1926945489045087,0.0155335661483468,19.2198634865515,1.4574770952683134,ok,2.9789713813161747,ok,1.3868201537433031,floor,1.9203571764497183,ambiguous
28,22,0.259927890220491,0,7.765418192670864,5.977806036589576,0.4250959477305395,0.0290743743898143,61,35.17337236248079,11.068662087824377,12.789872314109177,0.3987956778604493,0.0,61,28.69369803882036,7.536841059271095,5.671319388952411,0.4048283311569822,0.0,61,28.61706902550869,9.909510633367574,9.793796218809534,0.3771408464123842,0.0,61,31.453592957043256,-3.5318210285532814,2.372669574096479,2.14409244069671,9.417040140247622,-1.880199080976526,0.4924704931199528,0.3427935010613848,3.5318210285532814,1102.8567451981246,3.1844037834978023,-0.0362158788631399,3.151004919862024,0.1610748651580293,3.0171067125233737,-0.0235173806263251,3.151643162720692,0.0277673154419346,4,ok,0.1831966881624988,0.18725349925092,0.189746905301438,0.1986269288864292,-0.0045218115947285,19.71488184170331,1.4574019397599056,ok,3.656520719544474,ok,1.3867570784997174,floor,2.7154065134478906,ok
29,22,0.5681262967499147,0,7.111677059608432,5.14242191594324,0.3511944215162978,0.0,162,35.17658749333135,10.685617479606064,11.71013085047404,0.46284534250306,0.0252297563607224,162,28.697301864624023,7.196396535815354,5.243721932540705,0.4582252555650663,0.0258927531160872,162,28.6206909933208,8.357949864580563,6.851647104746029,0.4254966620647675,0.0104183728170443,162,31.457087069381902,-3.48922094379071,1.1615533287652091,1.246272804972131,8.898647269607249,-1.702250733791895,-0.5406974050266857,0.3689527061199357,3.573940419997632,947.1105420247272,3.2046769453278734,-0.0899960016139114,3.054844712257986,-0.0313706644339566,3.103464926897431,-0.0138272851237557,3.0815846040810904,-0.1157459905373201,4,ok,0.2192909367566491,0.1930164710883005,0.1720768592469854,0.1713711512217551,0.0340768446754894,19.06096895462952,1.4574595787471716,ok,3.930199395747205,ok,1.3868049128867304,floor,1.6756311196049798,ambiguous
30,22,0.3338709047267693,0,10.796469048099196,12.012873527480334,0.3932200852578397,0.0063397496329489,82,35.169589670693,12.77729128353493,18.95523305055572,0.5415121202462316,0.0919413652232994,82,28.689392182885147,13.777563254896316,23.86471902451864,0.5674592018203432,0.1208872877118789,82,28.612738120846632,15.308572101319744,33.95136269708959,0.5275977125279447,0.0936713972841747,82,31.449424394747105,1.000271971361384,1.531008846423429,4.512103053220548,11.786880165817063,1.9906830890792515,3.5216919355026803,0.3598410576899395,4.512103053220548,3134.733802507564,3.363786912438476,0.1207368023350889,3.12642016573834,0.1073256668717448,3.011465668668327,-0.0523808952143349,3.126845774078032,-0.0192792263741798,4,ok,0.2328835807558966,0.1691409435304926,0.2143006650958119,0.2054186573751815,-0.0132884029526172,22.74613474434689,1.457334137582835,ok,2.200754184074124,ambiguous,3.0109882037234277,ok,4.973170988301611,ok
31,22,0.5907185134228785,0,7.096424557125721,5.124393312043922,0.4193548280332046,0.0248488975427791,172,35.1620845572893,9.46561294508882,8.842219557873038,0.5083355915832135,0.0625324509762683,172,28.68090439951697,8.834389255688196,7.646081547404444,0.4357230449771779,0.0088372392377424,172,28.604191003843795,8.888172089697969,7.741359016923017,0.4507116080357568,0.0293200043620014,172,31.44117503942445,-0.631223689400624,0.0537828340097732,1.7917475325722476,8.28101875110727,0.5533705045809256,0.6071533385906989,0.185598258838594,2.3691883879630984,1014.0786315320536,3.223561140892629,-0.0756531719497033,3.060721137836266,-0.0313989989277563,3.059145447378046,-0.0628484869593468,3.0987166811743827,-0.1031185736584912,4,ok,0.1871768816179314,0.2050914571209009,0.1650726456238433,0.1787164072224567,0.0310615237455728,19.046491044699582,1.457199651001519,ambiguous,2.6784211795821737,ok,1.386587073408488,floor,2.359869647490739,ok
32,22,0.1085043476881907,0,9.268632151556538,8.45012659118289,0.3427150787578977,0.0,21,35.15452085222517,10.8084717808817,12.046119803474063,0.4495516763229837,0.0149885676530496,21,28.67241596040272,6.9249852879513725,4.926046746117728,0.5800999324340659,0.133186419969157,21,28.595658983503068,8.259795662634069,6.6985309180759245,0.3689789061355169,0.0,21,31.43290828523181,-3.883486492930329,1.3348103746826965,-1.0088364889224692,10.03855196621912,-3.113566678267748,-1.7787563035850518,0.3277823462035161,3.883486492930329,957.18359487965,3.0543501113848768,-0.0854207653835152,3.0718195400183235,0.1870104316325842,3.021210388206544,0.0642898652564665,2.8398166627019847,-0.2038638610062779,4,ok,0.2031631586807114,0.217515314973536,0.2059920096681231,0.1793854669446037,0.0043472271590005,21.219102446591222,1.4570641648944487,ok,1.2103250506245071,ambiguous,1.3864745021915117,floor,1.0384180641677432,floor
33,22,0.6522243259691243,0,8.23356483330937,6.658194586788256,0.4848734080797452,0.0764842715269695,194,35.17399013165346,12.017283685911906,15.912131844107638,0.5482857160140843,0.0981742192935632,194,28.6942705763984,8.367049288778787,6.866017861464589,0.6631998288776505,0.2207863086243,194,28.617647406981163,10.174491604525103,10.409962389886994,0.467005957111474,0.0421132271627915,194,31.454188897437657,-3.650234397133119,1.807442315746318,1.940926771215736,10.125424259610638,-1.7583749708318503,0.0490673449144676,0.3759608352369171,3.783718852602537,1302.774721097393,3.398758813474929,0.0904187496859809,3.0307554821578133,-0.0732301089645162,3.1833833886259866,0.0519414714971899,3.2664114101160067,0.055524163411841,4,ok,0.2190026798352752,0.1927577607794521,0.1911189606048397,0.1878200342936307,0.0147612597025239,20.18299548237041,1.457413014054726,ok,4.143316906427869,ok,1.386764716440205,floor,2.5144525206838546,ok
34,22,0.4679714340427883,0,7.753687183134246,5.961680785814921,0.4368070355423613,0.0378718973122926,135,35.171229892306854,12.256651948303055,16.813773582599783,0.4336426401865371,0.0031248206657001,135,28.69119702091924,7.360601378987789,5.445780567769651,0.4723640397165481,0.0370484662551915,135,28.61455436989113,10.209423641437754,10.494031515827883,0.4062909689624359,0.0,135,31.451190778944227,-4.8960505693152685,2.848822262449965,2.455736458303508,10.005169565718653,-2.6445681867308624,0.2042540757191027,0.4715098637919379,4.8960505693152685,1249.5023321129656,3.2861520670469213,0.0053024020818939,2.9965055172124453,-0.0717365965297722,2.9707665760218043,-0.132214251544434,3.143494550446741,-0.0401244891642877,4,ok,0.2322985411794097,0.1834462841903721,0.1922215525198865,0.1700781441397137,0.0156508601650043,19.70326527270684,1.4573635358849084,ok,4.895869527640319,ok,1.3867238732968705,floor,3.0113948291844137,ok
35,22,0.992270754998336,0,7.215209743989602,5.26648648954428,0.4947828964926949,0.0849454286058164,313,35.202079931387125,10.092958123245094,10.21635116213046,0.4740733089421801,0.0341120419467733,313,28.72606377403576,7.16885825748938,5.210577091469932,0.5290775969258558,0.0852032850979926,313,28.64987645743373,7.976004853397195,6.274808632299161,0.4770062867024678,0.050189776382133,313,31.4851487497933,-2.9240998657557133,0.807146595907815,0.7607951094075931,8.654083933617347,-1.4852256761279667,-0.6780790802201517,0.304077655453381,2.9240998657557133,877.1540075497694,3.3226787055699214,-0.0219285905121222,3.145990246667929,-0.0051506078396479,3.111760958326792,-0.0572287933420301,3.1203882931530336,-0.1264730551710218,4,ok,0.1997536846433584,0.1871776248271854,0.1832909644864047,0.1837767743097897,0.0101746902488672,19.163139094639014,1.45791691622636,ambiguous,3.2244311944296147,ok,1.3871906805253953,floor,1.0389974925665273,floor
36,22,0.902129946251072,0,6.833422733956763,4.823277769616731,0.4118664105604436,0.0194237511080885,289,35.19601724222045,9.46901549656272,8.849149854537938,0.4679959335060275,0.0292778862588183,289,28.719259156487805,7.424328437440235,5.526279468231135,0.5328222678502665,0.0885747950457556,289,28.642975493698383,7.8829644965807955,6.14181102477143,0.4535975358846207,0.0315527348078894,289,31.47850417430838,-2.0446870591224835,0.4586360591405602,1.0495417626240329,8.15121911525974,-0.7268906778195054,-0.2682546186789452,0.2406578526640811,2.635592762605956,841.4255153846163,3.224016924984217,-0.1145418647798153,3.125958863373987,-0.0173176218261081,3.139911906857002,-0.0228157646892568,3.06879213108742,-0.1720695980990561,4,ok,0.2083260484529614,0.1786390542210592,0.180566824160542,0.1907981541974528,0.0129157271764682,18.781676245721897,1.457808098673417,ok,2.971015303271244,ok,1.387099413100509,floor,1.2251425614210274,ambiguous
37,22,0.5266487272851875,0,7.78576724819172,6.005881026880631,0.3963347268931133,0.0084831097998456,151,35.1916834344927,10.94012338228325,12.416875832128207,0.4483789182341941,0.0140994219204708,151,28.714399767237783,7.081813780445419,5.107182509851771,0.4966092758915851,0.0569673711272427,151,28.63804017629055,9.668468431609686,9.265030283012138,0.4311196212528781,0.014539207196909,151,31.473740293490177,-3.8583096018378313,2.5866546511642667,1.8827011834179648,9.362945315237486,-2.281131534792067,0.3055231163721998,0.3518996328231555,3.8583096018378313,1041.5879369449142,3.272239783698252,-0.0171018968681515,3.145317954977272,0.0660343801961103,3.147090093108688,0.0353173954009689,3.180946882726684,-0.0110955355897495,4,ok,0.2147416239049261,0.1814732537512353,0.184607559654689,0.1928807913220876,0.0134998791733916,19.734252436252525,1.4577303322982345,ok,3.5064937023354448,ok,1.3870341616744357,floor,2.455510434380674,ok
38,22,0.492507854010358,0,7.534951874496246,5.668852896585952,0.4160770308086324,0.0224621971652445,137,35.18826561252566,11.094590910282877,12.866460499102182,0.4632498772368701,0.0255460811309315,137,28.710574713936687,6.768239538280771,4.751425824896263,0.5127268065525674,0.0707604597093685,137,28.634150665171823,9.252167878846686,8.418152478489562,0.4374116673180469,0.0192145263766907,137,31.469983929265155,-4.326351372002104,2.4839283405659147,1.7172160043504403,9.31477139238956,-2.546531854108788,-0.0626035135428733,0.3980803109244634,4.326351372002104,1008.867703245504,3.2991360195029777,0.0171713617431636,3.1844737338556763,0.1147818877907411,3.05097007903346,-0.0531651119160554,3.0993603561097127,-0.0853646643432215,4,ok,0.2264935461274028,0.1808567724469369,0.1827614390338859,0.1793099869939967,0.0209137202532839,19.483619745929772,1.4576690142155453,ok,3.9160982250577296,ok,1.3869827487673212,floor,2.2804853980668547,ok
39,22,0.6675339882764417,0,8.189537049404557,6.591036321634942,0.4409789918684185,0.0410636791756868,188,35.18452368391321,11.882911688812989,15.427344189045275,0.5378364033159541,0.0885915141277506,188,28.70640232207928,7.757372954532965,5.966742494004838,0.6370264040499247,0.1919322639650076,188,28.629906776103567,10.070196371152058,10.162946447413018,0.6351079546499074,0.2006146852712864,188,31.465881875220767,-4.125538734280024,2.312823416619093,1.8806593217475007,10.036224369108773,-2.278851414575808,0.0339720020432849,0.3941242575695116,4.125538734280024,1226.0445686873604,3.31881173803448,0.0128535919233292,3.286280617385106,0.1853920355562017,3.2325470456745986,0.1035711521489028,3.272260563148216,0.0637359822217638,4,ok,0.2028731869811073,0.1949563728883228,0.1873814887466265,0.1872856470538263,0.0115332911880884,20.138404901253317,1.457601893297832,ok,4.051633237158095,ok,1.3869266632086807,floor,2.4532268460777407,ok
40,22,0.5319990846374182,0,7.212096300475982,5.262712314913545,0.3971288674930519,0.0090323081079812,158,35.18067038813724,10.95999800198136,12.473829403708253,0.4279265266061277,0.0,158,28.701982123942315,7.683241370328043,5.865757938427262,0.4118223248776525,0.0,158,28.62541783006885,9.319934943480806,8.550539042376265,0.4204281879512547,0.0067502580188045,158,31.46159775649445,-3.276756631653317,1.6366935731527636,2.1078386430048246,9.086047151228671,-1.4028057809006285,0.2338877922521351,0.3538472642894233,3.747901701505378,1061.284876174942,3.2884769095229687,-0.0043004850976928,2.9685566001359893,-0.1151941476523545,3.098600321205093,-0.0167294062145582,3.10933358056423,-0.0861167825748432,4,ok,0.1900752580760023,0.1922717951709711,0.174525582691348,0.1802070324745359,0.0166479439321386,19.16117005556959,1.4575327876847206,ok,4.107007627467028,ok,1.3868673522904456,floor,2.6803242603477866,ok
41,22,0.944772147474751,0,11.359789544974245,13.676625483478142,0.4608653937959512,0.0566948894195942,302,35.18117382984288,12.83319254977772,19.200796951521312,0.5214804033307157,0.0739621750418555,302,28.70228499608324,13.448383962305623,22.12271356030016,0.5340779773633421,0.0897106953625421,302,28.62573645130688,14.28868704452701,26.845327372582545,0.5118568951744461,0.0796733739990847,302,31.462003720517192,0.6151914125279063,0.8403030822213857,2.9288974995527663,12.09649104737598,1.3518929149296444,2.19219599715103,0.233282529730296,2.9288974995527663,2839.8027681449785,3.392623200005439,0.0507283869583656,3.199745552720444,0.0521315141250471,3.214171893342753,0.0479904029541575,3.3330618094628286,0.0888910204721589,4,ok,0.2171664612725475,0.2014112472410825,0.2041115361999794,0.2032798827557966,0.0051773180568356,23.30883640001861,1.457541815741085,ok,1.1840501561103096,floor,1.386871561676644,floor,3.4491388583358056,ok
42,22,1.3556459123480105,0,9.276213182292786,8.464889987146474,0.414542134509161,0.0213510136947381,438,35.1774853919739,10.149834504335066,10.351027214908164,0.4724253093221724,0.032795002345533,438,28.69808526235084,12.963017652597806,19.783437954236383,0.5383699346191946,0.0936133382910928,438,28.62149095317545,15.243562517630018,33.446929268641014,0.4898496740529445,0.0608134632913772,438,31.457933826533623,2.8131831482627394,2.280544865032212,5.967349335337232,9.713023843313929,3.249993809283879,5.530538674316091,0.5490665180674824,5.967349335337232,2562.979503235724,3.275404536501441,-0.0946788476833901,3.102839829296664,-0.0814254620249537,3.229450108460912,0.0340847036107265,3.1762783405688824,-0.0958531848362467,4,ok,0.2022208518191287,0.1906305580446709,0.2027039026850026,0.2000742747988466,-0.0062781977531028,21.225457107431367,1.4574756773834814,ambiguous,1.184002640613004,floor,3.8299391956049704,ok,6.652524006057383,ok
43,22,0.6459871347636221,0,7.508270526955535,5.634132454075764,0.4252956592200715,0.0292223965717923,194,35.186330244713226,10.52341713650712,11.280847120530826,0.5100186701584103,0.0639796391972975,194,28.707990528381977,7.652126750329268,5.823883448986663,0.4732477934068669,0.0377570176541119,194,28.6315259441887,9.694014844855282,9.319690381743245,0.5161779312790719,0.0834737767666844,194,31.467607989753645,-2.8712903861778507,2.041888094526014,2.185744317899747,9.015843831731328,-1.3637170814020596,0.6781710131239542,0.2981331819133623,3.015146609551584,1043.1870381033298,3.3176154657288657,0.0092754019399174,3.132086971226263,0.0281013801039335,3.136333570980714,0.0048916538519172,3.2030884628778846,-0.0077987838262809,4,ok,0.2034637705067691,0.185784451260241,0.1794684192108124,0.188886870505269,0.0151556916726925,19.457041833984718,1.4576342969696803,ok,3.3648214460883135,ok,1.3869480600604793,floor,2.755994375282966,ok
44,22,0.3342891034507806,0,7.577141417406711,5.724191332640856,0.3944590237844186,0.007190307510331,92,35.188318915989086,9.14224727400913,8.207761483347934,0.4300551768236788,0.0005086200797181,92,28.71017080804576,8.13145558268998,6.503476245247799,0.5201192704168959,0.0772341517515082,92,28.633732464002527,10.0645822802065,10.149817373441612,0.4304674005042164,0.0140584479321725,92,31.46974474450816,-1.0107916913191488,1.9331266975165209,2.48744086279979,8.35969434570792,-0.2282387630179396,1.704887934498581,0.2225541914097579,2.48744086279979,1002.07115826529,3.26282208092269,0.0110476278482236,2.9655494231933885,-0.0648886126528069,3.177041815917959,0.1041628510044936,2.994776106586256,-0.1600027221501756,4,ok,0.1866248771953194,0.1907350517323483,0.1885716208135304,0.1629647959185683,0.0001083436503034,19.52580643993543,1.457669970437025,ok,1.3731265373816353,ambiguous,1.3869772214466947,floor,3.0414366896695535,ok
45,22,0.4164261151889281,0,8.4356170918961,6.975281020690655,0.458090231496045,0.0544721542901027,116,35.184467776068324,9.352005244492911,8.613913859786658,0.5720082240585039,0.1206137790146013,116,28.70585166996923,8.305422887823266,6.769277045439029,0.474696449317233,0.0389213454278338,116,28.62935385210761,10.27321233731255,10.64930421936101,0.4775011344951238,0.0505938726597634,116,31.465533749810582,-1.0465823566696455,1.9677894494892847,1.83759524541645,8.893811168194507,-0.588388280371241,1.3794011691180437,0.1887755234123881,1.9677894494892847,1054.616550013423,3.3591624608154422,0.0898132396766424,3.1073566627583062,0.0540676188641082,3.138516384597872,0.0474420835190785,3.251224414886355,0.0790128665207312,4,ok,0.2078044902340605,0.2132382609977804,0.1907727236955844,0.1865345970245784,0.019748651920336,20.384487931425383,1.4576008905437665,ok,1.184090517202927,floor,1.386919356878175,floor,2.408629589503225,ok
46,22,2.8816279759477605e-12,2,8.110234750492499,6.471775968869527,0.405585795816181,,9,35.1495246887207,8.943215417878056,7.8400989108615455,0.2381127216509227,,9,28.666824764675564,8.792383957070237,7.572484546237522,0.516461020105552,,9,28.590009477403427,9.92925081134599,9.838413715362549,0.4731165954509431,,9,31.42743513319228,-0.1508314608078187,1.1368668542757518,1.8190160608534909,8.526725084185276,0.2656588728849609,1.4025257271607128,0.1531952094037,1.8190160608534909,1046.906471365028,,,,,,,,,4,ok,0.1967768718798955,0.1983033724957042,0.2081206399533483,0.2027704922689331,-0.0105805177655484,20.0609717162149,1.4569746980343723,ok,1.1836492811029709,floor,1.3863999897546952,floor,2.388290688434443,ok
47,22,0.9941431838624308,0,7.979414886554997,6.279737478750615,0.4628738952147306,0.0583119502009801,326,35.17934071359459,10.860373189401953,12.190943512448504,0.4754646843809205,0.0352275646704314,326,28.700098944587943,9.589907542859184,9.09893901655279,0.5125645054441318,0.0706193697902628,326,28.62352094474745,10.626876227263704,11.552809782554768,0.5024262220130363,0.071489936050906,326,31.4599163546884,-1.2704656465427675,1.0369686844045205,2.647461340708708,9.419894037978471,0.1700135048807105,1.206982189285231,0.2379827562503642,2.8809583028469543,1335.7286012280574,3.323362551307392,-0.0243301027789559,3.180874778246812,0.025722289541318,3.2173367656669054,0.0451527114688437,3.2941959552082563,0.0442741863513194,4,ok,0.203168312041946,0.188304479822425,0.201022329837358,0.1849179785195852,-0.0052859339051725,19.928559686806835,1.4575089441423692,ok,3.2270383788826607,ok,1.386842293472671,floor,3.1896940754537444,ok
48,22,0.5443159741193601,0,7.907042288955433,6.17595650690683,0.5147859591653225,0.1025464238632389,161,35.17306260292575,10.797521245813446,12.015784328768712,0.4914072538470109,0.0482427098218416,161,28.69303324207756,8.515021962799466,7.103987625667027,0.6163155631639305,0.1699235566276946,161,28.616388474932368,9.478888360529872,8.869289606994723,0.4661082193568187,0.0413965588863043,161,31.45302909945849,-2.28249928301398,0.9638663977304064,1.5718460715744396,9.35228176738444,-0.8372598045849742,0.1266065931454321,0.2607491154544955,2.890478956858013,1132.7982471359442,3.4324508948080594,0.138247411555779,3.250150735762808,0.16454576362971,3.223644090547734,0.1068379190601511,3.191058021332772,-0.0058069040463482,4,ok,0.2192161674177424,0.1918265377142414,0.1939612897286504,0.1831134153495294,0.0115600628373415,19.856522484428194,1.4573963870546867,ok,3.2366523740011104,ok,1.386748091631934,floor,2.116000743562953,ok
49,22,1.4403908240645713,0,8.210973985557292,6.623650346336694,0.4412559815518869,0.0412766659566519,464,35.16686104906017,12.265552363633404,16.84826700235235,0.4391921968010003,0.0072147151159056,464,28.68621741081106,7.503440613009737,5.627870056135901,0.4970657562140715,0.0573519572948577,464,28.609539266290337,10.700069143570722,11.749162605096554,0.4645546195822719,0.0401595710594526,464,31.446361825383946,-4.762111750623667,3.196628530560986,2.4890951580134306,10.238263174595348,-2.734822561585611,0.4618059689753746,0.4387216295856748,4.762111750623667,1303.2102802411234,3.352656474137225,-0.0217990119629134,3.0296909762371893,-0.1602589952854787,3.0660769290785512,-0.1338149573619955,3.2516603045784103,-0.0248079851356872,4,ok,0.2049956431226997,0.1814818730063993,0.1800719727360611,0.1829351518897275,0.0131667853284884,20.160785409743085,1.457285236755376,ok,4.421679805088598,ok,1.3866576632212873,floor,3.0424289686169,ok
50,22,1.308755997789612e-07,2,8.249108093999336,6.682066745758057,0.3974115018630322,0.0092280328490279,25,35.16898620605469,10.920798381104229,12.361746635437012,0.3944460373056552,0.0,25,28.688502655029296,11.081231027394477,12.826941165924072,0.5416020511696489,0.0965728953986537,25,28.61183631896973,10.561201347701664,11.379420204162598,0.5149521927153193,0.0823924791944477,25,31.44861259460449,0.1604326462902499,-0.5200296796928132,2.3120932537023275,9.58495323755178,1.496277789842695,0.976248110149882,0.2257851620168505,2.8321229333951408,1555.2588865184784,,,,,,,,,4,ok,0.2042524549365043,0.1989141881465911,0.2313280165195465,0.1815556481480598,-0.0297446949779987,20.198806020850295,1.457323322060591,ok,3.0084692758361613,ok,2.8225902520821746,ok,2.8762110321942695,ok
51,22,0.021906183441864,1,10.90789059309608,12.325060486793518,0.8329985270804385,,2,35.1656494140625,11.297764370360497,13.482686519622805,0.0508062653184854,,2,28.684814453125,8.082411055614656,6.430446147918701,0.0154139778081596,,2,28.608125686645508,12.727765209522538,18.74029922485352,0.1140326516897103,,2,31.44500732421875,-3.215353314745838,4.645354153907881,1.8198746164264588,11.102827481728289,-3.0204164261136306,1.6249377277942507,0.3432264953330388,4.645354153907881,1480.4404314160347,,,,,,,,,4,ok,0.1760975830256939,0.1402180269360542,0.1559114642441272,0.2106227651238441,0.0022463407367467,22.857766722543083,1.4572635246236545,ok,1.1838525624563783,floor,1.386639004013134,floor,2.3896097076420264,ok
52,22,7.831776115873674e-09,2,7.868536055788824,6.12144012004137,0.4682506224666454,0.0626754057330141,16,35.14954733848572,10.45291782217604,11.099202685058115,0.6717277542881336,0.2253339068499125,16,28.666833519935608,9.47294287029878,8.857155859470367,0.7069082314571506,0.2715609631490918,16,28.59001672267913,10.556366641455988,11.366759315133097,0.5137259091480149,0.0813132733052177,16,31.427449345588684,-0.97997495187726,1.0834237711572072,2.687830585667164,9.160726938982432,0.3122159313163486,1.3956397024735558,0.2253025954891418,2.687830585667164,1277.429672718048,,,,,,,,,4,ok,0.225752561353147,0.2066500531509518,0.2330595809035003,0.1893581408075988,-0.0168582736514508,19.81927181268939,1.4569751035764704,ok,2.91482714521854,ok,1.3864000853002874,floor,3.2262201956138203,ok
53,22,0.2259368620071783,0,7.146072746936313,5.1833110870199,0.3427948779785364,0.0,47,35.16808992751101,9.946505869413144,9.87758070864576,0.4828602466880038,0.0412117595619108,47,28.687394730588224,8.555112562360472,7.169869585240141,0.4342339943577574,0.0077389050817775,47,28.610682020796105,9.705977357489669,9.345396579580104,0.4922988478457515,0.0628713936514846,47,31.447522305427714,-1.3913933070526705,1.1508647951291948,2.559904610553354,8.546289308174728,0.008823254185744,1.1596880493149389,0.2362579690978919,2.800433122476829,1070.6823898452394,3.1857772552918857,-0.0150746258579257,2.9253014679688736,-0.0389261862315599,2.971667903181589,-0.0484904049823535,3.190450109466638,0.0861822698886602,4,ok,0.1924446688053455,0.1967688879751144,0.2178112862909093,0.1787189597937654,-0.0232045079006793,19.09581854203567,1.457307259210987,ok,3.1433913969727736,ok,1.386672748529936,floor,3.108293048727355,ok
54,22,0.1833500946954329,0,8.518282201290656,7.109322574734688,0.4466949863063802,0.0454859982302524,40,35.16561689376831,8.946530786627637,7.846086263656616,0.4551217339355899,0.0192433098973445,40,28.68445210456848,8.395109615404543,6.91052371263504,0.3969070778364467,0.0,40,28.60762152671814,8.248520877536377,6.681163313984871,0.4299073676702126,0.0136462222374136,40,31.444608640670776,-0.5514211712230939,-0.146588737868166,-0.2697613237542793,8.732406493959147,-0.3372968785546035,-0.4838856164227696,0.0611829004090738,0.6980099090912599,918.1458475843071,3.1628361251465567,-0.0257887044286029,3.111913645578975,0.1635838088013921,3.0021601189796208,-0.005339398303144,3.0551754174986385,-0.0369641959080278,4,ok,0.1937834782525897,0.1986929329112172,0.197771543264389,0.2104886125773191,-0.0015333376824855,20.468160067387405,1.4572629418877379,ok,1.183848466119736,floor,1.3866323494431658,floor,1.0385477082031247,floor
55,22,0.2351931151356756,0,7.838963549052557,6.079898861738352,0.4526587743549455,0.0501607390897831,52,35.16233649620643,4.197271149607652,2.6286158057359548,0.5342328811770131,0.0853296055102141,52,28.68077820997972,9.943026386603629,9.869670152664185,0.4609432001984123,0.028010933484335,52,28.603909675891583,8.687943697562016,7.392551688047556,0.453654528845948,0.0315969715455817,52,31.4410216991718,5.745755236995977,-1.255082689041613,0.848980148509459,6.018117349330105,3.924909037273524,2.669826348231912,0.4024834404408275,5.745755236995977,924.424007395139,3.111728369407828,-0.0967884316496587,2.7994632982252874,-0.174730413328302,3.0506507626769634,0.0225568849572845,3.2226909463876177,0.110820138779474,4,ok,0.2153926015330048,0.2013873559637711,0.1881587287554374,0.2162288847164465,0.0202312499929506,19.789016584283583,1.457204164769247,ok,1.1838069371556066,floor,1.3865833607943918,floor,1.0385079555912795,floor
56,22,0.3370215314449604,0,8.451267062249176,7.00046205997467,0.4665350450991375,0.0612776633346208,100,35.15775840759277,11.121056867500291,12.945108258724211,0.4864300757197708,0.0441333749008669,100,28.67566230773926,6.709821401528807,4.687941031455994,0.4901392102420507,0.0515543169051595,100,28.598744602203368,9.005108353656198,7.952631065845489,0.4674026164810637,0.0424303214626566,100,31.4360334777832,-4.411235465971485,2.295286952127391,0.5538412914070214,9.786161964874733,-3.0763405633459264,-0.7810536112185353,0.3699858210386336,4.411235465971485,1002.588750115633,3.2828656021260647,0.0247693102503707,3.159723361173329,0.121065564543024,3.1988861002004385,0.1194620712639209,3.1177766947500967,-0.0432728763915455,4,ok,0.204352463632822,0.1800013964623212,0.1896358050778508,0.1846622402966022,0.0025411249697208,20.401564526090198,1.4571221519438202,ok,3.006112769562176,ok,1.3865152080919643,floor,1.0384526849887532,floor
57,22,8.545364638340783e-16,2,5.508863874834739,3.55538296699524,,,1,35.17851257324219,10.564634066299169,11.388418197631836,,,1,28.69867897033692,7.300631184139926,5.371098518371582,,,1,28.62198829650879,7.311395374953081,5.384427547454834,,,1,31.45859909057617,-3.2640028821592413,0.0107641908131554,1.8025315001183424,8.036748970566952,-0.7361177864270267,-0.7253535956138712,0.4608262869831916,5.055770191464428,889.0669575929642,,,,,,,,,4,ok,0.294051855802536,0.0685286745429039,0.2055632472038269,0.1442493498325348,-0.0242729820311069,17.4580529212595,1.4574940948334738,ok,5.511923342389287,ok,1.3868220481832667,floor,2.371710956036684,ok
58,22,0.096016580764782,1,10.10920243519569,10.254635865871723,0.6392793141333222,0.2277686238877807,13,35.2564823444073,11.992501789420906,15.82159192745502,0.4637238557347128,0.0259170588361219,13,28.78531837463379,9.775475869598086,9.496150456942043,0.4545201673670158,0.0230254379241618,13,28.709868357731747,9.62401229903077,9.17067346206078,0.419219735064058,0.0058821758312479,13,31.543510583730843,-2.21702591982282,-0.1514635705673157,-0.4851901361649204,11.0508521123083,-1.2753762427102124,-1.4268398132775282,0.2418466726015498,2.368489490390136,1438.3969849898265,3.046630240137341,-0.0567802959588057,2.8113864277899845,-0.0261463561351344,2.8995935796670325,-0.0196827126908933,2.8915649503539296,-0.1160491159057404,4,ok,0.226076361651604,0.196253390266345,0.1729263783647464,0.1898409586686354,0.0382384975942281,22.054219726314717,1.4588948288285033,ok,2.064069617711573,ambiguous,1.3879854473799602,floor,1.039646604461785,floor
59,22,0.8144783422308708,0,8.905625865091956,7.772533212923536,0.5333482457072202,0.1195035852014025,255,35.254072481043195,9.577822782658236,9.073655330901053,0.4740378456410395,0.0340836522889413,255,28.782617883121265,9.123691600920743,8.172767798573362,0.5970007542548469,0.1500538399107185,255,28.70714090384689,10.225862969915642,10.533829800287885,0.5165264166854762,0.0837816660016534,255,31.540866500256108,-0.4541311817374911,1.1021713689948989,1.3202371048236865,9.241724323875095,-0.1180327229543518,0.984138646040547,0.1193209238892935,1.3202371048236865,1153.5980011259808,3.43261822779069,0.1035490751742043,3.094358144733784,-0.0365797551696283,3.364413099674254,0.2115101460050414,3.3668130591855747,0.1353642669533945,4,ok,0.1913434176760561,0.186619297473454,0.1892327569132926,0.1844734062312864,-0.0002513993385375,20.85077227593024,1.4588514546309772,ok,1.1849609978082305,floor,1.3879492615533437,floor,1.7926332140650667,ambiguous
60,22,0.2806386983997658,0,8.931258973389628,7.818544229991,0.3675972470731594,0.0,71,35.20220119852415,9.2151178376772,8.346641950204338,0.5378741498592632,0.0886257983544465,71,28.726489053645604,7.361926278547504,5.447442162204796,0.4534128533761639,0.0221730214787421,71,28.650321288847582,9.749572129732316,9.439678712629936,0.3734292616447583,0.0,71,31.48547884444116,-1.853191559129696,2.3876458511848124,0.818313156342688,9.073188405533417,-1.7112621269859112,0.6763837241989012,0.1879636657607354,2.3876458511848124,937.9216915637674,3.339828611080555,0.1076992986346629,3.072479480549478,0.0675843858655458,3.019162980984312,-0.0333771699861418,3.2123332891600542,0.0770408187869513,4,ok,0.1934358332778366,0.1736618576859924,0.1931805818433493,0.1637328393022779,-0.0096317363614347,20.879181839359838,1.4579190931493156,ok,1.184324197519955,floor,1.3871965646637838,floor,1.0390011586346013,floor
61,22,0.3749607207946541,0,9.191210521049296,8.300821063587966,0.5183262903811897,0.1057342614805263,103,35.20515312268896,10.343801817789831,10.823810540356682,0.6059821859006335,0.154405451843987,103,28.72980986289608,8.00965262389776,6.323612691129296,0.5954707634850881,0.1485069334733137,103,28.65369163439112,10.300542214554676,10.716530922547127,0.4959731150535719,0.0659779634420636,103,31.48872982876972,-2.334149193892072,2.290889590656916,1.1093316935053783,9.767506169419564,-1.7578535455218045,0.5330360451351108,0.2063149522600348,2.334149193892072,1115.64226431754,3.424019658473465,0.1636822730843916,3.067205016015945,0.0256333120314669,3.279337793955033,0.1975935381054436,3.344178805427222,0.1809062544579927,4,ok,0.1937215909434175,0.1799871580837999,0.196606908282898,0.2220339601841366,-0.0097525337692892,21.13897552585792,1.4579720885366911,ok,1.1843618225297066,floor,1.3872411512398393,floor,1.4083966566771353,ambiguous
62,22,0.4876136060365847,0,6.891258940657553,4.887940313009655,0.516054133574203,0.1036858208647057,136,35.202254575841565,8.33431813597465,6.814465758116806,0.8157471738378057,0.4062146995765423,136,28.726497439777148,8.896730826166888,7.756630125291207,0.7591795067137681,0.3365365601378389,136,28.65032916910508,9.290117286343987,8.492034084656659,0.5066177293095195,0.0751083163745693,136,31.485508063260248,0.5624126901922377,0.3933864601771013,2.398858345686436,7.612788538316101,1.2839422878507865,1.6773287480278878,0.1932381451503368,2.398858345686436,971.5162504961822,3.38019747924952,0.098788268249522,3.343043967205368,0.2740743223286541,3.313259067866237,0.2096989365977255,3.2442154929291576,0.0600414298258376,4,ok,0.2109870686305358,0.2163202373639625,0.2210417255101835,0.179586639846949,-0.0073880725129343,18.839178952302117,1.4579200513545731,ok,1.184324292527412,floor,1.387196668903412,floor,2.958883020701086,ok
63,22,0.7577981760913929,0,7.617841914245782,5.778088526622109,0.4660781943130289,0.060906315634331,230,35.20487918024478,11.283066225493323,13.43713320856509,0.45093162232239,0.0160377705867031,230,28.72940692072329,7.587385381053306,5.737709261541781,0.4569396459389765,0.0248952007741689,230,28.65327378148618,9.32425269104618,8.559044199404509,0.454964031577438,0.0326149109255817,230,31.488360023498537,-3.695680844440017,1.7368673099928733,1.7064107768003982,9.450454069869552,-1.863068688816246,-0.1262013788233726,0.374410508081943,3.695680844440017,1090.697134270098,3.3255729418915205,0.0043270265165196,3.094743057607489,-0.0260229380914283,3.1392884365115616,-0.0055150400556565,3.140832032526397,-0.0828567539450109,4,ok,0.2159649643237176,0.1889474388697873,0.1893525062371855,0.1882870276822992,0.0131036953595669,19.565621569504597,1.457967170169997,ok,4.023699287769029,ok,1.3872356230133691,floor,2.2691097218293295,ok
64,22,0.9613098902533448,0,8.462700018053367,7.018915302636193,0.4383129183036636,0.0390204833532334,305,35.21011121155786,8.7328909093117,7.469458022664805,0.4853121950900386,0.043216165984308,305,28.73534774780273,8.421299986755656,6.952323924518022,0.6202669887689866,0.1740664537164382,305,28.659278325565527,10.206420298723316,10.486776927260102,0.5343747535858938,0.0998286542235671,305,31.49410345358927,-0.3115909225560447,1.7851203119676595,1.7437202806699492,8.597795463682534,-0.1764954769268776,1.608624835040782,0.1828928049686948,1.7851203119676595,1021.1573466889196,3.311766085979005,-0.0308781711631409,3.188599784166948,0.0400113057959958,3.202640645599065,0.0356832481147373,3.3384398696985764,0.0935256940106064,4,ok,0.2028377831592911,0.1809000001456893,0.1945294537505165,0.2048711427288954,-0.0026605620980262,20.410199838417512,1.4580611176332179,ok,1.1844245813357546,floor,1.3873150749203882,floor,2.3097882027399192,ok
65,22,1.1754314082487507,0,7.638713597279745,5.805924175716028,0.4222467092996417,0.0269701470957712,246,35.216809016902275,11.228752203703491,13.270131312250122,0.456699860446626,0.0204583019327873,246,28.74279678158644,7.672491676163272,5.851256918131821,0.4576219408487494,0.0254242697661275,246,28.666812989769912,9.139110521302282,8.201835453025694,0.4260107674748636,0.0107928923894966,246,31.501341230501005,-3.5562605275402213,1.46661884513901,1.500396924022537,9.43373290049162,-1.761241224328348,-0.2946223791893381,0.3668544260859409,3.5900386064237484,1080.9860022571995,3.3073688381726325,-0.0189760162080463,3.1138302302027427,-0.013565491466299,3.0883312178835367,-0.0617512421078267,3.1220023748868604,-0.1067441383077087,4,ok,0.2147149695007781,0.1807394406750677,0.1702588708329249,0.1902606862074718,0.027468334254998,19.585855106733636,1.458181420261656,ok,3.9478209977192837,ok,1.38741480775539,floor,2.0314396609545033,ambiguous
66,22,0.4845022201146881,0,6.8492669427187565,4.84090649731019,0.4227436268351071,0.0273361131895153,136,35.21270017062916,11.380302851630706,13.741377960233129,0.5123353313803958,0.0659794346316238,136,28.73820303468144,6.9188034433811545,4.919039889293559,0.4118965969616338,0.0,136,28.662169386358823,8.701102559865037,7.414984644335859,0.3945800297228002,0.0,136,31.49686614204856,-4.461499408249551,1.7822991164838822,1.85183561714628,9.114784897174731,-2.1959814537935767,-0.4136823373096945,0.4686589032620226,4.531035908911949,1013.2972847696612,3.2389499218631475,-0.0424592891368504,2.9828300159242707,-0.0861396289524427,2.995559700250268,-0.1080004310182443,3.1335875618329365,-0.0505865012703834,4,ok,0.2186432988108957,0.1864699619438718,0.1847509997349013,0.1825629748294458,0.0178056306424824,18.79662827269244,1.45810761450514,ambiguous,4.9277664676626305,ok,1.3873533380112388,floor,2.424160443393588,ok
67,22,0.9000453815698743,0,11.588517642384982,14.416232048426773,0.4645619977494075,0.059676494085423,287,35.21106418250745,12.129972669974055,16.330416711780668,0.5421757196677764,0.0925485654724811,287,28.73620608791657,12.596489158149902,18.18230404671061,0.5098728601846562,0.0682860097493833,287,28.66013530239411,11.963461435274075,15.716149215498868,0.5458359005328848,0.110420470535189,287,31.494962911572607,0.4665164881758468,-0.6330277228758252,0.3749437928890948,11.85924515617952,0.7372440019703834,0.1042162790945582,0.0839130247294251,1.00797151576492,2183.1629960453884,3.351966338277504,0.0139340655156336,3.265728050337145,0.1231361513694127,3.203423209534737,0.0412406463970804,3.353825207769235,0.1134857400000988,4,ok,0.2056101480635201,0.1858973142136057,0.2027141499213017,0.2021988133935562,-0.0069604187827388,23.535966487312407,1.4580782319938077,ok,1.1844343101732984,floor,1.387326416391021,floor,1.0391065155278025,floor
68,22,0.5116644737487964,0,7.575685553325284,5.7222727616628015,0.4568137628665282,0.0534542886470084,150,35.2163112894694,10.290530655335894,10.691855127811433,0.5238107277718659,0.0760188961154504,150,28.74217758178711,7.40884560871198,5.506613065401713,0.5260357472538434,0.0824820624024598,150,28.66619473775228,9.196641288784154,8.311207571029662,0.5049451987282957,0.0736608753573517,150,31.50071896870931,-2.8816850466239146,1.7877956800721737,1.6209557354588693,8.93310810433059,-1.5242624956186095,0.2635331844535642,0.2804109846638243,2.8816850466239146,974.783559784492,3.315233045900672,0.0263951422283552,3.207162016035136,0.1285334604166195,3.2411237752438087,0.1298726428794667,3.319397651744659,0.1278549385348961,4,ok,0.2109847062329451,0.191271677489082,0.1919721057265997,0.1969758039961258,0.0091560861344138,19.52285369264419,1.4581724789624846,ok,3.055435840974693,ok,1.3874066227982151,floor,2.17395735864781,ok
69,22,1.0442634460811326,0,10.092446087712329,10.215146719830708,0.5024073282786597,0.0915720213643376,309,35.22246602129396,10.481933640631777,11.173606275740564,0.5264236782908985,0.0783359661974716,309,28.74901353039788,12.25297506765683,16.799544510332126,0.6367924010127389,0.1916795342128083,309,28.673106017621976,9.238249149896845,8.391216280005125,0.4696568977319729,0.0442375337749769,309,31.507379420752663,1.7710414270250538,-3.0147259177599874,-0.8541969378154857,10.287189864172053,1.9657852034847776,-1.0489407142752096,0.2695942317570894,3.0147259177599874,1677.997940191366,3.47356502628446,0.129932896618095,3.208906346528366,0.059033419741441,3.408372353376287,0.2403922014179964,3.159510315825074,-0.0863837478865128,4,ok,0.2218347568920901,0.2002487234940035,0.2028078224666681,0.1890583037245042,0.0082339177263786,22.039284896474346,1.4582830595312364,ok,1.1845795264217145,floor,1.5685080814354992,ambiguous,1.039244523772423,floor
70,22,1.121296032217443,0,9.115608533922057,8.157570831002952,0.5714526906344611,0.15619500006563,361,35.22673411910884,10.219093785544835,10.51742390582436,0.558857086004196,0.1080564879453473,361,28.753832898972107,11.143247993501262,13.011423101385544,0.8102801215846861,0.4045357119905335,361,28.677969206072948,9.963633552738044,9.916612777023104,0.5090163288980093,0.0771924660933243,361,31.51209915774021,0.9241542079564268,-1.179614440763217,0.8480250188159904,9.667351159733446,1.4758968337678162,0.2962823930045992,0.167192339267637,2.027639459579208,1468.0362583435144,3.51367074869792,0.1582461165814099,3.221426423691293,0.05622068753767,3.511996154105163,0.3318071043949704,3.2921122216487384,0.0345209686378433,4,ok,0.2133637848116684,0.1917442858033398,0.198530776070178,0.1862089789351267,0.0040232592373261,21.06221891901791,1.4583597631343825,ok,1.1846341950289339,floor,1.387562547795247,floor,1.0392970055918778,floor
71,22,0.5035004939765695,0,7.10547051411462,5.135078078630019,0.3715117355411527,0.0,147,35.233160732554744,10.055592546875582,10.128829360819187,0.471638000241656,0.032167423751356,147,28.760995877843325,7.367857042186357,5.454886318875008,0.4397770066385066,0.0118465222572159,147,28.68520858660847,9.201593711784808,8.320690558881175,0.4592792972981581,0.0359901399471236,147,31.51912532209539,-2.6877355046892246,1.8337366695984505,2.096123197670188,8.5805315304951,-1.2126744883087437,0.621062181289707,0.2850406383010185,2.9501220327609623,948.8267437205428,3.2583915227971936,-0.0289146491103511,3.091928869808986,0.0152918975078746,3.001420656450401,-0.1082446584355469,3.1075622461334333,-0.0824611155659909,4,ok,0.2078298475263881,0.170540013382224,0.1740744649781053,0.1862541840848874,0.0151104654762007,19.051736886147694,1.4584752887290002,ambiguous,3.2997975153023362,ok,1.3876584627705806,floor,2.670209163395466,ok
72,22,0.3691253187355509,0,6.97954666426882,4.988324144151476,0.3853364655931325,0.0009901582192282,90,35.24727516174316,8.306082554712527,6.770305335521698,0.3743442781156917,0.0,90,28.77684800889757,7.79066797120462,6.012662087546454,0.4168373025292465,0.0,90,28.70121250152588,8.685781655086831,7.388872379726834,0.4123001303442964,0.0009596520989068,90,31.53463511996799,-0.5154145835079067,0.8951136838822116,1.706234990818012,7.642814609490673,0.1478533617139472,1.0429670455961588,0.1424080523797197,1.706234990818012,836.4002134819825,3.190245480413177,-0.0598625727552279,2.9707472168985,-0.057524137855506,2.923487853152108,-0.1476658709863056,3.087429171533582,-0.0656967260093255,4,ok,0.2056696794099277,0.167377089543475,0.1837539727903074,0.1664444120393859,0.0027694116863939,18.925057211254007,1.4587291401099802,ambiguous,1.184895452637464,floor,1.387870625281167,floor,2.2700380314972453,ok
73,22,0.3509148390410827,0,8.731343887598468,7.466797764161054,0.4197884879547272,0.0251660661625632,85,35.240602695240696,8.726009453703297,7.45763193579281,0.6606097598178362,0.2128266389541333,85,28.76937026977539,8.087775699113248,6.43839429546805,0.7202775374133098,0.2877386561624397,85,28.693647070492016,8.21805072542411,6.634452247619629,0.4489046065190862,0.0279292523567964,85,31.527335380105413,-0.6382337545900487,0.130275026310862,-0.5132931621743584,8.728676670650882,-0.6409009715376346,-0.5106259452267725,0.0668733930120769,0.6435681884852205,878.2829238176346,3.3119888574632608,0.0662144491240668,3.141759399814629,0.1191227227136639,3.181434577577768,0.1147675200172559,3.1169985205324644,-0.0318287589573578,4,ok,0.2070315279943101,0.1969240805682014,0.1791706394623307,0.1660161843194681,0.022807164818925,20.677211793158953,1.4586091121641893,ok,1.1848105349619669,floor,1.3877703094399654,floor,1.0394665113642891,floor
74,22,0.9351467283416492,0,10.94088703381595,12.41905937356464,0.5708297000018766,0.1555747600468455,295,35.27397847579697,11.01529975839956,12.633683009066823,0.5675336635768756,0.1163084889332077,295,28.806787219290005,12.205734228135071,16.6177959826033,0.588067459732062,0.1410778527350722,295,28.73162117650953,14.125618448447243,25.85603011018139,0.5893132262603978,0.1526435248153888,295,31.563984537932832,1.1904344697355125,1.919884220312173,3.184731414631296,10.978093396107754,1.227640832027317,3.147525052339491,0.3225083743388043,3.184731414631296,2256.0990200374085,3.518247313816403,0.1781305621736497,3.359000160412202,0.2136979870608431,3.3839740162938314,0.2196333709653686,3.4752125139309222,0.2328054151256098,4,ok,0.202179373990176,0.2058633358801825,0.1889268658297546,0.2009833203407667,0.0150944891054246,22.884966542193716,1.4592098896792771,ok,1.1852357684290014,floor,1.3882742277396427,floor,3.68766208832577,ok
75,22,1.1755913536809968,0,7.38414481216735,5.4753827224353895,0.4636945897794822,0.0589747217660849,389,35.27579557129534,9.204236730625253,8.32575588575672,0.573655161776868,0.1222069263877914,389,28.80874757840272,7.283424385301974,5.349860263284497,0.5923918754118899,0.1454060364399632,389,28.733629712102346,9.089526456221616,8.10872637520719,0.5368788211575216,0.1021235989571154,389,31.56594764297603,-1.920812345323279,1.8061020709196427,1.705381644054266,8.294190771396302,-1.0107663860943283,0.7953356848253144,0.2061808823437177,1.920812345323279,876.3822522811535,3.360080867281897,-0.0010074851922872,3.2430982221294697,0.0705284218242696,3.196435164858114,0.0103824078445264,3.253006407327871,-0.0102027889009406,4,ok,0.2039031358411808,0.202102612052831,0.1826263776427293,0.2014042736919343,0.0203764963042766,19.32812689043063,1.4592426265496503,ok,1.9660967522881603,ambiguous,1.3883009082815523,floor,2.2698532231240716,ok
76,22,1.311939657480852,0,7.810151248003843,6.039696629420953,0.5487538900168625,0.1340331600474731,434,35.26870981559226,9.798441232111143,9.546498819979654,0.5036718343452791,0.0585473312139512,434,28.800937542717577,7.683849743038971,5.866579688913811,0.6300215331693445,0.1844070231570265,434,28.72565783223798,9.788526286427008,9.524729017013778,0.5098068343037483,0.0778814951830706,434,31.55821156831381,-2.1145914890721738,2.1046765433880363,1.9783750384231649,8.804296240057493,-1.1204464970185215,0.9842300463695146,0.2314324342167222,2.1145914890721738,994.6157298479486,3.443267052276936,0.0738792522701614,3.1562772693694967,-0.0270836117435391,3.2494003581462607,0.0547550986718046,3.3027016125522897,0.0312600492513652,4,ok,0.2081315993387166,0.1931273371221557,0.1958391402981111,0.1838342707844511,0.0047903279323251,19.75451321751021,1.4591149858691295,ok,2.214533141770474,ambiguous,1.388195029275686,floor,2.5545799236491447,ok
77,22,0.9373809699681762,0,7.593977684688466,5.7464253390989,0.5199585101292622,0.1072113275104764,310,35.267960603775514,8.246405214200337,6.677909381351164,0.5479654459550503,0.0978777715502177,310,28.80005571919103,7.2269730873803,5.280770683480847,0.6472138171646938,0.2030249675118149,310,28.7247461688134,10.639613524815578,11.5867424207349,0.5026042450707847,0.0716430058058401,310,31.55735962160172,-1.0194321268200364,3.412640437435278,3.0456358401271126,7.920191449444401,-0.6932183620641004,2.719422075371177,0.3431077367813095,3.412640437435278,921.6266106246942,3.3318080996373447,-0.0120690000114809,3.158364124062352,0.0081726831977313,3.20786167054972,0.039627898676505,3.324927358039276,0.0787903043203002,4,ok,0.2099311486367256,0.1921154060190723,0.1831341503848952,0.1896438113023196,0.0178891269430037,19.538379816140058,1.459101492401457,ok,1.1851592069544088,floor,1.388182923703959,floor,3.5589994661519495,ok
78,22,0.4008839929677567,0,7.051436498959344,5.071584313556,0.4768189491862541,0.069733128329956,108,35.26360423476608,11.061387332822196,12.768466261801896,0.5133004693722251,0.0668152384014002,108,28.795236711148863,6.5922002002007005,4.562680095434189,0.5506934213586544,0.1049925969367602,108,28.719781434094465,9.521006352191812,8.955722645477012,0.4454126232832921,0.0252574910794503,108,31.55255541978059,-4.469187132621496,2.928806151991111,2.469569853232468,9.05641191589077,-2.4642117156900696,0.4645944363010414,0.4227691118252884,4.469187132621496,1006.7845089697728,3.2411771287362403,-0.0227542064089218,3.146049603519375,0.099804985815644,3.040954370507993,-0.044510738085369,3.1119796038645795,-0.0548578486857098,4,ok,0.1894701219129341,0.1875230392648114,0.1697236464048425,0.1743524771666637,0.0187729341840302,18.99607213409412,1.4590230431343492,ok,4.37879576095054,ok,1.388117009080859,floor,3.0266753739419388,ok
79,22,0.5705266848847619,0,7.250157905260883,5.309037470253261,0.4411143294711818,0.0411677281489906,169,35.27195997068868,10.307732937806458,10.73428925043027,0.6807933881075597,0.2356868535417999,169,28.804449848874786,6.496812294890114,4.4635584837586215,0.5251946499747657,0.0817323902827511,169,28.729258746085083,8.856735828792399,7.685525765785804,0.4745734022672471,0.0482091591794668,169,31.56174035608416,-3.810920642916344,2.3599235339022844,1.606577923531516,8.77894542153367,-2.282133126643556,0.0777904072587283,0.3453489752190778,3.810920642916344,894.2938877280646,3.325684894394618,0.0278046595542709,3.2158430527386908,0.1254575065563732,3.075213857361631,-0.0453988924487145,3.2566733028927217,0.0561613433481245,4,ok,0.197607427438688,0.2118600344164131,0.1880399875739622,0.189166653658864,0.0166937433535883,19.19434563537058,1.4591735276470739,ambiguous,3.41074669842877,ok,1.3882428497033987,floor,2.158989033230989,ok
80,22,1.3581766549317962,0,6.79446936468015,4.78020956404006,0.4253916548408105,0.0292935713567066,446,35.275004014840576,9.887608090587069,9.744528027126073,0.5361218967182756,0.0870368079594614,446,28.80779563151133,5.995617336500059,3.977056251112121,0.4787448387012631,0.0421940247571963,446,28.732664736931635,8.54048619512334,7.145763188199612,0.4304946446022903,0.0140785152969189,446,31.56504953067933,-3.8919907540870096,2.54486885862328,1.746016830443189,8.34103872763361,-2.3454213911335504,0.1994474674897297,0.350787926095806,3.8919907540870096,812.2997373126012,3.227406197957204,-0.1440494977843656,3.1638050807748064,-0.0222445130373247,2.9994178177320907,-0.1973683552333263,3.113349797120297,-0.1601429481043443,4,ok,0.2120069795760071,0.1880066448847675,0.1798646438432515,0.1954022719620856,0.0201421683871358,18.738493885897046,1.459228365473689,ok,3.4470119031456865,ok,1.3882880896163854,floor,2.3139647554033957,ok
81,22,1.496181459322255,0,6.635490293244121,4.608387917764788,0.4596947560603023,0.0557556431559835,492,35.27876353070019,8.424160653754786,6.956904879612167,0.5407529298016218,0.0912476102502204,492,28.81190780701676,9.310830291418275,8.532632267087456,0.456511811727135,0.0245638498360278,492,28.73686985077897,9.226297753487758,8.368156146227829,0.4582411255552469,0.0351752126842077,492,31.569132925049075,0.8866696376634895,-0.0845325379305172,2.590807460243637,7.529825473499454,1.7810048179188218,1.6964722799883043,0.2209328451103375,2.675339998174154,1015.905095689998,3.228298790948656,-0.1505991959126928,3.132250826016968,-0.0634753594663086,3.121635144668596,-0.0828561080036438,3.168544121441074,-0.1123307624277316,4,ok,0.2126552296832688,0.1897485359019138,0.1814701934988663,0.1850771289470234,0.0197316892937249,18.579313219587647,1.459296103748635,ok,1.9139994310578963,ambiguous,2.615817482257208,ambiguous,3.139800682705904,ok
82,22,1.064641333179936,0,6.694393898318384,4.671317536824032,0.4652576037648633,0.0602402184582382,347,35.267988947008114,8.16127216894323,6.548279632408955,0.4583152323177962,0.0217063247225226,347,28.80005784818006,7.227179715636978,5.281021937513214,0.4569223291502808,0.0248817831635008,347,28.72471094268887,8.617876639509625,7.274240640810656,0.4704010302191146,0.0448359988138329,347,31.55735868954177,-0.9340924533062518,1.390696923872647,1.9234827411912407,7.427833033630806,-0.2006533179938285,1.1900436058788184,0.1722756422439369,1.9234827411912407,780.8057029075512,3.2524026415470235,-0.1000231420102628,3.1108887572301014,-0.050417825756281,3.115091981494136,-0.0619923297953715,3.14031190893977,-0.1143047337689013,4,ok,0.193811463422923,0.1810679278559231,0.1842742813616905,0.1777799907073335,0.0031654142777325,18.6387945104344,1.459102002860155,ok,1.1851592311645553,floor,1.388182455963262,floor,2.499158007016223,ok
83,22,0.490880855487086,0,8.259528764354497,6.6981192684885285,0.3950660111241746,0.0076079939001634,134,35.26429674518642,8.579981052443726,7.211043331160474,0.5067991303376292,0.061215507802971,134,28.795971358000344,7.2835505496338975,5.350015681181381,0.651064408130503,0.2072635670066624,134,28.72050619837064,9.82889474619396,9.613675848761602,0.4211374294312107,0.007260899409758,134,31.55328465931451,-1.2964305028098284,2.5453441965600625,1.5693659818394623,8.419754908399112,-1.1362043587652142,1.4091398377948483,0.2134902933972414,2.5453441965600625,891.0299551415799,3.308861745410041,0.0285757867117406,3.080057749802924,0.0125485763982702,3.2079321525272126,0.1055349357935071,3.184473196399841,0.0014133068876978,4,ok,0.1946321421705965,0.1818519626090775,0.1919911591641938,0.1931304375349141,-0.0037491067743568,20.204127283081977,1.459035512698432,ok,1.185112765807113,floor,1.3881266304209725,floor,2.115561761999076,ok
84,22,0.16524761421084,0,7.332443982732525,5.410587169028617,0.5833046409897934,0.1681234864099734,37,35.18225974005622,9.38057573409745,8.670768144968394,0.501640635102431,0.0568231800585294,37,28.7033284161542,9.235486471233571,8.385880070763665,0.4554949727036073,0.0237775693539303,37,28.626777752025703,10.455344276273811,11.105405672176463,0.502223406630974,0.0713156151662519,37,31.463073782018714,-0.1450892628638787,1.2198578050402418,3.122900293541288,8.356509858414988,0.8789766128185832,2.098834417858825,0.2407277180130519,3.122900293541288,1153.8535318696822,3.3081040433781856,0.1253901131504711,2.8796843713996,-0.0609600149603748,3.20704795559287,0.205668052536164,2.9886125572940583,-0.0976639317343406,4,ok,0.2373055825765068,0.1906475877842387,0.1727350946213748,0.1927374246958139,0.041241490558998,19.281432813385532,1.4575612897796277,ok,2.2914671426114848,ambiguous,1.3868853190425803,floor,3.627997831279171,ok
85,22,1.280637977935705,0,11.932570617923648,15.60475885577318,0.4722524768015695,0.0659558018815471,410,35.17408658469596,13.337677870931229,21.56590993229936,0.4659327342044576,0.02765092717555,410,28.69412671531119,14.142814068421178,25.958608395878866,0.4887243395355004,0.0503800518600849,410,28.61746298161949,15.62632200105117,36.52853039066966,0.4639631499626798,0.0396897239439042,410,31.454079553557605,0.8051361974899489,1.4835079326299925,3.6937513831275215,12.635124244427438,1.50768982399374,2.991197756623732,0.306899955353376,3.6937513831275215,3446.910023907917,3.256132912032645,-0.1089417928519456,3.0925889708961685,-0.0851639516373836,3.05149870659974,-0.1386811616175518,3.123891044812189,-0.1432722840492348,4,ok,0.2058286221743357,0.1812791988162732,0.1922469054507773,0.2053494569822782,0.0013070050445271,23.881996114591338,1.457414743128148,ok,1.1839578631999068,floor,1.7510853812362754,ambiguous,4.162118738095805,ok
86,22,2.734616647205324,0,11.241950496339134,13.310520837115028,0.4825830659676538,0.0745530300532522,944,35.18244786585792,12.44193691385322,17.54662891035363,0.5533204405267093,0.1028572155283895,944,28.703477194753745,13.676613879402044,23.316394135861074,0.5277589230341995,0.0840216797680331,944,28.62690838110649,15.085149189022308,32.24890098973351,0.5090606133065447,0.0772310374889593,944,31.463215076317223,1.2346769655488252,1.4085353096202624,3.843198692683172,11.841943705096178,1.8346701743058669,3.243205483926129,0.3284962929781822,3.843198692683172,3011.694972420395,3.405364696275715,-0.0229399905085121,3.259074863781437,-0.0008907411599055,3.209539844941109,-0.0461026667762314,3.2246193785488804,-0.1052628745441661,4,ok,0.2104409448289454,0.1887644293354982,0.2057219371160145,0.2015695298816693,-0.0061192500337926,23.19092927446411,1.457564663616861,ok,1.1840636464179999,floor,2.2413165312773904,ambiguous,4.305676791101552,ok
87,22,0.777248708882525,0,8.707667252962853,7.426201435860167,0.4855570814155361,0.0770625244820768,235,35.171901767811875,10.017662208927788,10.040751548523598,0.5208530305856278,0.0734100288790478,235,28.69161059602778,8.149340680392745,6.530314058445869,0.5637017537244361,0.1172836210047216,235,28.614891872000182,9.475522818426484,8.86241906044331,0.4693636729008033,0.0440019693225615,235,31.451610410974386,-1.8683215285350407,1.3261821380337384,0.7678555654636305,9.36266473094532,-1.2133240505525738,0.1128580874811646,0.1634636682472879,1.8683215285350407,1039.3070249603152,3.365167751109815,0.0422912751787993,3.072608282828287,-0.0502777950391037,3.2183237282487367,0.0718321157501646,3.222629564681444,-0.0026766033057463,4,ok,0.21739937371396,0.1878550916593125,0.2061072135859347,0.1920661358757222,-0.0034799808992984,20.65720945512799,1.4573755788466842,ok,1.1839294066187416,floor,1.386728329653965,floor,1.038625326470067,floor
88,22,0.260868006603177,0,9.5639809374797,9.044781790060156,0.4184533935441759,0.0241906585979159,68,35.18890941844267,10.343140923725942,10.82216353626812,0.4335617587858696,0.0030655974646012,68,28.71077585220337,6.997665847737587,5.009179387022467,0.4747727029056695,0.0389827312909558,68,28.634339304531323,9.293576942755037,8.498801664394492,0.3944605867555099,0.0,68,31.4703423836652,-3.3454750759883547,2.2959110950174475,-0.2704039947246652,9.95356093060282,-2.9558950828652337,-0.6599839878477862,0.2526641205463282,3.3454750759883547,977.6521780157792,3.1977975838154507,-0.0310584947038781,3.0383806211548805,0.0377414400924021,3.027341700647312,-0.0218096379403234,3.1291223221547275,-0.0029233702743556,4,ok,0.1980884643819402,0.1959170476697823,0.1823691379498033,0.1709786765277385,0.0146336180760579,21.512614399107157,1.4576805637468382,ok,1.184146252155673,floor,1.386985242032386,floor,1.0388331134669562,floor
89,22,0.7261771928709487,0,8.57549409695641,7.203597019203996,0.4618531905537912,0.0574892938360003,226,35.19353812563736,10.36216285795296,10.869668161974545,0.4664954784396421,0.0280939725456552,226,28.715971355944607,7.254086984578919,5.313842750756087,0.5558091053375864,0.1097919570672734,226,28.63960743794399,9.128729477639007,8.18225382439858,0.4881817871666302,0.0594178878362179,226,31.475403237131843,-3.108075873374041,1.8746424930600885,0.5532353806825974,9.468828477454686,-2.214741492875767,-0.3400989998156785,0.2539762159857761,3.108075873374041,975.4974264887584,3.299094234289288,-0.0208215040970083,3.1475380459935,0.0285015687134251,3.1234625472459854,-0.0199637835529209,3.169716608640305,-0.0526527520260851,4,ok,0.2007653880864381,0.1948934322536255,0.2057618417702945,0.194879196650159,-0.0079324316002626,20.523880141662467,1.4577636110663656,ok,1.9070303195108043,ambiguous,1.3870548811667602,floor,1.0388892850047673,floor
90,22,0.3848799608978606,0,7.326489773062957,5.40317429646407,0.4268350713617678,0.030365711623562,101,35.19047134701568,8.697351693629248,7.408583317652787,0.429829804898594,0.0003449904602514,101,28.712467665719515,8.087854966924716,6.438511810680427,0.5045960583286868,0.063747254610984,101,28.63602857306452,10.581328129463882,11.432278954156557,0.5469471114092981,0.1114593479905778,101,31.471991699520903,-0.6094967267045313,2.493473162539166,3.254838356400925,8.011920733346102,0.0759342335786144,2.5694073961177804,0.2978410063882519,3.254838356400925,1007.118811030199,3.3174774750356986,0.0586267675463818,3.145556058850972,0.1059173583933548,3.022334930939027,-0.0578701521569531,3.16937877425225,0.0075808850771617,4,ok,0.2129617584961475,0.2119754189164331,0.189294799977895,0.1860157366436307,0.0231737887283953,19.275039750126915,1.457708585429348,ok,1.1841654043816183,floor,1.3870075703313285,floor,3.750353359715882,ok
91,22,0.2342812214481492,0,7.664813437839181,5.840921154022217,0.3786625646821447,0.0,50,35.1920132446289,11.438025248006417,13.92523473739624,0.5869064857450527,0.1351921438902041,50,28.71420299530029,8.556433856360243,7.172051272392273,0.5341850002681009,0.0898076307014354,50,28.637791481018063,11.72735405409542,14.884539585113526,0.4465107737632121,0.0260954511322621,50,31.473680877685545,-2.881591391646172,3.1709201977351764,4.062540616256239,9.5514193429228,-0.9949854865625554,2.175934711172621,0.3817615724396468,4.062540616256239,1380.9017472934722,3.279849376982324,0.0743062175872992,3.135310097021466,0.1649827642053964,3.074608085669394,0.0495928494137531,3.145255489757227,0.0363342892898215,4,ok,0.2140494829416275,0.1878606186807155,0.1795723722875118,0.1952633149921894,0.0213826785236597,19.613280996247966,1.4577362498667847,ok,4.133205219708648,ok,1.3870308740287103,floor,4.519833329777062,ok
92,22,0.2264409709599675,0,7.559687292742442,5.701232199315672,0.4060704249262595,0.0152918315961743,54,35.193827593768084,10.946850892942964,12.436125304963854,0.4807661390548097,0.0395079171470544,54,28.71623773928042,8.524632854148797,7.119726083896778,0.5331042978371378,0.0888296832834532,54,28.63985672703496,11.612842675028926,14.497204577481304,0.4282140486152549,0.012403078233381,54,31.475662690621835,-2.422218038794167,3.088209820880129,4.053155382286484,9.253269092842704,-0.7286362386939071,2.359573582186222,0.3659782645269508,4.053155382286484,1313.964582507257,3.1766361948451625,-0.0347420078193305,3.0884518848580145,0.1105377309685189,2.9342433706455733,-0.0968129452669122,3.1562685191274893,0.0415594372514362,4,ok,0.1813999511715438,0.1979407582570005,0.1841647356610607,0.1826842396899506,0.0055056190532114,19.508057863183787,1.4577688052749085,ok,3.741943398625515,ok,1.3870581769679204,floor,4.51064498650271,ok
93,22,0.1393293747212762,0,7.825512655252981,6.061097434588841,0.4498143045279854,0.0479233558901821,28,35.14904063088553,9.682999930105025,9.29608300754002,0.3549896877271713,0.0,28,28.665882996150422,7.424697117223077,5.526748623166766,0.4755978896336736,0.0396476559588276,28,28.588839530944824,11.65199077653594,14.628475802285331,0.6700417646713062,0.2396214734225246,28,31.426459312438965,-2.2583028128819462,4.227293659312863,3.826478121282959,8.754256292679003,-1.329559175455926,2.8977344838569365,0.407709804123899,4.227293659312863,1119.5176912971906,3.2844853511855416,0.122902953733103,2.922455294679334,0.009286481467571,2.9537132289209547,-0.0257889832821747,3.017404542985858,-0.0479112093285203,4,ok,0.1954759774463517,0.1952237454908234,0.1744732191520077,0.183364734585796,0.0208766423165798,19.776275454982247,1.4569660311287813,ok,2.0204516413138185,ambiguous,1.3863845617885415,floor,4.288551087230527,ok
94,22,0.2785054924750704,0,8.6335581803823,7.300554006415255,0.5483042695334985,0.1336032470989085,68,35.15332777359907,10.700614527173231,11.7506381483639,0.4831977662766931,0.0414870707955212,68,28.67065168829525,7.989432447312096,6.294239219497232,0.4808068219469921,0.04387159500376,68,28.59365213618559,11.076419603918913,12.81273843610988,0.4594558712221434,0.0361289275941159,68,31.43112642624799,-2.711182079861137,3.086987156606817,2.4428614235366126,9.667086353777766,-1.67765390646567,1.409333250141147,0.2925204795394983,3.086987156606817,1202.2986449743894,3.338694955045852,0.1098388765265232,3.0667319761443026,0.0660927950818242,3.188659714914736,0.1395083763271003,3.160500688182486,0.0284549957534028,4,ok,0.2263595711658982,0.1956253710257656,0.2085393231690806,0.1795866686631651,0.0024531479267513,20.584092160588263,1.4570427982963485,ok,2.3151024378953844,ambiguous,1.3864480310302654,floor,2.998907801121813,ok
95,22,0.2840433751677662,0,9.59589096567588,9.111483573913574,0.4115147725935857,0.0191714021686275,69,35.15088189166525,11.286395812539553,13.447438948396323,0.5492834109113199,0.0990988139424253,69,28.66790835062663,9.97355035007227,9.93928251059159,0.5227084267476979,0.079523427207955,69,28.590868604355965,10.0339948021346,10.078583081563314,0.4692540544863383,0.0439139442946112,69,31.428434454876445,-1.3128454624672834,0.0604444520623292,0.4381038364587191,10.441143389107715,-0.4675930390354459,-0.4071485869731166,0.155966249754474,1.6905048468636732,1401.997165011323,3.272981915748334,0.0430189833579146,3.2028078515710323,0.2007295205508605,3.0554038353514783,0.0051065596910651,3.1736127306088453,0.0404691304785291,4,ok,0.1852869042127892,0.2179314518968264,0.180768415223861,0.2061228003838787,0.0208407628309467,21.546555495452683,1.456998999436982,ok,1.724123506132964,ambiguous,1.3864113195620815,floor,1.0383685125578235,floor
96,22,1.1554552082194167,0,7.827984305723124,6.064547899357603,0.4280225412525816,0.0312504628551004,381,35.14576181526885,8.275489809827986,6.722781262998506,0.463531295927267,0.0257662986586506,381,28.66216865799872,8.150226571020504,6.531646272954665,0.4291156308679557,0.0039922384629327,381,28.58502180244666,9.543641474106986,9.002521089055719,0.4190282500743888,0.0057448535033157,381,31.42278871010608,-0.1252632388074825,1.393414903086482,1.7156571683838615,8.051737057775554,0.0984895132449494,1.4919044163314314,0.1603431168141876,1.7156571683838615,920.2666314223152,3.259360378608733,-0.1001524752300699,2.992292933761517,-0.1782283768074357,3.0488502852487094,-0.1355713420001012,3.1286646817120163,-0.1329817498825058,4,ok,0.2046629265244082,0.1805461685116992,0.1938340155178011,0.1889508611710835,-0.0012294679997474,19.778922082552885,1.456907330402558,ok,1.1835966980263735,floor,1.3863342241960321,floor,2.277689843252259,ok
97,22,0.5991694971966668,0,8.160144962958363,6.546580255031586,0.5639974148396103,0.1488170356749891,178,35.15154538529642,9.9067106476161,9.787483992201558,0.5841220975751881,0.1324390627087754,178,28.668605182947736,7.353319060456221,5.4366566485233525,0.6159805528582373,0.1695735304962558,178,28.591535525375537,9.23642145029766,8.387685635116663,0.4435375190046968,0.0238314345817767,178,31.42909748634596,-2.5533915871598785,1.8831023898414392,1.0762764873392978,9.033427805287232,-1.6801087448310108,0.2029936450104283,0.221746064124717,2.5533915871598785,947.1776240565134,3.491326822373341,0.1895127756336472,3.175825288871727,0.0803249345142886,3.1858105136578767,0.0611250483694219,3.2272004748485785,0.0227864985226355,4,ok,0.2023914171738571,0.1815624354679263,0.1930416688699735,0.2083252355288923,-0.0010647425490818,20.11077407976384,1.4570108802172783,ok,1.8341085462436333,ambiguous,1.3864201149804931,floor,1.3158493839488938,ambiguous
98,22,0.2332142299587677,0,9.347040516851704,8.604072311468292,0.5102420716621731,0.0984869654343403,57,35.1561338859692,8.638331174208806,7.308581889721385,0.4878003733288354,0.0452605680517164,57,28.67372425815516,9.108099252345903,8.14347795854535,0.5123331330074538,0.0704183127273105,57,28.596690629657942,10.540303129355536,11.324794054031372,0.38444703147275,0.0,57,31.434095048067864,0.469768078137097,1.4322038770096324,1.1932626125038317,8.992685845530255,0.115413406815648,1.5476172838252804,0.1701485336569756,1.901971955146729,1120.138088436503,3.437809780530646,0.2223323015191254,3.0495428237945843,0.066298722081366,3.114584239422587,0.0792839010060366,3.099544222651632,-0.0192310030835445,4,ok,0.2150724277292427,0.1920248196182543,0.1780439906083701,0.2098234196503957,0.0255046330653784,21.297424705512718,1.457093054382516,ok,1.1837272225152782,floor,1.386488111094085,floor,1.582895791862294,ambiguous
99,22,0.0758460241113632,0,11.080903507508564,12.825973868370056,0.4338171274152563,0.0356031122941511,12,35.15892346700033,10.792165746430776,12.000976204872131,0.498166971361919,0.0538907615362709,12,28.6768315633138,10.034407877546892,10.079541742801666,0.5985327723698082,0.1516067734921942,12,28.59981203079224,11.525718091815351,14.209271391232807,0.4349399016887226,0.0173697966819923,12,31.43711757659912,-0.7577578688838855,1.491310214268461,0.4448145843067888,10.93653462696967,-0.9021267494227788,0.5891834648456822,0.1217527770610339,1.491310214268461,1508.2940720319748,3.3050238094685227,0.2076819628779445,2.685113521230299,-0.1445286508685384,3.126389608674057,0.2133962922980976,3.011199593226118,0.0096051661605436,4,ok,0.2462105800708135,0.2032291938861211,0.2628028293450673,0.2180423149839043,-0.0380829423666,23.031138771628296,1.4571430213007424,ok,1.1837623337253187,floor,1.3865292912473521,floor,1.0384646958749812,floor
100,22,1.038304978411163,0,8.578480267255282,7.208551851811742,0.4180379981546647,0.0238878083498372,329,35.15784308250914,10.036815892347636,10.085132054644877,0.4372978800871971,0.0058128012316964,329,28.67565331270629,8.506544594551197,7.090134265212665,0.4777502364963558,0.0413874226035568,329,28.598651468572644,8.118172537385709,6.48361552848642,0.4151965902937202,0.0030101895811336,329,31.43598235341916,-1.530271297796439,-0.3883720571654887,-0.460307729869573,9.30764807980146,-0.8011034852502625,-1.1894755424157513,0.1807343370591116,1.918643354961928,1000.5288961589516,3.310145631594012,-0.0382415446949524,3.011667002697968,-0.1443885154178383,3.1125479626014245,-0.0603551374983886,3.0549262071828363,-0.1956844703863036,4,ok,0.2048204150220724,0.1796458187572499,0.1857263450836338,0.1900245663469323,0.0065067718060274,20.528773210596583,1.4571236686595537,ok,1.1837490193459463,floor,1.3865139793666352,floor,1.038452118590633,floor
101,22,0.863408252802758,0,7.565030388669776,5.708250703635039,0.4457152041510254,0.0447239212696586,270,35.165907315854675,8.405945529204667,6.927787421367786,0.5297676835736964,0.081318128721693,270,28.68461825052897,8.545906596008914,7.154687336197606,0.5652717128513812,0.1187864144854207,270,28.60766600149649,10.4943945196663,11.20571188573484,0.4856103044231635,0.0572755707051317,270,31.44471107059055,0.139961066804247,1.948487923657385,2.9293641309965226,7.985487958937222,0.5604186370716917,2.508906560729077,0.2671392586216302,2.9293641309965226,1027.2555176823228,3.2615164980721225,-0.071886299373574,3.086293766449044,-0.0502788111074083,3.1032689881476507,-0.054120632099464,3.2480431749649186,0.0122957646796528,4,ok,0.2024720729501159,0.1761895493086841,0.1897585626967527,0.1859437595225042,-0.0004277515673526,19.51489274556327,1.4572681460367762,ok,1.1838503443840995,floor,1.3866329364732655,floor,3.449176034504692,ok
102,22,0.8774275405357334,0,8.172879690855575,6.565804829997738,0.415511511808209,0.0220523136200316,274,35.161399660319304,9.846610971052916,9.652973125885874,0.5250322378259833,0.0771006519790185,274,28.67963564656947,8.291187729204424,6.747125260586286,0.5340024987202984,0.0896423427243517,274,28.60267514555994,10.856039537729366,12.178784722829388,0.571672015892105,0.135121310765365,274,31.43986755566005,-1.5554232418484926,2.564851808524942,2.6831598468737905,9.009745330954246,-0.7185576017498221,1.84629420677512,0.2629408905432119,2.6831598468737905,1132.402111036934,3.334490924419692,-2.686582079158839e-05,3.1973909985890927,0.059368688709922,3.1876901635837456,0.0291461799533534,3.2946578409572576,0.0578044498300869,4,ok,0.2113419234426352,0.2002930990998109,0.1848918810133298,0.188995089422721,0.0209256302578932,20.122982748043068,1.4571873805893256,ok,1.6885309360215295,ambiguous,1.386567069638928,floor,3.2222258295400446,ok
103,22,0.8204243197416506,0,7.674948129306433,5.85456743777505,0.4302501787906079,0.0329168450714714,253,35.16470633947802,6.95584346562641,4.96117271524173,0.5748763009429281,0.1233911393203626,253,28.68333279756689,13.005694180963363,19.978800862203,0.4435946510700067,0.0147058646222999,253,28.606410060475465,15.226966881290515,33.31936285900976,0.4415223809250146,0.0223055862142644,253,31.443474524577145,6.049850715336953,2.221272700327152,7.552018751984082,7.315395797466421,5.690298383496942,7.911571083824094,0.7252790464334472,8.271123415664105,2367.566482799444,3.2906294252580883,-0.0378427310171018,3.001211448361487,-0.1289502268913551,3.130952958993368,-0.0213319182904503,3.0582444414699057,-0.1726121796565527,4,ok,0.1937343870020902,0.1997690926721916,0.181474880429478,0.194979755642268,0.0152768594076628,19.624874620001236,1.4572466259117787,ok,1.1838358128747366,floor,5.726433105645795,ok,9.049841195565076,ok
104,22,1.2056742022049345,0,8.021351933026072,6.340670618630407,0.4150011163923695,0.0216828618162554,401,35.158804543892344,9.569651176173975,9.056598556903827,0.4783715568910312,0.0375686731962408,401,28.67679323876588,7.367965024427212,5.45502194992622,0.4750359656753453,0.0391947395580531,401,28.599855451512514,10.050085004350423,10.115992540730502,0.4881006607773516,0.0593501281272894,401,31.437120765819216,-2.201686151746763,2.682119979923213,2.028733071324353,8.795501554600023,-1.4275365301728105,1.2545834497504025,0.2464130788011003,2.682119979923213,973.5380585519156,3.338706984941888,-0.0246848807166264,3.119031528811216,-0.056533337950686,3.05919119731026,-0.129246410336731,3.288841543193453,0.0233474519744163,4,ok,0.2044418482226029,0.1894771100354016,0.1829101103090883,0.187621996085394,0.0140493688199139,19.9715935462878,1.4571408910120633,ok,1.2807273674189952,ambiguous,1.386529864136343,floor,2.60199642996035,ok
105,22,0.8695715446656979,0,12.309193388607495,17.018423973208797,0.4215014665277443,0.0264221031238804,274,35.16555763857208,12.953762985167527,19.74132500860813,0.5075475455163535,0.0618564970431261,274,28.68434440306504,13.455001627073033,22.1564492639834,0.4812687293052203,0.0442483779868585,274,28.60748167803688,13.853978645203345,24.28834172234918,0.4601606764147721,0.0366834380959906,274,31.4444870148262,0.5012386419055055,0.3989770181303118,1.5447852565958495,12.631478186887511,0.8235234401855216,1.2225004583158334,0.1303992395292719,1.5447852565958495,2805.41977760435,3.2405389376664275,-0.0939788525740557,3.103441765497559,-0.0345805443816118,3.0890083684285603,-0.0695356152018318,3.267686860950577,0.0308334698234062,4,ok,0.2082373716725702,0.1975129610403393,0.2103926893731538,0.2009055483406477,-0.007517523016699,24.259074419046662,1.4572618800876014,ok,1.1838472485729314,floor,1.3866305035655204,floor,2.0837935557356544,ok
106,22,1.232768008182174,0,11.367654590594949,13.701416206941373,0.4206436165827939,0.0257924475809676,410,35.16915617221739,13.050690513746318,20.186873027173483,0.4630802167131718,0.0254133819266344,410,28.688324044390423,14.299401859433974,26.91164132560172,0.4920900685457464,0.0531789893827912,410,28.611460797379657,15.474828806530912,35.27628808719356,0.4171823334234201,0.0044242828237817,410,31.448350231821944,1.2487113456876564,1.1754269470969376,4.107174215935963,12.209172552170632,2.090229307263341,3.2656562543602785,0.3332195496742959,4.107174215935963,3404.6701642833104,3.262339222313748,-0.1027354825708437,3.1452955138382874,-0.0324574086952647,3.050084268143213,-0.1400956000740785,3.1161634331730808,-0.1509998956883436,4,ok,0.2007210935852149,0.1803319456828076,0.1913944535320851,0.2014182799018737,-0.0008679338980738,23.317343439750886,1.4573263682260644,ok,1.7091706940947526,ambiguous,2.9496256237425684,ok,4.563205202138077,ok
107,22,0.345415721487276,0,8.181540137474046,6.578911037548728,0.4791528865559943,0.0716777677316917,92,35.193746898485266,10.051133846132664,10.118435895961264,0.4869014506947515,0.0445207654800194,92,28.71651726183684,8.435231660184016,6.974661999422571,0.709664755134246,0.2748717247099062,92,28.64018494149913,9.455403340651218,8.821457255145777,0.4979255380682496,0.0676381233576555,92,31.475883089977764,-1.6159021859486489,1.020171680467202,1.2738632031771715,9.116336991803356,-0.6811053316193387,0.3390663488478633,0.1759589440781993,1.869593708658618,1061.0230737756128,3.402418928873859,0.1506444757993925,3.1403444208028075,0.1099063849566119,3.223399082334751,0.1505201174212858,3.215362825687515,0.0605839969510832,4,ok,0.2097459735915712,0.1826049569670273,0.233445001118209,0.1697608358024255,-0.0372695358389097,20.129915021706324,1.4577673572734091,ok,2.0408174304719733,ambiguous,1.387062516289567,floor,1.7204798911572041,ambiguous
108,22,1.440513439912615,0,11.81226785504067,15.17842767296768,0.4183110139572558,0.0240868207417321,492,35.203133862193035,12.799907799475342,19.0542026554666,0.5311974303826856,0.082598930677274,492,28.72704999815158,13.72253109679951,23.564222221452045,0.4802275819759694,0.0433996138260304,492,28.650859545886032,14.494106972704818,28.14561205472404,0.4933936967512396,0.0637946654357923,492,31.48614178246599,0.9226232973241686,0.7715758759053077,2.6818391176641487,12.306087827258006,1.4164432695415048,2.1880191454468125,0.2260662994037813,2.6818391176641487,2967.1230219738272,3.3443128364109915,-0.0345851504503569,3.2084259794914143,0.0126997940081374,3.150422993059811,-0.0540682596124288,3.303127190687769,0.0222523068189635,4,ok,0.2096799546928425,0.1952428091014546,0.2032447706801983,0.1895494144107025,-0.0007833887830497,23.76014084647,1.457935836265481,ok,1.1843305526148518,floor,1.3872036847956537,floor,3.2220739898040356,ok
109,22,0.3839817922403229,0,8.02242218562231,6.342233372869946,0.5109534794059781,0.0991201528693239,105,35.208651188441685,11.407928958750473,13.829067482267106,0.4625392351752754,0.0249905802906718,105,28.73328319731213,7.328989383202358,5.40628502368927,0.6555984316594851,0.212286698316356,105,28.65715644473121,11.636445606670716,14.576208123706635,0.4525121766584584,0.0307113625441679,105,31.49218145098005,-4.078939575548115,4.30745622346836,3.614023421048408,9.715175572186393,-2.386186188984033,1.9212700344843263,0.4169628429734727,4.30745622346836,1269.178120147047,3.338403095183395,0.0766076236337989,3.0659745817151567,0.0225070496624604,3.1395508287860614,0.0562970015013548,3.23282278733716,0.0681039352196841,4,ok,0.1969322567184766,0.1964810141850085,0.1732932586045492,0.207630205863998,0.0234133768471933,19.970000100695742,1.458034898708025,ok,3.7407396661318364,ok,1.3872869954904579,floor,4.087363543708064,ok
110,22,0.902733476203221,0,11.424239912243817,13.881103462128252,0.4494657036381352,0.0476501259947705,283,35.203859052893975,12.50709596727129,17.811873279274984,0.5088426622892889,0.0629679501453601,283,28.72795277518013,13.341205717678235,21.58343539895101,0.5276308051601554,0.083907036169986,283,28.65178174938836,13.83966771231851,24.208438158877748,0.5700113635743064,0.133499282948432,283,31.487006359302534,0.8341097504069452,0.4984619946402748,2.415427800074696,11.965667939757552,1.375537777920684,1.8739997725609587,0.2013718962023025,2.415427800074696,2682.829198544312,3.46219621379664,0.1252280727993722,3.2614304362451545,0.1202221392360973,3.223172781521232,0.0620919248248941,3.356720230634732,0.1174362937626707,4,ok,0.2317457650080586,0.1966546870531126,0.2048899240449544,0.1995826413716739,0.0093103019856311,23.372074122636267,1.457948855373406,ok,1.1843407808061779,floor,1.3872158842741502,floor,2.9744820155494627,ok
111,22,1.7360962439700336,0,7.150755564304983,5.188903050748883,0.4628789052514719,0.0583159926144376,592,35.19640889038911,10.145170146641783,10.339916096144432,0.5306416713594545,0.0821006581085324,592,28.719588621242625,6.966947267488529,4.973873397385752,0.5205773193687757,0.0776383209810414,592,28.64330390015164,11.036535812268529,12.695610248156497,0.4816534125036177,0.054001161230031,592,31.478856019071632,-3.178222879153256,4.069588544779999,3.885780247963546,8.647962855473384,-1.681015587984855,2.3885729567951444,0.4006328041682897,4.069588544779999,1059.8079396399194,3.28005170243775,-0.1128747577126425,3.1519578831129995,-0.0620083585039163,3.0776366543116827,-0.1413784194685297,3.258478964414033,-0.0363110073113133,4,ok,0.1991855142310865,0.1911079688941606,0.1897948027298961,0.1896471335565218,0.0053519388327274,19.098988137545142,1.457815127275648,ok,3.3439666085404545,ok,1.3871037556514056,floor,4.347266010552077,ok
112,22,0.4228356993263947,0,7.371698206055742,5.459713085492452,0.4393203834167311,0.0397911168742808,120,35.19352935155233,10.37589428252663,10.90409002105395,0.5065238809276659,0.0609800050198623,120,28.71606569290161,8.568514960348823,7.192030095060667,0.4167703319131408,0.0,120,28.639711332321166,8.014086078221405,6.330071387688319,0.409369385443327,0.0,120,31.47547887166341,-1.8073793221778072,-0.5544288821274179,0.6423878721656635,8.873796244291185,-0.305281283942362,-0.8597101660697799,0.2776295426812372,3.0041960764708886,1018.7191279262304,3.264825606085718,-0.0070939677667332,3.06899086302148,0.0123598034414502,3.0397602019164296,-0.053975211475036,3.018935583036311,-0.1558255431127126,4,ok,0.1803006798028946,0.198184903152287,0.1787540522093574,0.1673098639895518,0.0104887392682334,19.320084719800526,1.4577634536255732,ok,3.353871727405212,ok,1.387056254728425,floor,1.0388901245967934,floor
113,22,0.4519441090941869,0,7.466803345423948,5.580592801336382,0.4724919727918258,0.0661530066361355,122,35.20717539552783,10.816535355964426,12.068506692276626,0.6673219406922168,0.2203525855406753,122,28.73170368006972,6.882510410209074,4.878103841523656,0.4459740499717379,0.0165004906917611,122,28.655571968829044,10.65585451438275,11.630153624737847,0.5498246049260488,0.1141593525609643,122,31.49064403283792,-3.934024945755352,3.773344104173676,3.1890511689588017,9.141669350694189,-2.259158940485113,1.5141851636885626,0.3891298955557803,3.934024945755352,1084.4719656427376,3.380014541998952,0.1068417471573397,3.2750705356191485,0.2168100171009186,3.0702053389481416,-0.0248275468824337,3.042655187998854,-0.1333490299541395,4,ok,0.2010043533976938,0.2028481736473861,0.1982590741187822,0.187284090968429,0.0036671894037576,19.414460194419366,1.4580083985108347,ok,3.7045586812852123,ok,1.3872660296692152,floor,3.6898346390788643,ok
114,22,2.7160552186196507,0,7.474742040493025,5.590803186829025,0.4134090778026884,0.0205333754865151,925,35.253277785842485,9.787825783855071,9.523192833758689,0.5698225480574294,0.1185065619780325,925,28.781782395646378,6.869871095731325,4.863927687052134,0.7266617036465605,0.2955708189051709,925,28.706309698981208,9.677626454048822,9.284588182810191,0.5225671070032132,0.0891516762308497,925,31.540016149572423,-2.917954688123748,2.807755358317497,2.202884413555797,8.631283912174048,-1.7614128164427232,1.0463425418747736,0.2878367577554447,2.917954688123748,925.5358248123928,3.272117185252079,-0.1546459345380433,3.152699589491682,-0.1052616442022076,3.0994869641374905,-0.154559547588474,3.162523246992429,-0.1658298988543958,4,ok,0.2044652740979516,0.1863746799448052,0.1897790088121955,0.1899357803931107,0.0056409682091828,19.419931028323433,1.458837152351001,ok,2.61733507036757,ok,1.3879382347467146,floor,2.7742031849482736,ok
115,22,1.1777386518729067,0,7.250897375773784,5.309941513724224,0.4138638112235394,0.0208612521084008,372,35.24788569378597,8.802943971159849,7.590919696836061,0.4244369973536578,0.0,372,28.775719816966724,8.084226437692909,6.433134682396407,0.444734180244116,0.0155641395529031,372,28.70018456059117,10.995204111212193,12.575359550855492,0.4252492833257889,0.0102383215580368,372,31.53409091375208,-0.7187175334669398,2.910977673519284,3.7443067354384088,8.026920673466815,0.0573057642260934,2.9682834377453773,0.347793666384666,3.7443067354384088,1046.783947484708,3.2916880913648163,-0.0660122902607671,3.016310251114568,-0.1518544526997773,3.0940877919054484,-0.0884573644227146,3.185370127958783,-0.0744784807675742,4,ok,0.2115958134333292,0.1929505916252251,0.201099572012261,0.1891192016442136,0.0011736305170161,19.19637521996686,1.4587401246656595,ok,1.3145555395164013,ambiguous,1.3878569927535136,floor,4.212607739130944,ok
116,22,1.4371211218304338,0,6.99538741557714,5.00655211852147,0.4459455680021801,0.044902948369661,468,35.25341529520149,10.44538429664778,11.07996604967321,0.4923989847891195,0.0490665162527421,468,28.78202093564547,6.9757402143809,4.983953955718595,0.4917999046119459,0.0529369326391944,468,28.706583630325447,9.718789215996596,9.373006573344908,0.4327541403464729,0.0157472273644252,468,31.540237202603592,-3.46964408226688,2.743049001615696,2.723401800419456,8.72038585611246,-1.7446456417315597,0.9984033598841364,0.3526993413974923,3.46964408226688,985.060944116141,3.24016682539997,-0.1349394642121,3.1213277023511337,-0.0694684548073496,3.073746659674743,-0.1268190102623378,3.222766450045494,-0.0543473830473648,4,ok,0.2032113596478588,0.1887402283027768,0.1993407665903115,0.1853841099187604,-0.0033649726149936,18.9405690362262,1.4588396270928288,ok,3.8073676158986047,ok,1.387941868682432,floor,3.261765846795144,ok
117,22,0.5394947723443138,0,10.939187204721383,12.414199503456674,0.3421596423290746,0.0,164,35.25877161723812,11.481295667295946,14.064670647062906,0.4673542298192714,0.0287710933808973,164,28.787946782461027,11.79540137407459,15.11959427885893,0.5625802143018931,0.1162126224219444,164,28.712526844768988,10.592101171035448,11.460672890267722,0.3913289906616588,0.0,164,31.54604282611754,0.3141057067786441,-1.203300203039143,-0.3470860336859385,11.210241436008666,0.5851599380659245,-0.6181402649732188,0.1070029097685554,1.203300203039143,1786.680088977988,3.280403022474617,-0.0152002201094387,3.1043124875436705,0.0168875248628403,3.23362431718153,0.115368960617991,3.163389206720144,-0.0348641644063043,4,ok,0.2109774605984368,0.1996133031278121,0.2125285973817837,0.1926504936205541,-0.0072332155186592,22.884081826652277,1.458936037342648,ok,1.185021550667399,floor,1.3880207230488364,floor,1.039674811346495,floor
118,22,0.973816937519818,0,7.3525767451203965,5.435727470536386,0.4177177075299372,0.0236545010311566,310,35.26378579908802,10.405493157034511,10.978659498307012,0.4596043493713107,0.022705447202161,310,28.79363539911085,7.152744447793613,5.191279891229445,0.5145309670670554,0.0723318419169187,310,28.71827596233737,8.916344969648986,7.7917408016420175,0.4543485012761264,0.0321360642051216,310,31.55156389667141,-3.2527487092409,1.7636005218553723,1.563768224528589,8.879034951077454,-1.726290503283841,0.0373100185715316,0.3168245644270513,3.2527487092409,948.9424389906468,3.2326621845351564,-0.1112149151136692,3.1108576907145866,-0.0393337501500341,3.0904440432109634,-0.0777897286622515,3.0891895517600485,-0.156947501958927,4,ok,0.2110549477079222,0.1959153428914085,0.1817680591056424,0.1896785543931107,0.0217170861940229,19.29720264906358,1.4590263123983653,ok,3.405779738386889,ok,1.388097024883402,floor,2.109001966964631,ok
119,22,0.5508221864634812,0,11.212352856294514,13.220116600990297,0.4274995622088597,0.0308605026349229,150,35.265145975748695,11.906054335906743,15.509772715568545,0.4870600657213635,0.0446512046022919,150,28.79510965983073,12.7977795593742,19.04486751874288,0.6205763229860943,0.1743918946130458,150,28.71974165598552,10.03650065881258,10.084400049845378,0.4491162149287925,0.0280918271584706,150,31.553037757873536,0.8917252234674535,-2.761278900561619,-1.1758521974819338,11.55920359610063,1.2385759632735684,-1.5227029372880505,0.226157431043679,2.761278900561619,2028.152234176,3.3038756753947807,0.0150377717224641,3.029384009392856,-0.0492445462256605,3.2397792778588865,0.1285281454945446,3.2950496915772547,0.1035069783674917,4,ok,0.202900519768397,0.1800116964926322,0.1859007931749026,0.1911245296398798,0.005555314955612,23.156905857602844,1.459050804797371,ok,1.1851029691195154,floor,1.3881164810315754,floor,1.0397527470537735,floor
120,22,1.090826826352455,0,6.989972617002716,5.000313821851019,0.4158963124955895,0.0223311534005468,351,35.273027914541736,9.040438014131857,8.017589218935736,0.4881729541144439,0.0455675975798752,351,28.803927310171968,9.771240403873724,9.486893831494866,0.5332149642677412,0.0889297363440912,351,28.72864611807712,10.464204689380365,11.128085888009466,0.4739242215692928,0.0476823713303824,351,31.561684654648825,0.7308023897418661,0.6929642855066405,3.4742320723776468,8.015205315567286,1.7560350883064366,2.448999373813077,0.2681076575581348,3.4742320723776468,1193.191286762301,3.215980041319093,-0.1373147276089303,3.0417904592013545,-0.1206459931311045,3.332878991845763,0.154895011161734,3.2110880234957184,-0.0443905809910245,4,ok,0.1950197628993764,0.1897973573456207,0.1837978837878955,0.1799170791869319,0.008610676334603,18.934103090532098,1.4591927654967056,ok,2.2977220939371628,ambiguous,2.759893015972316,ambiguous,3.957400732572214,ok
121,22,1.3062825103304567,0,11.05793958807086,12.75833374920946,0.451190377370505,0.0490039765277636,416,35.27035910349626,11.309464725545904,13.519059284948383,0.5261038302749277,0.0780517172543868,416,28.8009850199406,11.727283934853252,14.884299267943089,0.5969921366779438,0.1500451159413898,416,28.7256803054076,13.455419061117624,22.15857899418244,0.5004897471268991,0.0698283978956795,416,31.558775136104,0.417819209307348,1.7281351262643714,2.397479473046765,11.183702156808382,0.5435817780448708,2.2717169043092422,0.2357740837756391,2.397479473046765,2077.383442066753,3.447005906391646,0.0808297078921516,3.230903150273549,0.0517180472772533,3.241867961645927,0.0505477058836181,3.3973900834213744,0.1291341637905207,4,ok,0.2069785711803258,0.2012606642674654,0.1999252046404693,0.2089593471833863,0.0041944130834263,23.002213142592367,1.4591446916611912,ok,1.1851697748993582,floor,1.3881953276939805,floor,2.959353628043677,ok
122,22,0.8742570352409497,0,6.59921127601303,4.570051851790496,0.4458126536405619,0.044799642780819,267,35.282450058040546,6.929903655919225,4.93162863486715,0.4562806195414595,0.0201351201410802,267,28.81449822986617,6.570659123049063,4.540105160032765,0.4890771077808779,0.0506725124704474,267,28.73929795968845,10.02132754111754,10.049229258008664,0.5800800212445137,0.1434061840768294,267,31.57200691851784,-0.3592445328701616,3.450668418068478,3.422116265104512,6.764557465966128,-0.1938983429170644,3.256770075151413,0.386831027066051,3.450668418068478,764.6495019617151,3.2872668592409013,-0.0452887992954149,3.0230564074366075,-0.1124147059090425,3.0951958484647752,-0.0613167202515039,3.196984727493465,-0.037922390900599,4,ok,0.1895845733052782,0.1728413117149572,0.1840711913668037,0.184576044870673,-0.002858248856686,18.542836494068954,1.4593625391374547,ambiguous,1.185323502739732,floor,1.3883762176310543,floor,3.908810534961345,ok
123,22,0.6430006209264557,0,7.103280643182126,5.132489437959632,0.4223123487826543,0.0270184640958426,196,35.28336384831643,9.196947917592306,8.311794395349464,0.8031794788334413,0.3890354358115213,196,28.81557757513864,7.300754869240674,5.37125148700208,0.4724616327270707,0.0371266466072424,196,28.74038587297712,11.422522769126523,13.875616141727992,0.4362934797123609,0.0183787050054686,196,31.573024973577382,-1.8961930483516325,4.12176789988585,4.319242125944397,8.150114280387216,-0.8493594111465423,3.2724084887393072,0.4310102901510396,4.319242125944397,1047.9191584842547,3.32356306694252,0.0144453743509282,3.2215859619141245,0.1165892847869893,3.130179969949804,-0.0020670341891966,3.20574377892905,-0.0059148113764897,4,ok,0.2114521837318126,0.1885897411527682,0.1970123206170237,0.1984024738360728,0.0030086418252666,19.046856850535892,1.4593790085406704,ok,2.3537422741226672,ambiguous,1.3883906743301577,floor,4.779308499062694,ok
124,22,0.7598516798762366,0,7.044113447310883,5.063039839516083,0.4450461369184492,0.0442044806509831,240,35.27554734547933,7.771695669625651,5.986452859143416,0.461089876317665,0.0238602762399988,240,28.806867011388142,6.806557589257883,4.793533412863811,0.74057689209028,0.3128816156034362,240,28.73161305586497,8.564439025307195,7.185283406575521,0.508416577473078,0.0766704174501009,240,31.5644832611084,-0.965138080367768,1.7578814360493116,1.5203255779963118,7.4079045584682675,-0.6013469692103843,1.1565344668389272,0.1625385682328776,1.7578814360493116,733.0258227406691,3.3496219006949874,0.0251491943618664,3.152223065083481,0.0272615416892159,3.1618998744128235,0.0137556683404809,3.248427809682052,0.0215383128587909,4,ok,0.2062911843260129,0.1977356782803933,0.1823862445540726,0.1826536886549244,0.0196271867491304,18.9881088354811,1.4592381543295494,ambiguous,1.1852366761108517,floor,1.3882741198739605,floor,2.0574343956915393,ambiguous
125,22,1.0225539443500316,0,6.888584135240903,4.884930773540302,0.4371333612620673,0.0381204611266539,333,35.27132062940626,9.704178308594164,9.34152608519202,0.5030161690243572,0.0579900186303077,333,28.8021623365156,6.902362223620113,4.900452933511935,0.4791612216171737,0.0425322009607969,333,28.72689815326496,8.892060796696951,7.748293795027174,0.5108909983313598,0.0788282250738352,333,31.559884526708103,-2.8018160849740514,1.9896985730768384,2.003476661456048,8.296381221917533,-1.3940189982974207,0.5956795747794175,0.2844289454385252,2.815594173353261,870.7097839616441,3.243045670416035,-0.1062577483662639,3.0870188594823667,-0.0702279724825021,3.085861886720324,-0.0879898085537846,3.1264153853252,-0.1251041291879144,4,ok,0.208562861881904,0.1825377274159196,0.1758678933946757,0.1882436830248381,0.0196824012542361,18.83280614181425,1.4591620110929318,ok,3.1623949510132823,ok,1.3882114998484198,floor,2.57976711240077,ok
126,22,0.7150948808813716,0,6.611509525012035,4.583011557978969,0.4482244683651588,0.0466789781180358,217,35.26699447631836,8.700108808238877,7.413288143373305,0.5622661591433264,0.1112835804764349,217,28.79740066352528,6.717383636124552,4.696111108300872,0.5154226725465817,0.0731105350292757,217,28.72213427811724,10.564719877482764,11.388643220822384,0.4290346263017581,0.0130048896593268,217,31.55524151006602,-1.9827251721143249,3.847336241358212,3.9532103524707294,7.655809166625456,-0.9384255305009042,2.908910710857308,0.3938482109990092,3.9532103524707294,899.5817569793644,3.236693235448161,-0.0801414320779438,3.1774173107369656,0.0623868934381648,3.063135810344379,-0.0771006564492005,3.2021975772520417,-0.0171156153746463,4,ok,0.1971359189067568,0.1990108994191967,0.1822269811779947,0.1844455514463686,0.015846427984982,18.55596344465637,1.4590840929725741,ok,2.346719122127762,ambiguous,1.3881482446877784,floor,4.414992399368406,ok
127,22,0.5040409155123979,0,7.521289848450753,5.6510478521094605,0.3835753402707616,0.0,136,35.26487322414623,7.20655175982051,5.255997814676341,0.4915397563199673,0.0483526802287395,136,28.79505137836232,6.8098537578879785,4.797172946088455,0.4337496179784447,0.0073824361345145,136,28.71974553781397,9.7315575207541,9.400603862369762,0.3934321230137459,0.0,136,31.55292503974017,-0.3966980019325312,2.9217037628661213,2.210267672303347,7.363920804135631,-0.5540670462476527,2.3676367166184686,0.2914190304645624,2.9217037628661213,778.3178823892684,3.235871121994111,-0.0455380890058867,3.043606698415449,-0.0253629464612643,3.098551785411118,-0.0050083458573939,3.121557601867564,-0.062616461235756,4,ok,0.2033506098805981,0.1916392854250529,0.1866857833502923,0.182823723209474,0.0108091643025331,19.465857468970935,1.4590458932880355,ok,1.1851023065302466,floor,1.3881165325623022,floor,2.781583104344749,ok
128,22,0.2558524131024084,0,7.527844287443971,5.659582939304289,0.4324209895408356,0.0345490400331702,61,35.24096523347448,8.87305059214777,7.714451610064898,0.3979913639556465,0.0,61,28.76789843449827,6.9157530042565885,4.915586020125717,0.4396636254365539,0.0117619798119452,61,28.692268590458102,9.494006054869269,8.900217204797464,0.4893170486608692,0.0603672809115987,61,31.526485443115234,-1.9572975878911816,2.5782530506126804,1.966161767425298,8.20044743979587,-1.284694435539281,1.2935586150733993,0.2337521342266522,2.5782530506126804,855.0463749639323,3.261229580014281,0.0406099176533389,2.915271179662169,-0.074658875041826,3.0383062404012606,-0.0023178527484382,3.100948094044845,-0.0229277532339118,4,ok,0.2430589153874116,0.1521607201363219,0.216374615482131,0.1914263101386242,-0.0187647977202642,19.4736927787429,1.458615632682979,ok,1.184793824518576,floor,1.3877520352857335,floor,2.5416440218335428,ok
129,22,0.2873982682578124,0,6.14991644103407,4.120895903501937,0.4316131388779405,0.0339406714641263,67,35.24027491327542,6.1673853023165925,4.137504986862638,0.4831502802185516,0.0414483252807635,67,28.76714971172276,6.905199731050354,4.903655740752149,0.3924734674054957,0.0,67,28.691512862248207,9.374938406483263,8.659520419675912,0.4361669858184888,0.0182842882175655,67,31.52574032456128,0.7378144287337616,2.469738675432909,3.2250219654491934,6.158650871675331,0.7465488593750234,3.2162875348079325,0.3440148035109302,3.2250219654491934,713.7273909734256,3.1589881540574734,-0.0687446721601579,3.0213058645462114,0.0221271549557928,2.9406712694178214,-0.1073171546350075,3.162912075082043,0.0319805562441368,4,ok,0.1877541499796198,0.1791193849448837,0.2028539785698278,0.1809577610510498,-0.019417211107576,18.095801899401035,1.458603216863085,ambiguous,1.1847853243949868,floor,1.387742017336945,floor,3.7240873515707507,ok
130,22,1.129894981372383,0,7.656715592614783,5.83004033279419,0.4212586672173388,0.0262437600621938,375,35.239496185302734,9.545519091885854,9.006414057731629,0.4841402060401106,0.0422568276765431,375,28.7663091583252,8.217833503270555,6.634120418866475,0.4705095093323352,0.0355658982387676,375,28.69067385864258,9.682026192861224,9.293998954455056,0.4983455703302672,0.0679961324762927,375,31.524905008951823,-1.3276855886152994,1.4641926895906678,2.0253106002464394,8.601117342250319,-0.3832838389797643,1.0809088506109037,0.1937258859444473,2.0253106002464394,1012.2155000828108,3.2400385228928266,-0.1182708430800247,3.065001459771852,-0.103955055699386,3.082652914271719,-0.1005227297463751,3.1626297594531367,-0.097822911491602,4,ok,0.221556962052981,0.1841740453541278,0.1861220468481381,0.1838768833676974,0.0167434568554162,19.602642751205632,1.4585892114845291,ambiguous,2.071672569631059,ambiguous,1.3877308959400059,floor,2.600667787859623,ok
131,22,0.3506813898908201,0,7.995580364268189,6.3031557183516655,0.3680967893622864,0.0,95,35.24312712016859,7.3822028386472995,5.472934919909427,0.4404637441671934,0.0081591393550823,95,28.77040090058979,6.959130744666205,4.96492936736659,0.4485246820447964,0.0184349284786746,95,28.694841284500924,8.775092630841051,7.542394828796387,0.3865298746573538,0.0,95,31.528906972784743,-0.4230720939810943,1.815961886174846,0.779512266572862,7.688891601457744,-0.7297608567915388,1.086201029383307,0.1605500677436952,1.815961886174846,744.0245150773148,3.271931911177391,0.017724581661958,3.0744821307305927,0.040880828152864,2.875375319104358,-0.2000224275381206,2.9901928958116017,-0.16699914559043,4,ok,0.2077318566410165,0.1920528977717223,0.1760729111338916,0.1722125434561779,0.0238194660724777,19.941313079100414,1.4586545182398718,ok,1.1848222369480412,floor,1.3877861418655286,floor,1.039484002949702,floor
132,22,0.2254981623826314,0,8.21094319241224,6.623603382280895,0.4454386628103841,0.0445091295447619,56,35.24494246074131,8.465159067260963,7.022890657186508,0.3887101205314208,0.0,56,28.772470712661743,6.566469612855479,4.535727566906384,0.4089180211503989,0.0,56,28.696933678218297,9.649024117560275,9.223641438143591,0.427790020468306,0.0120925476220234,56,31.53092098236084,-1.898689454405484,3.082554504704796,1.4380809251480358,8.3380511298366,-1.771581516981121,1.3109729877236749,0.2428193233609432,3.082554504704796,825.1245916826384,3.1455111498842654,-0.0686243800488428,3.012883520398809,0.0313842433728108,3.139444051901844,0.1055330470178379,3.1184272550286454,0.0009831320400301,4,ok,0.2399735812629972,0.210984820233924,0.1631594433316162,0.1583024025894701,0.0623197574168443,20.156578682354308,1.4586871737248994,ok,1.1848457398599952,floor,1.3878138843334862,floor,1.9538125526152288,ambiguous
133,22,0.2754255023970374,0,6.660742098884478,4.635261178016663,0.4331403175379939,0.0350917022488992,68,35.24744190889246,7.664077062663334,5.8399308709537285,0.5012084870960495,0.0564572569347852,68,28.775312451755298,7.084902618329969,5.1108161894714135,0.4001029463232095,0.0,68,28.69980464262121,9.45784357492267,8.826415289850797,0.4601856380642911,0.0367030924358622,68,31.533687367158777,-0.5791744443333648,2.372940956592701,2.797101476038192,7.162409580773906,-0.0775069624439366,2.2954339941487643,0.2670429765208551,2.797101476038192,792.8266103898779,3.219372029367628,-0.0094840491517014,3.0180444128499904,0.0174052317875119,3.021487453667004,-0.0276638849206314,3.086133774636864,-0.0459119177922198,4,ok,0.2090612154673127,0.1901797140564988,0.2038059985703405,0.1679923940888222,-0.0041855338084346,18.60624371422944,1.4587321401544595,ok,1.184878012114185,floor,1.3878519544714876,floor,3.3295512250305106,ok
134,22,0.5424562315593663,0,8.008761526485126,6.3223153279151445,0.3789445347462525,0.0,162,35.23765653445397,8.990391917851086,7.925728509455551,0.4876179598000129,0.0451103335430276,162,28.764293258572803,6.8484654097567566,4.840013143089083,0.5316257859581061,0.0874949589915858,162,28.68865650082812,10.135581582895698,10.317112311904811,0.4201433138894784,0.0065453959882899,162,31.52293571425073,-2.14192650809433,3.2871161731389416,2.1268200564105726,8.499576722168106,-1.6511113124113497,1.636004860727592,0.2762070988557419,3.2871161731389416,904.7668148639762,3.217104610868879,-0.0775683360729058,3.097943356632696,0.0117279799407525,3.1285117797331097,0.0112195677119228,3.1961946434021664,-0.0011359512162441,4,ok,0.2140430410243111,0.1870294755071769,0.1773940426883874,0.1780437644525074,0.0231422155773566,19.954787192045625,1.45855612760606,ok,1.1847528985418387,floor,1.387704156837891,floor,2.700287030586693,ok
135,22,2.340303052373448,0,7.652277230729592,5.824085246507138,0.5016507522472592,0.0909099326274178,803,35.24139667952788,9.04180165635592,8.02010705885228,0.5448563725795911,0.0950089596672967,803,28.768570604241205,8.051445499096666,6.384759601887552,3.057223360370592,7.772542822188019,803,28.692982888607723,9.771288501201768,9.486998897709258,1.974411051676262,3.190628815263985,803,31.52709270444041,-0.9903561572592549,1.7198430021051028,2.1190112704721766,8.347039443542755,-0.2955939444460895,1.4242490576590132,0.193326999620425,2.1190112704721766,969.476271473456,3.399801048857519,-0.0162384267314137,3.1945520825873586,-0.0494660891526943,3.185927155626149,-0.0570170581665641,3.2254920391863293,-0.0922241365407052,4,ok,0.2050299657738372,0.1913107381588495,0.1869983335824713,0.1848800708429602,0.011172018383872,19.598102617349078,1.4586233927120302,ambiguous,1.1848014558247273,floor,1.3877615043916929,floor,2.6927806889923165,ok
136,22,0.6784272025058703,0,8.16289480368383,6.550726693489648,0.4296748316024961,0.0324856285806818,173,35.17182686425358,11.054206335706084,12.747371230511307,0.4931273631073827,0.0496726200311012,173,28.69126333115418,9.079312950597238,8.089679111635064,0.5239607078924653,0.0806347455447327,173,28.614431645828866,9.640212414450236,9.20494592258696,0.5613673594393814,0.1251325313336067,173,31.45124444244914,-1.974893385108846,0.5608994638529978,1.4773176107664057,9.608550569694955,-0.529237619097719,0.0316618447552787,0.2494155197865298,2.8913115320222538,1227.7137971127654,3.369968384251096,0.0703145447076312,3.2223466058127985,0.129654989064055,3.1770822745470264,0.0546332937446409,3.277506217582192,0.0752349885320575,4,ok,0.2099875895403368,0.1732562638690017,0.1760875352502213,0.2057175944650793,0.0155343914544479,20.112441006775086,1.4573742362259552,ok,3.2374792830460524,ok,1.3867222528749292,floor,2.0015860866212747,ambiguous
137,22,1.780815864649631,0,7.808321091961632,6.037151983097667,0.3879321232727242,0.0027395318303606,601,35.17379607138737,10.08048657852246,10.187055162502803,0.4638477132372696,0.0260140632485634,601,28.693654052429707,11.499307311715176,14.12312266562822,0.4720927873465947,0.0368312547260867,601,28.61690639299085,14.966271322432991,31.378135366963463,0.4934444835429287,0.0638375430512832,601,31.45358193852937,1.4188207331927174,3.466964010717815,7.157950230471359,8.944403835242046,2.5549034764731307,6.021867487190946,0.6247408130420612,7.157950230471359,2151.1800666118224,3.27317099406106,-0.1208994329591641,3.0795873825953177,-0.1358662639223902,3.1719095732602103,-0.0482898610579272,3.2367848196811617,-0.0591398727775591,4,ok,0.2094900535292514,0.1949443353429907,0.1812113658734248,0.1903606012413981,0.0210058285626962,19.757762107408375,1.4574095352423018,ok,2.5672140790472406,ok,3.834497072803701,ok,8.380553740620963,ok
138,22,0.8420534802994826,0,7.063657753644231,5.085876094115959,0.3865003941433667,0.0017731489518151,273,35.180784707540994,9.79746252836377,9.544347712408491,0.4749958986076078,0.034851354721662,273,28.701534872089987,12.230769118420486,16.713865840828024,0.4515086573856397,0.0207120229467405,273,28.62492838709346,14.268538809283642,26.721072226653604,0.4418534655108169,0.0225558041204343,273,31.46133637340951,2.4333065900567163,2.037769690863156,7.204881055639412,8.430560141004001,3.800208977416485,5.837978668279641,0.5632830673351298,7.204881055639412,2133.37457625748,3.179258295194029,-0.1549822803185625,3.045181713464914,-0.0924801571780236,3.1093966857592874,-0.0488602946432101,3.1876965567409234,-0.048881860252266,4,ok,0.2136263638843983,0.1836405244174894,0.1896168872877791,0.193729839604962,0.0090165568631647,19.01272540043298,1.4575348377177189,ok,3.07424253915921,ok,5.5264925967002645,ok,8.457901733965949,ok
139,22,0.9984049705209734,0,7.316203439788397,5.390391936542791,0.3906595129395023,0.0045903412904428,327,35.175067843282626,9.459205068974333,8.829182765899448,0.4194164203961348,0.0,327,28.69501371121188,7.028729381765986,5.045136700711848,0.4740811011855615,0.0384263370973716,327,28.618266330217367,10.516186188475578,11.262080280788084,0.6372619189722086,0.2029593771884454,327,31.454919558417178,-2.4304756872083466,3.4874568067095915,3.199982748687181,8.387704254381365,-1.358974872615379,2.1284819340942125,0.3361652347030205,3.4874568067095915,970.1246900759888,3.2446060703642945,-0.1033187987385368,3.0472889461617507,-0.1081654724008602,3.0770539424196057,-0.0953705263473474,3.459406106291672,0.2092539993010409,4,ok,0.2071913606416012,0.1898766857563355,0.1899923178216368,0.1907695582996632,0.0085417053773315,19.2655765178795,1.457432334209032,ambiguous,2.4119446567601446,ok,1.3867728900133531,floor,3.6990879918131343,ok
140,22,0.2669220443432319,0,7.22786989547745,5.281861263055068,0.3595562602509268,0.0,65,35.177917773907,8.851881259582006,7.676939639678368,0.3858861950494151,0.0,65,28.698244740412783,7.185271777303713,5.230306959152221,0.4181517401852013,0.0,65,28.62156424889198,12.17978114542438,16.518785528036265,0.3772937758265282,0.0,65,31.45810323861929,-1.666609482278293,4.994509368120665,4.951911249946928,8.039875577529727,-0.8546038002260143,4.139905567894651,0.5340713558063358,4.994509368120665,1098.1078852506785,3.165183542526761,-0.0602515883505896,2.864709721693085,-0.1314814858989907,3.0037744985149986,-0.0418350981775561,3.037584772838717,-0.0910676218301658,4,ok,0.1783213049173355,0.1651312309962052,0.1782519050515615,0.1666473224759102,-0.0065256370947911,19.17709072021151,1.4574834299155568,ok,1.568962885674887,ambiguous,1.386816447068869,floor,5.4428814549009035,ok
141,22,0.4840316854581701,0,6.871665740898084,4.86593803452022,0.3655066104609966,0.0,134,35.179134625107494,6.763112956512956,4.745820365290143,0.5237091366663986,0.0759290416436289,134,28.69954576065292,7.651310845475488,5.822789424390935,0.431458840247501,0.0057019654900736,134,28.62288976071486,8.62134090752551,7.2800454515129776,0.4147183156235127,0.0026706074347364,134,31.4594111940754,0.8881978889625328,0.9700300620500224,1.7496751666274264,6.81738934870552,0.8339214967699684,1.8039515588199908,0.1786315852354259,1.8582279510125552,751.482549986955,3.183114231803114,-0.097171726895187,3.0885376401508484,0.0210284667461948,3.007472891624906,-0.0949243251087996,3.194919606548012,0.0118597170358687,4,ok,0.2114529791496583,0.1840908208500538,0.1860663212224174,0.1863903033811209,0.0117055787774386,18.820821552244755,1.4575052487318283,ok,1.1840191634359267,floor,1.38683395574911,floor,2.315415890630194,ok
142,22,1.945272622124535,0,6.787377295112419,4.77240980731929,0.4359134048890914,0.0371921648813464,652,35.18595940057485,7.265977027257412,5.328410834805366,0.5239901398710635,0.0761776236328122,652,28.707164351925528,7.366004833851786,5.452560378272841,0.5055075407471349,0.0645278777777556,652,28.63062458974452,9.06679154909594,8.066388869395285,0.4912372223556168,0.0619780973566006,652,31.466885277098672,0.1000278065943742,1.7007867152441527,2.27941425398352,7.026677161184916,0.3393276726668706,2.040114387911024,0.2157384238039098,2.27941425398352,773.0910055700438,3.250575748948933,-0.1496700376180837,3.1289552759614785,-0.0945276765582505,3.097605741873607,-0.1289871050053315,3.137666199089905,-0.1643839404412688,4,ok,0.2024192925759711,0.1824951822315257,0.186502088198404,0.1843929855621482,0.0059551492053444,18.736168421033355,1.4576276450277303,ok,1.1841053735846765,floor,1.3869361486963405,floor,2.8456296483467045,ok
143,22,0.6452601611646481,0,7.384314069856859,5.475596118811986,0.4067576164414987,0.0157786659893979,199,35.19439244869366,8.582980298902223,7.216025012222366,0.4564323060393084,0.0202520170069762,199,28.71664726794065,7.884568584546081,6.144079951784718,0.4815138522993495,0.0444484744898212,199,28.64023285295496,9.626771405548968,9.176501513126508,0.4056536544554472,0.0,199,31.47611104303868,-0.6984117143561424,1.742202821002886,2.242457335692108,7.98364718437954,-0.0990785998334597,1.643124221169426,0.199915359383017,2.242457335692108,916.1959202912584,3.276273960269674,-0.0339954224708454,3.0343983947190925,-0.0720957292457833,3.1422086387764,0.0087692781100567,3.162623268968624,-0.0501777029258212,4,ok,0.1997311348703938,0.1903819456396989,0.1885849750933036,0.185219610755767,0.0064715651617427,19.332654444044895,1.4577789412305864,ok,1.1842127267769718,floor,1.3870631497327417,floor,2.810613717110332,ok
144,22,2.464586531116192,0,6.741375245717192,4.722125493744616,0.4470272516040273,0.0457448149539629,859,35.18536666941171,6.965778823669911,4.972535385935632,0.4983263552614463,0.0540248651820864,859,28.70657929719119,7.126882375880401,5.160457879131415,0.4874908556092094,0.0493590976152873,859,28.630039072980427,11.844725160328077,15.292289673657578,0.4959214876992839,0.0659341528320833,859,31.466295155712835,0.1611035522104895,4.717842784447674,5.103349914610883,6.853577034693552,0.2733053411868491,4.991148125634523,0.5944528496722563,5.103349914610883,960.3215337234687,3.279394486506158,-0.1417562091893209,3.0196245971627427,-0.231039268640655,3.088502831914334,-0.1597330800511889,3.30505569513022,-0.017730389158586,4,ok,0.2074206354697175,0.1859913410941991,0.1773376834640611,0.1893825962298199,0.0193683048178971,18.69019804819385,1.457617013284859,ok,1.1840987520586739,floor,1.3869284114084572,floor,5.611567125698442,ok
145,22,1.280297201865029,0,7.97975530220215,6.280229726469661,0.5835543174579252,0.1683774086629772,415,35.189765323501035,8.143712740461686,6.5218570289841615,0.5626847127737316,0.1116811438910447,415,28.71137677388019,7.340633487758361,5.420799556410456,0.4682599783402683,0.0337753823975996,415,28.634884505674066,9.272706900239378,8.458058605423894,0.4683630474216275,0.0431992166654404,415,31.47100159059088,-0.8030792527033244,1.9320734124810164,1.2929515980372273,8.061734021331919,-0.7211005335735576,1.2109728789074587,0.1664636029903141,1.9320734124810164,833.9736931565296,3.4111439008967324,0.0451501769585145,3.202372787707404,0.0234249411945524,3.0817464743055387,-0.1093848636871643,3.1635008190880844,-0.104574100835999,4,ok,0.2028826562844845,0.1954083256513239,0.1844171191464705,0.1905277719519224,0.0147283718214336,19.928343016586965,1.4576959187907879,ok,1.184153054718467,floor,1.386992448144705,floor,1.7498653447838963,ambiguous
146,22,0.6950063945810191,0,8.178019648569949,6.573580185004643,0.5874847450347755,0.1723889933618685,210,35.19199424017043,9.789766219867214,9.527448765152975,0.5932429247041324,0.1415061353692805,210,28.71382716950916,7.486522827656451,5.605989535791533,0.5294364968911794,0.0855253899616712,210,28.63736035483224,10.818582730497994,12.074197434243702,0.5587534044375987,0.1226275940422116,210,31.47339847201393,-2.303243392210764,3.332059902841543,2.640563081928045,8.98389293421858,-1.49737010656213,1.834689796279413,0.3013326520680564,3.332059902841543,1058.7985697035278,3.3920784936919457,0.0777298896616804,3.2931369318622385,0.1813389359953068,3.242497055835442,0.1048344358698587,3.381926909430244,0.1650796866385322,4,ok,0.2145751256850503,0.1927935536418642,0.1884731892318952,0.1812542874898229,0.015211150431562,20.12648822284781,1.4577359088795439,ok,1.5357452659579305,ambiguous,1.3870251748227471,floor,3.183649304929609,ok
147,22,0.6208175701277161,0,7.371851030477731,5.459905211391344,0.3840054156635703,9.763708710996966e-05,183,35.194793054966325,9.762540753298886,9.467909005170313,0.517140034437545,0.0701558554640184,183,28.7169390402205,11.21345062232406,13.223458671830391,0.4720470721171543,0.0367946594980233,183,28.64050829736261,12.36139173047328,17.224204495956336,0.5308269835857524,0.0965955386743724,183,31.476432581416898,1.450909869025173,1.1479411081492206,4.9895406999955485,8.567195891888309,2.64625473043575,3.7941958385849706,0.3848866666822709,4.9895406999955485,1645.8189823972723,3.287202160859418,-0.0167122457788164,3.041642617446529,-0.0565886600599125,3.169338939905945,0.0424789506475451,3.238916877728508,0.0324195177073924,4,ok,0.2108894456076166,0.18760297813865,0.1939502588264603,0.1687922531871196,0.0052959530466729,19.320169988503263,1.4577861300218942,ok,2.703744001453655,ok,4.0036651340465506,ok,5.485021856564802,ok
148,22,0.2687311528820438,0,7.9618250322749615,6.254354638113102,0.3249667565769423,0.0,71,35.19663705960126,10.24537848961592,10.581271282384094,0.4973759040845508,0.0532258021341063,71,28.719055095189056,7.284629367195459,5.351344827195288,0.4366720714575242,0.0095392096022337,71,28.64265793813786,11.259292788008375,13.363778809426536,0.4305131662218657,0.0140921586134241,71,31.478480083841674,-2.960749122420461,3.974663420812917,3.2974677557334138,9.10360176094544,-1.8189723937499824,2.155691027062934,0.3660800403765901,3.974663420812917,1116.9985286501092,3.2877006271873648,0.0555713147414729,3.1187494718953053,0.1138543772113731,3.12770780667293,0.0751676557024758,3.0846974075160394,-0.0505950628570635,4,ok,0.1929946223824796,0.1747216092238963,0.1931056586999288,0.1822257961710573,-0.0092475428967408,19.910045406858277,1.4578192221120194,ok,2.581259686741575,ok,1.38709521410123,floor,3.790124511207118,ok
149,22,1.1391172504945166,0,7.139020237970222,5.174900737734175,0.4070529163158577,0.0159881212895229,371,35.26964132098175,10.313881917534768,10.749498210827296,0.4792318874869404,0.0382642943968782,371,28.80033653444357,7.750622984414442,5.957475958808734,0.4658240416270359,0.0318461739071,371,28.7250894202055,8.942489816559133,7.838789128871619,0.9977045616202432,0.707131608135126,371,31.558113463162734,-2.563258933120326,1.191866832144691,1.803469578588912,8.726451077752495,-0.9758280933380528,0.2160387388066382,0.2889692757063257,3.174861679564547,985.1918225458692,3.229954513690546,-0.1275417812879502,3.155520888608058,-0.0123784583265833,3.0794017157535203,-0.1029321475927376,3.231319255388799,-0.0283269162251187,4,ok,0.205662675352511,0.1927478196465905,0.1946810185808859,0.1980430350771972,0.0045242289186648,19.083332272022375,1.459131763179592,ok,3.5297743002300153,ok,1.3881874815199629,floor,2.375070534421749,ok
150,22,0.7710070888383248,0,7.927867828456216,6.205642929921548,0.4928512409592157,0.0832826648050262,240,35.19095989863078,10.498467531135669,11.216226042310398,0.5023395169457285,0.0574156285898237,240,28.71259600321452,7.762661203444933,5.974012408653895,0.596947598948685,0.1500000303575028,240,28.636109105745952,9.5425118484321,9.000179784496625,0.494593555502073,0.0648088461962737,240,31.472220532099406,-2.7358063276907334,1.7798506449871674,1.6146440199758851,9.21316767979594,-1.4505064763510074,0.32934416863616,0.2664645928460689,2.7358063276907334,1043.7945907410235,3.35027124188216,0.0257985355490388,3.095810094679765,-0.0291514287144996,3.2119310871177205,0.0637868810453778,3.155727390255964,-0.0711621065672964,4,ok,0.2074009809022148,0.1808802492295702,0.1832455323388179,0.1937631513457745,0.0108950827270746,19.87639169160646,1.4577173507028098,ok,2.9013255813088565,ok,1.3870086348388007,floor,2.1660867974252267,ok
151,22,0.4696501216122695,0,8.27943640575332,6.728893281744538,0.3763178653190148,0.0,139,35.181923708469746,9.82301073073131,9.600659631139084,0.4061329521855921,0.0,139,28.70255654149776,9.5354448893239,8.985546353909609,0.3703016798776581,0.0,139,28.62595191790903,9.90326945907438,9.779731824243669,0.4063883213451676,0.0,139,31.462419262892908,-0.2875658414074102,0.3678245697504803,1.6238330533210608,9.051223568242314,0.484221321081586,0.8520458908320663,0.1386831874458004,1.6238330533210608,1189.5142068597052,3.265008979819125,-0.0180545108497396,2.94148676687734,-0.1296338001559864,3.040463247806203,-0.0648095760324931,3.269797968525469,0.0839829965037468,4,ok,0.2165852955026592,0.1732806773226467,0.1857909146669528,0.1801224392738273,0.0091420717457001,20.22844319212586,1.4575552634865732,ok,1.249812607968614,ambiguous,1.3868744082995073,floor,2.176336178674177,ok
152,22,0.3038206362764897,0,7.854066156407059,6.1010785383336685,0.4516556914616338,0.0493701313023597,85,35.17937631046071,10.4071339153529,10.98280800370609,0.5350694646986037,0.0860849265245273,85,28.6996800142176,7.238408158803503,5.294693392865798,0.4936754067161402,0.0545040103214859,85,28.62301626766429,9.738353432626475,9.415325598155752,0.412462210980021,0.0010740172893426,85,31.45958049998564,-3.168725756549396,2.499945273822972,1.884287276219416,9.13060003587998,-1.892191877076476,0.6077533967464959,0.2938030760178942,3.168725756549396,1008.1158713579176,3.225156564008861,-0.0206178443303328,3.0315833483069845,0.0089466712060195,3.0008617086024287,-0.0658053489580825,3.090819627276929,-0.0580076522128933,4,ok,0.2046935647726059,0.1792860816068509,0.1722675898495842,0.1949467428028583,0.0197222333401441,19.80320905474662,1.4575095824401256,ok,2.882048605095695,ok,1.3868356268407982,floor,2.456843793831857,ok
153,22,0.2807673441173454,0,7.803499961652696,6.030453821303139,0.4989931271335847,0.0885921214754776,71,35.1769179223289,10.323020499708788,10.772141510332135,0.4215308964506893,0.0,71,28.696939844480703,7.21871176647971,5.27073494145568,0.463791506077754,0.030244150895192,71,28.620219163491694,10.453009367046532,11.099436647455455,0.5011380041089203,0.070383902233851,71,31.45686587481432,-3.104308733229078,3.234297600566824,2.6495094053938377,9.063260230680742,-1.844548464201032,1.3897491363657917,0.3205921697634138,3.234297600566824,1049.5225579730222,3.246208591293057,0.014079278847165,2.949629899276424,-0.0552651954075082,3.0851816374239336,0.0326414864534796,3.1649015544769017,0.0296090841037988,4,ok,0.2054239414947133,0.1641499946864558,0.1700130289709064,0.1902777213131038,0.0147739391196781,19.752774203819946,1.4574655030035466,ok,2.8455931422520906,ok,1.386798681051987,floor,3.1915337697443555,ok
154,22,0.723847460353637,0,8.766149177336679,7.52687870952445,0.4525991166021143,0.0501136691117747,213,35.20160146722211,10.201300611415595,10.4744218576682,0.4157921271792205,0.0,213,28.72463335565558,14.088792919746789,25.63771361588313,0.464317282775926,0.0306578908296915,213,28.648316199790703,15.134926908237857,32.62065602915948,0.4912559854049751,0.0619938686343755,213,31.48391241870576,3.887492308331192,1.046133988491066,6.368777730901176,9.483724894376138,4.605068025370651,5.651202013861717,0.5462874393819684,6.368777730901176,2875.8993362974675,3.390445371646049,0.0750213149228651,3.1050969526384016,-0.0080993648479772,3.0258106342360023,-0.1129654128431525,3.24368564266774,0.0257716595522796,4,ok,0.2107295290055409,0.1899978257540805,0.1849390825545284,0.2000301997286613,0.0154245948252823,20.71410411325363,1.4579083272200377,ok,1.1843031751009405,floor,5.7180933637267035,ok,7.192969836655568,ok
155,22,0.4358413456392997,0,8.246438675937648,6.67796083383782,0.4550731857694696,0.0520709164265353,129,35.194484740264656,9.12819859683895,8.181253688279973,0.464361172928215,0.026416477932017,129,28.716690226118693,6.83305281972477,4.822866960089336,0.4775320052685654,0.0412106659291793,129,28.64026752738065,8.929394204229942,7.815187832181768,0.4577429933473913,0.0347848516407887,129,31.47616581584132,-2.295145777114179,2.0963413845051715,0.6829555282922932,8.687318636388298,-1.854265816663528,0.2420755678416437,0.1902298996968078,2.295145777114179,839.8419163162393,3.2843458742088703,0.0069430820505842,3.087819362011805,0.0240589300738065,3.004425287626746,-0.094986957457595,3.10407983978269,-0.0761201864440677,4,ok,0.1888212639289771,0.2052753038357856,0.1952652096344057,0.2033990811296673,0.0017830742479756,20.19477411630381,1.4577805973698936,ok,1.1842132132114693,floor,1.3870636081685002,floor,1.0388977502647425,floor
156,22,0.8466172172870067,0,7.633326604799891,5.798726967021601,0.4205619698892361,0.0257325863648196,268,35.19866290021299,9.430620694847192,8.771261712953226,0.4490378478915495,0.0145987143441703,268,28.72138263930136,7.46253335131393,5.575108645122443,0.4152828914031265,0.0,268,28.645025972110123,9.40941098984196,8.728529800229998,0.444716811072887,0.024727609147382,268,31.480735999434746,-1.9680873435332629,1.9468776385280293,1.7760843850420676,8.531973649823541,-1.069440298509612,0.8774373400184174,0.2124572347964448,1.9680873435332629,925.5124498065284,3.308792989028684,-0.0240461021502866,3.024539875872121,-0.1112997613467681,2.981798566371355,-0.1750074430432273,3.0697575501502645,-0.1654307100361154,4,ok,0.1941350398779805,0.1976868660369915,0.1929711209915912,0.1787863950342384,0.0029398319658948,19.581438666932748,1.457855580861893,ok,1.925291393758841,ambiguous,1.3871265279697664,floor,2.344196179980666,ok
157,22,0.4224371561524075,0,6.207213432487951,4.175623597701391,0.3727950230037132,0.0,120,35.19122362136841,6.751516505052614,4.7331650664409,0.5903864884982992,0.1386514252125716,120,28.71316941579183,6.695909901752442,4.672948450843493,0.4880682903240242,0.0498367189476833,120,28.63671816190084,10.168466910671892,10.395531316598255,0.4339101492213748,0.0166043559387489,120,31.472707001368203,-0.0556066033001716,3.47255700891945,3.9612534781839415,6.479364968770282,0.2165449329821598,3.68910194190161,0.4254425976590653,3.9612534781839415,773.3326978241405,3.2487721487083645,-0.0231474251440868,3.102911569110815,0.0462805095307854,3.099282893204984,0.0055474798135182,3.1598087686986123,-0.0149523574504115,4,ok,0.2117212319125731,0.1935714866966009,0.1817290810868144,0.1900184684743484,0.0209172782177726,18.155723199013405,1.457722082331485,ambiguous,1.184173349049217,floor,1.3870166856850237,floor,4.420490847602883,ok
158,22,0.4537630693477505,0,7.591666156322868,5.743367623329163,0.4931599065700082,0.0835479266934415,125,35.19689404296875,11.137176036833692,12.993244285583495,0.4515488914591987,0.0165081346556112,125,28.719467483520507,8.59116652448002,7.229639672279358,0.5956985015291086,0.1487369379487697,125,28.64309420776367,8.908120919252715,7.77699987411499,0.3921559587760863,0.0,125,31.47885508728028,-2.546009512353672,0.3169543947726954,1.3164547629298475,9.36442109657828,-0.77325457209826,-0.4563001773255646,0.3241448720910255,3.5455098805108243,1138.2279146199228,3.3005066577533766,0.0254920360578174,3.0837020642002435,0.0230467715314519,3.096653821106565,-0.0002859268028285,3.083607429645111,-0.0942237285572704,4,ok,0.190432726830244,0.1822836644053459,0.2098310889005661,0.1925251272320747,-0.0234728932827711,19.539872791628813,1.4578238341165504,ok,3.90209395420347,ok,1.3871009828598966,floor,1.7852780737806808,ambiguous
159,22,0.6722226892039258,0,8.08030670312966,6.427331061724803,0.5532111211475413,0.1383140862986984,211,35.20349376009539,11.207287153243472,13.204705366026168,0.5152939260793541,0.0685465398966602,211,28.72682505422294,9.129444826447855,8.183601676570296,0.5843518238809569,0.1373843083788444,211,28.650548067138093,9.694463744584336,9.320653742523556,0.6407913706058098,0.2068185133370585,211,31.48603118426427,-2.077842326795615,0.5650189181364791,1.6141570414546766,9.643796928186566,-0.5143521017387087,0.0506668163977703,0.267899945700254,3.1269804501138125,1251.608496545898,3.350235677158941,0.0355268912464756,3.030581959199492,-0.0816843511885054,3.151824358791293,0.0137888388589342,3.275140397667124,0.0579359041709044,4,ok,0.2116838620172292,0.2037730589155902,0.1895224114447408,0.1975113171819262,0.0182060490216689,20.028160448422284,1.4579422973348022,ok,3.4791247343419434,ok,1.3871995644917272,floor,2.1658631551266043,ok
160,22,0.702019525588388,0,8.642187122034686,7.315073803851479,0.763491255850897,0.379632605609125,209,35.206855700917224,10.23307469256806,10.551336393401954,0.6746990118983857,0.2287117912734968,209,28.730561735527367,7.893726620962385,6.157049740330455,0.7722004764389905,0.3534430526509289,209,28.65433788755864,11.003810035126298,12.600303428595144,0.5563230749449569,0.1203091121110246,209,31.48968389045679,-2.339348071605676,3.1100834141639133,2.361622913091612,9.437630907301372,-1.5439042863389876,1.5661791278249255,0.2794852113586067,3.1100834141639133,1146.6870730944229,3.542581502858391,0.2285947999620998,3.3114246686626503,0.2000972227167619,3.277778342000261,0.1404904019603061,3.305278808528436,0.0887905617971172,4,ok,0.2039744500872906,0.1918854328612106,0.17018020461407,0.1829428625199498,0.0277497368601805,20.589861069574134,1.4580026581425705,ok,1.4724841902963706,ambiguous,1.3872497014516387,floor,2.92398286474991,ok
161,22,0.5002484352402639,0,8.021991857474442,6.341604972914826,0.3964642493401498,0.0085726077126673,139,35.21317691940198,8.998312673120342,7.940196811724052,0.4215511132772327,0.0,139,28.73758265268889,7.08920917125655,5.115886692949336,0.5325686493474462,0.0883456992360722,139,28.66148476634952,9.735512091545,9.409167702249484,0.4769960480317422,0.0501814198340364,139,31.496585777337604,-1.9091035018637923,2.646302920288451,1.713520234070559,8.510152265297393,-1.420943094040843,1.2253598262476082,0.2250650429346273,2.646302920288451,894.1536815869722,3.3064599268036914,0.0233964361348268,3.1160593893971305,0.0449388223638038,3.1689777035894338,0.0637048797507375,3.225812372456205,0.0399974004344825,4,ok,0.2056667793997757,0.1838309263689912,0.1613615658000218,0.183231602791402,0.0333872870843616,19.96932768342451,1.458116177407569,ok,1.1844499137057916,floor,1.3873442765788815,floor,2.2771273082180117,ok
162,22,0.3072359700729527,0,8.403104776926332,6.923257386180716,0.5854253951675121,0.170283762816108,71,35.211157516694406,10.242703432390591,10.574755705578228,0.5314171338272646,0.0827960523483601,71,28.735304819026464,7.600409813795215,5.7549424020337385,0.4917292003909212,0.0528779723263252,71,28.65915830370406,9.564867492146709,9.046628350942909,0.4723601790055966,0.0464161659582214,71,31.49435422118281,-2.6422936185953763,1.964457678351492,1.1617627152203749,9.322904104658464,-1.7224942908632477,0.2419633874882443,0.230872390609955,2.6422936185953763,1015.0157546988676,3.4227914118881904,0.1906620994422985,3.058679773593106,0.053784678909174,3.048776183862649,-0.0037639671078051,3.2303142912284346,0.0950218208553317,4,ok,0.2233253352239098,0.1898074858415294,0.1733357538010033,0.186926169504582,0.0332306567317163,20.350548629211374,1.4580799082213785,ok,1.994845774574046,ambiguous,1.3873134865571424,floor,1.5244642342814863,ambiguous
163,22,0.980347962241822,0,11.664875741963868,14.671941077267682,0.5023292541628709,0.0915036516011893,297,35.21315204093753,12.333396137686616,17.11353052264512,0.5782147286495308,0.1266414682386794,297,28.737440256960063,13.133195560940203,20.57403887442065,0.5132020598052517,0.0711738588493946,297,28.66132049046783,14.101980191320036,25.715680371229897,0.4689475251727943,0.0436679063582796,297,31.49647786561086,0.7997994232535888,0.9687846303798312,2.437104449356166,11.99913593982524,1.1340596211149627,2.102844251494794,0.2124646085943113,2.437104449356166,2650.5490858867915,3.443771167466552,0.1031421291206657,3.341909536423601,0.1959412793132231,3.2205957766238624,0.0557247556601474,3.345289266000316,0.1023740210599997,4,ok,0.2114047008231031,0.2079615217040885,0.1975661514558976,0.2098820793006556,0.0121169598076981,23.612212898816693,1.4581157305595605,ok,1.1844482995817693,floor,1.3873421023179187,floor,2.9950472591958746,ok
164,22,0.906192737167293,0,8.527751303609111,7.124840235710144,0.8437862148103321,0.4921148370668453,290,35.21111252883385,10.210968455487546,10.497764975860202,0.7746587810036795,0.3510388677143277,290,28.735146943454083,9.081629439576826,8.093995227073801,0.9632214877086738,0.634512377811965,290,28.65897833067796,10.48136179278301,11.1721351122034,1.0228965124220162,0.7506804171394539,290,31.49423112540409,-1.1293390159107195,1.3997323532061845,1.953610489173899,9.369359879548329,-0.2877304399715026,1.112001913234682,0.1806420208113813,1.953610489173899,1213.1001297356756,3.431253189862219,0.092432506422885,3.26340878363988,0.1197917798929606,3.2839807955221865,0.1209819827896403,3.3703931468486408,0.1292716407480405,4,ok,0.2085866467320713,0.2069720721193428,0.1968670557285177,0.2019405794811659,0.0109123036971894,20.47519756239179,1.458079100264673,ok,1.71165670058262,ambiguous,1.3873111048214395,floor,2.5282304864950245,ok
165,22,0.7514389364106688,0,7.030415496398263,5.047095816175477,0.4417993803897428,0.0416948923367557,238,35.206650116864374,8.861960616485327,7.694777415580108,0.447960539506026,0.0137827833235364,238,28.73018618992397,7.387280667829974,5.479337691008544,0.5309171822944421,0.0868565821609586,238,28.653930912498662,9.627605306419012,9.178263687786936,0.5184877043502992,0.085518352688978,238,31.489358525316256,-1.4746799486553526,2.240324638589038,2.5971898100207493,7.946188056441795,-0.5589073886118205,1.6814172499772173,0.2449780239219551,2.5971898100207493,891.4254403547579,3.2501533640496563,-0.0736848771281555,3.0426251105851367,-0.0815114705784783,3.073255240243096,-0.0742320975995332,3.138807889973143,-0.0874522697728652,4,ok,0.2027561926916867,0.1822607376526634,0.1837139304007301,0.1855476516760698,0.0087945347714449,18.978100439286575,1.457998966767007,ok,1.981835266085685,ambiguous,1.3872443169608963,floor,3.1438749298758673,ok
166,22,1.1973765742523796,0,7.057382678258009,5.078532871478249,0.4285814108822504,0.0316677119172443,403,35.20253052250032,9.22798363800735,8.371405205123182,0.4744357180213968,0.034402285297975,403,28.725523842179747,7.234079203287549,5.28941838395211,0.5012108233850984,0.0608603619317962,403,28.64919505817423,9.594344088430509,9.10823880857037,0.4686384626969224,0.0434199979306564,403,31.48482105453908,-1.9939044347198007,2.360264885142958,2.536961410172497,8.14268315813268,-0.9086039548451312,1.4516609302978267,0.2583280320159294,2.536961410172497,901.857373767692,3.2982609873959614,-0.0655080837351906,3.132309727262501,-0.0437455883781261,3.0827022476369588,-0.1061258846731703,3.1743754828371844,-0.0914927650832688,4,ok,0.2125135582153022,0.1952910464321709,0.1777018962460327,0.1903352403537215,0.0262004060777038,19.00528793370144,1.4579250050634034,ok,2.446830349568738,ok,1.387181667375169,floor,3.0878702281409147,ok
167,22,0.7704174140296096,0,7.117973658190597,5.149883040150658,0.3836812159137662,0.0,244,35.27622926430624,9.359704217307158,8.629197753355152,0.4385159824954306,0.0067135783777434,244,28.807477294421588,6.527225415419867,4.494925950394302,0.4996292393174824,0.0595182640710307,244,28.732223862507304,10.07036298481381,10.163336348338206,0.4713254841010894,0.0455808061605735,244,31.565179777927085,-2.832478801887291,3.543137569393944,2.952389326623213,8.238838937748877,-1.71161352232901,1.8315240470649328,0.3322043392635801,3.543137569393944,896.7873578247477,3.211867811153382,-0.1138581161688994,3.0947746096109734,-0.0318163727214919,3.1399103979256275,-0.0095312805858243,3.228577510700012,0.0004449220727811,4,ok,0.2026846786564002,0.1852840545633044,0.1986915795590545,0.1813454710893699,-0.0047072129492022,19.06193248147353,1.459250440415569,ambiguous,2.5347911151829097,ok,1.3882822332800657,floor,3.4733164988062817,ok
168,22,0.7724193757020149,0,7.755412023945648,5.964048992874276,0.4423104337334524,0.042088693714666,234,35.28509203592936,8.235714703691135,6.661491381816375,0.5439439956694682,0.0941701869666604,234,28.81744107629499,7.221574521657287,5.274210416863108,0.526251488619,0.0826745465403673,234,28.74226270170293,9.222906940888574,8.361625145643185,0.5122728943649657,0.0800378604489946,234,31.57489325042464,-1.0141401820338487,2.001332419231288,1.4674949169429263,7.995563363818391,-0.7739888421611045,1.227343577070183,0.1747386996190943,2.001332419231288,825.3407296737035,3.359809697276063,0.0372565401446625,3.1263677508696737,0.0039020575254258,3.157304168411559,0.0111472911553542,3.186676025802547,-0.0383094366160752,4,ok,0.2045793770852252,0.2041718787871874,0.1801944412131849,0.1863344554176442,0.0241811867230213,19.6988955362552,1.4594101580016838,ok,1.1853569949333067,floor,1.388415616389894,floor,1.9924661616150419,ambiguous
169,22,1.2283106611993748,0,10.450848439044734,11.093915251653586,0.464989621732742,0.0600229439151902,402,35.28828542149482,10.488511673493267,11.190543180081384,0.5620940799376839,0.1111202167565712,402,28.8209847549894,10.915955314187157,12.34796902611481,0.5578876891060945,0.1117546923182364,402,28.74583263302324,8.022505596921496,6.342355183997557,0.4800549725784984,0.0526860162714444,402,31.57836384085281,0.4274436406938875,-2.893449717265659,-2.4283428421232376,10.469680056269,0.4462752579181543,-2.4471744593475044,0.2250996395556274,2.893449717265659,1364.6370478831418,3.399707384442832,0.0361266814672385,3.3466257785035656,0.1708153822964648,3.3494342984344123,0.1608011855920055,3.100539545100177,-0.1651418571543237,4,ok,0.199710274013269,0.2033416552663739,0.1949429059428955,0.1950612640036131,0.0065830586969259,22.394160651677495,1.4594677236975369,ok,1.1853973317912114,floor,1.3884630654720727,floor,1.0400351511289763,floor
170,22,0.5500544157715738,0,7.116818607176532,5.148513557707391,0.5041047395806472,0.0930610767841064,164,35.28966231462432,8.331361737356604,6.809828484930644,0.4356061585371867,0.0045659428570856,164,28.822373750733167,6.30977878511426,4.275411081023332,0.507933738313341,0.0666126181355892,164,28.74723015761957,10.309129296048026,10.737741130154308,0.4597248635381667,0.0363404589196048,164,31.57977178620129,-2.021582952242344,3.999350510933766,3.192310688871494,7.724090172266568,-1.414311387152308,2.585039123781458,0.3677374402253489,3.999350510933766,838.5104974591877,3.3133517035444404,0.0177484609603841,3.112955283373322,0.0255303206924919,3.120434988124915,0.002179631561376,3.182350144114194,-0.0159032270122541,4,ok,0.2239639171649043,0.1725218459827507,0.1905365357084608,0.1942276528741165,0.0077063458653666,19.060056954222667,1.4594925471178095,ok,1.1854131443877851,floor,1.3884816427633417,floor,3.695138605735392,ok
171,22,0.3239565531048635,0,7.564756162898723,5.70789027998322,0.4425165936126821,0.0422476828021525,76,35.29403425517835,8.41361242036186,6.9400283098220825,0.5424194427707197,0.0927717613166294,76,28.827234544252093,7.306202992506215,5.3779938252348645,0.537996508503256,0.0932725441980943,76,28.752132014224404,11.120651388165593,12.943899694241976,0.4965053562673148,0.0664298854578846,76,31.58450688813862,-1.1074094278556448,3.8144483956593778,3.5558952252668696,7.989184291630291,-0.6829812991240765,3.1314670965353013,0.3950897862641092,3.8144483956593778,976.7728961996344,3.225696056764208,-0.0115929429313599,3.0307067060175363,0.0191028994782946,3.214353496012277,0.1564714683426751,3.233891615854075,0.0934811615127824,4,ok,0.1975557238941914,0.1865138834048258,0.2093930480707632,0.196052137860342,-0.0173582444212546,19.507759945398433,1.459571378157672,ok,1.185468489409486,floor,1.3885468135926746,floor,4.034890091915014,ok
172,22,0.7412361949080405,0,7.070975322653559,5.094452675651102,0.3821353022904207,0.0,221,35.28798606492815,10.152864615192872,10.358251737793108,4.153157075961192,14.40827424966569,221,28.820541735687947,6.158381245959377,4.128935747017149,0.4784441567138379,0.041950000875919,221,28.745385018948514,12.592070509648966,18.16381420700798,1.507036347722969,1.798565642941285,221,31.577976891357974,-3.994483369233495,6.4336892636895895,5.521095186995408,8.611919968923216,-2.453538722963839,3.980150540725752,0.5901262163755897,6.4336892636895895,1174.8663268828286,3.2493160130064407,-0.0689034992957489,3.1209965345468627,0.0041655188556561,3.095545961784935,-0.0461242488933675,3.181138380608942,-0.0395484637565948,4,ok,0.1986965039803971,0.2079148634054542,0.1993058347290727,0.1844702397907211,0.0039998489638529,19.014303594239617,1.4594623269486646,ok,3.4360260564156717,ok,1.3884571156189645,floor,6.1011384961732,ok
173,22,1.0505682467249404,0,11.483200823529158,14.070841868252348,0.6548498233295884,0.2453310785709272,341,35.30163112204096,11.81134461768268,15.175201336309708,0.8832480477046009,0.503047679020411,341,28.835825481023257,12.187430153271688,16.54790486058881,0.6326330149653192,0.1872027759764218,341,28.76080296535996,13.549810027097704,22.645452477016057,0.6482025000362779,0.2149912810103231,341,31.592856505049987,0.3760855355890076,1.3623798738260169,2.0666092035685466,11.64727272060592,0.5401574326657688,1.9025373064917848,0.1937044318694867,2.0666092035685466,2254.146974470957,3.4239660325606724,0.0728626920116575,3.2814854683071832,0.1218983478886377,3.311327283780422,0.1356121111906079,3.3786822552774023,0.1253773669033764,4,ok,0.2272041854817321,0.1823218735126106,0.2075620926916599,0.1962855710508711,-0.0027990631944884,23.425796926572087,1.4597083987411719,ok,1.1855663393710918,floor,1.3886621349076371,floor,2.6430387286455823,ok
174,22,0.9525668214601076,0,8.398492442909808,6.915908587998466,0.7163522167215477,0.3188329257223088,304,35.31717355627762,8.592216610596463,7.231387947342898,0.712670863934031,0.2731929182911281,304,28.85303192389639,9.654556244233216,9.2353981764693,0.6863124585591323,0.2472319086645122,304,28.778107862723505,9.920409937154735,9.818406160724791,0.8065777713099685,0.4121058287146066,304,31.609718341576425,1.0623396336367534,0.2658536929215209,1.5219174942449296,8.495354526753136,1.1592017174800802,1.425055410401601,0.1504547926002292,1.5219174942449296,1124.6415690622832,3.590070899918473,0.2476756352615665,3.3657062441862458,0.2174415100185331,3.364866653978594,0.1981670409472382,3.435053444404834,0.1903862487150682,4,ok,0.2127540940541382,0.1907720747771427,0.1969468146133677,0.1823637082952221,0.0048162698022727,20.340254117131614,1.4599888893750892,ok,1.1857624478970052,floor,1.3888924377559548,floor,2.060529048456619,ambiguous
175,22,0.1686314783880216,0,7.066266185183354,5.088931657766041,0.4451754550093594,0.0443048179010212,38,35.310027273077715,6.465990413287487,4.4319927504188135,0.545377323060562,0.0954885139634704,38,28.84522533416748,7.261398113214646,5.322795871057008,0.3901494580118217,0.0,38,28.77031331313284,10.153353551287038,10.359417952989276,0.421233015170652,0.0073297852766536,38,31.60205037970292,0.7954076999271598,2.891955438072392,3.0870873661036846,6.766128299235421,0.4952698139792257,3.3872252520516177,0.3754929710672871,3.687363137999552,805.4865047759131,3.20290624883342,0.0181703816185221,3.0471634838172825,0.1038901410922759,3.088849933268259,0.0853766982795329,3.0124017011410986,-0.0758803825259573,4,ok,0.2081786196090673,0.1965078390938671,0.2037770622654965,0.1858011705702857,-0.0014338329140292,19.00841158250178,1.4598598953677768,ok,1.1856734518642644,floor,1.3887886785784325,floor,3.5984122077941016,ok
176,22,0.1731525057273974,0,8.479096953577605,7.045465544650429,0.4769574568625851,0.0698482680592591,38,35.31213730259945,8.507418074446614,7.09156042023709,0.4519558278697721,0.0168185754010234,38,28.84755932657342,6.781811617258988,4.766297668218613,0.6380900115769877,0.19308215969229,38,28.77265443299946,10.36921670299686,10.88733710740742,0.4384104804959587,0.0199629269133827,38,31.60432830609773,-1.7256064571876255,3.5874050857378705,1.890119749419254,8.49325751401211,-1.711445896753121,1.8759591889847496,0.2950102184816356,3.5874050857378705,893.5197385173095,3.149205212027642,-0.035530655187256,2.985571784541569,0.0422984418165626,3.133212193141065,0.1297389581523389,3.24072127746824,0.1524391938011842,4,ok,0.1957965716719627,0.1984959099637834,0.2234645424116599,0.1912965348088427,-0.0263183015937867,20.421129062407488,1.4598979777282826,ok,1.185700055943041,floor,1.3888198386759107,floor,2.4662621480442084,ok
177,22,0.417016906292713,0,7.190572042070551,5.236694084970575,0.4022363347697317,0.0125907150868629,114,35.3141370070608,7.875990384623837,6.13195612085493,0.4838461632624031,0.0420165012656021,114,28.84982883721068,7.011981243757104,5.025718096055482,0.5153406853454366,0.073038882379802,114,28.774939269350288,9.797129191979794,9.543615178058024,0.495925382719918,0.0659374579601586,114,31.60653094241493,-0.8640091408667336,2.78514794822269,2.606557149909243,7.533281213347195,-0.5212999695900908,2.263847978632599,0.2797989379980399,2.78514794822269,823.3911026347624,3.2927959117765035,0.0247653002843133,3.0941634954811104,0.042588929953657,3.219758412609605,0.1300492815121776,3.347871315674433,0.1769677192650194,4,ok,0.2169986856088303,0.1979417596665913,0.1945569466211293,0.1826443022541832,0.0129132760165814,19.132496777653063,1.4599340725743744,ok,1.1857259280562904,floor,1.3888502532289424,floor,3.1553410641937814,ok
178,22,0.2664482686812132,0,8.535158263555136,7.137002129765118,1.0886228833025298,0.904478435433426,68,35.31754140292897,8.719795150452496,7.446968469549628,0.6474951595543851,0.1983416096285351,68,28.85362294140984,8.727459563388024,7.460122455568874,0.5489400070205372,0.1033578154584804,68,28.77874206094181,10.69466176549021,11.734542887000476,0.8574413029818088,0.4845158566822642,68,31.610236252055447,0.0076644129355276,1.967202202102186,2.159503501935074,8.627476707003815,0.0999828563842086,2.0671850584863947,0.2254456976685483,2.159503501935074,1088.0343150759445,3.4066731895521807,0.1778171110328519,3.1659555291285244,0.165316348066046,3.0683288861662605,0.0191775475786251,3.3400604572155523,0.2080147647864692,4,ok,0.2082135633510702,0.1996205252430894,0.2083549666054108,0.1735676672747906,-0.004437922308331,20.47690018332903,1.4599955304236705,ok,1.1857691870059386,floor,1.388900881863653,floor,2.7340211645028867,ok
179,22,0.2934827487748793,0,8.613219217999815,7.266443847041381,0.4573693385564063,0.0538969597871099,76,35.31412586412932,7.983271606819223,6.285316630413658,0.605176008926243,0.1535810233299324,76,28.849762841274863,7.631794065184254,5.796681071582594,0.7120487333406649,0.2777454257555189,76,28.77486158672132,10.086725309330964,10.201699595702324,0.5727837430636281,0.1362098175301132,76,31.6064823050248,-0.3514775416349698,2.45493124414671,1.4735060913311493,8.29824541240952,-0.6664513472252658,1.7884798969214444,0.2313075222572287,2.45493124414671,906.3337987779004,3.317548447352789,0.0802594476572213,3.1568460898557813,0.1452422833165396,3.183558359469653,0.1256763318000504,3.248407179402472,0.107996725061179,4,ok,0.1743232593136398,0.1941455636957758,0.2010710117848295,0.1963648325518558,-0.0168366002801217,20.555144551919117,1.4599338714335837,ok,1.185725175669377,floor,1.3888492191000477,floor,2.0008488673429023,ambiguous
180,22,0.5213027996045472,0,9.224437004088813,8.364571549390492,0.9652300264867576,0.6835944943082524,152,35.32285966371235,7.721564373280861,5.917747591279055,0.464747890570944,0.0267198547728857,152,28.8595332220981,6.829947696954828,4.819419934561378,0.4965744397006663,0.0569380360339646,152,28.784707182332088,8.76268654941492,7.520879924297333,0.5055449482040413,0.0741793599595723,152,31.61603957728336,-0.8916166763260334,1.932738852460092,-0.4617504546738917,8.473000688684836,-1.6430529917300083,0.2896858607300832,0.2069021134854984,2.3944893071339832,763.6847609036455,3.4466001850571657,0.1567580528809284,3.0971460327349947,0.0172117623815175,3.146176940257563,0.0338861199070841,3.188870071966692,-0.0036687530488377,4,ok,0.2157646454380531,0.1710172805592025,0.2057760086547779,0.1921036324806903,-0.01238504565615,21.16589328755955,1.4600915589862202,ok,1.1858365904525658,floor,1.3889803185359926,floor,1.0404559229925174,floor
181,22,0.3170852062888362,0,6.765201156680927,4.74810282712759,0.4864761468388603,0.0778411566188683,86,35.3222230866898,9.018528576139724,7.977243661880493,0.6345480082871755,0.1843264317909605,86,28.858852164689885,5.988518481483085,3.970560777325963,0.4863151909509877,0.048388401813864,86,28.78401938150096,9.13717375794297,8.198178608750188,0.6183365587807971,0.1826297770061609,86,31.615357021952786,-3.030010094656639,3.148655276459884,2.3719726012620423,7.891864866410326,-1.9033463849272405,1.2453088915326438,0.3030387574149717,3.148655276459884,782.3154580586179,3.238142768915294,-0.0085184114463694,3.149703664607853,0.1259139916580656,3.104133981987464,0.0365488403309477,3.2235082064327445,0.0738013222741074,4,ok,0.2067818127052728,0.203438198237225,0.1949711572812047,0.1924948217563851,0.0101388481900442,18.706691632768937,1.4600800633784576,ok,2.5500019288061626,ok,1.3889711579588964,floor,2.9366910936158366,ok
182,22,0.4785180004657791,0,6.50989919021651,4.477029118367604,0.5031196783129144,0.0921963194090278,140,35.321729741777695,10.007823797088518,10.018031195231847,0.7122843581516083,0.2727278904496764,140,28.8582300731114,6.178181914162946,4.14780366889068,0.5255875938196201,0.082082472811225,140,28.78337184361049,9.824070041345356,9.60300166436604,0.6103138039801886,0.1741967064193168,140,31.61477083478655,-3.829641882925572,3.6458881271824106,3.3141708511288464,8.258861493652514,-2.0806795794895683,1.5652085476928423,0.3902054943627461,3.829641882925572,903.3854282315287,3.2830232614306425,-0.0005837308030001,3.370511572550871,0.2986843356721511,3.0336401117174043,-0.0721954048203543,3.260290987501775,0.0739369067781838,4,ok,0.2103900995371597,0.1894509733787604,0.1732892408700926,0.1944200193509459,0.0266312955878675,18.451416164906536,1.4600711545720655,ok,3.8580597239187857,ok,1.3889625339230816,floor,3.8091631106302883,ok
183,22,0.3600646109439386,0,7.267461977617082,5.330233049635985,0.4965434535547771,0.0864665768539889,98,35.218746068526286,10.926032506654286,12.376654017944723,0.6347956479518478,0.1845918441648013,98,28.74361176393469,7.023471859899251,5.039032808371952,0.5723441580263722,0.1256081119204883,98,28.66760830003388,9.82206341886591,9.598565700102826,0.4277526919900185,0.0120652254082125,98,31.50254839293811,-3.902560646755034,2.79859155896666,2.5546014412488285,9.096747242135685,-2.0732753822364334,0.7253161767302263,0.3790391098662087,3.902560646755034,1041.8619523303848,3.37202243063196,0.1154578705210376,3.287276170296719,0.2506099569838187,3.2423595676626307,0.1645213562045069,3.1874984592324003,0.0279682396010967,4,ok,0.198260450925754,0.1821838044466412,0.1911958046257496,0.2079222462691214,-0.0009736769395519,19.214499844502214,1.458216220029039,ok,4.017427011391802,ok,1.3874253371429988,floor,3.1046781935576506,ok
184,22,0.8761300156238778,0,7.437338795700646,5.54285961873417,0.411965698897921,0.0194950432625582,271,35.22489902454109,11.473599742458308,14.039769386453385,0.416748943991968,0.0,271,28.750390837553244,6.975132107175186,4.983256142077851,0.4553790147433122,0.023688015127139,271,28.674512835006432,10.594448992984466,11.466870273611203,0.4791321664806032,0.0519287515830866,271,31.509206046917345,-4.498467635283122,3.61931688580928,3.15711019728382,9.455469269079478,-2.480337161904292,1.1389797239049884,0.4283987254596845,4.498467635283122,1153.4355958032652,3.2728641252895048,-0.0608189613612277,3.034157399668784,-0.1027796146106232,3.1002428417616,-0.0574369647508743,3.1221051414174847,-0.11392029262938,4,ok,0.203373665546799,0.1789640962830108,0.183461178644007,0.1930846236921104,0.0077077022708979,19.384047397364203,1.4583267819742087,ok,4.404723324409691,ok,1.387516766621769,floor,3.660784324232651,ok
185,22,0.4617213093585915,0,7.71512463925322,5.908979236578741,0.4158878150983633,0.0223249931080256,119,35.22263974101604,10.78148716610922,11.97150404513383,0.4367529314368584,0.0054106272194478,119,28.74790685317096,7.8698426005388065,6.123281989778791,0.4223942860645506,0.0,119,28.671987629738176,9.97650293414184,9.946042104929434,0.4711928112849126,0.0454738254101108,119,31.50676613495129,-2.9116445655704126,2.1066603336030347,2.2613782948886207,9.24830590268122,-1.3784633021424142,0.7281970314606205,0.3032828001377634,3.066362526855998,1104.956873149932,3.2532095082613752,-0.0180756004357673,3.075748427700471,0.0199423103510909,3.113956919230336,0.0208783740685833,3.25196350570229,0.0778317166305191,4,ok,0.1974427490925588,0.188550209548293,0.1907674302073086,0.1947055989641602,0.0022290491131173,19.66195415144135,1.458286181198721,ok,3.4181568331301833,ok,1.3874833242555278,floor,2.8293938560141476,ok
186,22,0.7721688846969385,0,7.666569956592654,5.843284012182899,0.4622721394785022,0.0578267339741118,230,35.291909325641136,8.541840417358463,7.147991736038872,0.5136283406724746,0.0670995309541095,230,28.82512008832849,7.433361917468803,5.5377862896608265,0.7811172754726798,0.365186524350074,230,28.75000120245892,10.04887100126114,10.11316516658534,0.8372886687375449,0.4552967969551595,230,31.582351974819016,-1.1084784998896602,2.615509083792338,2.3823010446684867,8.104205186975559,-0.6708432695067561,1.9446658142855813,0.2526023484041013,2.615509083792338,909.173620770418,3.304015157796393,-0.0172307575786079,3.0990662514533707,-0.0216997442455468,3.258118959488516,0.1133154829212976,3.376082569172636,0.1523937827012278,4,ok,0.2027505852120078,0.1751802844359823,0.1768083743994002,0.1862768077979917,0.0121570604245947,19.609687751131887,1.4595330611465807,ok,1.1854444125191865,floor,1.3885184821691503,floor,2.945634362482614,ok
187,22,0.2648420259177794,0,7.742588127076156,5.946464256139902,0.3391024465443151,0.0,65,35.28890046339769,8.112707889248812,6.475462444011981,0.4762373395898417,0.0358484458161891,65,28.821799997183,8.29169465514866,6.747912858082698,0.4387665304146897,0.0110938314556017,65,28.74665524409368,9.817759536047928,9.589058179121752,0.4372401767841913,0.0190862019680209,65,31.57909249525804,0.1789867658998485,1.5260648808992665,2.0751714089717703,7.927648008162484,0.3640466469861767,1.890111527885443,0.1967959499334257,2.0751714089717703,941.1061631257716,3.2513231265695395,0.0258879956921886,3.008702314211946,0.0125111066198697,3.004830361677536,-0.0407792350150186,3.03298536380438,-0.0956670308645031,4,ok,0.1977523722327672,0.1957687481091572,0.1875542806891294,0.1709684100288611,0.0092062794818328,19.68586734528876,1.4594788118177724,ok,1.1854066125306533,floor,1.388474000278953,floor,2.6511232601075165,ok
188,22,0.7572062780518057,0,7.349078432199228,5.431350666387328,0.5128807105280624,0.1008399143380476,232,35.29388130122218,7.691325321806804,5.876686620301213,0.5236496849876673,0.0758764663920585,232,28.827384060826795,7.111909817492906,5.142697528775396,0.6223120769367895,0.176221037019328,232,28.75228659037886,10.030349507353424,10.070127069950104,0.5099396958567904,0.0779974063996542,232,31.58453261441198,-0.5794155043138982,2.9184396898605165,2.6812710751541946,7.520201877003016,-0.40829205951011,2.5101476303504064,0.3021276598289683,2.9184396898605165,838.4297364993856,3.3641737670410725,0.0422714134216031,3.180976103498482,0.059356595790049,3.202566763945652,0.0570836701859818,3.22927676712218,0.0049368480823188,4,ok,0.1944764406131259,0.1939086478749482,0.1781875463202595,0.1824771044294125,0.0160049979237775,19.292090421667012,1.4595686199374236,ok,1.185470192023216,floor,1.3885488689678167,floor,3.223926123263383,ok
189,22,0.4966935727849175,0,8.307597329825567,6.772667161234609,0.4301213567218501,0.0328202441901235,143,35.1855967595027,8.758730888530131,7.51403284072876,0.4680583004462761,0.0293271783441979,143,28.706923211371148,7.909748765310044,6.179806495879913,0.3759225994117319,0.0,143,28.63039522237711,9.628455731098246,9.180061128589657,0.4044494664493045,0.0,143,31.466609621381423,-0.8489821232200869,1.7187069657882017,1.3208584012726785,8.53316410917785,-0.6234153438678058,1.0952916219203956,0.1518031846363566,1.7187069657882017,937.0870801718918,3.3406646270639127,0.0554501228057029,3.0222983858471,-0.0516189651131355,2.9920737656452565,-0.1154260244447753,3.1513038295560687,-0.0366447704421011,4,ok,0.2244045652605437,0.1995067157216005,0.1721518457040086,0.1946885025949328,0.0398037947870634,20.256407835981285,1.4576211403443802,ok,1.1841026443828488,floor,1.3869331177028879,floor,1.791390940622547,ambiguous
190,22,0.6007625556064117,0,7.440141673023525,5.546438059309026,0.408828023731099,0.0172504027730446,182,35.22955406105125,9.640629798275926,9.205830617265386,0.3985918015329442,0.0,182,28.755750624688115,6.856881486964061,4.849401569628453,0.414565731554751,0.0,182,28.67996619297908,9.588240516223893,9.095447085715913,0.4760496788789756,0.0494097914092137,182,31.5144161601643,-2.7837483113118653,2.7313590292598304,2.1480988432003656,8.540385735649725,-1.6835042486856642,1.0478547805741665,0.2776651451784066,2.7837483113118653,907.781707291092,3.2539683759782463,-0.0495305877377227,3.0683513242596137,-0.0293397873951128,3.118804079421476,-0.0076257975531968,3.1859191613448608,-0.0201661135802075,4,ok,0.215049419429276,0.1775446817442611,0.2011428794281168,0.2057974091270467,-0.0048458288413482,19.38660111826979,1.4584104502457313,ok,2.483991610276862,ok,1.387589002454489,floor,2.7207306179801654,ok
191,22,0.181773638670406,0,8.673025516324802,7.367201555065993,0.4573016518241562,0.0538429996258427,41,35.23570149119308,8.794415959861212,7.576028434241691,0.4402390898061615,0.0079920818505894,41,28.76257938291968,8.28914394588018,6.743950820550686,0.4145925687779649,0.0,41,28.68691016406548,8.674791039028449,7.370197127505047,0.4059186460774568,0.0,41,31.52113933098025,-0.5052720139810312,0.3856470931482683,0.0017655227036463,8.733720738093007,-0.4445767922128265,-0.0589296990645582,0.0429696201642888,0.5052720139810312,921.5148525063584,3.2946023063964027,0.1041053287736852,3.0976413836457217,0.1468773485933621,3.011079271095608,0.0016414998938221,3.135009276916609,0.041012647138634,4,ok,0.2092146517300024,0.1901047535058928,0.1967252308457363,0.1690280366598106,0.0029344717722113,20.619155860365282,1.4585209718283347,ok,1.184733445252565,floor,1.3876810122099517,floor,1.0393975636419728,floor
192,22,0.5115188564422274,0,7.288913960778368,5.3566268771684085,0.3616520617252122,0.0,147,35.24059238563589,9.339670909878317,8.589484315340211,0.4867871432292639,0.0444267895959273,147,28.768000349706533,6.508872202782298,4.475970548837363,0.4332058899431444,0.0069827622626825,147,28.692414069662288,8.60566153736379,7.253809630465345,0.4231257538840677,0.0086970467814437,147,31.526474440178905,-2.8307987070960188,2.0967893345814925,1.3167475765854224,8.314292435328342,-1.8054202325460444,0.2913691020354481,0.2501347382540204,2.8307987070960188,808.3758643273593,3.305972305940993,0.0186661340334484,3.051807255885923,-0.0248297164151884,3.030027304981262,-0.079638009904686,3.107243171397416,-0.0827801903020089,4,ok,0.1929994065593294,0.1874986650282833,0.1896720115526192,0.1906652479958372,0.0005770242411871,19.234782418424018,1.4586089267400135,ok,2.2969571795151813,ambiguous,1.3877539638053875,floor,1.7870770379317933,ambiguous
193,22,1.1708722939039171,0,7.398304609996855,5.493263870723976,0.3782402079214974,0.0,363,35.23898709509984,10.071535186549731,10.166079898839484,0.4513630458230679,0.0163664510811876,363,28.76614703554096,7.3745879118957935,5.463347074742488,0.4375100442342102,0.0101603060544264,363,28.69052948964857,9.893299688424523,9.757306981349451,0.4781778245175028,0.0511471408487833,363,31.524662911070937,-2.6969472746539376,2.51871177652873,2.494995078427668,8.734919898273294,-1.3603319863775,1.1583797901512298,0.2909809516603776,2.6969472746539376,996.029311445216,3.239706575038781,-0.1161369429145828,3.0579007230673594,-0.1078496554732417,3.0766524978972747,-0.1039702285811441,3.1520019706098106,-0.1060047825842898,4,ok,0.2013175325986439,0.1959790213972576,0.192069425306619,0.191057154277632,0.0065788516913317,19.344259029287112,1.458580055817024,ok,3.012313174654544,ok,1.3877289823074301,floor,3.0497891352237754,ok
194,22,0.5905895150811981,0,7.676280069937257,5.856363254316737,0.3870101991483686,0.0021168454809425,178,35.24700025494179,10.903425138786696,12.312394263369312,0.476104685504471,0.0357417775291051,178,28.775132843617644,7.336469264965925,5.415604326162446,0.470337529189843,0.0354287075779609,178,28.69961796449812,9.254844515243168,8.4233423391085,0.440373860556615,0.021439043257861,178,31.533444501041025,-3.5669558738207696,1.9183752502772424,1.5785644453059104,9.289852604361975,-1.9533833393960505,-0.0350080891188078,0.3425305835576381,3.5669558738207696,1029.649284329977,3.2382345848793754,-0.0635794618603182,3.111226435141889,0.0157260807844505,3.1250891389555515,0.0004036736670967,3.122166618320455,-0.0822473580054881,4,ok,0.2004910528324963,0.1847158090075415,0.200547535139858,0.1799654960423038,-0.0079441042198391,19.621805341903205,1.4587241941565086,ok,3.5819725103875113,ok,1.3878494788753848,floor,2.1258914447940285,ok
195,22,0.2704750222983429,0,8.089141996960077,6.440420143944877,0.4028773081967509,0.0130404970099704,70,35.24332460675921,9.29648573415044,8.50449584722519,0.434076895335835,0.0034429810438714,70,28.77095944540841,6.539407370409105,4.5075519118990215,0.4329937592379531,0.0068269689684574,70,28.695402990068708,11.666310806317814,14.676790012632097,0.3829332403942054,0.0,70,31.52938139779227,-2.757078363741336,5.126903435908709,3.5771688093577367,8.692813865555259,-2.153406495146154,2.973496940762555,0.447558150171719,5.126903435908709,1037.009548934017,3.226845838601011,-0.0042080211519626,3.090038189266079,0.0865414162015945,3.118430334156714,0.0670036102998317,3.1353656420316565,0.0011399319823022,4,ok,0.2046070159545966,0.1744989336601325,0.1708357098379305,0.1974454438047749,0.018717264969434,20.034864135244206,1.4586580706107057,ok,1.1848285790331283,floor,1.3877935890732107,floor,4.053508379084824,ok
196,22,0.2478605627610821,0,7.698582145599756,5.886514451544164,0.3928980230695246,0.0061190852065191,59,35.24095690452447,7.004092233916851,5.0165971073053655,0.4695416815665239,0.030501513546723,59,28.76829199063576,6.803627268785945,4.79030015711057,0.445870450001856,0.0164221520587759,59,28.69270906610004,9.7184828958132,9.372345491991204,0.5290451611725777,0.0949798718810348,59,31.52678457357116,-0.200464965130906,2.914855627027256,2.019900750213445,7.351337189758304,-0.547709920972359,2.367145706054897,0.2935158651282323,2.914855627027256,770.3427180092215,3.255036796776676,0.0369446399151258,2.969919110445928,-0.0167246392384741,2.968082641273284,-0.0699246997205502,3.2201279835004475,0.0987592131043482,4,ok,0.1997702796075303,0.1937268741302571,0.1904513755087125,0.1848422593231928,0.0062972013601812,19.644431082924676,1.4586154828793316,ok,1.1847982926251606,floor,1.387757874418046,floor,2.5953287388933566,ok
197,22,0.2251970800390402,0,7.5665808462458095,5.710288947483279,0.4418266802730015,0.0417159172441516,53,35.23907240381781,8.938027016237712,7.830738144100837,0.4153100223855743,0.0,53,28.766176079804044,7.249633078961501,5.308395934554766,0.4027621224943912,0.0,53,28.69057223481952,8.576344827264824,7.205008254860932,0.3364291521769929,0.0,53,31.524722585138285,-1.688393937276211,1.3267117483033235,1.0097639810190149,8.25230393124176,-1.00267085228026,0.3240408960230638,0.1593762096719142,1.688393937276211,831.3145559801246,3.22216940106314,0.0122084012237966,2.937841650353445,-0.0382298326658236,2.899804561970568,-0.1297845094398191,2.967173804390129,-0.1461295292326268,4,ok,0.1976258514343567,0.1750505154706397,0.1563514693165725,0.1782125385021263,0.0299867141359257,19.512530697471206,1.4585815900246821,ok,1.1847742714007952,floor,1.3877295488995864,floor,1.039437434390786,floor
198,22,0.1275051537003932,0,8.019197116389833,6.337525380982293,0.5151795320856581,0.1028997312105766,27,35.24208068847656,8.553247148711584,7.166790591345893,0.4831595235558628,0.041455866940423,27,28.76950334619593,6.864184309250404,4.857562877513744,0.4825236812187568,0.0452738830490069,27,28.69393249794289,8.93091048648501,7.817916878947505,0.4492010984673194,0.0281570631321497,27,31.527971974125617,-1.6890628394611804,2.0667261772346057,0.9117133700951764,8.286222132550709,-1.4220378233003048,0.6446883539343009,0.1690627349713593,2.0667261772346057,804.7243436420406,3.022672992573062,-0.1361520776107614,2.9434914655462885,0.0339077754710279,2.906115108429129,-0.0705324148024804,2.971779393979411,-0.0908013172224051,4,ok,0.2136077290331876,0.1871200728195685,0.1832320309347576,0.2064930164703616,0.0171318699916203,19.964985872395115,1.4586356956996234,ok,1.1848120459034108,floor,1.3877740934385845,floor,1.039473596392904,floor
199,22,2.2064500138134653,0,7.563677041763519,5.7064721777250895,0.422729925878857,0.027326017041888,760,35.26940016997488,8.64196618199274,7.314701671192521,0.4427917380635849,0.0098953000549679,760,28.801567697525023,8.365270502470498,6.863206249004916,0.5568109082596782,0.110737010541694,760,28.726213294581363,11.008756741171355,12.61466361754819,0.4672418423225715,0.0423017642096643,760,31.55886053035134,-0.2766956795222413,2.643486238700857,3.4450796994078363,8.102821611878129,0.2624488905923687,2.9059351292932263,0.3271203426374178,3.4450796994078363,1065.955147780086,3.3042532275321914,-0.1076134994252493,3.073455636503188,-0.1651370575172461,3.2441714998728366,0.0055473751877284,3.2346180252527974,-0.0789591281719443,4,ok,0.2087979477487112,0.1888971690725731,0.1837555398478319,0.1885147887674209,0.0150920185628102,19.50800200342627,1.4591274197433746,ok,1.1851764013244013,floor,1.3882024052880493,floor,3.9299264109637906,ok
200,22,0.9396453164725428,0,10.832086209182068,12.111798051449892,0.5388348947937928,0.1246307932965773,278,35.260311112987054,11.48201147147362,14.066988977168103,0.6159701817860918,0.1647106031841816,278,28.791421451156943,12.171584136222046,16.487636862898903,0.5961079450405903,0.1491506774101108,278,28.71580471066262,13.882348491284231,24.447522197695942,0.5366534376854624,0.1019165986130266,278,31.54881271526968,0.6895726647484253,1.710764355062187,3.0502622821021657,11.157048840327844,1.014535295894202,2.725299650956389,0.2795952977963865,3.0502622821021657,2253.746411025739,3.514849482075241,0.1792328589257068,3.2957437567996166,0.1562927259520545,3.3612065115754506,0.2015248950558779,3.4682466077384624,0.2303032650425032,4,ok,0.2149857529204526,0.1863936038701225,0.1972088431068461,0.1888696421875799,0.0034808352884414,22.776898332392065,1.4589637519630165,ok,1.1850610425581356,floor,1.3880642238857455,floor,3.5630634534286676,ok
201,22,1.0044624331766328,0,7.454039238070131,5.56421527062884,0.4631546577221668,0.0585385545684158,322,35.25309915720306,9.415764588019824,8.741308723177228,0.4607569748479009,0.0236011590464242,322,28.78323909806909,7.22879358980272,5.282984773564783,0.5009209378644016,0.0606140539012609,322,28.70761369622272,9.633863309911511,9.191498718646743,0.496241888118378,0.066206116049498,322,31.54089241738645,-2.186970998217104,2.4050697201087914,2.179824071841381,8.434901913044978,-1.2061083232422585,1.1989613968665331,0.247576786909488,2.4050697201087914,919.9006286348616,3.2542576078541674,-0.0924990078787821,3.0470114947531224,-0.1069239411942102,3.078733526614384,-0.0924814375540759,3.211925381020845,-0.0370679150325119,4,ok,0.2042566397753746,0.1875178768930042,0.1804734507795446,0.1927997868924592,0.0154138075546448,19.399237796026434,1.4588339376147856,ambiguous,2.1773183039885495,ambiguous,1.3879555338498981,floor,2.7519772020120334,ok
202,22,0.7478270702787766,0,7.545477229144372,5.682608320795256,0.5544317006852133,0.1394924262650199,232,35.25495672225952,10.769861245107943,11.939499577571606,0.585476859086733,0.1337769562720454,232,28.78529344756028,6.909303530573591,4.908291565447018,0.8070795072420012,0.4001466959628286,232,28.70963635115788,9.20818648801774,8.333331315681852,0.5478008828074438,0.1122589790651542,232,31.54288001718192,-3.8605577145343526,2.2988829574441487,1.6627092588733676,9.157669237126155,-2.2483657065525664,0.0505172508915823,0.3563285334193034,3.8605577145343526,983.5305397777722,3.3404154208809924,0.018513067261523,3.1325179007256927,0.0108983930172597,3.177660082848852,0.0321769890891818,3.272669182685393,0.0483292636455328,4,ok,0.2233961975234079,0.1913888769641775,0.2041214853364588,0.1838551946787227,0.0032710519073338,19.49057626395527,1.4588673691469811,ok,3.57940852570488,ok,1.387982369093729,floor,2.2221180031151175,ok
203,22,0.6296053964305492,0,7.788670856130439,6.009897784046505,0.5052264912161237,0.0940478905713289,184,35.251416392948315,10.588882254173718,11.452181581569755,0.4387543213929984,0.0068901212129264,184,28.781252125035163,6.518623969881299,4.486032307795856,0.5936417784928884,0.146662935994386,184,28.705579560735952,9.15758081252415,8.236791661900023,0.5728013718797594,0.1362270951698192,184,31.538979281549867,-4.07025828429242,2.638956842642852,1.3689099563937113,9.188776555152078,-2.67015258527078,-0.0311957426279274,0.3471988615813081,4.07025828429242,941.4582238696192,3.3641125580801567,0.059784972525021,3.1254435435787142,0.0266750439182832,3.0701920770376296,-0.0570956805567122,3.193753403956568,-0.0131537954541012,4,ok,0.2043466579735927,0.190138916829196,0.1895464067347347,0.1938919356578718,0.0076963806666595,19.73395956598416,1.4588036547066336,ok,3.145761967153005,ok,1.3879285490806197,floor,1.8616793184895126,ambiguous
204,22,1.0112498838353696,0,7.240920486240874,5.297757178449783,0.4106312549341381,0.0185383070238567,313,35.25888496618301,8.029793904670013,6.353007828084806,0.481936484989284,0.040459240479618,313,28.78976079069388,6.490379276501681,4.456951699889125,0.4049512505161823,0.0,313,28.714103784043186,9.708990643209953,9.351882989795063,0.450755947325519,0.0293542001594602,313,31.5472042583429,-1.5394146281683323,3.218611366708272,2.4680701569690786,7.635357195455444,-1.1449779189537628,2.073633447754509,0.2907761796981154,3.218611366708272,792.6738800162706,3.2094358240225223,-0.1351714720595214,3.00452378803095,-0.1466170664766273,3.059984593300256,-0.109005158368566,3.139647342044856,-0.1072140062791997,4,ok,0.2099624825552248,0.1882362653034182,0.1914946949377227,0.1768239123014786,0.0076046789915988,19.185809034172483,1.4589380778240255,ok,1.1850421671896991,floor,1.3880416498365957,floor,3.025157931578899,ok
205,22,0.6349802383745021,0,11.66261303078674,14.664298862218857,0.4172085605341391,0.0232839943053131,192,35.25917077064514,11.365847618145075,13.695716633771855,0.5133310655526232,0.0668417602355766,192,28.790073106686275,12.42943543865283,17.496192319939535,0.5096524273239843,0.0680954629930501,192,28.71439762910207,13.671779208727608,23.290452207128208,0.499651752263742,0.0691113689174787,192,31.547504762808483,1.0635878205077542,1.2423437700747773,2.009166177940868,11.514230324465906,0.9152051141869232,2.157548884261701,0.2161789684170531,2.3059315905825315,2281.312887239891,3.335380962169001,0.0278265856557453,3.239061634854353,0.1360976074985749,3.2619558063247176,0.1313273192252513,3.265503954795064,0.0553960450325425,4,ok,0.2170588091636697,0.1981577324719789,0.1845245725514056,0.1897021243930794,0.0230836982664186,23.607486263278684,1.4589432228602526,ok,1.1850457169080777,floor,1.3880455494962318,floor,2.585100560954998,ok
206,22,0.784311710682565,0,7.511557056044079,5.638397704734493,0.4229270195072052,0.0274712855881493,247,35.261765900893735,8.984252497663274,7.914532189427117,0.6611141502104406,0.2133895364211397,247,28.793013028287696,9.006662718253875,7.955477867049244,0.4766676338882463,0.0405113605835703,247,28.71734718755189,10.810894689615528,12.0528421527461,0.5123261562336424,0.0800845483395114,247,31.550362768443488,0.0224102205906007,1.804231971361654,3.299337633571449,8.247904776853677,0.7587579414001979,2.562989912761852,0.2756926594966323,3.299337633571449,1132.703926487249,3.298991980901376,-0.0276604525770527,3.044980066830057,-0.0828155743379133,3.088585377613544,-0.0618155221467251,3.301187018570687,0.0721354122929409,4,ok,0.2039795450353429,0.1858582983645591,0.1791567003980339,0.1805139425161638,0.0157622213019171,19.45629121554764,1.458989943574298,ambiguous,1.1850791342114775,floor,1.3880846967430902,floor,3.793662148778086,ok
207,22,0.6967410053794851,0,9.820789571681324,9.595750717784084,0.5079525607952136,0.0964551778682967,215,35.251562979055,10.43375834658615,11.050344934574394,0.46704814365476,0.0285296032569255,215,28.781375902752544,7.530284309241795,5.662763588927513,0.6422278568093062,0.1975739479001559,215,28.705687199082487,10.730997654273327,11.83313353338907,0.5676217320399689,0.1311735113548733,215,31.53910809006802,-2.9034740373443544,3.2007133450315326,0.9102080825920034,10.127273959133737,-2.596989649891942,0.6037236951395908,0.2491415687088059,3.2007133450315326,1127.043574067881,3.407924568858445,0.0917919261962474,3.165929530534375,0.0518118977318655,3.204677281542497,0.0651676282322282,3.277960747447983,0.0593439055543698,4,ok,0.213612598388694,0.2051967812485473,0.1776823107413081,0.1856390991876291,0.0317223790773125,21.766070428599164,1.4588062925599723,ok,1.1849468874130902,floor,1.387929976936982,floor,1.0395975731506086,floor
208,22,0.4266130349569345,0,7.65676973453842,5.830113014253247,0.3866953628587016,0.0019045380034699,119,35.24293540505802,9.981090062363911,9.956552916214246,0.4781959893493359,0.0374268714390275,119,28.77159655595026,6.980570517859079,4.989500285196705,0.4791776417881868,0.0425455430548431,119,28.695922530999702,9.921280834533048,9.820375258181276,0.5194459953194582,0.0863692965539297,119,31.52966919265875,-3.000519544504834,2.940710316673967,2.2645110999946265,8.818929898451167,-1.838359380592088,1.10235093608188,0.2953899596827673,3.000519544504834,965.3990844888848,3.431071329235545,0.1597862205384022,3.1017110315827656,0.0459049142333856,3.123295796116655,0.0302172509549021,3.2462122254506456,0.072080436378874,4,ok,0.2176242842018103,0.1850031957405956,0.1957474169986588,0.1947690178053218,0.0055663229725441,19.602512716748645,1.4586510697190231,ok,2.629886456995738,ok,1.3878004774433799,floor,2.8328787154996107,ok
209,22,0.1582519835685695,0,8.6556992140519,7.33786844579797,0.3779817473745359,0.0,38,35.247304012900905,7.935741758436493,6.216904210416894,0.4501959393448786,0.0154780146316531,38,28.776570822063245,8.746312708588285,7.492577966890837,0.3970660395413484,0.0,38,28.70089932491905,10.401097020589106,10.9675519968334,0.4082502017595904,0.0,38,31.53446739598325,0.8105709501517913,1.654784312000821,1.7453978065372056,8.295720486244196,0.4505922223440883,2.1053765343449093,0.2224669185225717,2.465355262152612,1025.7754221417404,3.287403953324888,0.1026680861099893,2.978555727658896,0.0352823849338892,3.0610280721860885,0.0575548371973626,3.1910109769430486,0.1027288932759926,4,ok,0.1857411669273125,0.198303710865347,0.1651770416647195,0.1766868658167751,0.0268453972316101,20.601208215658325,1.4587296591860923,ok,1.1848923043089017,floor,1.3878664718649452,floor,2.3125797271005424,ok
210,22,0.3129597991705544,0,8.982695229616064,7.911694750974052,0.5165518605198162,0.1041337719368755,76,35.24826150191458,9.18417132133761,8.287377694719716,0.6115290175920883,0.1601076157485428,76,28.777607842495566,7.6624942382383185,5.837802844612222,0.7765790349284436,0.3591927895389117,76,28.70191902863352,10.374746674688176,10.901209034417803,0.5071444055382192,0.0755651033225919,76,31.535475429735687,-1.5216770830992914,2.712252436449857,1.392051445072111,9.083433275476835,-1.4209390372385189,1.2913133992113384,0.2186129759147635,2.712252436449857,1002.9693823692046,3.374265166143612,0.136976166448044,3.263354751784937,0.2517509452456958,3.2084045087419604,0.150522481072358,3.4030181029419344,0.2626076486006417,4,ok,0.2072521469212676,0.1948432080251605,0.2066175256316599,0.2021154982871131,-0.0055698481584458,20.928152943498695,1.4587468862858788,ok,1.1849040831664814,floor,1.3878799956408139,floor,1.893165321704783,ambiguous
211,22,0.1802465149020178,0,8.402755066636464,6.922699921839946,0.371076834625443,0.0,37,35.245686195992135,8.184123035613176,6.5828249051764205,0.624220552137079,0.1733500049010479,37,28.77474073461584,8.806598201571378,7.597309518504787,0.4030027696820146,0.0,37,28.69907332755424,8.9554446827302,7.862206897220096,0.4090268975380275,0.0,37,31.532699636510905,0.6224751659582015,0.1488464811588219,0.5526896160937351,8.293439051124821,0.5131591504465565,0.6620056316053784,0.0706650359022782,0.7713216471170234,948.6151677104266,3.21781832358916,0.0351043933614456,3.038093999400555,0.0974496130405802,2.944135719005226,-0.0572441840514792,2.947854438469502,-0.1384220505588969,4,ok,0.1924339387867902,0.199832050180113,0.1862782376843529,0.2041045034656653,0.0098547567990986,20.348350722177415,1.4587005533461657,ok,1.1848715190241255,floor,1.387842256411741,floor,1.039526220360991,floor
212,22,0.4319206022836689,0,7.101306787413039,5.130157266483932,0.4443593464707921,0.0436720919442166,122,35.24423661779185,10.567751355821052,11.396595538639632,0.443560448612149,0.010470595457404,122,28.773141720255868,6.99948047373124,5.011272825178553,0.4722184290906368,0.0369318497100568,122,28.69747218147653,9.4887237627596,8.889398516201583,0.4149245742183092,0.0028170061122094,122,31.531138169960897,-3.568270882089812,2.48924328902836,2.387416975346561,8.834529071617045,-1.8350485978858044,0.6541946911425551,0.3532232959265169,3.568270882089812,983.8643476616164,3.253354784814067,-0.0198180100275449,3.086243035554026,0.0279825170357961,3.055605544665569,-0.0394273411650063,3.146681370482769,-0.0293228474702247,4,ok,0.2086958171891384,0.2111162316725879,0.1912493239172169,0.1732775717973709,0.0186567005136462,19.04698008123286,1.458674476231449,ok,3.823665057736292,ok,1.3878210246777631,floor,2.9492073507009264,ok
213,22,0.3845928018852836,0,11.431869858297745,13.905512052577931,0.5378338146788492,0.1236913821431022,91,35.2454099550352,11.719685033559228,14.858278806392963,0.4395404294433595,0.007473088618046,91,28.774488239497927,12.389900340786538,17.337642119481014,0.466595272798352,0.0324558835402535,91,28.698821916685,13.755489545708366,23.743730518844103,0.5225927493174615,0.0891746046357202,91,31.5324340233436,0.6702153072273109,1.3655892049218288,2.3236196874106234,11.575777445928484,0.8141228948580537,2.1797120997798825,0.219768008341636,2.3236196874106234,2320.891605657536,3.352787617341185,0.1018417861058855,3.209709163014555,0.1803485151740638,3.171092034885861,0.0990709505920648,3.292867614478788,0.1389107102279561,4,ok,0.2118842155560032,0.1869949844184812,0.2164314645496043,0.19190125896053,-0.016991864562362,23.377480309410537,1.458695583779344,ok,1.1848686514537778,floor,1.3878389225045742,floor,2.889060972071947,ok
214,22,0.5767319613707624,0,7.183625326469664,5.228324476877848,0.4235853125328599,0.0279569735385252,165,35.24720886692856,8.855899345343728,7.684045618953127,0.4617054556455527,0.0243399115616405,165,28.77653632886482,7.164240126722586,5.205039296728192,0.6689029932283447,0.2272277173418033,165,28.70087618972316,10.150713514885032,10.3531224713181,0.4400224148607677,0.0211743332696683,165,31.53441277706262,-1.691659218621142,2.9864733881624463,2.967088188415368,8.019762335906696,-0.8555222091841106,2.130951178978336,0.298175695298067,2.9864733881624463,911.569636303367,3.314640963002572,0.0185768184300654,2.983861944442344,-0.1041622907300969,3.0841586936001395,-0.0345738394808026,3.126577451813802,-0.0721330960510111,4,ok,0.2206052242354913,0.176954895483725,0.1772786709169546,0.1886508561445005,0.0215013889426534,19.129139424453353,1.4587279473684587,ok,1.6896413191596662,ambiguous,1.3878661650435797,floor,3.486059513764965,ok
215,22,0.368371320561087,0,7.272353993604804,5.336240557914085,0.3323864921335594,0.0,94,35.25020128615359,8.730169147630573,7.464778314245508,0.4293600597430003,4.211167369705393e-06,94,28.77993147423927,6.571444641246414,4.540926413333162,0.433291063349004,0.007045336890503,94,28.704283917203863,9.30259380786639,8.516465291063836,0.47427204682176,0.0479645299058677,94,31.537696189068733,-2.158724506384159,2.7311491666199768,2.030239814261586,8.00126157061769,-1.4298169293712757,1.301332237248701,0.2468266890059029,2.7311491666199768,811.0881061731501,3.173982151387149,-0.0794228622433319,2.990606800053368,-0.0419513179613004,3.0537724790952576,-0.0207946217495615,3.1854119975919337,0.0290157873397189,4,ok,0.2182035159240377,0.1799863377150068,0.177514407268547,0.1821861851247067,0.0215805195509753,19.217707797725577,1.458781789293394,ok,1.184930478085791,floor,1.3879113625784238,floor,2.60580005418357,ok
216,22,2.257866105104644,0,11.122565638442062,12.949606265728091,0.5126485963293799,0.1006324446905051,747,35.250522332657454,11.740264479067145,14.928853213707288,0.5368077691363343,0.0876581580041719,747,28.78035477940816,12.458716433736754,17.614553677189942,0.511643746919476,0.0698197910460527,747,28.70472629450092,13.000716368582658,19.95591460557348,0.5245142433581713,0.0908959341089268,747,31.53809360264136,0.7184519546696109,0.5419999348459044,1.8781507301405969,11.431415058754602,1.0273013749821516,1.569301309828056,0.1622275328055007,1.8781507301405969,2219.539428044355,3.4115810917639413,0.0010224740523434,3.2429510996128186,0.0060592311620308,3.2271048373480955,-0.0101649885273804,3.4279302007595995,0.1156505837600132,4,ok,0.2166075686035226,0.1925117308785079,0.1934162792681131,0.2017447820938176,0.0111433704729021,23.067902244123154,1.4587875662832113,ok,1.1849352868889396,floor,1.387917230514175,floor,2.4523418957364975,ok
217,22,1.618538722957794,0,7.005547226826274,5.018278071801161,0.4573883665273489,0.0539121304075109,542,35.26473820253492,8.039554440523943,6.367301929480915,0.4752230048870484,0.0350335657044815,542,28.7964204035122,7.527742360571877,5.659450113113516,0.5852694173770834,0.138294269411231,542,28.72092971942521,9.190366017134409,8.299207090891596,0.5275783538178989,0.0936539215572362,542,31.553735015137168,-0.5118120799520662,1.6626236565625314,2.1848187903081344,7.522550833675108,0.0051915268967688,1.6678151834593002,0.1940896392147539,2.1848187903081344,829.5150433211309,3.3101088702461743,-0.0761273488852278,3.062885014723729,-0.1423824633699131,3.183950886529894,-0.0281377126634563,3.1996966510828764,-0.0884571536382252,4,ok,0.2179394482164145,0.1920872935922163,0.1858795796455712,0.196280457003805,0.0191337912587442,18.950122084314533,1.4590434619430894,ok,1.1851178711973964,floor,1.3881322528826674,floor,2.757084456229162,ok
218,22,0.5209821847620844,0,10.33012483918111,10.789777373052706,0.5000070726703777,0.0894749675467614,157,35.261288005075635,10.858262219554714,12.185019315428034,0.575846969769878,0.124334252296798,157,28.792576103453424,12.103687271369466,16.23187640366281,0.552964974065094,0.1071182124485448,157,28.71701251473397,11.911467891695189,15.529117969950294,0.5063649890856107,0.0748892829943543,157,31.549934690924967,1.2454250518147525,-0.1922193796742775,1.5813430525140788,10.594193529367912,1.5094937420015544,1.317274362327277,0.1655171749024375,1.7735624321883563,1897.8390898180608,3.3991919426605186,0.1068959346958298,3.2347953566053427,0.1516705158167135,3.367041659450776,0.2522103165332052,3.2632853949579186,0.0683125276569742,4,ok,0.2326915758145842,0.1896668747304731,0.1993291586590041,0.2019787109486616,0.0118500666135245,22.27488461011773,1.458981339458725,ok,1.185074167486986,floor,1.3880802545891395,floor,2.129494812420971,ok
219,22,0.4809575378341605,0,10.95128298287209,12.448823177557198,0.4734561011113603,0.0669478964334144,139,35.25767876604478,11.874950316863051,15.399089094546202,0.5811598303607819,0.1295244759653393,139,28.788490171912763,12.21192371649832,16.641496256958668,0.4585455425433555,0.0261417117972877,139,28.71291695738868,12.886088239124811,19.43608653116569,0.4988007651232071,0.0683844527688619,139,31.545976570184283,0.3369733996352657,0.6741645226264925,1.9348052562527207,11.413116649867572,0.7988070666307472,1.4729715892572397,0.1570215953365369,1.9348052562527207,2160.4753032545395,3.325589997601938,0.0425265069330733,3.183039010702197,0.1119184436688702,3.1680196121809163,0.0627467883422201,3.333588948494671,0.1477739764729486,4,ok,0.2114864631736878,0.2057163990337214,0.1836065298093737,0.2159766246356981,0.0249949012943309,22.896236165816877,1.458916364674959,ok,1.1850277261841209,floor,1.3880258998854733,floor,2.510388330534616,ok
220,22,0.6791941181350513,0,7.110487092894699,5.141013085554188,0.4368479259588572,0.03790303355956,207,35.253971302566896,10.002347118925131,10.005405901710768,0.5297727993034038,0.081322705363118,207,28.784302891164582,6.997049326146146,5.008468337680982,0.4460166260655165,0.0165326905047815,207,28.708725989152843,8.660627887242672,7.346200691904999,0.4812988904096296,0.0537090945694058,207,31.5419217630285,-3.005297792778987,1.663578561096526,1.550140794347973,8.556417105909915,-1.559367779763769,0.1042107813327568,0.2955163837460846,3.005297792778987,889.4802730077706,3.247731042980622,-0.0655266336870896,3.180463008929138,0.070083455106519,3.1153123508333325,-0.021220820935782,3.206472669083401,-0.0092924437892727,4,ok,0.2163828415211272,0.1869311071032487,0.1863846521518656,0.1883406483428777,0.0152723221603223,19.055638924591822,1.458849633671617,ok,3.2406000646652062,ok,1.387970290672111,floor,2.0925735168616253,ok
221,22,0.4398077316451554,0,6.880766578792236,4.876145519812902,0.4048336192556859,0.0144177022111358,120,35.26179354985555,9.799990384407726,9.54990471601486,0.4372364951786059,0.0057674738909663,120,28.79317871729533,6.384859616881223,4.349966993927955,0.4035907068862752,0.0,120,28.71765333811442,9.359278251713198,8.628351424137751,0.4502251297190057,0.0289450385367089,120,31.55052599906921,-3.4151307675265032,2.9744186348319746,2.4785116729209618,8.34037848159998,-1.9555188647187576,1.018899770113217,0.3312269641113074,3.4151307675265032,872.3152869532505,3.275509219338495,0.0035896454860435,3.089891093705469,0.0332600341254392,3.044983013919452,-0.048752399472014,3.193637546982822,0.0188764208337981,4,ok,0.2141227836410204,0.1915864150971174,0.1816833296169837,0.1978980618839462,0.0211712697520852,18.82549925651643,1.4589904413770038,ok,3.268990532307019,ok,1.3880887603839744,floor,3.034978409400163,ok
222,22,0.31199362653037,0,7.369479504359944,5.456924567222595,0.5848671692187318,0.1697143735811626,75,35.2597287495931,9.832087753729814,9.620746587117512,0.5169483373780427,0.069988478823046,75,28.790856450398763,6.223533546864109,4.191344464619954,0.6027921524017417,0.1559452185277163,75,28.7153160349528,9.324544925090224,8.559620151519775,0.495654487951716,0.0657076515055179,75,31.548267415364585,-3.608554206865705,3.1010113782261133,1.9550654207302784,8.60078362904488,-2.3772500821807707,0.7237612960453426,0.3178746987361078,3.608554206865705,867.2723504360516,3.2689586751277657,0.0326739039361188,3.0145285565377904,0.0042304647335091,3.103342758759853,0.0465004190763882,3.198422667929792,0.0590083253942657,4,ok,0.1956586922705173,0.1854994335770607,0.1820074501633644,0.2026001736521721,0.0085716127604245,19.314322835896725,1.4589532677758037,ok,2.785856505476556,ok,1.3880577381677528,floor,2.5309192267947016,ok
223,22,0.7449046251333464,0,7.235909299898679,5.291647789789283,0.3843254370935151,0.0003119419964534,230,35.256667178610094,9.643132426412896,9.211137019033018,0.4793697411887099,0.0383758723364502,230,28.787396970002547,6.396353275736201,4.361494484155075,0.4437239183872626,0.0148031159473822,230,28.71185352491296,8.733079676398386,7.469782691416533,0.4115313964004869,0.0004178404115786,230,31.544917745175567,-3.246779150676696,2.336726400662185,1.4971703764997075,8.439520863155789,-2.043167587419587,0.2935588132425977,0.2871586496046976,3.246779150676696,829.2400986137598,3.295215786914292,-0.0260301284607087,3.1055200218076093,-0.0152459738913082,3.030350806712998,-0.11445266985422,3.108468761898949,-0.115220024572459,4,ok,0.2023121847892585,0.1886239233224288,0.1823491541587788,0.1768428042692982,0.0131188998970648,19.18091668718365,1.4588981558007896,ok,2.724245764601975,ok,1.38801178826377,floor,2.028584956710181,ambiguous
224,22,0.4594212551855331,0,7.509190753734245,5.635326397150083,0.4132219716526453,0.0203985709329708,133,35.25060272216797,10.279493818208412,10.664718138544185,0.4620293878058476,0.0245925637912081,133,28.780515426979925,7.1760395359142,5.219200171026072,0.5616648430875466,0.1153400821934,133,28.70491644493619,8.55772770721067,7.174188289427219,0.4949420414620151,0.0651038656202367,133,31.53823942887156,-3.103454282294212,1.3816881712964708,1.0485369534764253,8.894342285971328,-1.7183027500571288,-0.336614578760658,0.2987774437450117,3.103454282294212,922.5016559635789,3.2612841021097725,-0.0184339277636089,3.0571102139933,-0.0096605288328435,3.088141592538195,-0.0136676417055245,3.0869507866495405,-0.0955457643344401,4,ok,0.2048752943151875,0.1924349944338314,0.2036093214624806,0.1969584082918507,-0.0049541770879711,19.454523052922642,1.4587890128461836,ok,3.1145850851736014,ok,1.3879197528147935,floor,1.2247369710435263,ambiguous
225,22,0.4347827927627647,0,7.238394928595535,5.294677263306033,0.4014549992796992,0.0120434073056596,124,35.2470245668965,9.81383300660157,9.580392468360165,0.4412360395372253,0.0087340838336731,124,28.7764535873167,6.943113275787288,4.946651647167821,0.6772369562030437,0.2367396551263583,124,28.70080238772977,8.475551918304424,7.039716857094919,0.4665443036125822,0.0417445147663413,124,31.53428537614884,-2.8707197308142813,1.5324386425171357,1.2371569897088888,8.526113967598553,-1.5830006918112645,-0.050562049294129,0.2731667872219311,2.8707197308142813,863.036243618496,3.287196338855832,0.0127907015075403,3.08462384999038,0.0247603689784812,3.0872791335458523,-0.0090301266736099,3.11374646262546,-0.06348063335854,4,ok,0.2043666402178426,0.2037801842595781,0.1988144309950932,0.1945295535448578,0.005258981243617,19.183918898333225,1.458724631559485,ok,2.9082770256533457,ok,1.3878651862763156,floor,1.6628864944714798,ambiguous
226,22,0.980848019215926,0,7.379105286677453,5.46903280813211,0.4039546348638929,0.0137980888351931,311,35.2452950431603,10.867032437231613,12.209650815874816,0.474171242870361,0.0341904526362919,311,28.77454822086445,6.490329391810218,4.456900505965929,0.467506821535237,0.0331778241313747,311,28.69888045013526,8.651850386434509,7.331368321774473,0.4499501764997249,0.0287332902976689,311,31.532416996848543,-4.376703045421393,2.161520994624291,1.2727450997570555,9.123068861954533,-2.6327394701443145,-0.4712184755200237,0.4045317524303748,4.376703045421393,935.222945399798,3.2295729855154014,-0.1145482951612746,3.1144069040130984,-0.0361020251172079,3.0396568833965807,-0.1288296915788236,3.131823389272628,-0.1145558718758676,4,ok,0.2012734940437258,0.1909475388346761,0.1840080036946431,0.1848892135563579,0.0121025127445578,19.324721892469864,1.458693516537997,ok,3.845412459874475,ok,1.3878396987006483,floor,1.7203910065877042,ambiguous
227,22,1.6989458802815125,0,8.16943008581864,6.5605916759041785,0.4453326423940683,0.044426818046015,569,35.23113737458294,11.525214902673682,14.207625149528257,0.4702069026296909,0.031029350041605,569,28.75864953776864,6.771656313169375,4.755165439603199,0.5017688786016465,0.0613349278413331,569,28.68284537544988,10.143521065602128,10.33599062083266,0.4653495218138702,0.0407919622352854,569,31.51683967938952,-4.753558589504307,3.371864752432753,1.9740909797834885,9.84732249424616,-3.0756661810767856,0.2961985713559674,0.4055330862670811,4.753558589504307,1118.6862276740674,3.345652758375602,-0.0442693167949057,3.1295244710492165,-0.0805354188535072,3.06111140344773,-0.154793199999164,3.236753125410287,-0.0550567443404119,4,ok,0.2044890232266357,0.1878572656054488,0.1857154233567744,0.1937926175737318,0.0104577210592678,20.115804775917162,1.4584389126441841,ok,3.71144144742687,ok,1.3876271485547444,floor,2.5493294322462026,ok
228,22,0.4754910576842381,0,8.00259608200186,6.3133462458631415,0.4008275103989333,0.0116046360744461,137,35.23699522366489,11.255668374146437,13.352630691806766,0.4662177901135064,0.0278752832530493,137,28.76516885130945,8.03909352254182,6.366626201754939,0.5678661644439649,0.1212790314715435,137,28.68942842692354,8.224164205128478,6.643798014543353,0.5579749354032638,0.1218838512278162,137,31.523302106091577,-3.216574851604614,0.185070682586657,0.2215681231266177,9.629132228074148,-1.5900387055323275,-1.4049680229456705,0.366667181842382,3.2530722921445747,1070.2807696035309,3.2945477606662976,0.0125831029064835,3.1761653055896155,0.1064734595246803,3.1615539342558203,0.0574187433063047,3.1586141314676874,-0.0261108889852468,4,ok,0.2149204675407305,0.1852176660658234,0.1925215347241746,0.1890985673959672,0.0075475320791023,19.948657156838493,1.4585442354715434,ok,3.6078483237361785,ok,1.387714388020029,floor,1.0394216279157764,floor
229,22,0.7804683459311321,0,8.282937418870818,6.734319885732674,0.4358863637328268,0.0371716179583641,247,35.23708752774999,8.703037862840176,7.418289645963352,0.4609371406202137,0.0237413696454085,247,28.76523464218325,6.58305885015783,4.553086330774825,0.4622251949550744,0.0290143803901787,247,28.689498754648064,9.76239724271514,9.467596147707116,0.4665009750597867,0.0417099279325905,247,31.52338031815131,-2.1199790126823466,3.179338392557309,1.479459823844321,8.492987640855496,-1.9099287906976663,1.2694096018596426,0.2491151374800618,3.179338392557309,847.8109636591514,3.3493695900787723,0.0227171566003439,3.055015348662473,-0.072780292505497,3.055767182396561,-0.0946337173637084,3.205353837815246,-0.0236977684624997,4,ok,0.2107826204676377,0.191294580049481,0.1876900528485958,0.1906699977272194,0.0133485474099635,20.22899355142244,1.4585458953222512,ok,1.1847635844084528,floor,1.3877153201704198,floor,2.0060763910728703,ambiguous
230,22,1.6167286085644208,0,10.716151163597722,11.792750666176316,0.4778926815131887,0.0706265840379829,548,35.23512371787189,12.05293235584036,16.04328267330671,0.4983811636567571,0.0540709902016705,548,28.76288073254328,12.678755324865962,18.530004828515715,0.4996448248836319,0.0595314689498378,548,28.687141957944327,12.913377714314722,19.558600295634164,0.566572360407627,0.1301552702993054,548,31.52112474928807,0.6258229690256023,0.2346223894487593,2.197226550717,11.384541759719042,1.2942135651469204,1.5288359545956798,0.1816244249396905,2.197226550717,2291.644420482164,3.3677898768201864,-0.0192810459009664,3.2211195201068525,0.0147667464134464,3.219012329116304,0.0060595528050355,3.424879375355447,0.1358976135540395,4,ok,0.2036158941536598,0.1967080180621604,0.1923516991201543,0.193733527515437,0.0078102569877557,22.66231244178556,1.4585105829018241,ok,1.1847368655884667,floor,1.3876840841122464,floor,2.768280240302928,ok
231,22,0.9411568183957834,0,8.17288931893817,6.5658193860614,0.4314697519944607,0.0338328098987701,281,35.22805404663086,9.499058025267551,8.910576488199608,0.4863509055606811,0.0440683472102256,281,28.754934114069275,7.186721866852132,5.232053626474537,0.4916839324805797,0.0528402278267243,281,28.679117582870973,9.003977440492125,7.9505604514023585,0.4620639292688642,0.0381850824871934,281,31.51328686887259,-2.3123361584154214,1.8172555736399936,0.8310881215539556,8.835973672102861,-1.6492518052507297,0.1680037683892639,0.1943945297166939,2.3123361584154214,892.0686387298795,3.234539298022595,-0.1018911233901671,3.0754719347873856,-0.0650372102039531,3.111997526256899,-0.0485266238833728,3.149891732858846,-0.088858830558641,4,ok,0.2064408516889153,0.1900315832651594,0.1837651543982088,0.175362814734839,0.0144710630788285,20.119429055726016,1.4583834873236854,ok,1.1846466885698332,floor,1.38757776034339,floor,1.0393102144684632,floor
232,22,0.2671883684737131,0,7.498069765374841,5.62091446464712,0.4223453637204048,0.02704276911795,66,35.223979487563625,8.687306873153352,7.391467766328291,0.479857888361203,0.038771233676357,66,28.750457908167984,7.209652021752683,5.259751209706971,0.5239951937698187,0.0806653871496341,66,28.67458742315119,9.063024350755134,8.059394879774613,0.5540749423649537,0.1181734403740606,66,31.508815649783973,-1.4776548514006684,1.8533723290024504,1.5649545853802929,8.092688319264097,-0.8830362975114134,0.970336031491037,0.1782904442652795,1.8533723290024504,838.388998514775,3.3307031394859945,0.104110457214023,3.052613163798932,0.0549168884792128,3.2119188340399214,0.165110812612732,3.2519453836566217,0.1221447935267843,4,ok,0.2015972031336842,0.1740703517288872,0.1791157835925167,0.2268053421355558,0.008717993838769,19.44482757930234,1.4583102567579496,ok,1.1845959093418332,floor,1.3875177544897526,floor,2.109285229686635,ok
233,22,1.4462685345625117,0,8.206746067143985,6.617205266423804,0.4449645529173303,0.0441411950353389,478,35.222308865152144,11.584726950563455,14.403654488060765,0.4790070729183988,0.0380823997081791,478,28.74861843715652,6.913694731905809,4.913256905193609,0.6442659584874869,0.1997970569704665,478,28.67271796430005,9.062724825424583,8.058839056531754,0.4947056506073635,0.0649037204150975,478,31.50700162145383,-4.671032218657648,2.149030093518776,0.8559787582805995,9.89573650885372,-2.982041776947912,-0.8330116834291363,0.4220510060012807,4.671032218657648,1066.671986267033,3.348387595335142,-0.028321674569411,3.1962802447996026,0.003399865793626,3.1439099051929933,-0.0583153465480328,3.178553788786516,-0.1001500684766578,4,ok,0.2130146002139755,0.1868204725555545,0.1948399888624332,0.1900736302620571,0.0050775475223318,20.153593286031878,1.4582802355271112,ok,3.733578376075067,ok,1.387492995943707,floor,1.039240323310712,floor
234,22,0.7494096865565114,0,9.396898924653568,8.703419012719012,0.4674769698303043,0.0620444480522019,235,35.22197949023957,8.895322509468336,7.754115237073695,0.4998056258309067,0.0552715518929067,235,28.74833533916068,6.944681259392213,4.948437916471603,0.5162990578194115,0.0738771633696524,235,28.67243488392932,9.596537617663609,9.11284034860895,0.5069752748696352,0.0754183643480495,235,31.50668422617811,-1.950641250076124,2.651856358271396,0.1996386930100406,9.146110717060951,-2.2014294576687403,0.4504269006026558,0.2129301787642726,2.651856358271396,884.4838088753376,3.3583182462144223,0.0354417702834068,3.1399208961159766,0.0170348182485859,3.059339089378712,-0.0871525231198599,3.2154072356078967,-0.0098989323792939,4,ok,0.205995261146033,0.1902091094946607,0.1851105447303741,0.1798294864753459,0.0129916405899727,21.34376376970282,1.4582743169232817,ok,1.1845718344230154,floor,1.3874892471189268,floor,1.0392367944963479,floor
235,22,0.988305653914853,0,11.830977793071629,15.243959255516527,0.4852401642584507,0.076794373697081,320,35.216518342494965,12.277388585000926,16.894247741624714,0.5542143448542878,0.1036931460015335,320,28.74217415452004,12.714026985045848,18.681110894680025,0.5468579304724636,0.1014233793402605,320,28.66618131995201,8.947223079458478,7.847337079048157,0.5511349377220811,0.1153935563470041,320,31.500741809606552,0.4366384000449219,-3.76680390558737,-2.8837547136131487,12.054183189036277,0.6598437960095715,-3.1069601095777983,0.280943903145234,3.76680390558737,2000.861826509796,3.340078781939474,-0.0062054450776933,3.312110350340861,0.1587891221205719,3.2830637723332377,0.1123378770078433,3.180443079071172,-0.068081646358205,4,ok,0.211651971808169,0.1845314453705214,0.1985719388932921,0.1959301894996315,-0.0004802303039468,23.77813485451121,1.4581761984877557,ok,1.1845019668652599,floor,1.3874064451645831,floor,1.039170736764162,floor
236,22,0.9385149634883032,0,7.705656416625727,5.896110874017079,0.4099434453607528,0.0180463908241756,300,35.21424854278565,9.215147279648354,8.346698534488677,0.5408067393627549,0.0912967498569472,300,28.739689712524413,6.860576386420013,4.853529108961423,0.5558679115060859,0.1098473850065226,300,28.66366315205892,11.25915398851266,13.363351713021595,0.436109785671277,0.0182416022276743,300,31.4983371035258,-2.354570893228341,4.398577602092646,3.5534975718869326,8.46040184813704,-1.599825461717027,2.798752140375619,0.4047846494248168,4.398577602092646,1008.6910598313808,3.272522413528613,-0.0688686226243726,3.0332834351601363,-0.1136755842726153,3.078962800636943,-0.0866971244082752,3.1910465767185188,-0.0526245071654809,4,ok,0.2111669222017129,0.2020658516387144,0.182155423661073,0.193923733284076,0.0244609632591406,19.652934913656367,1.4581354256105399,ok,1.1844737996109678,floor,1.3873731101603493,floor,4.0302980314677495,ok
237,22,0.5468197505470982,0,8.209345765642412,6.621167529160809,0.5102934009251935,0.0985326214406316,157,35.2189810929025,10.724179477067135,11.814570759512057,0.4792996863658574,0.0383191663827309,157,28.7450402739701,7.53313993919122,5.666488267813518,0.6420471079989561,0.1973771317712951,157,28.66909816766241,9.539323644039136,8.993575076388705,0.4982889169752466,0.0679478271023443,157,31.5034869977623,-3.191039537875917,2.006183704847916,1.3299778783967238,9.466762621354777,-1.9336226821635547,0.0725610226843613,0.2871847606283003,3.191039537875917,1049.1038519675565,3.319956734830298,0.027660726865609,3.076104759147295,-0.0070200816413339,3.124295792440852,0.0094644495232807,3.1988683910488622,0.0038955237479179,4,ok,0.2001662484732023,0.1779632271285269,0.2044124890379845,0.1813886327680888,-0.0153477512371198,20.15637105696694,1.458220442545349,ok,2.8417981585696874,ok,1.387445063165342,floor,1.8056818656090718,ambiguous
238,22,0.2241986851892471,0,8.247328956007486,6.679329919815063,0.4694824702679962,0.0636822008048574,55,35.22820427634499,9.510349246667449,8.933773235841231,0.5235560576142887,0.0757936804496279,55,28.755326531150125,7.672972725651626,5.851905072819103,0.5774707858925636,0.1306060050338531,55,28.67949458035556,11.25993351925336,13.365750564228405,0.5971332976615852,0.1605811902508422,55,31.51355334195224,-1.8373765210158208,3.586960793601734,3.0126045632458744,8.878839101337466,-1.2058663756858392,2.381094417915895,0.3349067983296772,3.586960793601734,1092.0138322656803,3.308155718616012,0.0953863183207985,3.057227645511277,0.0775046331412823,2.966177889667512,-0.0663187473047286,3.172097752251518,0.0560087171290621,4,ok,0.2089794582941315,0.1838316676968878,0.189878203923052,0.1839305822144855,0.0065273590724576,20.193860651623435,1.4583861876291475,ok,1.184651140802148,floor,1.3875827546235604,floor,3.5274859938438183,ok
239,22,0.6230334578875042,0,6.899757064833887,4.8975142294136935,0.3999462251255697,0.0109895567636766,189,35.284391231637784,8.697389239442394,7.408647366932461,0.4911464876137951,0.0480263735159445,189,28.81793594360352,6.473543646605707,4.439707562406227,0.4774697150921851,0.0411602287330168,189,28.74287628496765,10.149595067152235,10.35045655316146,0.4170860228261792,0.0043555421554337,189,31.575039404409903,-2.223845592836687,3.67605142054653,3.2498380023183504,7.7985731521381405,-1.3250295055324337,2.3510219150140967,0.3474906011048577,3.67605142054653,855.4489118647639,3.255651219972866,-0.05070914535011,3.154422501323685,0.0530109473330524,3.130109879579323,0.0007175644118433,3.1490100651647053,-0.0599134840282724,4,ok,0.2126315665781182,0.1836760217747675,0.1902181025219972,0.1725599929572097,0.0079356916544456,18.843278166997393,1.4593975261385022,ok,1.9293915522634795,ambiguous,1.388423771104032,floor,3.7483038307672767,ok
240,22,0.647745570913258,0,7.405370145331794,5.502208133438724,0.5282098864931253,0.1147494335703689,199,35.28022635761817,9.15510507947834,8.232097546059881,0.4870747113032727,0.0446632507288706,199,28.81336675097595,8.714448772342918,7.437806526620184,0.5307971949517887,0.0867485705720376,199,28.73818135860577,10.059162955392932,10.137159866903296,0.5648683427037704,0.1285058178353324,199,31.57051356713377,-0.4406563071354235,1.3447141830500158,2.653792810061139,8.280237612405067,0.4342111599378508,1.7789253429878666,0.2124110346813795,2.653792810061139,1055.2792927574872,3.3140142061009263,0.0037448233604067,3.062252409715383,-0.0442417142494928,3.2266472576399643,0.0932078969736212,3.297118325645646,0.0843173537512012,4,ok,0.2178902642885644,0.1783434823342603,0.1751111617976397,0.2100172686442059,0.0230057115137726,19.349114623565427,1.4593224640960663,ok,1.845565782183063,ambiguous,1.3883613805487542,floor,3.198155971669335,ok
241,22,1.2201418833926574,0,6.882474303686935,4.878063285946846,0.4788075946803465,0.0713894716503893,400,35.28245950698852,9.37042535920096,8.650526401102542,0.5767312578372236,0.1251948217340532,400,28.815784726142883,6.735317715117439,4.715543673932553,0.5378972018602712,0.0931819553179496,400,28.74061219215393,9.438791208537609,8.787778885662556,0.458141902882943,0.0350974230265812,400,31.572884879112245,-2.635107644083522,2.7034734934201694,2.5563169048506733,8.12644983144395,-1.39113211632651,1.3123413770936594,0.2904146948132702,2.7034734934201694,867.2854718546569,3.308269718809869,-0.0549328380271632,3.0992998604835504,-0.076018863775225,3.062068384788355,-0.1261732295099156,3.154655187800285,-0.1106511246898303,4,ok,0.199348869472742,0.1862408356368541,0.1819029885530471,0.1818307379353791,0.0108918640017509,18.82609901496156,1.4593627094337096,ok,2.8144515482085066,ok,1.3883936818656455,floor,3.1078979159742413,ok
242,22,0.2829378630772339,0,8.307904459660184,6.773146136166298,0.4822431724560273,0.07426720732157,73,35.27184232946944,8.084637194347401,6.433743158431902,0.4979151638743859,0.0536789812490234,73,28.803951367939987,6.862487314390217,4.855665167717085,0.5258381013274112,0.0823057922634515,73,28.728573158995747,8.752366263863749,7.503029023131279,0.4459505768573958,0.0256677267316858,73,31.56129920645936,-1.2221498799571844,1.889878949473532,0.4444618042035646,8.196270827003794,-1.3337835126135769,0.5560954368599553,0.1513248106043425,1.889878949473532,772.7090392725108,3.375752165904488,0.1415166584776179,3.1262263121735714,0.1185927074686357,3.015001990362949,-0.0397187256976581,3.0508750717102124,-0.0865065702783223,4,ok,0.2126276676785456,0.1949622108511728,0.1736199777726441,0.1759889337604176,0.0301749614922151,20.252098496830016,1.4591714085301764,ok,1.185203511354197,floor,1.3882337443747603,floor,1.0398448289757773,floor
243,22,0.3109161381294359,0,7.520998507901021,5.650668771961067,0.419352051896475,0.0248468681979774,79,35.2745361328125,8.923210489254306,7.804068071932733,0.4313953261390683,0.0014833970494461,79,28.80694488332241,7.589161691412207,5.740056525302839,0.6271600014519602,0.1813568550281912,79,28.731622333768048,8.211772819771705,6.624868801877469,0.4642739986039071,0.0399365788833616,79,31.56423595283605,-1.3340487978420985,0.6226111283594973,0.6907743118706833,8.222104498577664,-0.632942807165457,-0.0103316788059597,0.1343201943269159,1.4022119813532845,837.6390380233149,3.201824689840426,-0.038399572299566,2.986146745735192,-0.0292735382389164,3.070626561310565,0.0097056265717903,3.132695328192109,-0.0106266642727272,4,ok,0.2115950822547266,0.1858614324768887,0.1948708933365495,0.17830935361076,0.003857364029258,19.465048116188047,1.4592199361396814,ok,1.1852375619532702,floor,1.3882742431113915,floor,1.0398775710238495,floor
244,22,0.8506963185502399,0,7.569685917421637,5.714373087248421,0.4968254987022932,0.086710770297985,263,35.291663731912244,8.436257794667933,6.9763101407330295,0.505876689224523,0.0604267733106582,263,28.825884960450143,7.301941982787406,5.372719881652426,0.5269612060412271,0.0833083123014322,263,28.750908224301646,10.190395880281152,10.448154548275154,0.4450305484296748,0.0249664270304623,263,31.58283383039468,-1.1343158118805263,2.8884538974937453,2.6207099628595145,8.002971856044784,-0.7010298732573776,2.187424024236368,0.2816887406306101,2.8884538974937453,902.8885145064996,3.335579750868886,0.004168538871291,3.122716293670029,-0.0112667911012973,3.1650270547800154,0.009699343207743,3.264719150014235,0.0309472281455023,4,ok,0.202122177007987,0.1767730912186573,0.1992107592948036,0.1906739514986825,-0.0097631251814814,19.512816888592436,1.4595286328269952,ok,1.1854531216670776,floor,1.3885305416194726,floor,3.1678473849144693,ok
245,22,0.3606361674570256,0,6.948487555543195,4.952776787281036,0.4372767180192408,0.0382297153185802,100,35.29759510040283,10.419178488989216,11.013309621810912,0.4521106912729884,0.0169367899493251,100,28.83244066238404,6.66901928262712,4.644103909134865,0.4865731946441017,0.048601223638675,100,28.75749732971192,8.462672038429425,7.018870083093643,0.4053025882212964,0.0,100,31.58922109603882,-3.750159206362096,1.793652755802304,1.51418448288623,8.683833022266205,-2.0148137396390844,-0.2211609838367803,0.3677827603624845,3.750159206362096,892.0763602924347,3.2609196977593915,0.0028234058836975,2.97387090077782,-0.0647868958524848,3.041648355885038,-0.0377756730514797,3.055310353001694,-0.1057392181399481,4,ok,0.2098284578323364,0.1789584402740001,0.2014144293218851,0.1791516917571425,-0.0070209802687168,18.89130026255671,1.4596355968018182,ok,3.8297064904872067,ok,1.3886181648333922,floor,2.0505713383677784,ambiguous
246,22,1.3289544930386472,0,11.034609496784553,12.689980352143628,0.4822258626263714,0.0742526565551648,436,35.28740575772907,11.110906549280138,12.91488831743188,0.568062805668323,0.1168158511068333,436,28.82129404085492,12.04457246972254,16.01243010245332,0.5916759652916393,0.1446873121725531,436,28.74629969115651,14.57484595560957,28.673756678716853,1.686431373083829,2.2886906141345924,436,31.57833001810476,0.9336659204424008,2.530273485887032,3.540236458825019,11.072758023032344,0.9718144466901943,3.5020879325772256,0.3722947945316839,3.540236458825019,2316.9821655441315,3.452808006815906,0.0830716170290282,3.3293364135255867,0.1455222901369519,3.4039779989676013,0.208971840947596,3.405319674567909,0.1335323389711629,4,ok,0.208348788910571,0.2030345748409355,0.2011971282644556,0.2150044179940169,0.0044945536112976,22.977968898385903,1.4594518654970716,ok,1.1854008526646076,floor,1.3884692739275615,floor,4.019902588341469,ok
247,22,0.3614106724607678,0,8.303979527963516,6.767027677841557,0.4441066494734202,0.0434764122873714,103,35.29942506956823,10.245688691509308,10.58202709387807,0.5081515666269765,0.0623745079839748,103,28.834436527733665,7.873490473586251,6.128427424477142,0.6431025027037588,0.1985271264245918,103,28.75948748542267,10.41638595829937,11.006230296440496,0.5318254125377252,0.0975032385898957,103,31.591181930986423,-2.3721982179230565,2.542895484713119,2.112406430335854,9.274834109736412,-1.4013436361501608,1.1415518485629583,0.2540374897161677,2.542895484713119,1094.7013141576526,3.358912621854399,0.0985752364653262,3.1904305203389915,0.1488588163545134,3.2523428494424325,0.1705985935928429,3.2945833905818853,0.1313108396126558,4,ok,0.2023083034504964,0.1826254186193341,0.1934527490034844,0.1797106455179672,-0.0009858879685691,20.24669402876251,1.4596686040704965,ok,2.150884395733776,ambiguous,1.388644636099626,floor,2.6878063997213664,ok
248,22,0.5567778905520895,0,11.106276397276424,12.901126680198622,0.6006720666215615,0.1860453592770115,163,35.296683071581135,10.55847159760715,11.372269937597167,0.5219989828469919,0.0744190748487354,163,28.831339526030185,12.24485730705073,16.768172408905496,0.4734375631889511,0.0379093387093261,163,28.75637652391305,12.807691286011323,19.08838248399137,0.506182273953821,0.0747310038394459,163,31.588185608752667,1.686385709443579,0.5628339789605956,1.7014148887349023,10.832373997441788,1.4124833096089429,1.9753172885695385,0.2034187917962477,2.249219688404174,2021.4061105046533,3.366490123877119,0.0713506022714405,3.2126936387192755,0.1258716138280169,3.1529586349187624,0.0351833734015771,3.35061167511154,0.1528182769288393,4,ok,0.2092232740272773,0.1857153558018017,0.1848005591406047,0.2053442102816938,0.0126687557739348,23.049138046291468,1.4596191475939448,ok,1.1855152394256003,floor,1.3886032580615988,floor,2.266075329114739,ok
249,22,0.3292725539449389,0,7.723464437299841,5.9203372072605855,0.4184496994203034,0.0241879640158628,84,35.29533249991281,9.19289409200163,8.304039554936546,0.3991688049416921,0.0,84,28.8298917952038,6.76120826751041,4.743739443165915,0.5377007173556346,0.0930027687377501,84,28.754937035696848,9.68319548357834,9.296501599607014,0.4929019524375531,0.0633797301512431,84,31.58675922666277,-2.43168582449122,2.921987216067931,1.9597310462785007,8.458179264650735,-1.6969709971403244,1.2250162189276068,0.2572129309568815,2.921987216067931,879.0034921843383,3.306963165142367,0.0620860234126361,3.030496592060798,0.0090265560465883,3.1102480227317626,0.0445099144199319,3.204220491232202,0.0562832261754659,4,ok,0.2160101271278801,0.2184431815431231,0.1736291485528151,0.1969494175698076,0.0435975057826865,19.666398558710096,1.4595947902567041,ok,1.1854987506755252,floor,1.3885841140470412,floor,2.5365444643031325,ok
250,22,0.511454514602527,0,7.464196348986442,5.5772438709684415,0.3991594093169041,0.0104415548743608,139,35.289937739749604,9.268926733241956,8.450699782199997,0.4466613296768609,0.0128013957601422,139,28.82392757059001,7.957934889540548,6.248754880411162,0.4410231282035547,0.012777126451559,139,28.74894368562767,10.980480390741985,12.532797976363478,0.4474794505684062,0.0268363272131106,139,31.58094498064878,-1.310991843701407,3.022545501201435,3.516284041755541,8.366561541114198,-0.4086266515736501,2.613918849627785,0.3312108788078093,3.516284041755541,1066.2129500019464,3.2324728916849343,-0.0505905989839301,3.11167008744729,0.0405495204139634,3.110775283397861,0.0055024595591648,3.2216988397539192,0.0358838677321968,4,ok,0.2028479387970279,0.21369615457148,0.1884084607896616,0.1969542753138988,0.0198635858945923,19.4074199199689,1.459497512842679,ok,1.9414775335473895,ambiguous,1.388504422493089,floor,3.99740916294288,ok
251,22,0.5215320846717192,0,7.551832014414114,5.690929446250769,0.4656618261061582,0.0605681907796695,157,35.29207389977328,8.643212870966119,7.31680173630927,0.4694578757871747,0.0304350687313745,157,28.82622875529489,6.585929049830478,4.556096404980702,0.4970343702521697,0.0573255032068769,157,28.75126073314885,9.974926898125196,9.94243338381409,0.4777531553706361,0.0507998357578631,157,31.58320477965531,-2.057283821135641,3.388997848294718,2.423094883711082,8.097522442690117,-1.5115933928596397,1.8774044554350784,0.2943092732283595,3.388997848294718,851.9472943066032,3.272970532902033,-0.0193254750626552,3.0869231404518853,0.0037982996632561,3.040726050719268,-0.0741052921983032,3.1742191060155456,-0.0207537612853987,4,ok,0.2063007829058322,0.1913993264412044,0.2000456540874994,0.1921779394244692,-0.001195599413981,19.494940979130313,1.459536028625568,ok,1.185457036366784,floor,1.3885352286062347,floor,2.983932311458276,ok
252,22,1.0573110816609477,0,7.891395252677592,6.153745415972824,0.4487905415046662,0.0471215430964397,341,35.28592370891851,9.040500712425558,8.017704968228717,0.4696770252753395,0.0306088448862329,341,28.81946388088014,6.373070944552048,4.338175271525761,0.5125204945007444,0.0705811183512634,341,28.744416994782835,9.820622102052813,9.595380700228851,0.4489925551242125,0.0279968123283149,341,31.5765813508691,-2.66742976787351,3.447551157500764,1.9292268493752207,8.465947982551576,-2.092877037999528,1.3546741195012366,0.2807996410661242,3.447551157500764,856.0857533630738,3.3268576876541256,-0.0242456528948893,3.123236675273442,-0.0363504451451035,3.0661351722947034,-0.1095800002951112,3.2307355884792504,-0.0225692998947755,4,ok,0.1978167114762966,0.1773114469546901,0.187735912693211,0.1826752776886361,-0.0001718334777176,19.834834154311586,1.459425149315076,ok,1.1853800191486084,floor,1.3884442487451463,floor,2.5054632953052023,ok
253,22,0.7286031622944441,0,10.85726689950856,12.18222706158956,0.4033303259625254,0.0133588192086717,225,35.289739990234374,11.302692696274056,13.497995208104452,0.5055659351264,0.0601613861801795,225,28.82355347527398,12.886919451044774,19.439806830088298,0.4646767527169093,0.0309410318073612,225,28.748571124606663,15.106778652222632,32.409912999471025,0.4724951213916175,0.0465252465767493,225,31.580630154079863,1.5842267547707165,2.21985920117786,4.249511752714074,11.079979797891308,1.8069396531534647,4.026798854331325,0.4128953699660628,4.249511752714074,2644.6714967091875,3.381304159185258,0.0617246437163188,3.23749539081854,0.1188960762118123,3.2092026537745006,0.0661244179823343,3.1467472347827705,-0.0752886204951135,4,ok,0.1942788178722063,0.1909511747625139,0.1842577286064624,0.1923106880982716,0.0083572677108976,22.80050107941286,1.4594939475486008,ok,1.1854265754789122,floor,1.3884994694784096,floor,4.709089892893593,ok
254,22,2.1852211968278685,0,7.0288768372175365,5.045308000502844,0.418827510375007,0.0244636715297275,757,35.295489755930326,9.19346301866469,8.305127457079516,0.4590033317554514,0.0222392828968349,757,28.82992820286216,6.124854446313589,4.0971837788229735,0.5242751740169005,0.0809142315790862,757,28.754949441201777,10.477356780493034,11.161837050590364,0.4628414941191583,0.0388003554758753,757,31.586833694337063,-3.068608572351102,4.352502334179445,3.4484799432754976,8.111169927941113,-1.986315481627524,2.3661868525519214,0.3903447482458438,4.352502334179445,891.8131699619552,3.271756945447212,-0.1398099071168825,3.118201073513019,-0.1200017187943078,3.0704242008329024,-0.1678894608421486,3.2637227032638294,-0.0495569995087019,4,ok,0.2092493798194977,0.1873499667579541,0.1952415300653742,0.1883863093604578,0.0030581432233516,18.971802520372453,1.4595976262595118,ok,2.4425862911926037,ok,1.3885842790240994,floor,3.93386839528591,ok
255,22,0.3891005307635708,0,6.546838277641424,4.515271068712987,0.4390432675134756,0.0395789680687204,109,35.284201980730806,8.579175752384367,7.209706331611773,0.5105407314939933,0.0644295035284139,109,28.81741789721568,6.817153122238175,4.805242529702843,0.468925770071342,0.0343044257894595,109,28.742384254385573,8.263105447147302,6.703637854768596,0.7858156114223983,0.3838207886277678,109,31.57465038824519,-1.762022630146192,1.4459523249091264,1.716267169505878,7.563007015012896,-0.7458538927747203,0.7000984321344061,0.2008410452179973,2.032337474742944,757.8973327530634,3.2113620429242147,-0.0532680819013244,3.121336282242307,0.0741830864821428,3.0356948910187818,-0.0504936816394705,3.166897707294127,-0.0006328869541465,4,ok,0.1949296400907936,0.1704710799551338,0.1824481565197673,0.1714653981798286,0.0002522035031964,18.49036953070848,1.459394115002071,ok,2.274265934832073,ambiguous,1.388417231842935,floor,2.2819846982122765,ok
256,22,0.3326938893618243,0,9.577795471832998,9.07359827094608,0.4579996393836109,0.0543998218270842,90,35.28681725396051,9.874149837534269,9.714377670817903,0.4370674025849779,0.0056426468308392,90,28.820338906182183,7.445919075196636,5.5538213736481135,0.5346610266785303,0.0902390240225654,90,28.74534471299913,9.508173076117489,8.929297806157006,0.6816966426401514,0.2530997476289307,90,31.57749972873264,-2.4282307623376305,2.0622540009208503,-0.0696223957155108,9.725972654683632,-2.280053579486996,-0.2177995785661455,0.1951118401145299,2.4282307623376305,984.124992260668,3.4045870083639764,0.1544789551955716,3.1780416753987617,0.1497703206447558,3.189753231293664,0.1185995071552503,3.237317784361016,0.0841918868181084,4,ok,0.205627345210976,0.1947693265146679,0.1951854274918635,0.2092418818838066,0.0050129083709584,21.52118644246377,1.459441256588373,ambiguous,1.18538997970425,floor,1.3884565798639248,floor,1.0400255097797837,floor
257,22,0.2645702222467116,0,7.927974528144111,6.205795395201531,0.4977240829304079,0.0874896852065982,69,35.28666521155316,9.030279687877028,7.998857664025349,0.5000090751529792,0.0554433021941298,69,28.82006777887759,7.507991930972077,5.633771041165227,0.5687150147876874,0.1220970418435898,69,28.7450743412626,10.08419437419545,10.195756089860115,0.3953610569086402,0.0,69,31.57727086716804,-1.5222877569049498,2.576202443223373,2.1562198460513384,8.47912710801057,-0.9711351770384926,1.6050672661848804,0.2370617776376757,2.576202443223373,948.9296625610712,3.380109452955602,0.1501465205651824,3.1045958300305827,0.1025174990104109,3.158329778487318,0.1080325028269046,3.09181332848734,-0.0413302716429764,4,ok,0.2123752076556717,0.1906367985774641,0.1828684312277946,0.1935373056625974,0.0186375718887733,19.871373654653752,1.4594385157825822,ok,1.185386893370489,floor,1.3884529860551718,floor,2.7300380555809287,ok
258,22,0.6946125446866311,0,8.621360959963923,7.2800790653409555,0.4786107120414144,0.0712251805891568,211,35.28175370275127,8.510101273191053,7.095943148102241,0.483460149500501,0.0417012269785053,211,28.814675471229013,6.844754966822535,4.835879790274453,0.6108898183771888,0.1642780381371038,211,28.73959914654917,9.524709528519583,8.963362338136157,0.6496090724731005,0.2165530171070828,211,31.57197376450091,-1.6653463063685177,2.6799545616970484,0.9033485685556606,8.565731116577489,-1.7209761497549536,0.9589784119420948,0.2083865690658932,2.6799545616970484,841.5124505142466,3.4073326552956544,0.0926238693831891,3.078824900318301,-0.0334414100696967,3.1271364243341773,-0.010899095598182,3.3920766089096928,0.1748721154134731,4,ok,0.2181577848279363,0.190205772817841,0.1991295085699072,0.2010340112574857,0.0050522702529814,20.56502352558804,1.459349989102067,ok,1.1853255197610504,floor,1.3883802198622681,floor,1.0399638635367738,floor
259,22,0.7847632123812942,0,7.53927486778314,5.674498516090949,0.4239718882071276,0.0282425407401536,233,35.302524091859745,10.15776815284088,10.36995365077334,0.4490625588638838,0.0146174529152192,233,28.83786559207245,6.678719480665784,4.654488354793434,0.5413850396069053,0.0963736293194772,233,28.762913945406805,9.395781708680213,8.701180359324672,0.5098666977194494,0.0779337175489076,233,31.59453346186953,-3.479048672175095,2.717062228014427,1.8565068408970704,8.84852151031201,-2.1698020296462257,0.5472601983682015,0.3118787875086949,3.479048672175095,925.6433766640308,3.3140640736634106,-0.0081643800011979,3.1205348926022727,-0.0015086158513568,3.0958162723057985,-0.0500044361480238,3.15090361156598,-0.0737597718084983,4,ok,0.2035051584563542,0.189158006559242,0.193968840678874,0.1820852508680503,0.002362741828924,19.481823042824868,1.4597245081303734,ok,2.9561681075147335,ok,1.3886902180874539,floor,2.431341232455799,ok
260,22,1.8687723631176507,0,7.258694697212719,5.319483543968201,0.4601904848805961,0.0561530932508382,625,35.30705801391601,8.641937236517322,7.31465291929245,0.4969263998789117,0.0528484264204431,625,28.84282155456543,6.2336724278142,4.2011408555984495,0.5239609900460322,0.0806349962373813,625,28.767853369140624,9.848279442301688,9.656682314682008,0.4796373318255945,0.0523431152447002,625,31.599402374267576,-2.408264808703122,3.614607014487487,2.589584745088968,7.95031596686502,-1.7166435390508203,1.8979634754366668,0.3135178194958972,3.614607014487487,820.2988078165531,3.2778820329494183,-0.1191571835273448,3.1106542288137127,-0.1086594875220359,3.093611545480344,-0.129661506763679,3.2257823999248294,-0.0730870866867645,4,ok,0.19964418104887,0.1885631689965725,0.1886710120439529,0.1844133453965187,0.0054326629787683,19.20099950048681,1.4598063121252371,ok,1.1856460556186013,floor,1.3887559409469172,floor,3.1394135662915383,ok
261,22,0.8134373561379661,0,6.446920692010924,4.412574685965067,0.4353247712457815,0.0367451862478105,257,35.31241892655072,7.214587631407728,5.26573213668185,0.434832490117954,0.0039973324846076,257,28.848779648658365,7.181889745168855,5.226235486653992,0.4263533644082226,0.0019887028544998,257,28.773840351327383,10.290080174799668,10.690746151519656,0.4362477843098999,0.0183445941678015,257,31.605214976151167,-0.0326978862388731,3.108190429630813,3.843159482788744,6.830754161709326,0.3511355834595289,3.459326013090342,0.3908894177246187,3.843159482788744,834.1935369458181,3.237408994544083,-0.0922524903321497,3.03038546059879,-0.1013225996381756,3.027731874925664,-0.1257843263578677,3.2032415570013866,-0.0287947799525043,4,ok,0.2090469675160335,0.1817339969516264,0.1830349970130605,0.1902566774954823,0.0123554852207694,18.388937679647846,1.4599030608504857,ambiguous,1.1857139670776353,floor,1.3888356245618827,floor,4.309581392424685,ok
262,22,1.2893564361958316,0,6.709538428614814,4.687635589601858,0.413740995965313,0.0207726630437945,424,35.306982346300806,8.681207986040887,7.381095060481216,0.517096610474417,0.0701179352202128,424,28.84261808305417,6.773864434290263,4.757583764364135,0.4475172329159402,0.0176695457242566,424,28.76763201209734,9.590247845527651,9.09965201537564,0.4958184825901899,0.065846757047272,424,31.59924977680422,-1.907343551750624,2.816383411237388,2.880709416912837,7.695373207327851,-0.921508773037588,1.8948746381998005,0.2871309027403342,2.880709416912837,834.046829713403,3.2365497463174746,-0.1310706509638768,3.146326404214661,-0.0347364702473136,3.064576834221797,-0.1282386152312198,3.1666293889370074,-0.1030590567084588,4,ok,0.1931593732047334,0.1841500023256917,0.1820239857682642,0.1942135675300685,0.0066307019969483,18.65184729390853,1.4598049467302794,ambiguous,2.1931218057659443,ambiguous,1.3887529952659101,floor,3.4081161348338576,ok
263,22,0.828263028546942,0,6.912090013877289,4.91144179222279,0.4262462429324662,0.0299279033291066,266,35.30488453054787,8.135672246471193,6.509793684446722,0.4595486811025372,0.0226622438663324,266,28.84021023341588,8.577720624343034,7.207291083676474,0.5086528281879956,0.0672324226874572,266,28.76520559841529,8.012528157611872,6.327801043377783,0.5277433876475355,0.0938029234435005,266,31.596920457997715,0.4420483778718402,-0.5651924667311619,1.100438143734583,7.52388113017424,1.053839494168793,0.4886470274376311,0.1336492301334922,1.6656306104657448,864.369167917429,3.3077233581595054,-0.0245478041945452,3.0822152473519586,-0.0528859592884205,3.126870617896035,-0.0293474090285617,3.162268795415438,-0.0723561262427794,4,ok,0.2236091417953708,0.1930308850356062,0.1860893734667758,0.1806811738787289,0.0222306399487126,18.854511490438895,1.459767094428485,ok,1.185616297789522,floor,1.3887207082491506,floor,1.3906920313200022,ambiguous
264,22,0.6158419783830043,0,7.857376559995277,6.105730849763622,0.4433730957348172,0.0429090046585338,184,35.31323119868403,8.486948561879256,7.0582145601511,0.5351566876386722,0.0861637449986691,184,28.849595733310867,6.923392287919086,4.924240194585012,0.5646878991000862,0.118227089187844,184,28.77467161676158,10.268697882153862,10.638240107375642,0.482055239537829,0.0543324592293383,184,31.606045557105023,-1.5635562739601705,3.3453055942347767,2.411321322158585,8.172162560937267,-1.2487702730181809,2.096535321216596,0.2971555750192785,3.3453055942347767,887.9487873558764,3.2852235076891807,-0.019104077865955,3.121186156543942,0.022417656883511,3.1969432486231373,0.0696554910287954,3.2561634066369742,0.0492562072263056,4,ok,0.2166438707676918,0.1958283248721905,0.1949271802264063,0.186101582771896,0.0113089175935348,19.799349933542615,1.45991772220997,ok,1.1857232705657128,floor,1.3888466901938095,floor,2.973438820972451,ok
265,22,0.2161711378282018,0,9.012154949211412,7.965544990464752,0.5475067514201158,0.1328415522732557,51,35.30874678667854,9.163362339144568,8.247764157313927,0.4507238095521663,0.0158795603511145,51,28.84450471167471,7.4994807748826355,5.622740979288139,0.521739692824244,0.0786655628944208,51,28.76952683691885,10.1947286538451,10.458583434422811,0.4590877340740355,0.0358396309972566,51,31.60111962112726,-1.6638815642619322,2.6952478789624648,1.182573704633688,9.08775864417799,-1.5882778692953543,1.1069700096671102,0.2121659509490223,2.6952478789624648,976.2003856967478,3.2804975049474323,0.0734529471121505,3.0034952838104068,0.0312158075739525,3.277643301142277,0.2510736518076939,3.2131904529514386,0.102779989128471,4,ok,0.197613541986428,0.1978842740257581,0.2155524718703008,0.1998693396647771,-0.0178035638642077,20.95436909214106,1.4598367867506716,ok,1.1856652384670106,floor,1.3887782114839355,floor,1.5685552897088904,ambiguous
266,22,0.60773561308754,0,6.995445124447434,5.006618645819989,0.4657700854365029,0.0606560770906181,182,35.316478917886926,8.94791914204567,7.848594906565907,0.4942113696542143,0.0505763107495138,182,28.853232488527404,7.0672018856774175,5.090028201485728,0.4922998136258705,0.0533540490687982,182,28.77835145887438,9.01608290696082,7.972752652325473,0.5313539667178566,0.0970744213498404,182,31.60958311059973,-1.8807172563682528,1.948881021283403,2.0206377825133863,7.971682133246552,-0.9044802475691344,1.0444007737142682,0.221028190622345,2.0206377825133863,837.7237607302902,3.297697773515509,-0.0058011902004602,3.0613091897788856,-0.0363819218758409,3.105731451660401,-0.0206984253142712,3.2687590773164503,0.0626738023913819,4,ok,0.1921800065499085,0.1911991958475702,0.191064706358772,0.1873346131786213,0.0006248948399673,18.937244102062213,1.4599763488060358,ok,2.1667186279865827,ambiguous,1.3888956811136404,floor,2.5979843764183834,ok
267,22,2.1551723531181226,0,7.617883990185677,5.778144506997959,0.4263936712798392,0.0300374631824449,744,35.28516759154617,9.32560829700408,8.561716234812172,0.4528023500098963,0.0174652600930258,744,28.818278263973934,9.49865154181722,8.90974253047538,0.5034115240746918,0.0627348860626524,744,28.743264726413194,14.50836844544368,28.238189252473976,0.4909953323971061,0.0617748307357737,744,31.575564494697,0.1730432448131402,5.009716903626458,6.890484455258002,8.47174614359488,1.0269053982223415,6.0366223018488,0.695647363022145,6.890484455258002,1696.847893738298,3.297292673209755,-0.1129608408964975,3.089728579285681,-0.1467665883429001,3.1592441719570603,-0.0777097770519796,3.303539207462188,-0.0084377719384058,4,ok,0.1986287978467761,0.181815954200643,0.182518586641558,0.194224614785203,0.0077037893821515,19.561363449772603,1.4594115199033064,ok,1.765831074969494,ambiguous,1.3884289337445683,floor,7.963200165701705,ok
268,22,0.6035998364536282,0,10.473195358640474,11.151146869659424,0.4116938520812832,0.0192998895685803,175,35.292587890625,11.123603871396748,12.952702394212997,0.5067166699819258,0.0611449414830016,175,28.8265739440918,12.141002950662848,16.371945680890764,0.491609281812251,0.0527779914983452,175,28.751574325561524,12.331770528687262,17.107125950540816,0.5372137403001859,0.1024313613733534,175,31.58359565734863,1.0173990792661003,0.1907675780244133,1.858575170046788,10.79839961501861,1.3426033356442382,1.5333709136686515,0.1696808767150179,1.858575170046788,1982.137315261024,3.406367357398513,0.1058420353450051,3.168780011584477,0.0749552786672702,3.2170298098241816,0.0936785743135466,3.38902955424488,0.185893886460549,4,ok,0.2153373145631381,0.1926812976598739,0.1904825585016182,0.2062512660878045,0.0135267476098878,22.416276746086815,1.4595452966835356,ok,1.1854609670080039,floor,1.388539398227639,floor,2.433228625514664,ok
269,22,0.6948285958534068,0,7.236704573125873,5.292616876739043,0.4043517257818964,0.0140778392481999,216,35.295318285624184,9.053342310329327,8.041447502043512,0.4900992625401776,0.0471587335214889,216,28.82960142029656,7.499342690467809,5.622562206453747,0.5326919053679009,0.0884570238528665,216,28.75460274131209,9.469420920207185,8.84997598109422,0.4674524025915002,0.042470140097403,216,31.586544469550805,-1.553999619861519,1.970078229739376,2.232716347081312,8.1450234417276,-0.6456807512597917,1.3243974784795842,0.2194627233413766,2.232716347081312,903.4398359264488,3.22835572963256,-0.0881287379932724,3.16252813097109,0.0479530494531239,3.1151596368102457,-0.0247142644639932,3.1859322465402578,-0.0330335766842684,4,ok,0.2047014023280806,0.1977787647154872,0.177959874600034,0.1757535249581215,0.0232802089217498,19.179639457263164,1.4595945339129879,ok,1.9613079124465187,ambiguous,1.388579668406393,floor,2.8038634651122765,ok
270,22,1.471214069823128,0,7.130435702599955,5.164681809462183,0.4456561234431144,0.0446780216447626,492,35.28907882101168,9.175809635023532,8.271436947511464,0.4701929048423484,0.0310182354460217,492,28.822571006247667,7.592307088564033,5.7442152926592325,0.5364686784580555,0.0918806872032174,492,28.747553736213742,8.843067204981681,7.661375005313052,0.5479982407234587,0.1124439993744184,492,31.57973720969224,-1.5835025464595,1.2507601164176476,1.7126315023817256,8.153122668811744,-0.5608155802477102,0.6899445361699375,0.1923470863285031,2.045373932423578,881.9407435842768,3.3652753500362254,-0.0136226368251231,3.1112886156171253,-0.0844375698661514,3.181008952484848,-0.0234823001873927,3.23718398181348,-0.0436909020553253,4,ok,0.2044581267755569,0.1951205595888621,0.181954692114084,0.1961492073336025,0.0178346510681255,19.07370535253366,1.4594820273537954,ok,2.291602675603566,ambiguous,1.3884859442815072,floor,2.2781541376998384,ok
271,22,0.5089799478166456,0,5.947460315664902,3.933200009748445,0.3598024436740382,0.0,141,35.188139299974374,6.762317012491645,4.744950664804337,0.4872132339187161,0.0447772047760444,141,28.70977752090345,6.7001181865465655,4.677478701510328,0.4861821870025662,0.0482787337454764,141,28.63328920188525,10.357055442049177,10.856892663536344,0.4447008281841388,0.0247154474296902,141,31.469387663171645,-0.0621988259450798,3.656937255502611,4.409595126384275,6.354888664078274,0.3452295224682915,4.002166777970903,0.4611966589372896,4.409595126384275,786.2671425928038,3.1439152726909305,-0.1402313527361731,3.0492900177617024,-0.0232388592411778,3.052628905344545,-0.053765298928099,3.1379514632359897,-0.0489378890843457,4,ok,0.2073959724594515,0.1884446493382995,0.1956022415072359,0.1753661797401753,0.0023180693916395,17.89613493809008,1.4576667482794972,ok,1.1841349512910877,floor,1.3869713630269271,floor,4.868183758095434,ok
272,22,0.9326545888768212,0,8.143476038574505,6.521501580351277,0.4641475735590535,0.059341042533932,304,35.19892816794546,9.138763379450609,8.201179887119093,0.4593420833938272,0.0225019521314664,304,28.7220395928935,6.550984381373549,4.51958374639875,0.5250787685951825,0.0816291989427093,304,28.64575992759905,9.206764777442428,8.330603754834124,0.5035381652499747,0.0724469078222878,304,31.48131229375538,-2.5877789980770576,2.655780396068879,1.0632887388679233,8.641119709012557,-2.090135327639008,0.5656450684298715,0.2241457480550297,2.655780396068879,837.3844363140431,3.3184668880291035,-0.0239283766278028,3.098434234425887,-0.0498304997418257,3.102473315769516,-0.0642262972618397,3.121672600745881,-0.1229945949438851,4,ok,0.2125029116011175,0.1802884958635427,0.1909821665551709,0.1726169113167806,0.0054135371771592,20.091573917450503,1.457860342020525,ok,1.1842737947899535,floor,1.3871362342512992,floor,1.276524484923774,ambiguous
273,22,1.1231173649206252,0,7.8739079181753615,6.129016518267126,0.4067728369837566,0.015789458158105,366,35.202762009667566,10.460884785182492,11.119582427003996,0.5012777779762986,0.0565159080469508,366,28.72627207229697,7.156908343722472,5.196259534261266,0.4945452806967767,0.055232859222114,366,28.65004362825488,8.8769643430932,7.721406810270633,0.4509040300366848,0.0294684303899364,366,31.48544607527269,-3.3039764414600192,1.720055999370727,1.0030564249178378,9.167396351678926,-2.0104880079564538,-0.2904320085857268,0.2989374822186955,3.3039764414600192,956.4894583956466,3.282622044834372,-0.0738454942845314,3.101838149849623,-0.0647235914710537,3.06969634955003,-0.1115724323892464,3.170693796120279,-0.0879319345750726,4,ok,0.1993176991557651,0.1963810138607937,0.1891660364497392,0.193176021219277,0.0086833200585402,19.82180079476511,1.4579291607012745,ok,2.91929236464302,ok,1.387192891810949,floor,1.039000794693853,floor
274,22,1.126366025944325,0,7.289104579947201,5.356861993711289,0.4466397704578597,0.0454430067134843,365,35.20829656940617,10.148518049242949,10.347890035420248,0.5105945453248271,0.0644759014932285,365,28.732535432789422,8.893429972072486,7.750736940396975,0.5073651571119057,0.066123162163574,365,28.656378847932164,8.330767110321036,6.808896161105535,0.4374099626169235,0.019213250520683,365,31.49151669854988,-1.255088077170463,-0.5626628617514502,1.0416625303738345,8.718811314595076,0.17461865747741,-0.3880442042740402,0.2403373196352362,2.859413469295747,1045.6314365573126,3.281023820528906,-0.0752362816791678,3.0897232870596896,-0.0765687413122031,3.149776735594256,-0.0312772848009803,3.0698702029137888,-0.1885497674839586,4,ok,0.1963272956544405,0.1847053828610949,0.1777557855191296,0.1778290962417648,0.0127605537386381,19.23670146248714,1.458028530785859,ambiguous,3.205713551082978,ok,1.3872767061001354,floor,1.1917673912310396,ambiguous
275,22,0.352751469778999,0,7.567210126444651,5.711116411856243,0.4096908027840178,0.0178659098506861,84,35.279256729852584,7.845888864149352,6.089601679926827,0.4654061218239026,0.027236812587597,84,28.81181791850499,8.065168475183457,6.404966277735574,0.5142111775110073,0.0720529101169495,84,28.73671851839338,9.597811683739604,9.11551412514278,0.4427524572385925,0.0232361651685644,84,31.56921859014602,0.2192796110341053,1.5326432085561486,2.030601557294954,7.7065494952970015,0.3586189798864554,1.891262188442604,0.1964837755250903,2.030601557294954,892.1669824974878,3.2857536718809035,0.0408765301511726,3.0211304597462973,-0.0003395762679123,3.092632901454789,0.0268947931429583,3.1573208257609027,0.0093835607041667,4,ok,0.2144435608670825,0.1757791454327248,0.2004787587072877,0.1941500228962727,-0.0053674055573841,19.511006604104143,1.459304991054255,ok,1.1852930027949953,floor,1.3883419440156552,floor,2.6069062132342617,ok
276,22,1.6402277577174762,0,7.438855064989703,5.544795156825672,0.4216198153342121,0.0265090709711501,550,35.27296994989568,8.737443346880344,7.477291893742302,0.4794418060558216,0.0384342139703943,550,28.80496832067316,6.316998460449748,4.282524399757385,0.4857078128570636,0.0478878340377004,550,28.72968827334317,8.535023207352708,7.136780187866904,0.4379107429564954,0.0195882652928254,550,31.562414495294743,-2.4204448864305963,2.2180247469029606,1.0961681423630054,8.088149205935023,-1.7711507454852755,0.4468740014176848,0.209948265650677,2.4204448864305963,756.4975596754118,3.3110554659506697,-0.0762916616064175,3.1439510423192103,-0.0627608575319764,3.081013470131613,-0.1322252638561334,3.1232150142045345,-0.1660407200013707,4,ok,0.2074856313318014,0.1836048416861078,0.1776597919247367,0.1871688963811505,0.0178854445842179,19.382988646284957,1.45919172130048,ok,1.1852150783923756,floor,1.3882485544461824,floor,1.3780773904282468,ambiguous
277,22,0.4988411236106482,0,7.833507876483163,6.072265996652491,0.5111750585815771,0.0993175492756892,136,35.268324066610894,8.855209382291342,7.682824952637448,0.4327833212882232,0.002496172631111,136,28.799915005179013,6.958777428891753,4.964525467113537,0.478227214269011,0.0417740325392026,136,28.724488314460302,9.58010439573314,9.078423526357202,0.5024094890319458,0.0714755513020271,136,31.557372415766995,-1.8964319533995893,2.6213269668413863,1.7465965192499755,8.344358629387253,-1.3855812004955004,1.235745766345886,0.2249984726999013,2.6213269668413863,864.8223727275345,3.3172217169048626,0.0358125059048646,3.0867468395067785,0.0177771946300651,2.979780708392576,-0.1237794228759359,3.163574061282655,-0.0206000018206649,4,ok,0.2040142914663781,0.1794832437025273,0.1841220611103755,0.1925478966577964,0.0076267064740772,19.777890524432326,1.459108038383805,ok,1.1851576068078375,floor,1.3881794998731511,floor,2.314424529205587,ok
278,22,0.4856704379137245,0,7.635605356986764,5.801770369501879,0.4483096107651248,0.0467455081107945,137,35.26579067480825,8.350232872426949,6.839483201938824,0.4718264174311625,0.032317519291892,137,28.79713746230968,7.253853539829324,5.313557125356075,0.4910181635387807,0.0522855093457315,137,28.72162434654514,10.17095531865311,10.401489424879534,0.4144335330190383,0.0024685934505115,137,31.55459178451204,-1.0963793325976248,2.9171017788237865,2.535349961666346,7.992919114706856,-0.7390655748775323,2.178036203946254,0.2807455493344078,2.9171017788237865,893.90467388569,3.306989998637884,0.02502534087807,3.1227686094432063,0.0530767633782711,3.121887305639093,0.0177521146895776,3.1714692498306336,-0.0132557706223006,4,ok,0.2063629384676035,0.1990256770683901,0.1932675164383258,0.1953094145623001,0.009426791329671,19.58012380248636,1.459062414324571,ok,1.1851260239873718,floor,1.3881414746808383,floor,3.0879850438535166,ok
279,22,1.4053171179877608,0,7.080756461003942,5.105939282891004,0.4474860791875973,0.0461025332238838,457,35.26462805349404,9.412346235871428,8.73443110531738,0.4935035086251825,0.0499859719320392,457,28.79565018167641,6.642130255555698,4.615439107042434,0.4729897644796998,0.0375500055212418,457,28.720153140813046,8.797513100804542,7.581433153256807,0.474043786593911,0.0477793400680248,457,31.55319612866157,-2.7702159803157285,2.155382845248844,1.7167566398006002,8.246551348437684,-1.604421092881986,0.5509617523668577,0.2622556375828269,2.7702159803157285,829.6649412784066,3.29051122915245,-0.0827917331147305,3.082010101584316,-0.1064413391306602,3.0791950245897133,-0.1195036422019328,3.167511813691828,-0.1078132674876033,4,ok,0.2030690894248188,0.1891893566763375,0.1925662167419229,0.1869591756253065,0.0035630063086552,19.025337222298763,1.459041478492509,ok,2.6389310738822918,ok,1.388121943491529,floor,2.2820034019220063,ok
280,22,1.4554634121873091,0,7.655261007055849,5.828088000256528,0.5786175506754853,0.1633768588765416,465,35.2751329073342,9.406849893332712,8.723383979130817,0.5107705306719655,0.0646276691591625,465,28.80712579706664,7.071932652495242,5.095575786662359,0.5818652978524442,0.1349256417638198,465,28.731971716111705,8.952257283106613,7.856438737018134,0.6042655434062598,0.1679119233948407,465,31.56466398751864,-2.33491724083747,1.880324630611371,1.2969962760507645,8.53105545019428,-1.4591227976990382,0.4212018329123328,0.2137727427797308,2.33491724083747,870.0758770186414,3.441116732722308,0.0664980212768595,3.0966313577821096,-0.0935308420707223,3.1985585629986737,-0.0015023123023656,3.2745111962952165,-0.0021189994918802,4,ok,0.200296896215408,0.1844950135276522,0.1926937905530776,0.1992564697018874,-0.0002978356815474,19.599278617191423,1.4592306876271741,ok,1.8487393293276848,ambiguous,1.3882788839634996,floor,1.7586979263622757,ambiguous
281,22,0.6996678405121893,0,8.452267528181286,7.002074912742332,0.4248805415402566,0.0289147975432457,216,35.27442029670433,9.636087707934385,9.196207686706826,0.4112525643973781,0.0,216,28.80623677041796,6.265090684375058,4.231643456551764,0.4524631116820871,0.0214435615121237,216,28.731096965295297,9.772115403548268,9.488805406623417,0.409369000972238,0.0,216,31.56382864492911,-3.370997023559325,3.5070247191732102,1.3198478753669818,9.044177618057834,-2.779086933682776,0.7279377854904343,0.2817210555688662,3.5070247191732102,892.8821348029154,3.339690089935913,0.0232056223100811,3.062433916174544,-0.0521411653434227,2.994228034472661,-0.1456458668015781,3.144469559010959,-0.0744962642135673,4,ok,0.2086371273768169,0.1818178961639878,0.1799462437457232,0.1921946608840867,0.0152812680246791,20.39632334734413,1.4592178492735044,ok,1.1852295068511858,floor,1.3882672647878675,floor,1.792665068332085,ambiguous
282,22,0.5657004419728286,0,8.542575686731496,7.149202007996409,0.4068603036249983,0.0158514844566697,171,35.26972588879323,9.500272654265665,8.913068934839371,0.4293737659805229,1.4149157612441954e-05,171,28.80117232339424,6.215604641603054,4.183699316797201,0.3999694970247233,0.0,171,28.72586058454904,10.708523891679658,11.772057891589158,0.4335014703169712,0.016301077623291,171,31.558740615844727,-3.2846680126626087,4.492919250076604,2.1659482049481618,9.02142417049858,-2.805819528895526,1.6870997211810774,0.3441240815212748,4.492919250076604,949.7869884258472,3.367394944850409,0.0686227215615966,2.9648358054256487,-0.1267095190900162,2.891688923534536,-0.2298473109907162,3.137287604208454,-0.0641091342690804,4,ok,0.2035154124493138,0.1822249299645075,0.184436881555277,0.1783742187925946,0.0084332896516336,20.486883187249486,1.4591332863656352,ok,1.1851719049620741,floor,1.3881977216096062,floor,2.7390146707380776,ok
283,22,0.3010912574216349,0,7.87777452509118,6.134475728869438,0.4150460414236872,0.0217153627576918,80,35.266538047790526,8.408792601309042,6.93233050853014,0.428111930838045,0.0,80,28.797699689865112,7.393068195950759,5.486644475162029,0.4130660121119399,0.0,80,28.72226927280426,9.41747059733672,8.744743186235429,0.4627178214611549,0.0387024263553308,80,31.555253291130064,-1.0157244053582826,2.0244024013859594,1.5396960722455386,8.14328356320011,-0.7502153672493517,1.2741870341366075,0.1789367584102155,2.0244024013859594,859.6071699284017,3.2124435660054145,-0.0287343960504142,3.275027487050569,0.2583671864587509,3.0293700139911848,-0.0325382959724565,3.2707043065334647,0.1264363224525619,4,ok,0.2078630979172885,0.2061262214556336,0.1921538851223886,0.1777744925580918,0.0148407745640724,19.822252910437157,1.459075873232173,ok,1.1851324165908053,floor,1.3881500369478417,floor,2.0804813734706085,ok
284,22,0.435011895227568,0,7.6577714747554335,5.831457938613562,0.4319880428179813,0.0342228591241886,116,35.27125621664113,9.715994328386849,9.366976546830143,0.5196283950256878,0.072334151094904,116,28.802730774057324,6.981509345001634,4.990578996724095,0.5881657832791517,0.1411759096461591,116,28.72749634446769,9.162797983395324,8.246692448854446,0.5023988619240606,0.0714664158039917,116,31.560344350749048,-2.7344849833852143,2.181288638393691,1.505026508639892,8.686882901571142,-1.7053735565695076,0.4759150818241835,0.2487941525205195,2.7344849833852143,897.9195227422592,3.308170570359885,0.0388213492210853,3.0925793606493777,0.0392903167551796,3.0128633573814123,-0.078210943697381,3.1587516840817425,-0.0134598642838814,4,ok,0.213239067073526,0.185701470886325,0.1786291744110399,0.1908607908749374,0.0208410945688856,19.601996934590915,1.4591608508359089,ok,2.3077421682560266,ambiguous,1.388219443770354,floor,2.0386606488844836,ambiguous
285,22,0.858566318658825,0,7.669880457002773,5.847739875555996,0.4731576320553076,0.0667016460594995,249,35.26762289024261,9.107104408603744,8.14161273561807,0.502902970713325,0.0578938740604453,249,28.798739391158385,7.011315688527796,5.024947965001485,0.5963310877834112,0.1493762810861896,249,28.7233798781552,9.69893792391886,9.330260994443933,0.5166936596254549,0.0839295000714384,249,31.55635217107444,-2.095788720075948,2.6876222353910624,2.029057466916085,8.38849243280326,-1.377176744275463,1.3104454911155994,0.2437369708436315,2.6876222353910624,890.2507603733416,3.37995459925464,0.0526907258203341,3.150943562503564,0.0223529168552225,3.092107204185503,-0.0589267255812719,3.3130368994045387,0.0833787951473099,4,ok,0.2119923022138067,0.1897074055061283,0.1862087867346154,0.1869439086820706,0.014641067125352,19.614300691425,1.4590954102704816,ok,1.1851442386176194,floor,1.3881647823934438,floor,2.6050828232863994,ok
286,22,1.626564128640391,0,7.49109706088269,5.611897189190332,0.4697013790953543,0.0638613928292928,553,35.26306305483496,8.273839592936678,6.720227249492142,0.5134115446351691,0.0669115298535136,553,28.79353191796522,7.308985606343614,5.381440720333975,0.5955018999829957,0.1485383746490476,553,28.718084938918487,9.79510222203976,9.539161953745008,0.5356998416057893,0.1010417432783579,553,31.55124770538716,-0.964853986593064,2.4861166156961447,2.304005161157069,7.882468326909684,-0.5734827205660702,1.9126338951300743,0.2426505457143144,2.4861166156961447,866.6235922289369,3.352825101585162,-0.0349344556939827,3.149453130694803,-0.0577950171946781,3.191089446014435,-0.0225762806602105,3.271446097750766,-0.0182187327052325,4,ok,0.2084241015247152,0.192411462751101,0.1827813271049133,0.191862568825106,0.0176364550329947,19.435761700918206,1.4590132987721494,ok,1.1850850328114428,floor,1.3880944892764562,floor,2.87094172717303,ok
287,22,1.5955433868042292,0,11.551141234256947,14.292694910308242,0.440397327087166,0.0406168526651526,538,35.25911445334055,11.829772666309715,15.239729785564665,0.5070050573425802,0.0613917821546441,538,28.789175544086444,12.288037480812806,16.935723246251783,0.4657968011204801,0.0318246569131936,538,28.713666104029542,10.825179487955047,12.092551587682674,0.4255493861652333,0.0104567608749785,538,31.546963390364525,0.4582648145030887,-1.4628579928577583,-0.7259617463019001,11.690456950283332,0.5975805305294735,-0.8652774623282848,0.1194859515257253,1.4628579928577583,1963.721690432068,3.3460956727717823,-0.0395789279130096,3.180050258999777,-0.0244869933750155,3.1483786707856893,-0.0631284791165347,3.1913773319095724,-0.0962193936579098,4,ok,0.2078857116373498,0.1949492809206912,0.1945168362328,0.1847152359105065,0.0069006600462204,23.4960174846442,1.4589422090334865,ok,1.1850355155509926,floor,1.388035841431098,floor,1.039685066480407,floor
288,22,0.4017942140985259,0,8.77706509388744,7.545821184558528,0.5132588140798455,0.1011780741230901,112,35.26344568388803,8.183843182234005,6.582400730678013,0.4956336689672193,0.0517650317988098,112,28.794201578412736,8.317534582565084,6.788181694490569,0.6006965255251805,0.1538068468685429,112,28.71869029317584,8.974828003632165,7.897375723080976,0.5603693873376098,0.1241748009816872,112,31.55180045536586,0.1336914003310791,0.6572934210670809,0.1977629097447248,8.480454138060722,-0.1629195554956375,0.4943738655714433,0.0746582573973644,0.7909848213981601,906.7764728809042,3.409754303506852,0.1430656410930746,3.092158865454566,0.0423291246143326,3.1538083939008743,0.0654885963359914,3.275898800911281,0.106326307248429,4,ok,0.1988340502471796,0.1972670531831681,0.190003075171262,0.19838058951843,0.0080474765439118,20.721709226722872,1.459020188276503,ok,1.1850926455639124,floor,1.3881025247135756,floor,1.0397389593728132,floor
289,22,0.443959441511126,0,9.579447476193254,9.077050415937563,0.6105148878741846,0.1964358382671682,121,35.29417870261452,9.086475715202516,8.103032326895343,0.5817166866038402,0.1300712381066331,121,28.82805103901004,9.407775110882609,8.725242599968082,0.6105865558450961,0.1639639648142183,121,28.75301007988039,11.522801195035177,14.199731076059262,0.609087251123208,0.1729171284973967,121,31.58510279064336,0.3212993956800911,2.1150260841525697,1.943353718841923,9.332961595697885,0.0748135151847222,2.189839599337292,0.2428284041743778,2.436325479832661,1270.61144606141,3.345549932299266,0.0730011586231933,3.079515742795944,0.0220665870577891,3.2233859587974134,0.1289991284276954,3.375906391892057,0.2005211514403142,4,ok,0.2299595847110117,0.1944642594345837,0.2013303032529748,0.1914074380905175,0.0108816188198229,21.52244350811199,1.459573982998878,ok,1.1854777873672333,floor,1.388558489310709,floor,2.5199993981564117,ok
290,22,1.3059679812627736,0,11.208168977520328,13.207386821234993,0.4805371833145848,0.0728356515612242,436,35.28265639838823,11.454624159619268,13.97855939012055,0.5366296642196904,0.0874967316691621,436,28.815069531082013,12.210171238579475,16.634782385935477,0.4776039424577787,0.0412689226287219,436,28.739978755285986,13.817217189071211,24.083617380999645,0.550611901630219,0.1149005558300215,436,31.57251101240105,0.7555470789602072,1.6070459504917365,2.609048211550885,11.331396568569795,0.8787746700096779,2.485820620501414,0.2530606344029768,2.609048211550885,2255.4342131114336,3.3606559975103165,-0.0090803922765614,3.160068795038369,-0.0237453283502655,3.182759767057412,-0.0122463909625936,3.3108774309145224,0.0390900953177757,4,ok,0.2101015326900219,0.1833448166437788,0.1923876984916422,0.2067257378062387,0.0043354761752582,23.151783128755802,1.4593662579809805,ok,1.185330004259899,floor,1.3883852642665664,floor,3.156824452384938,ok
291,22,1.1546305771591698,0,7.765342015610951,5.977701184302962,0.474843860889378,0.0680949001230606,379,35.28962711545597,7.493470103709311,5.614964442391509,0.4846680742486067,0.0426886301155169,379,28.822925758865075,7.638306626226435,5.805380136482319,0.5232643448479748,0.0800164402579426,379,28.747871258013483,9.396183503430343,8.701985400710697,0.4606031243860308,0.0370319714521258,379,31.580142471595305,0.1448365225171244,1.7578768772039082,1.6308414878193922,7.62940605966013,0.0089005665663046,1.7667774437702128,0.1936258160786829,1.9027133997210328,830.3429408977718,3.358513362357172,-0.0006004476993544,3.0877214095073136,-0.0822810576466404,3.16212054665201,-0.021887946509532,3.252485732220361,-0.0087648808717073,4,ok,0.1987534362950551,0.1990989918837761,0.1848354235114554,0.1863564534658335,0.0140907905779602,19.70858225101844,1.4594919125059698,ok,1.1854194288658682,floor,1.388490165352145,floor,2.1871978473996507,ok
292,22,1.230624620457207,0,10.31227467183036,10.745520751069233,0.4195800690559847,0.0250135925890468,410,35.29855903997654,11.030478511065686,12.67791545013102,0.4712769074425945,0.0318799401530942,410,28.83289740492658,12.48522292254427,17.722390114970324,0.457744198020946,0.0255191545145987,410,28.757855285086283,14.879105380018308,30.754632229339787,0.4808938562579481,0.0533756776569041,410,31.58983975852408,1.4547444114785844,2.393882457474037,4.566830708187949,10.671376591448023,1.8138463310962472,4.207728788570284,0.434242766372746,4.566830708187949,2457.771561459943,3.359804775398924,-0.0052699294856672,3.1706714571743326,-0.0070814653592194,3.2327283846724693,0.0425485164551777,3.262574244905796,-0.0045890839556284,4,ok,0.2115633937189491,0.196908688418022,0.2033804496704805,0.1973382315439422,0.000855591398005,22.25503564937142,1.459652983068781,ok,1.1855329840512616,floor,1.6308444794612904,ambiguous,5.034602134964689,ok
293,22,0.5258274788244242,0,8.563771087349302,7.1841784064707,0.423804130845926,0.0281185847555294,152,35.20074056324206,9.973735814741396,9.939706974907926,0.4293437439644765,0.0,152,28.723910005469072,7.6463956208843555,5.816203080509839,0.4361587184155072,0.0091593059933274,152,28.64761693854081,9.237998435192257,8.390731875833712,0.4043976020418717,0.0,152,31.48315389532792,-2.327340193857042,1.591602814307901,0.6742273478429546,9.268753451045349,-1.622357830160993,-0.0307550158530922,0.1940173555366006,2.327340193857042,978.678785220965,3.2749689487583145,-0.0148731834179227,2.964016538350182,-0.1159177320032949,3.0330254020459364,-0.0792654183045424,3.139451730690189,-0.05308709432534,4,ok,0.1997538221460816,0.196037187951764,0.1762107334982015,0.1817813822264342,0.0216847715507212,20.511772057878062,1.4578928734706313,ok,1.1842949811107493,floor,1.387160794136256,floor,1.03897533877425,floor
294,22,0.6740944677624838,0,10.191326394469373,10.45039339727192,0.4075522637584012,0.0163426527527787,209,35.21153797715475,12.108316403294085,16.249187136380865,0.5159642399127806,0.0691302098337489,209,28.73602893592068,13.230310721321846,21.03928962563784,0.5492483344882307,0.103644904269216,209,28.65992849067068,14.518941454890896,28.307019591901863,0.5282863658019261,0.0942934837615518,209,31.4949693999222,1.1219943180277632,1.2886307335690486,4.327615060421522,11.149821398881729,2.080489322440119,3.369120056009168,0.3443596612229535,4.327615060421522,2698.0138993314577,3.2966053377017146,-0.0173813651945766,3.2080623223074847,0.0967348763615962,3.2445583418170623,0.1072704017771069,3.2677213776523883,0.0512331309210694,4,ok,0.2076616585254669,0.2013929630651998,0.1975345128710475,0.2077503458521012,0.0069927979242858,22.13874989494385,1.458086741149285,ok,2.112127013027374,ambiguous,3.0834490117290336,ok,4.785411788884398,ok
295,22,1.5282217972556655,0,8.543528349760935,7.150770420164574,0.4386917495163756,0.039310052605648,508,35.20903579081137,9.551588207104516,9.01900900841698,0.44477679199207,0.0113829335470283,508,28.7331441744106,7.237143962049414,5.29315237395876,0.4565211826319211,0.0245711041311287,508,28.656988973692645,10.036961206137558,10.085469506152972,0.4701713971354457,0.0446512164134531,508,31.492175511487822,-2.314444245055104,2.7998172440881444,1.4934328563766233,9.047558278432726,-1.810414316383312,0.9894029277048322,0.2319308143091149,2.7998172440881444,967.2027413956528,3.330023403318248,-0.0513009712046015,3.1198850714242825,-0.0789959439706935,3.0934424267716727,-0.11356088973019,3.226171261184186,-0.0571103990164516,4,ok,0.2051266510127567,0.1906151399456375,0.1838471187190629,0.1902298716622896,0.0140237767601341,20.491085693371108,1.4580418051693036,ok,1.1843996069295206,floor,1.3872847794297671,floor,2.022661733110499,ambiguous
296,22,0.8112287225926186,0,9.399179760997464,8.707991092000157,0.476097830841914,0.0691342117941382,256,35.21656322479248,9.822916083704031,9.6004504035227,0.4607475867939483,0.0235938544738496,256,28.74156392365694,8.21064366215801,6.62314657215029,0.5609458591321628,0.1146557364057494,256,28.66555353999138,10.589229199078895,11.453096498735247,0.507801648649295,0.0761357967954177,256,31.50041923671961,-1.612272421546022,2.3785855369208875,1.1900494380814344,9.611047922350746,-1.400404260192737,0.9781812767281508,0.1910168401899215,2.3785855369208875,1115.5528771663085,3.433442922051848,0.1040770248545448,3.079688682851319,-0.0516350493304833,3.162772622730873,0.0095624463783541,3.3103358006006376,0.0785926622320007,4,ok,0.2213462610379792,0.1985869068303145,0.1900062755303224,0.1936699211946688,0.0199603084038244,21.34633442110534,1.4581770047637204,ok,1.1844950480686425,floor,1.387398134338023,floor,1.5791355712938784,ambiguous
297,22,0.9764188898337998,0,7.843905418377563,6.086821161754548,0.428982787438513,0.0319677134198723,315,35.21750256977384,9.642230082954558,9.209223399086603,0.4614259089741542,0.0241220204199175,315,28.74271142747667,7.046445458338006,5.065759246689932,0.4586936115733624,0.0262568644740668,315,28.66671849810888,9.053769890506391,8.042239253483121,0.4662600409973497,0.0415176619315538,315,31.501525957622224,-2.5957846246165523,2.007324432168385,1.209864472128828,8.74306775066606,-1.6966222923280547,0.3107021398403304,0.2281767468778777,2.5957846246165523,892.3637587324022,3.321067067366201,-0.0240231484606869,3.055359338030577,-0.0964094168245663,3.084957303038681,-0.0845324203547264,3.142806278303919,-0.1045340865559141,4,ok,0.21565011790584,0.1893399169638989,0.1874176084403953,0.2019521120048704,0.0150774089944741,19.791009819917218,1.4581938797839455,ok,1.9277946834333954,ambiguous,1.3874135567760026,floor,1.615021668406005,ambiguous
298,22,0.4933137875261112,0,8.534595183708689,7.136076849403111,0.4663107582547507,0.0610953080101515,141,35.205879076152826,9.739612122705092,9.418054781906994,0.4457770115973349,0.0121350364551069,141,28.72958549878276,6.31398091668526,4.279549870507937,0.4347558808252211,0.0081234242316208,141,28.653360826749328,8.880334772233,7.727401488216211,0.4705625124460617,0.0449659952452106,141,31.48870180008259,-3.4256312060198333,2.5663538555477405,0.3457395885243119,9.137103653206893,-2.823122736521631,-0.2567688809738904,0.2593469589957833,3.4256312060198333,851.3433266328582,3.367500772972577,0.0833541475454735,3.076946198060449,0.0044173210575686,3.00273070535908,-0.1036634989135643,3.137855973979415,-0.0490333783409204,4,ok,0.2095598343046421,0.1780802991690365,0.1954267704529119,0.182734774597359,-0.0016067037160726,20.48232136378497,1.4579851226375642,ok,1.1843592802673983,floor,1.3872367746192613,floor,1.0390369563121515,floor
299,22,0.8369142643465202,0,7.574833168031394,5.721149767306367,0.6087703015252287,0.194581868899859,263,35.221746335918006,9.883066320361053,9.734342709240352,0.528951474587427,0.0805884966995611,263,28.747340155191747,7.67837000197914,5.859182158803758,0.7843573822475057,0.3694871593505222,263,28.67142088422304,9.053885625976417,8.042453574590356,0.5956929754844574,0.1591113479318042,263,31.50609356550209,-2.204696318381912,1.3755156239972752,1.4790524579450208,8.728949744196223,-1.0505797422170833,0.3249358817801919,0.2263587541905403,2.308233152329657,954.1284694046122,3.458212037384854,0.1268008253872592,3.241815254255102,0.107832169483776,3.297998401520485,0.1426706899482126,3.2918142569827484,0.0580423351140155,4,ok,0.2018469673202518,0.1882533813497413,0.1975733568261558,0.1872747396561582,-0.0025231824911592,19.521710489965557,1.4582701273847045,ambiguous,2.6106923745100197,ok,1.387475819195694,floor,2.00515296052666,ambiguous
300,22,0.8367580792825227,0,9.303113265656338,8.517484002791987,1.0785390757821245,0.885431693311971,267,35.21694417660603,10.80851413595118,12.046237285217542,0.8081794481017227,0.3958381365577934,267,28.74188303858153,9.695257572169243,9.322357579116964,1.3448032434065795,1.3812280755075528,267,28.665877317221423,10.17458818670894,10.410193898258138,1.39286064524549,1.5153024363281975,267,31.500761124971653,-1.1132565637819365,0.4793306145396965,0.8714749210526023,10.05581370080376,-0.3605561286345153,0.1187744859051811,0.1312253766603513,1.5054008702948425,1323.961388894681,3.573132042716672,0.2405763841803549,3.307597376693137,0.1721262633474873,3.3141493144414014,0.1576367457251222,3.3847915424070143,0.1498844240129502,4,ok,0.2249351328287678,0.1845022823229041,0.2017058082176058,0.2134954971209001,0.0030128993582301,21.250247543588273,1.4581838483420553,ok,1.1844986661663404,floor,1.3874024206098199,floor,1.0391709514479963,floor
301,22,0.5822234450337958,0,7.187476573063077,5.232962918820355,0.4930077417440533,0.0834171381176629,177,35.2228094197936,9.879801230634689,9.727027037722916,0.4658956187994758,0.0276217252246393,177,28.74862251712777,6.465651462845167,4.431646863619487,0.4886467123783172,0.0503157238118012,177,28.672722800303315,8.157798768849299,6.543044543535696,0.5233053366743289,0.0898122238327239,177,31.507333572301487,-3.41414976778952,1.6921473060041317,0.9703221957862214,8.533638901848882,-2.0679874390037147,-0.3758401329995831,0.3113261978722718,3.41414976778952,822.923546169774,3.367829534465221,0.0664426333263796,3.0300808371769,-0.0648641353099486,3.048351758581094,-0.0758914785214406,3.139843190085065,-0.0641470930533922,4,ok,0.2029916849303043,0.1745357003252385,0.1883211750852859,0.1848490492014561,0.0004425175424854,19.13429700486985,1.4582892302780415,ok,3.031951697802726,ok,1.3874930599872224,floor,1.0392440140143098,floor
302,22,0.5615611998131312,0,7.540846399427109,5.67655225336199,0.3995650232868314,0.0107239223423978,169,35.22719592032348,8.979624579843641,7.906102817792159,0.5187736582804056,0.0715847407995,169,28.75351295245469,6.967177582896822,4.974137179244905,0.479120988618235,0.0424995118540785,169,28.67769024640145,8.55748752666528,7.173791541855716,0.4759877281120698,0.049359332878182,169,31.5121392244418,-2.012446996946819,1.5903099437684585,1.016641127238171,8.260235489635376,-1.2930579067385537,0.2972520370299047,0.1809471928058439,2.012446996946819,813.3718395125584,3.308542834746153,0.0106625999058063,3.111343350184239,0.0209578040019216,3.1588213252994497,0.0382085754891039,3.141250209602907,-0.0592617499416903,4,ok,0.1951315855971102,0.1932328775877783,0.1787322669912724,0.1841890939990797,0.0154499646011717,19.48743206729009,1.458368063307856,ok,1.1846305652928693,floor,1.3875588525508116,floor,1.0392974511724213,floor
303,22,0.1821619080194837,0,7.9780164743714685,6.277715751999303,0.392964812798214,0.0061648320587335,38,35.21655233282792,9.712734736037712,9.359948810778166,0.5760513671912175,0.124533049974099,38,28.74136513157895,8.610328991037472,7.261609642129195,0.4741839041310021,0.0385089908360762,38,28.665348655299137,9.61982033311667,9.161825870212756,0.46379518799721,0.0395564087289062,38,31.50028590152138,-1.1024057450002402,1.0094913420791976,1.6418038587452006,8.845375605204591,-0.2350466141671194,0.7744447279120781,0.1615875838345997,1.734718261666243,1059.7515217097182,3.3547110028566345,0.1699751356417365,3.1101358111490307,0.166862468424024,3.0442842201910327,0.0408109852023068,3.257175609957671,0.1688935262906152,4,ok,0.2114199486218,0.1954522883813632,0.1915607542583817,0.1784570766122717,0.0118753642431999,19.925171717231073,1.458176809097787,ok,1.8149572982884987,ambiguous,1.3873954220421727,floor,2.197641002832088,ok
304,22,0.8909633496069183,0,7.8569426240685,6.105120811247288,0.6021233698554946,0.1875667988929954,266,35.22388891349161,9.550288384667711,9.01631006643288,0.5559284444986415,0.1052998528668776,266,28.749531107737607,7.44813022567571,5.556649745182884,0.6591703486456982,0.2162684847389615,266,28.673647765826463,10.270245967898138,10.64203288949522,0.513545492096296,0.0811547121933717,266,31.508286583692502,-2.102158158992003,2.822115742222428,2.4133033438296376,8.703615504368106,-1.2554852786923956,1.566630463530032,0.2668125649339521,2.822115742222428,992.2926544705056,3.368386724968788,0.0361155626147375,3.261888072195304,0.1267868655549247,3.230909990846801,0.0746919639222043,3.265688526959647,0.0310636053014294,4,ok,0.2126081843013154,0.1978253488449897,0.2013075737968871,0.1965020706358932,0.0039091927762654,19.803705285296175,1.458308629070482,ambiguous,1.7336302837991882,ambiguous,1.3875053096580463,floor,2.9730144206435027,ok
305,22,0.5634341572768592,0,7.633155954682522,5.798499118398737,0.5139834049406609,0.1018268138566518,162,35.22085778507186,9.454419816231075,8.81945973119618,0.4978817553908862,0.0536508914079016,162,28.74620605986795,7.000632724904518,5.012602570616169,0.6973247318353779,0.2601508351887838,162,28.670269989673,9.051137763655996,8.037366573457364,0.5668853059133437,0.130458734822223,162,31.50500828542827,-2.453787091326559,2.050505038751478,1.417981808973474,8.5437878854568,-1.5431551605522813,0.5073498781991965,0.2257397063210231,2.453787091326559,873.8135512953187,3.3577020962193043,0.0630291492775194,3.090872777962003,0.0046574012700602,3.2134014158905813,0.0961092038693944,3.24476298349757,0.0474323888791596,4,ok,0.2090542275044653,0.198112199358918,0.173766579662944,0.1872679517133,0.0298166337687476,19.580080825022563,1.4582541615001097,ok,1.9658188653065374,ambiguous,1.3874605792795787,floor,1.9269079743639843,ambiguous
306,22,0.4512150156524247,0,7.4956655210474175,5.617803600407386,0.4798917363581294,0.0722953570299493,129,35.22369508965071,6.300756383008727,4.266538199066192,0.5169372146835735,0.0699787691587177,129,28.74943039768426,8.128580840982004,6.499172799346983,0.5401300110169478,0.0952227934008258,129,28.673544521479645,9.13826709214032,8.200242755949034,0.4072756802362495,0.0,129,31.50816457585771,1.8278244579732768,1.0096862511583176,1.6426015710929036,6.898210952028072,1.2303698889539314,2.240056140112249,0.2323382286099424,2.8375107091315943,806.6705963110277,3.2654392970634585,-0.0119634950948275,3.006672115139739,-0.0570883167982594,3.1228882299314145,0.0234759848470735,3.224102294814372,0.043902268587614,4,ok,0.1867015790338664,0.1841453173479368,0.1738071851432323,0.1934890308698942,0.0116162630476692,19.44243855519272,1.4583051459277332,ok,1.1845842546339445,floor,1.387503942325174,floor,2.1987300134441683,ok
307,22,0.4510876346187722,0,7.911373362159076,6.182118653326995,0.4433757601261725,0.0429110638818093,129,35.22600939846778,8.9895196595369,7.924136827158374,0.481297554856734,0.0399395952625574,129,28.75206351465033,7.11650930108577,5.148146891778754,0.7087035059635876,0.2737157396962184,129,28.676218905190165,9.078699721896916,8.088536920473556,0.4181844563430825,0.0051404791748912,129,31.51073954086895,-1.873010358451129,1.9621904208111456,1.1673263597378396,8.450446510847987,-1.333937209762217,0.6282532110489285,0.1796049133702952,1.9621904208111456,854.8151191209638,3.3214775572819173,0.0440747651236312,2.9762194797212853,-0.0875409522167132,3.127465858077897,0.0280536129935562,3.1720686227365205,-0.0081314034902373,4,ok,0.2001628109882044,0.1931043186102264,0.188832780043053,0.1830835392077764,0.0078007847561623,19.858022536012182,1.4583467377661041,ok,1.1846141224213471,floor,1.3875393632722157,floor,1.5360848229422586,ambiguous
308,22,0.5172944069572172,0,7.115485416392444,5.146933317184448,0.41256902845818,0.0199286223647237,154,35.23164808595335,6.997678581733079,5.0091940745130765,0.4202948545872624,0.0,154,28.758477904579856,6.117750766216865,4.090487563764894,0.4572503227373937,0.0251360096519634,154,28.682733449068937,9.420690904395975,8.751229845084152,0.4159031608504242,0.0035125814382008,154,31.51701549430946,-0.879927815516214,3.3029401381791104,2.305205488003532,7.056581999062761,-0.938831232845896,2.3641089053332145,0.3095972053917816,3.3029401381791104,706.0574361832885,3.2345584959785563,-0.0562747371552756,3.116780341055829,0.0355574246231844,3.0132064384827544,-0.1001104787716045,3.16940474438321,-0.0241171709954315,4,ok,0.2017061877028121,0.1829282362981663,0.1890133991595599,0.1914058857923978,0.0033038128409292,19.061832766930323,1.4584480939096038,ok,1.184686898454635,floor,1.3876256655448007,floor,2.8712774977253015,ok
309,22,0.6354701603562977,0,7.647756274709366,5.818025594757449,0.4023692308427055,0.0126839116648251,186,35.2406556119201,9.044624182165984,8.025321105475067,0.4971333532947373,0.0530221292255372,186,28.76830833188949,6.2667395158258845,4.233250336621397,0.4588347631345129,0.0263666720769431,186,28.692724002304896,10.44431189143259,11.07723040670477,0.4586353009962345,0.0354844089728076,186,31.52672688679029,-2.777884666340098,4.177572375606706,2.796555616723225,8.346190228437674,-2.0794507126117896,2.0981216629949166,0.3524430136906019,4.177572375606706,892.5361762299974,3.303537796554364,-0.0016094525905505,3.105035979626809,0.0052017396266981,2.958028802169,-0.1701075614782872,3.263990305096386,0.0562700670442657,4,ok,0.2066938326724114,0.1784579942343376,0.1825252187548465,0.1884280612832436,0.0100506946985279,19.59362134654841,1.4586100639026096,ok,1.1847984781519987,floor,1.3877580724210246,floor,3.328860472408922,ok
310,22,0.6493259123802336,0,7.363846837211909,5.4498516899166685,0.4393019078872987,0.0397769685861542,198,35.24708761350073,9.770383355461226,9.485021847065047,0.4603081763673416,0.023252128472788,198,28.77555284596453,6.520610829603605,4.48808509833885,0.492273555756642,0.0533321293596487,198,28.7000236703892,8.984977713569432,7.91585392482353,0.5098997666303579,0.0779625681270923,198,31.53377424105249,-3.2497725258576207,2.464366883965827,1.6211308763575225,8.567115096336568,-2.046504266732964,0.4178626172328634,0.2891053906338339,3.2497725258576207,860.4418431565617,3.287342637851568,-0.022544788697695,3.073464403786806,-0.0325330943353598,3.0943114205615383,-0.0387324969743523,3.2332769778917942,0.0208548750195993,4,ok,0.1972723487726967,0.1927483189248978,0.1836282597723031,0.1781458279324902,0.0113820740764941,19.30936742996066,1.4587257658505006,ok,2.7231978808869317,ok,1.387854859096242,floor,2.1750035314348213,ok
311,22,0.3711406347239452,0,7.585279244587221,5.7349274005040085,0.5097992361174954,0.0980932657941555,101,35.24258887413705,9.75653514712339,9.454825431993692,0.5421896268982032,0.0925612986860349,101,28.770506830498725,8.729411455838296,7.463476085426784,0.4504636425357193,0.0199128461179367,101,28.694944192867467,9.29896824665632,8.509358573668074,0.5772448394521166,0.1405990051387791,101,31.528863623590752,-1.0271236912850945,0.569556790818023,1.7136890020690974,8.670907195855307,0.058504259982989,0.628061050801012,0.177152458310152,2.171255902536169,1051.630875671854,3.434354214438702,0.1755035069493851,3.165845623062085,0.1262069226044682,3.1567111771590155,0.0765060940630353,3.3411086376519945,0.1793107484769063,4,ok,0.2234475099214233,0.1972821347489215,0.193955018747561,0.1921109066962605,0.0164098035876113,19.53104078521197,1.4586448364950084,ok,2.4489696090571713,ok,1.3877875062298097,floor,2.2780829754743515,ok
312,22,0.8207014904318839,0,6.801557052267448,4.788017237186432,0.4147728262851033,0.0215177600685692,255,35.235447124406406,7.437010995667896,5.542441266424516,0.5478989872099871,0.0978162778381048,255,28.76248005137724,6.928415346082728,4.929938874992669,0.4298032074221841,0.004492964769597,255,28.68680909848681,8.235253474541448,6.660783956097622,0.4525455429054825,0.0307371980840234,255,31.52100435892741,-0.5085956495851676,1.30683812845872,1.433696422274,7.119284023967672,-0.1908686778849437,1.1159694505737765,0.1346945819413944,1.433696422274,708.096309165861,3.2758256045891176,-0.053243548027368,3.11540710203288,-0.0155307978705314,3.0929103857692986,-0.059992567899914,3.078546214589239,-0.1529025776429411,4,ok,0.2046229020345444,0.1899597301494841,0.1796180194207266,0.1800842710131523,0.0176732966712876,18.747701015259338,1.4585163980294957,ok,1.184732317845242,floor,1.3876796728262302,floor,1.9478485990057135,ambiguous
313,22,0.6891098008111272,0,8.117201191382957,6.482165560767982,0.4248834524472217,0.0289169534572637,209,35.23562280755294,9.988868405540822,9.97440137703453,0.4455909903728943,0.011995032185343,209,28.76251904245769,7.419602035365651,5.520268521240453,0.5967746167276248,0.1498249522003216,209,28.6868500230415,9.140996518999067,8.205398013146871,0.4653857368027977,0.0408207991256555,209,31.52107669520036,-2.5692663701751712,1.721394483633416,1.02379532761611,9.05303479846189,-1.6334327630962395,0.0879617205371765,0.2253689373095152,2.5692663701751712,952.5884382790356,3.3363143079973883,0.0223276051010969,3.1219961832728726,0.0106687373269842,3.195448109614472,0.0581601695745161,3.2311744826935573,0.0146862359622383,4,ok,0.2096043515362237,0.1814504216589996,0.1904926004877501,0.1974885929821495,0.0050347861098615,20.063335748206764,1.4585195570024962,ok,2.045636951766886,ambiguous,1.3876802151829752,floor,1.0844424243038258,ambiguous
314,22,1.414908514548959,0,8.870322503943678,7.709607179245252,0.8309317855798812,0.4733519669750656,445,35.23782621233651,10.48158441277292,11.172707812169964,2.363687895617287,4.561740928111908,445,28.765049610780867,9.9189210679892,9.81504074455647,2.860853052469707,6.787208500224811,445,28.68942175447271,9.573084839006022,9.06376180755958,1.2363949335529774,1.1633484510821974,445,31.52355157230677,-0.5626633447837204,-0.3458362289831775,0.702762335062344,9.6759534583583,0.2429676096309005,-0.1028686193522769,0.1327154908441886,1.611261908829242,1276.7560835960203,3.442863275502816,0.0715777664625876,3.222792273210299,0.0369639590001389,3.3175198436613336,0.1209098667191264,3.345338452253668,0.0720145181927489,4,ok,0.2090944488145662,0.1927536752033099,0.1999129651972417,0.2004721887577115,0.0010110968116963,20.81633908411868,1.45855917893022,ok,1.5372586881469987,ambiguous,1.3877142995810035,floor,1.03942440378662,floor
315,22,0.8642603734586705,0,7.733412418400515,5.933913918399306,0.3653679280736642,0.0,189,35.24378904716048,9.543020399208755,9.001233750550204,0.4273912003897865,0.0,189,28.771694809040696,6.489852597077286,4.456411227347359,0.543828381396928,0.0986217861309184,189,28.69614478015395,10.3987686280955,10.961673515183586,0.4983092735294053,0.0679651834468766,189,31.53005573736928,-3.053167802131469,3.908916031018213,2.665356209694985,8.638216408804634,-2.148363811727348,1.7605522192908651,0.3354727260249771,3.908916031018213,936.435061505232,3.237475518432292,-0.0688848468906839,3.080122033347502,-0.0212895206431307,3.133484957139556,0.0040926419720763,3.157731127676885,-0.0511924215160926,4,ok,0.2041708552056834,0.1945558742634834,0.1896699037816789,0.1772185596366408,0.0096934609529044,19.679109682912525,1.4586664250588888,ok,1.9476792037267898,ambiguous,1.3878034242052364,floor,3.2079123792074857,ok
316,22,0.3335159108252412,0,8.293581463142628,6.75084515001582,0.5008560926050862,0.0902155908614472,87,35.24197111458614,9.419701940999234,8.749237266080133,0.4705795928755811,0.0313253971635179,87,28.7696823470894,9.02753021535727,7.993795274317949,0.4577334280880958,0.0255107948673565,87,28.69411216385063,10.040946645639346,10.09472900149466,0.5008581762862537,0.0701440239890274,87,31.528086125165565,-0.3921717256419637,1.013416430282076,1.7473651824967185,8.856641702070931,0.1708885132863393,1.1843049435684154,0.1443712353247998,1.7473651824967185,1112.2111751101484,3.483741785802562,0.2362040853478091,3.236767455276536,0.2118381162083618,3.225789656660502,0.157297044834761,3.3216295379075564,0.1710532181480482,4,ok,0.2265233985822776,0.1834114818223591,0.2080587410293091,0.1765292884203894,-0.0030913008269907,20.239376087202135,1.4586337248111882,ok,1.184814078284638,floor,1.3877764753524708,floor,2.314574768011314,ok
317,22,0.5913584048082562,0,7.261268462420735,5.322636970946955,0.397968950021693,0.0096144747271362,172,35.25023937225342,9.225278666647071,8.366192760162575,0.4689043740922785,0.02999652669883,172,28.77889711912288,6.434358806966491,4.399829838858095,0.4044377246969745,0.0,172,28.70341673562693,9.391085902992147,8.691777299309885,0.4195494872160792,0.0061188026842189,172,31.53709075617236,-2.79091985968058,2.956727096025657,2.129817440571414,8.243273564533903,-1.8089147575674112,1.1478123384582464,0.2787446005346496,2.956727096025657,839.17424016983,3.268847985956244,-0.0303663268860887,3.063789952035276,-0.0283301847287464,3.0036924868282138,-0.1183014475091792,3.15729108024623,-0.0445441745866439,4,ok,0.2001377623095069,0.1800615128216355,0.1799868691582666,0.1832590362187041,0.0101127684073046,19.206620226282386,1.4587824746192632,ok,2.180437708051365,ambiguous,1.3878998601891073,floor,2.7035117325330136,ok
318,22,0.8234512741447568,0,7.326580252170334,5.403286865124335,0.3921947183374845,0.0056378368190215,234,35.24907037131807,8.67075074860711,7.363343738592588,0.4296950437464574,0.0002471891002489,234,28.77766916486952,8.79120156140411,7.570423167485457,0.5075651597019334,0.0662952693744272,234,28.70216425056132,8.196949714598835,6.6022957013203545,0.431963456049876,0.0151622873743129,234,31.535864691449028,0.1204508127969994,-0.5942518468052747,0.870369462428501,7.998665500388722,0.7925360610153875,0.1982842142101128,0.1260743708659646,1.4646213092337756,926.3101383585196,3.193388917779421,-0.1291642393519798,3.052512422822154,-0.0699532705220939,3.172652586984078,0.0264957097278735,3.097399106944386,-0.1275863554742362,4,ok,0.2213451608251302,0.1814965850108454,0.1958765339297362,0.1860987532915722,0.0055443389882516,19.271994637694352,1.4587614400626907,ok,1.1849047797079353,floor,1.387883247990777,floor,1.0395614577604333,floor
319,22,0.6058604186114857,0,6.73653652428651,4.716867235399062,0.416154719913562,0.0225185491457859,186,35.27868032968173,8.058283439659123,6.394820285740719,0.589220606065748,0.1374902068989891,186,28.81042120533605,7.7290278462331985,5.92792615070138,0.6593825753058062,0.2165057448486866,186,28.735221770501905,9.363384171140597,8.636512722379418,0.4399080069842647,0.0210882064995405,186,31.567949571917133,-0.3292555934259242,1.6343563249073982,2.6268476468540864,7.397409981972816,0.331617864260382,1.96597418916778,0.221090375268038,2.6268476468540864,854.1960353002112,3.286368825973966,-0.0187784231709478,3.08527242991868,-0.0145618100814308,3.1894382323275834,0.0613018686802968,3.218927228598631,0.0112069905465106,4,ok,0.2269354979357411,0.1924218211963933,0.1953118919364867,0.1938488139740882,0.0143667676295804,18.68036391238542,1.4592946045117507,ok,1.185277110890633,floor,1.3883220584563776,floor,3.1732076286350663,ok
320,22,0.9906345080041588,0,10.902702665178882,12.310346196811402,0.4723632580477801,0.0660470084692046,319,35.27608314203244,11.223046971803283,13.252710075587688,0.4837115908695156,0.0419065615485789,319,28.807657809840475,12.352545088537424,17.189154251242133,0.4800646853921953,0.0432669835634111,319,28.732497182385675,13.705461438077569,23.471786372713908,0.5083554927610193,0.0766172813052323,319,31.5652707138779,1.1294981167341387,1.352916349540143,2.8027587728986845,11.062874818491084,1.28967027004634,2.642586619586483,0.265294597528007,2.8027587728986845,2238.36028564051,3.4414770568911948,0.0954301325516713,3.204795468853363,0.0517827855525188,3.214688273596501,0.0442080601473544,3.3195118524185,0.0712225116628491,4,ok,0.2073536679312166,0.1951821742339941,0.1982722721153105,0.207828111596242,0.0029956489672948,22.846669323701505,1.4592478077054953,ok,1.185245672105867,floor,1.3882858638973277,floor,3.335510293919787,ok
321,22,0.3564729567549488,0,7.23218362421404,5.287110198289156,0.5075118282321368,0.0960651060069059,96,35.270828445752464,7.959020560983045,6.250317171216011,0.5263972075946562,0.078312435131659,96,28.801830410957336,8.457122145350434,7.009906326731046,0.5572259038034459,0.1111289962169286,96,28.726645072301228,10.34990908702261,10.839042238891125,0.5059642026766469,0.0745421717764027,96,31.559585571289062,0.4981015843673892,1.892786941672176,3.1177254628085693,7.595602092598543,0.8615200527518914,2.7543069944240672,0.2867677012713805,3.1177254628085693,981.7479928129662,3.299886162357046,0.0448849183244592,3.132657136375001,0.0980235728334579,3.150948602876758,0.0747289084581681,3.2319723508822547,0.0739928117939703,4,ok,0.2136828097670028,0.1978673778939992,0.1824313702139382,0.1973783967550844,0.0233437236165627,19.176432017260833,1.4591531455596696,ok,1.185179389063068,floor,1.3882081390303582,floor,3.6256317841304826,ok
322,22,0.3236797028551916,0,7.704518536772619,5.894566256891597,0.4148386623284982,0.0215653640488031,88,35.27369568564675,9.362209184924902,8.63417642495849,0.4780980164790538,0.0373477636935852,88,28.805067669261582,7.383229813759754,5.474229256537828,0.679915503280031,0.2398218148652831,88,28.729916897687044,9.977782390142766,9.948972696607765,0.4599060754023317,0.0364830308746522,88,31.56274925578724,-1.978979371165148,2.594552576383012,2.273263853370146,8.53336386084876,-1.150134047089007,1.4444185292940048,0.2495262719804141,2.594552576383012,952.1682451082902,3.379217750492762,0.1308135475367438,3.123437250283742,0.0973812701379994,3.218511862682261,0.1491221520020196,3.1399857620021834,-0.0114500567337696,4,ok,0.2037570022300563,0.1951543312435123,0.1930692035027525,0.2108177771283821,0.0063864632340317,19.648613207372648,1.459204795183846,ok,1.65813490659765,ambiguous,1.3882515909588353,floor,2.8420099476469782,ok
323,22,1.5116467373384224,0,6.946794685056551,4.950846581833035,0.4162456732009118,0.0225845357019154,510,35.280768458048506,9.01929949059083,7.978659824997771,0.5024638209266794,0.0575210886096884,510,28.812860174740063,6.640128277507951,4.613312006931679,0.4358377147885137,0.0089219764140762,510,28.73772014543122,7.9742119214773854,6.272218688562805,0.4315860627443433,0.0148834728833635,510,31.570345100702024,-2.37917121308288,1.3340836439694348,1.0274172364208347,7.98304708782369,-1.34291881031574,-0.0088351663463051,0.2222594398910407,2.37917121308288,763.1829238032594,3.2572020051028945,-0.1244202799942608,3.098078492242924,-0.1011898714747228,3.0552058162396407,-0.1521059301104483,3.0593033281715347,-0.2242738347348818,4,ok,0.2005474480489889,0.1857283978704728,0.1842806769571467,0.1963872953665022,0.0088572460025841,18.890510090587377,1.4593322333056873,ok,2.3265654143007084,ambiguous,1.3883552523237523,floor,1.118630148038381,ambiguous
324,22,1.7102559925899008,0,7.037516784045038,5.05535523436436,0.5518356147630727,0.1369892932447747,579,35.29043724046882,8.178768581336563,6.574713884445876,0.5049797404038321,0.059661213928696,579,28.823752115015743,9.318043333943397,8.54681558744895,0.478739912927214,0.0421900259213732,579,28.748686409984845,8.126719715454655,6.496388240593497,0.8418847901590943,0.4618994877221756,579,31.580958163800016,1.139274752606834,-1.1913236184887417,1.0892029314096172,7.608142682690801,1.709900651252596,0.5185770327638544,0.1862307291754764,2.280526549898359,950.2943893265953,3.27193195868875,-0.1193110234738297,3.0897011375223573,-0.1220762177941918,3.1495882734335723,-0.0676838784598161,3.111249884275056,-0.181870216208972,4,ok,0.2097772613926975,0.1875869362954443,0.1917899046575776,0.1848660043291168,0.0068921941864933,18.98071355732604,1.4595065186680536,ok,1.185428837059492,floor,1.9436271656399446,ambiguous,1.3602662649302186,ambiguous
325,22,0.8448201543654581,0,6.373607095013915,4.338710866231457,0.5067535339872534,0.0953947675428086,269,35.30578063057258,9.254884269195852,8.423419444091259,0.4611820714999998,0.0239320703752548,269,28.84092467070512,8.009476282860321,6.323355932217991,0.5017693267446985,0.061335309150986,269,28.765947802802444,13.865483276723891,24.352767790117227,0.5020512318953992,0.071167685314083,269,31.59768864656469,-1.2454079863355307,5.856006993863572,7.491876181709978,7.814245682104883,0.1952306007554378,6.05123759461901,0.729593643202524,7.491876181709978,1416.1472692238133,3.2957404264257653,-0.0373810417783575,3.116181214462224,-0.0200255740983337,3.1247398580236734,-0.0323584991976741,3.324940502418164,0.0894721475249178,4,ok,0.1985530661329017,0.1998629350367532,0.1819557068682514,0.1867871046564836,0.017252293716576,18.315980469774363,1.4597832628848977,ambiguous,3.231355943478375,ok,1.3887305839506472,floor,8.954212424417223,ok
326,22,0.8775631379416673,0,6.644224080589716,4.617664843797684,0.4016293642024611,0.0121654537348763,276,35.30235890374667,6.151353615769088,4.122259823092516,0.4511363619574594,0.0161937125279947,276,28.83711396784022,8.725906063794513,7.4574543984903805,0.4982142092696536,0.0583210955364339,276,28.76209633592246,7.054454784004768,5.075110217799312,0.5146319462868862,0.0821103941627932,276,31.59396429338317,2.5745524480254254,-1.6714512797897454,0.4102307034150518,6.397788848179402,2.328117215615112,0.6566659358253659,0.2407401481134808,2.5745524480254254,757.0184470277982,3.206752413327584,-0.1283167840241743,2.99011931172586,-0.1486199469227829,3.1584367112268685,-0.0006781497952981,3.060106285282095,-0.1772940561966942,4,ok,0.1982885718318647,0.1939483097470972,0.1849111182534176,0.188844863406342,0.0112073225360633,18.58678112182438,1.4597215280437592,ambiguous,1.1855810188064746,floor,1.3886793407554534,floor,1.0402092849562385,floor
327,22,1.2682139293909993,0,6.273649676281102,4.239991321082127,0.4021972200961588,0.0125632908422632,401,35.29853867414289,8.4326740022031,6.970555673216347,0.4536819256805592,0.0181384773272805,401,28.832761469624582,5.667503280010255,3.6876553762286086,0.4253929081595614,0.0012950933280795,401,28.757716918526743,9.33587768796828,8.581985349369763,0.4573954021151741,0.0345127134499716,401,31.58973446510677,-2.765170722192845,3.6683744079580247,3.0622280116871776,7.353161839242102,-1.6856585592318467,1.982715848726178,0.3405598884709616,3.6683744079580247,739.3876866153499,3.191530946707883,-0.1718609189506308,3.0444891119317905,-0.1310757548301113,2.9619048571082263,-0.2265327505387646,3.2269997436621307,-0.0384943475569063,4,ok,0.2079207323250033,0.1760961226375769,0.1877546922450053,0.1902712400807555,0.0042537352362847,18.216411746766422,1.4596526157282592,ok,2.435885889860782,ok,1.388621085475087,floor,3.5751527354210126,ok
328,22,0.7612845343969405,0,7.418056917835397,5.518304888979864,0.367653775739712,0.0,236,35.29342127654512,10.006979215738935,10.01608315766868,0.4420963354142294,0.0093757272341019,236,28.827026714712886,6.274709843949685,4.241026482844757,0.403251487186305,0.0,236,28.75195796610945,9.140201403509042,8.20389588909634,0.4423451762943106,0.0229277617568857,236,31.5841507426763,-3.732269371789252,2.865491559559357,1.7221444856736454,8.712518066787167,-2.437808222837482,0.4276833367218753,0.3224862227651091,3.732269371789252,873.5202633958247,3.25716173690793,-0.066036684914958,3.0149186625791646,-0.1083860147337079,2.993109092300325,-0.1537158340552618,3.145725693357518,-0.0798998183870547,4,ok,0.2244204458291247,0.1947349425468404,0.1753419720236275,0.1720250849848834,0.034235722164355,19.361093590319616,1.459560324433239,ok,2.9242598655047085,ok,1.388544499321274,floor,2.2886442535707734,ok
329,22,0.8387973812945769,0,7.180772686132294,5.224891407214678,0.4433209147155389,0.0428686781039158,260,35.28943077967717,7.99784598592851,6.306444798066066,0.4324951057625243,0.0022856033617961,260,28.822532074268047,6.512474785760569,4.4796850204467775,0.4581621291414546,0.0258437055446327,260,28.74744577407837,8.518266312350198,7.109296564872448,0.4681504660670589,0.0430288937345755,260,31.57978354967557,-1.4853712001679416,2.005791526589629,1.3374936262179036,7.589309336030402,-1.076834550269833,0.928956976319796,0.1739384043820574,2.005791526589629,724.6347678122612,3.2841244235286884,-0.0464169723100016,3.1018930993649967,-0.0309590358555498,3.0463024647457453,-0.1081247173085628,3.126420504816959,-0.1064886312003974,4,ok,0.209229326620698,0.1960052585515838,0.1869894682787931,0.1883654586970806,0.0156278243073477,19.124023454496278,1.459488372754783,ok,1.185414946844585,floor,1.3884845090702587,floor,1.8186953254820961,ambiguous
330,22,2.2141617505692937,0,7.180588427447351,5.224669734769575,0.4643928963177435,0.0595395804515628,749,35.2873438999395,7.171094949938101,5.213261320848809,0.4869597429413117,0.0445686979264734,749,28.820139919326845,6.3644347442242815,4.329557127405073,0.4859229705837982,0.0480650837072269,749,28.745012102521788,9.877208703145469,9.721222206970085,0.4383611136488344,0.0199258967382915,749,31.577441351754324,-0.8066602057138192,3.512773958921187,2.696620275698118,7.175841688692726,-0.8114069444684446,2.7013670144527424,0.3445504700166577,3.512773958921187,756.5688484438829,3.284303111450904,-0.1264582286905948,3.06366436026242,-0.173491091290018,3.0628308945893856,-0.1746488118800644,3.168449963529969,-0.144030737391184,4,ok,0.2047337205043542,0.1870390163045699,0.1865200918759698,0.1825843834789477,0.0093662765284923,19.12395114731023,1.4594507503773282,ok,1.1853877145654486,floor,1.38845215877848,floor,3.2379303901429837,ok
331,22,0.9905587198819932,0,6.964795523365285,4.971409665420651,0.4061867444118258,0.0153741791706893,320,35.295724070072175,7.627414315415124,5.79083821233362,0.5144475585955105,0.0678106566402108,320,28.82952979207039,6.289917793691272,4.255903571844101,0.4532788694540953,0.0220700209251278,320,28.75446199774742,9.174541165223289,8.269021412357688,0.4507067225763932,0.0293162367541455,320,31.58660016059876,-1.3374965217238524,2.884623371532016,2.209745641858002,7.296104919390205,-1.0061871256989328,1.8784362458330823,0.2600043223796481,2.884623371532016,727.0111306884326,3.275718139115561,-0.0705660879016063,3.060575238733527,-0.0927459894867617,3.034527552101946,-0.1361983432234481,3.141253020021007,-0.1072717054083693,4,ok,0.2062016839627176,0.1965207006200216,0.1791702265036292,0.183068782906048,0.0221909657877404,18.907708633285065,1.459601851992788,ok,1.1854946278758622,floor,1.3885777967394815,floor,2.7818688089399863,ok
332,22,0.6593476155756809,0,7.370973384598845,5.458801955569024,0.4559195435413923,0.0527429232505687,204,35.30211117688347,8.648132803381756,7.325095318111718,0.5517418996094128,0.1013843457042085,204,28.83703946132286,7.081557955076681,5.1068816751826045,0.5028881436180358,0.0622883340487179,204,28.762021709890927,8.481055224817656,7.048643122116725,0.6886204974692063,0.26121688595093,204,31.593841234842937,-1.5665748483050752,1.3994972697409749,1.1100818402188102,8.0095530939903,-0.9279951389136194,0.4715021308273552,0.1547866140254129,1.5665748483050752,795.8564320101457,3.321696483967224,0.0095456611706032,3.073410359384865,-0.0355300444800601,3.202415920738885,0.0670286860425486,3.2148011060811,0.0001339009096592,4,ok,0.2092843695415877,0.1929330586400978,0.1967350054787946,0.1867448449427006,0.0043737086120481,19.313543722052845,1.4597170589571422,ok,1.185580169944541,floor,1.3886783479664953,floor,1.414651168444003,ambiguous
333,22,0.8405281011079051,0,7.088612056991714,5.115183354763502,0.4111620439076583,0.0189184870302823,267,35.297207250130754,8.523380599547204,7.117673461803336,0.5079688310541701,0.0622177282184517,267,28.83148904150345,6.824161914414951,4.8130036545603465,0.4652948097938301,0.0314283644174782,267,28.75645918256781,8.154258415675965,6.537712850374229,0.428134149005045,0.0123445414368292,267,31.588439791390066,-1.6992186851322533,1.3300965012610142,1.0656463586842513,7.805996328269459,-0.981834413854508,0.3482620874065061,0.1628348511098486,1.6992186851322533,754.0940237139048,3.2532181590289726,-0.0793374995073437,3.114924885680862,-0.0205462276647883,3.0582683192861424,-0.0982442494301367,3.0529664802289007,-0.1819406381651633,4,ok,0.2093054857314302,0.1841981305918666,0.2038474707177069,0.1944512761431686,-0.0070956625560584,19.03144557733073,1.4596286015050335,ok,1.185516942382728,floor,1.3886043573966589,floor,1.2901481388981564,ambiguous
334,22,0.5230689440835916,0,6.860994695621967,4.853996619775698,0.420440445055831,0.0256435090610749,154,35.298111358246246,8.845629310937671,7.6658961416839,0.5090594048170248,0.0631542325658831,154,28.832571723244406,6.875525391897891,4.870264400909473,0.5801255457234211,0.1332116161649965,154,28.757553212054365,11.585578484618583,14.406478932151549,0.4502629392399741,0.0289741666960228,154,31.5894785051222,-1.97010391903978,4.710053092720693,4.7245837889966165,7.853312003279819,-0.9777866113819282,3.732266481338765,0.4906051981556325,4.7245837889966165,1010.6940981339324,3.2529776903132164,-0.0378555428206155,3.042969763096321,-0.0382531533363232,3.1144095153071887,0.0010925980528297,3.218581873346752,0.0250599579681103,4,ok,0.2184724016719824,0.1895140584848531,0.1974673488165264,0.1926873241152082,0.0065258812618913,18.80377969807247,1.4596449082750251,ok,2.210638254214514,ambiguous,1.3886189080935563,floor,5.2011161643741515,ok
335,22,0.8936061282675993,0,10.362666770836274,10.87092944523618,0.4708998200949307,0.0648438801898885,281,35.29200534209662,10.674410866768408,11.67995277121398,0.5268335535156489,0.0787004748649984,281,28.825712054649703,6.807612595934474,4.794698019893144,0.4923093006506208,0.0533619689944833,281,28.75068031935505,7.591785882550032,5.743525958570297,0.505044870653273,0.0737469992900285,281,31.582810547852432,-3.866798270833934,0.784173286615558,-2.770880888286242,10.51853881880234,-3.710926222867867,-2.926752936252309,0.3669303693216044,3.866798270833934,924.0176759118287,3.3176189787332,-0.0188114426795618,3.2253600281076937,0.084850883116355,3.0807076283842463,-0.0798165217560256,3.123992442347324,-0.1147581210701629,4,ok,0.2050068392633755,0.1945724940040145,0.1909281132192586,0.1850749497629993,0.0088615534144364,22.305779413853678,1.4595347924413355,ambiguous,1.185451152860996,floor,1.3885275114212858,floor,1.0400847719241346,floor
336,22,0.5467712647381995,0,7.097284644243917,5.125408259577721,0.6316889831827447,0.2193604784386471,159,35.29419485128151,8.068814966288627,6.410346373821954,0.6305328478849906,0.1800375613652443,159,28.828208815376712,6.681837227288966,4.657830954347767,0.8598338575291236,0.4747054305667044,159,28.75318833117215,8.456793488796327,7.009375865354478,0.6637453784521369,0.2324367212943463,159,31.585222844057864,-1.3869777389996614,1.774956261507361,1.3595088445524102,7.583049805266272,-0.901212577977306,0.8737436835300549,0.1634255649632316,1.774956261507361,734.9075748969174,3.2898550022637023,-0.0034007418529329,3.0855531943405934,0.0011804885188779,3.197008475220988,0.0811835077018998,3.156085346705339,-0.0398394996597746,4,ok,0.2131628136168111,0.1904518932291546,0.1912255177051766,0.1789641185376629,0.0105818357178062,19.040279809674985,1.4595742742112463,ok,1.1854795841140804,floor,1.388560859597972,floor,1.8499377077230144,ambiguous
337,22,0.4080617585056155,0,6.347331890413363,4.312540523707867,0.4698183535750386,0.0639571787799377,112,35.28704186848232,7.446155119110037,5.554123238261257,0.4899626147757659,0.0470456556124188,112,28.820209673472814,6.493276374909415,4.459925842072282,0.5361314185606573,0.0915739759173366,112,28.74517777987889,10.692041546959445,11.727465248533658,0.4693858363232446,0.0440197693409305,112,31.57747183527265,-0.952878744200622,4.198765172050029,4.344709656546081,6.8967435047617,-0.4034671298522845,3.7952980421977447,0.4679880370359126,4.344709656546081,830.1484214203167,3.2120751561230967,-0.0546135062906807,3.085297736296785,0.0354679954565515,3.1209493385714504,0.0326295410065675,3.1703518796139933,0.0007793859511413,4,ok,0.2061523292213678,0.1883250877061592,0.1817185379830854,0.1866767860150762,0.0155201704806781,18.29071081215835,1.459445305659392,ambiguous,1.1853885085993179,floor,1.3884543609659814,floor,4.805281128421483,ok
338,22,0.8287246764590369,0,6.704291690691857,4.681975848144955,0.4771481298402565,0.0700068268676938,261,35.28362062242296,8.621520934616605,7.280347235814822,0.4161383006461589,0.0,261,28.81642047107448,6.419010387267351,4.384307825930731,0.4972871684611042,0.057538625097927,261,28.741389797108383,9.828929735028336,9.61375330143048,0.49003538667084,0.0609691496108535,261,31.57379884098681,-2.202510547349254,3.4099193477609866,3.1246380443364803,7.662906312654231,-1.2438959253868802,2.1660234223741064,0.3276292218576628,3.4099193477609866,824.3072755954504,3.283833566191556,-0.0469988785404891,3.029663870882197,-0.103566690988424,3.0993462245592847,-0.0553822833751578,3.1822269947717823,-0.0509708377300834,4,ok,0.2045392344252588,0.1883316601687235,0.189003227314273,0.1970213911142842,0.0074322199827181,18.647854125791493,1.4593836365593542,ok,2.11518506355161,ambiguous,1.3884040156533646,floor,3.632362381901675,ok
339,22,1.5960100105300083,0,8.291846755716865,6.7481491906624855,0.4093494530465504,0.0176222356182145,528,35.26657909335512,7.686149524953942,5.86968712576411,0.4512566608452667,0.0162853723655234,528,28.7973110964804,6.09089242132812,4.065268568130153,0.7027016423304421,0.2665334148747424,528,28.72197604901863,9.943217656930212,9.870104838501325,0.4493216303438178,0.0282497172847706,528,31.55503138267633,-1.5952571036258218,3.852325235602092,1.6513709012133475,7.988998140335403,-1.8981057190072832,1.9542195165948089,0.3165958826043726,3.852325235602092,778.2558976847565,3.3129754562522384,-0.071276623461741,3.0649203576210264,-0.1377673091413984,3.0343669443254107,-0.1756674551444086,3.1972021555511687,-0.0889835466013786,4,ok,0.2140323494800902,0.1967859765387732,0.1907691041247524,0.1887622809065788,0.0146400588846793,20.23632294093565,1.459076612406888,ok,1.1851279982118643,floor,1.3881461439712168,floor,2.209747418448525,ok
340,22,0.8538129886400763,0,7.184977225836637,5.229952236168257,0.3939084089901912,0.0068119683137692,262,35.2543695464389,11.288572340939137,13.454180012222464,0.4795270144474511,0.0385032075370932,262,28.783322516288464,6.760732463459197,4.743219757353076,0.4517415529604204,0.0208903825630082,262,28.70789380109947,9.550720241662097,9.017206681593684,0.4270489450757254,0.0115505709347845,262,31.54145794060394,-4.52783987747994,2.7899877782028994,2.36574301582546,9.236774783387888,-2.4760423199286894,0.31394545827421,0.4315632846420846,4.52783987747994,1043.7868463310576,3.33622996195762,0.0051075813326182,3.025368242209676,-0.1082392991692442,3.0483151488743765,-0.1067135326395654,3.199576004389219,-0.0339094205926073,4,ok,0.203885187501557,0.1873864023768492,0.1848362128442252,0.1992266621469086,0.0107995820949778,19.13010772062728,1.458856801117202,ok,4.475729102154478,ok,1.387959249930496,floor,2.9290812831547695,ok
341,22,1.4042032565193134,0,7.677764170815325,5.85836487290219,0.4816705252959442,0.0737861132015813,473,35.25479621161366,9.284930624333509,8.48189833073485,0.5232944196536713,0.0755624169183404,473,28.78399209391491,7.070400468489639,5.093778392729245,0.5771685644472381,0.1303101364495023,473,28.70853877319594,9.06606479216585,8.0650391369491,0.5819567302481302,0.1452719222802845,473,31.54204912165507,-2.2145301558438693,1.9956643236762108,1.388300621350525,8.481347397574417,-1.410946929084778,0.5847173945914328,0.2083247449725454,2.2145301558438693,868.0951849709858,3.372801892459356,-0.0031101235837001,3.209064395881647,0.0172206197109781,3.2233473654990568,0.0219475187913107,3.2634234508928825,-0.0144895963300175,4,ok,0.2034646721820624,0.1871931475388323,0.1950429755461896,0.1989517390696493,0.0002859343142577,19.62287180560834,1.4588644802351962,ok,1.5264611926060732,ambiguous,1.3879678068140648,floor,1.888314371537844,ambiguous
342,22,0.3523437320829827,0,7.4569538612403905,5.567950762235201,0.4024959109093227,0.0127727777784465,91,35.253584599756934,10.09212917113109,10.214401319786743,0.6686764315751492,0.2218805165934152,91,28.782738696087847,7.2639260709372735,5.325895086094573,0.5425357755242269,0.0974311781915342,91,28.707257805289803,9.392384349080949,8.694376340279213,0.585161873950484,0.1484722643531528,91,31.54079179449396,-2.828203100193816,2.1284582781436736,1.9354304878405568,8.77454151618574,-1.510615445248467,0.6178428328952066,0.2786753087439926,2.828203100193816,958.3217306890332,3.344606259217607,0.0936604279823072,3.192957951631424,0.1635973037909321,3.179958002306858,0.1079369180130616,3.271782486120279,0.1178255818694471,4,ok,0.1967106966690702,0.1826298369483633,0.1750266340325822,0.2160214643393244,0.0146436327761345,19.402126411201778,1.458842674072617,ok,2.972405269336865,ok,1.3879508124114004,floor,2.5109354638404717,ok
343,22,0.4519907706112032,0,7.170212994618554,5.212202731132507,0.4512542003080869,0.0490541763425966,125,35.24838977050781,9.608141585854488,9.13722161769867,0.5112406847640432,0.0650333809452519,125,28.776959945678712,6.96823207332904,4.975345073223114,0.5609670931471267,0.1146759348770822,125,28.70144644165039,9.399285731623554,8.708203575134277,0.4368863280876436,0.0188215800625883,125,31.5351609954834,-2.6399095125254464,2.431053658294513,2.229072737005,8.389177290236521,-1.420945216907481,1.0101084413870325,0.2742903633193416,2.6399095125254464,898.9295850639343,3.2877997888308848,0.0127851671353256,3.0699174928338304,0.0092622001650388,3.130522471494424,0.0335827235850305,3.2391450938531854,0.0613139356508041,4,ok,0.2241065772771835,0.1910140231847763,0.1784017129540443,0.1963802189230918,0.0291585872769356,19.11566383767934,1.4587491941505515,ok,2.7582241308983098,ok,1.3878737278892161,floor,2.7991835106300647,ok
344,22,0.765893171710428,0,9.98978378899192,9.976503951355111,0.4500468862021506,0.0481057688961177,233,35.30191590141329,10.574543463694829,11.41443308228587,0.5337025530236601,0.0848514034731331,233,28.836757758144657,11.72411748210713,14.873451040538084,0.5459017968682485,0.1005375083407402,233,28.761732355207844,13.91726905024886,24.64489118940329,0.5268697885178323,0.0930147182557372,233,31.59358193229708,1.149574018412304,2.193151568141728,3.927485261256938,10.282163626343372,1.4419538557637583,3.635105423905486,0.3757144539851034,3.927485261256938,2060.6521130559786,3.3466230890872186,0.0243946354226101,3.2706323639227253,0.1485888554690957,3.2875457499117475,0.1417250414579252,3.3741212075294444,0.1494578241549664,4,ok,0.2151412041338216,0.1894208927011285,0.2142278106139709,0.2037434746459318,-0.0119467621964958,21.93236460736093,1.4597135361520757,ok,1.1855769604946236,floor,1.3886744985661672,floor,4.391006473891518,ok
345,22,1.068248846807722,0,7.684802666007446,5.8678670669783655,0.4283767513708842,0.0315148510432716,343,35.306178735227,9.325785424822849,8.562065433135185,0.4433843853788158,0.0103387433656749,343,28.841528928662186,6.355314469015896,4.320474506814695,0.5418859738233247,0.0968337216997758,343,28.766535539321232,7.358386321734132,5.443003733026043,0.4803737589710237,0.0529479544613287,343,31.598239592838567,-2.9704709558069524,1.0030718527182358,-0.3264163442733139,8.505294045415148,-2.149979576399252,-1.146907723681016,0.2575096204149917,2.9704709558069524,747.4100267645567,3.2919791072861373,-0.0595676154832678,3.1070682874247777,-0.0530953259892594,3.1115424553033963,-0.0646317554097213,3.033814479978849,-0.2199302069693791,4,ok,0.2085655773324626,0.1902131399699098,0.1834983668743521,0.1790518561709378,0.015890991776834,19.627154670375127,1.45979044617156,ok,1.6200316014399179,ambiguous,1.3887384045822595,floor,1.0402570299254252,floor
346,22,0.9825367848894824,0,7.538786118375892,5.673859951280731,0.4505783436993067,0.0485229430874003,321,35.307820186436736,8.573485982175688,7.200266950227018,0.4324504242595824,0.0022529717689341,321,28.843319509631005,6.888613431304096,4.884963725771859,0.4754567823931655,0.0395338717475202,321,28.76835029815959,7.368387050010275,5.4555520673407205,0.505903774061154,0.0744898598878673,321,31.59999913961345,-1.6848725508715925,0.4797736187061794,-0.1703990683656169,8.05613605027579,-1.1675226189716934,-0.687749000265514,0.1475332938331051,1.6848725508715925,732.2837575811463,3.3162013660743925,-0.0303194232052455,3.0292434906760413,-0.124385319763471,3.0508562531320385,-0.120114557510242,3.02974678297358,-0.2190125926987693,4,ok,0.2087753367874295,0.1916798882627413,0.1906616322905103,0.1873701192276128,0.009565980234575,19.481050005761148,1.4598200655392126,ok,1.1856517306136898,floor,1.3887625538883395,floor,1.0402766828511767,floor
347,22,1.2277659917656358,0,7.079489351466738,5.104449777290075,0.4679205870424686,0.0624061154865189,396,35.32003168626265,7.709919685544064,5.90190165632903,0.4606523240702889,0.0235197417282841,396,28.85716976782288,6.358546521851542,4.323691033805259,0.6099945452749738,0.163351299457835,396,28.782340911903766,8.776025417761916,7.544014974374964,0.5019613265030429,0.0710904601590249,396,31.613435095006768,-1.3513731636925224,2.4174788959103743,1.6965360662951785,7.394704518505401,-1.0361579966538592,1.3813208992565151,0.2085417210773086,2.4174788959103743,713.889059887691,3.3115320978272056,-0.0509084612027272,3.13761141105777,-0.0367165508786313,3.062674476887273,-0.124778233329494,3.1815184702638377,-0.0830320032825939,4,ok,0.2084113481181739,0.190144237121473,0.1887089311606203,0.1860367566949189,0.0105688614592031,19.02109752862413,1.4600404927991204,ok,1.1858096341445852,floor,1.3889488043607379,floor,2.2613446660498764,ok
348,22,0.5345383746943924,0,7.107288085088232,5.137227616002483,0.3928875078303196,0.0061118836235249,155,35.31136622275076,8.683831920036457,7.385555941058743,0.4553486263792212,0.0194177344375743,155,28.847271925403227,6.447698259775757,4.413364791101025,0.5174880195880811,0.0749193037171991,155,28.772344823037425,7.821036726988591,6.05485396077556,0.6558328908971197,0.2235040346738526,155,31.60386096585181,-2.2361336602607,1.373338467212834,0.7137486419003594,7.895560002562345,-1.4478617427865874,-0.0745232755737532,0.1931512072971804,2.2361336602607,725.814436177669,3.25133075521737,-0.0399932119507866,2.9734110595280128,-0.1084499175223725,3.018019262510434,-0.0958057166819039,3.1349688361307524,-0.0590398469139863,4,ok,0.1985562042603569,0.1846104266182069,0.1867453145644357,0.1812053956331745,0.0048380008748462,19.049361594587484,1.4598840606191354,ok,1.430008232805444,ambiguous,1.3888157175815377,floor,1.040319822834198,floor
349,22,1.1666711468102835,0,7.409117099277257,5.506957311134834,0.5229986392104566,0.1099748517294663,385,35.314344292182426,10.1966146754512,10.46312629619202,0.5223711811678595,0.0747472839409435,385,28.850575444605443,6.780122064319868,4.764443777288709,0.5508738946546824,0.1051611556522553,385,28.775686239267323,9.531374837349873,8.977129367110017,0.4523564492981908,0.030590807786176,385,31.607093394886363,-3.416492611131331,2.7512527730300045,2.122257738072616,8.802865887364227,-2.022743823044359,0.7285089499856454,0.3185630753603104,3.416492611131331,942.4246998370468,3.318499864358455,-0.0418048310759111,3.113640416917937,-0.05791045936743,3.1057430127741785,-0.0794984161339331,3.2045247028044965,-0.0579071703091207,4,ok,0.2076986033614579,0.1821710972526631,0.1950305711526375,0.1860707278375502,-9.57208455769909e-05,19.3510307043223,1.4599378142933384,ambiguous,3.1345391050220277,ok,1.3888601972719454,floor,2.697793515495273,ok
350,22,0.4777295948184044,0,6.836114823622349,4.82626853327253,0.480890054168233,0.0731313418051053,134,35.28068243567623,7.155352028773926,5.19439776352982,0.5389630044944985,0.0896158131341078,134,28.81290726163494,7.154091228909314,5.192889997318609,0.4846752291452323,0.0470382708421575,134,28.73782009864921,9.238815760407324,8.392311127328162,0.4728865523779444,0.0468418359146611,134,31.57040480713346,-0.0012607998646121,2.0847245314980096,2.4027009367849743,6.995733426198138,0.1583578027111762,2.243082334209186,0.2450050848244915,2.4027009367849743,763.5344219723744,3.21582701640816,-0.0644589422901411,3.0742245098178875,0.0067153364132339,2.999781607707805,-0.1026156090259,3.142253781156052,-0.0408061083560915,4,ok,0.1951212940264993,0.2008987261788613,0.1696528929160602,0.2010447013455985,0.0283571171866201,18.779834842549207,1.4593306830762478,ok,1.185305398205341,floor,1.388356580408473,floor,2.964514308161489,ok
351,22,1.390780801866487,0,7.283444405786308,5.349884925591971,0.5165299033692612,0.1041140015366604,461,35.28683959894739,8.682193180065912,7.382769646716997,0.462405348873695,0.0248860183582555,461,28.81986655692475,7.0433365258543645,5.062134179272517,0.6851019073735026,0.2458243092639842,461,28.744817142114204,10.00598465931237,10.013789686360225,0.5220103319680401,0.0886541061033305,461,31.577167477887,-1.6388566542115477,2.9626481334580053,2.722540253526062,7.9828187929261105,-0.939482267071746,2.02316586638626,0.2849574821730541,2.9626481334580053,883.4972778166969,3.328995551704027,-0.044968139307794,3.1046737563776023,-0.0846367749271364,3.2706392744688264,0.0712565484862524,3.27671379798884,0.0007333284188417,4,ok,0.2015017678399536,0.1910081677251937,0.1947031509527156,0.1821038942388107,0.0015518168298579,19.22683417778048,1.459441659393974,ok,1.1853846028205284,floor,1.3884495673837678,floor,3.2618354835492647,ok
352,22,0.3683717190155463,0,7.903124608626585,6.170387816878985,0.4059319775306454,0.0151938494629653,106,35.28086601113373,8.809325525499322,7.60208204782234,0.447335832338103,0.0133105408382545,106,28.813238197902464,5.456251377588037,3.5125712128180377,0.4534432791355498,0.0221964156164462,106,28.73818841970192,10.595819952005243,11.470490649061382,0.345866444771271,0.0,106,31.57073486975904,-3.3530741479112844,5.139568574417206,2.6926953433786585,8.356225067062953,-2.8999736894749155,2.2395948849422904,0.3998807032795058,5.139568574417206,850.2232012748718,3.1655291986439664,-0.0969849336760462,3.0888914944909733,0.0444895476574696,2.95105362345764,-0.1329442406336238,3.169807526548898,0.0043758222519048,4,ok,0.210300216837874,0.1785926803032744,0.2130107683533767,0.1878266747127164,-0.0185643197828025,19.84683478234929,1.4593339913407877,ok,1.1853091639969344,floor,1.388361474371968,floor,3.234129247414564,ok
353,22,0.7154449728476883,0,8.052973927463853,6.38700700900405,0.3920447193952964,0.0055353090138683,207,35.27938507374934,8.101453906179039,6.458704136419987,0.4506554303924379,0.0158275184619667,207,28.81152848690604,6.3373936819865495,4.302683174034248,0.4773393639590966,0.0410547029527819,207,28.736454572078685,9.921447575367536,9.820752303957365,0.4400754757127901,0.0212142853228074,207,31.56906466092465,-1.7640602241924892,3.584053893380986,1.8684736479036823,8.077213916821446,-1.7398202348348963,1.8442336585460897,0.2932346755427581,3.584053893380986,808.519031477723,3.2423861998453414,-0.0708714768223703,3.0301777511806884,-0.0802018026419304,3.0444403094536656,-0.0920928623154488,3.2054082825456542,-0.0103568303270193,4,ok,0.2037481168905894,0.1879374696040787,0.1896905053568923,0.1993493911616756,0.0061522878904417,19.996763522373836,1.459307303809512,ok,1.1852897095282802,floor,1.388338437155866,floor,2.4431250812417513,ok
354,22,0.1942681709057613,0,7.976230956618933,6.275135321087308,0.4599881571855045,0.0559908254805281,45,35.32417314317491,8.050983394763358,6.384080277548896,0.4568004537964232,0.0205358908540504,45,28.86177546183268,6.36846170339536,4.333573534753588,0.5492989454352216,0.1036920443625357,45,28.78700408935547,9.32618976862002,8.562862629360623,0.5424496236745058,0.107267650233761,45,31.617947006225585,-1.6825216913679988,2.957728065224659,1.349958812001086,8.013607175691146,-1.645145472295786,1.312582592928873,0.2343044505189865,2.957728065224659,769.2722930590311,3.273259359742082,0.0757044390543466,3.0618059768550867,0.1018650859153158,3.0800730005121264,0.0633280690545894,3.2387109408559374,0.1377134139872664,4,ok,0.2129100779692332,0.1936789709660742,0.1806854983170827,0.2206244473656018,0.0226090261505709,19.917616686301038,1.460115279558736,ok,1.1858621672498841,floor,1.3890109125578345,floor,1.8374570275696223,ambiguous
355,22,0.6405699028036437,0,7.110364429348859,5.1408678831592685,0.4109032146368897,0.0187330380416061,186,35.32290021834835,9.823556171917472,9.601865477459404,0.4537616148364467,0.0181995350471815,186,28.86025245215303,6.605350436278277,4.576516617369908,0.5451902698126104,0.0998792747549659,186,28.78546929103072,11.76458576652407,15.012692066930956,0.5049568480851974,0.0736709403881139,186,31.616494076226346,-3.218205735639195,5.159235330245792,4.65422133717521,8.466960300633165,-1.861609864354888,3.297625465890905,0.4883655931950887,5.159235330245792,1080.498726028268,3.2258171997496787,-0.0793300493952351,3.0894525534265123,-0.0103816865735981,3.1129762541105666,-0.0151601095367199,3.235772501716702,0.0280522636645814,4,ok,0.1966846677004009,0.2072472318366009,0.1850883701155262,0.1981495490237589,0.0168775796529746,19.05181853447123,1.4600922913531802,ok,3.057080004737593,ok,1.3889904691682995,floor,5.127295659814547,ok
356,22,3.4870211523025763,0,7.342888757750158,5.423615282125777,0.4226222824319817,0.0272467066541264,1223,35.32928409404864,7.382500102925407,5.473309542152205,0.4605306253399735,0.023425084522503,1223,28.86682802014729,6.891664548266697,4.888396841575158,0.4764379019610472,0.0403257128852427,1223,28.792152328366445,9.571377146660971,9.060198540094929,0.7745850493349001,0.3688283761600166,1223,31.623186696287267,-0.4908355546587097,2.679712598394274,2.2284883889108134,7.362694430337783,-0.4710298820710852,2.208682716323189,0.2673601532470202,2.679712598394274,779.4156515522756,3.2733411331623987,-0.1745955981471212,3.049643886058264,-0.2358476322723222,3.079540418931594,-0.1964273481998035,3.2034787654461185,-0.1458768557565077,4,ok,0.1996630715573311,0.1913219734886242,0.1868891102503239,0.1934375681656238,0.0086034122726537,19.283999919146822,1.4602075945958748,ok,1.1859198115126484,floor,1.3890794983594952,floor,2.8006946505807453,ok
357,22,1.773973407142243,0,7.075410826067477,5.099658361223877,0.4369485417177705,0.0379796604280828,610,35.34447596190406,6.865952992565169,4.859541544171631,0.480570896391656,0.0393494379949899,610,28.88388363259737,6.579631957643174,4.549495038732154,0.4843538306021977,0.046774207615291,610,28.8093421498283,8.82783963370979,7.634559135163417,0.455671115960104,0.0331657814777595,610,31.63980380824355,-0.2863210349219951,2.248207676066616,1.7524288076423122,6.970681909316323,-0.3910499516731489,1.857157724393467,0.2217031430913069,2.248207676066616,693.7094489232439,3.272097353139511,-0.1231000364833048,2.9909228238545835,-0.2259961183306038,3.100442867497147,-0.1209233226680575,3.146081137661074,-0.1509614087011326,4,ok,0.1981512803889689,0.1925013954888601,0.1948383858641151,0.1933073930320192,0.0004879520747993,19.015705549980886,1.4604821307484264,ok,1.1861145072520152,floor,1.389308634707062,floor,2.322721197849847,ok
358,22,1.0030560652810323,0,7.397667625946812,5.492458227314526,0.4488076810148335,0.0471349517501733,316,35.35137201864508,7.30468537326714,5.3761148418806775,0.4942715887768453,0.0506265710814288,316,28.891578257838383,6.921108655368341,4.921651582551908,0.4965956681673772,0.0569559119986573,316,28.8171590853341,9.181348518674351,8.281992862118951,0.5168236732228605,0.0840444584005513,316,31.6473280085793,-0.3835767178987987,2.260239863306012,1.7836808927275412,7.351176499606976,-0.4300678442386347,1.8301720190673767,0.2200666210385875,2.260239863306012,755.092518174007,3.333841582267344,-0.0114889448339865,3.045496762009664,-0.1065844495929146,3.151889809243297,-0.0178487108572307,3.2722670417589104,0.0246883079456003,4,ok,0.2066337122475799,0.1982350157267308,0.1898278604273366,0.1889747082715547,0.0126065035598187,19.337591592318667,1.460606819115926,ok,1.1862023994099975,floor,1.3894128990278625,floor,2.3562716611543246,ok
359,22,1.1243145242197328,0,7.231679456168745,5.286496458670521,0.3898742743205637,0.0040561483509473,371,35.32421068875295,8.671304465905012,7.364282610924096,0.4742606117154761,0.0342620198352581,371,28.86164320768372,6.310881204393205,4.276496495198047,0.4467156624530105,0.0170618032793754,371,28.786878102551896,12.20918035851241,16.630987450761616,0.4167872230796279,0.0041423780047775,371,31.61788224274257,-2.360423261511807,5.898299154119206,4.977500902343666,7.951491961036878,-1.6406107566436736,4.257688397475532,0.5824712984915208,5.898299154119206,1035.3963973025748,3.229230935876043,-0.1282653591024529,3.0649257346884213,-0.1029736122462199,2.9864534376915994,-0.1958804256546584,3.1904502198708826,-0.0691959517430351,4,ok,0.2049173709215982,0.1875600523624137,0.1800399347738114,0.1993163266291997,0.0161987768681945,19.173063169032883,1.4601159576297134,ok,1.185860658571227,floor,1.3890092343635807,floor,5.476636041468762,ok
360,22,0.3577856720256962,0,7.5209682065500125,5.650629346569379,0.500804485493768,0.0901705366992831,96,35.3262984752655,8.69542699169244,7.405300716559092,0.4431534134689,0.0101658500652284,96,28.86390556891759,7.085533999753892,5.111559258773923,0.7139955484716201,0.2800993091534685,96,28.78916923205058,8.891191787960471,7.746743542452653,0.4679372313490541,0.0428581250013067,96,31.6201234459877,-1.6098929919385476,1.8056577882065792,1.3702235814104586,8.108197599121226,-1.022663599367334,0.7829941888392451,0.1729416661872517,1.8056577882065792,821.0847087564567,3.3210471242912587,0.066045880258672,3.0425143017160976,0.0078807381745544,3.155372220387923,0.079152525969333,3.053766239714226,-0.1042132993740585,4,ok,0.203376967071866,0.1740823271684348,0.2011346338549628,0.1828177930631985,-0.0124049867348124,19.462239766369265,1.4601536649117828,ok,1.1858864676758445,floor,1.3890397548015136,floor,1.8657668947357688,ambiguous
361,22,1.0700679113211724,0,6.633570489096635,4.606351224360643,0.3823685614399618,0.0,351,35.33936741277363,7.862563634012689,6.1130276955770295,0.4289951396907739,0.0,351,28.87797100251896,6.038933156285548,4.016921231210062,0.4636778410451023,0.030154768154426,351,28.80336214266612,8.894848365690894,7.753268722795013,0.4259018476162869,0.0107135078332794,351,31.63410300882453,-1.823630477727141,2.855915209405346,2.261277876594259,7.2480670615546625,-1.2091339052691144,1.6467813041362316,0.2576094485050622,2.855915209405346,706.4202315497857,3.182111598796024,-0.1711831701319996,2.994351803292198,-0.168084649040261,3.001545985201464,-0.1764379954825652,3.0780064013027624,-0.1774722031839806,4,ok,0.2064680639877278,0.1894798847154165,0.1870373976111751,0.1826374924547991,0.0109365767403969,18.57413980655519,1.4603897898674776,ok,1.1860469933853468,floor,1.389228899835123,floor,2.832278457515485,ok
362,22,0.8972080155162842,0,6.746133918509125,4.727302480003108,0.4625712830130324,0.058067864736192,276,35.34579488505488,6.981295560983728,4.990333338578542,0.4618172755183932,0.02442710590785,276,28.885257320127625,5.703726471215502,3.7185416234576185,0.4817233697063809,0.0446195865374976,276,28.810682614644367,8.79478089271753,7.576665066290593,0.522080213820755,0.0887165279305146,276,31.64114846353945,-1.2775690897682264,3.091054421502028,2.0486469742084044,6.863714739746427,-1.1599882685309248,1.9310661529711028,0.2708755627504423,3.091054421502028,645.8693324502395,3.29288690065008,-0.0421822967016787,3.051104342907629,-0.0876349157410127,3.015309032887605,-0.1438058281345617,3.18204842383205,-0.0553519176467394,4,ok,0.1996288662506402,0.1816023559970916,0.1771392294516166,0.1813601423054933,0.0134763816722493,18.686357739544334,1.4605059750619105,ok,1.1861301957278843,floor,1.3893265112270756,floor,2.6264716784840374,ok
363,22,0.5148690725528019,0,7.764198605170131,5.976127582391103,0.3941763800953859,0.0069960309756404,150,35.345645090738934,6.867414825872658,4.861177539030711,0.5204737204533554,0.0730765232171106,150,28.88514761606852,7.774245461467462,5.989968605041504,0.5651634624485835,0.1186826610692481,150,28.81058097839356,9.039022798987032,8.01497699022293,0.4442351282226852,0.0243612784025972,150,31.64102670033773,0.9068306355948036,1.26477733751957,1.274824193816901,7.315806715521395,0.4584387459460668,1.723216083465637,0.1832396962927035,2.171607973114374,794.4229431811968,3.3324740733941574,0.0436361697218408,3.064662892941209,-0.013965662677307,3.187664223949024,0.0764130915846821,3.20512398500464,0.0135812717948766,4,ok,0.2050399124622345,0.216541234900554,0.1844016258915265,0.1907828387121359,0.0263889477898677,19.70443047904585,1.4605032669089095,ok,1.1861289427902222,floor,1.3893251557571142,floor,1.7269580532787383,ambiguous
364,22,0.3985669466216266,0,7.631974494455807,5.796921901874714,0.4178051868938395,0.0237182053324638,111,35.3367932981199,7.626720157980396,5.789912703874949,0.5704572313403852,0.1191176309393633,111,28.87519759100837,7.22630244550039,5.279955284552531,0.4319622980053602,0.0060705295094674,111,28.80064077635069,9.36814528649857,8.64598601358431,0.4658164053245126,0.0411638993477441,111,31.63142035888122,-0.4004177124800057,2.141842840998181,1.7361707920427645,7.629347326218101,-0.4030448807177107,1.7387979602804702,0.2078937277877158,2.141842840998181,803.0489675574474,3.293264718553077,0.02725604404807,3.1262576609617563,0.0773120517993346,3.0706983080599146,-0.0169174911054925,3.173005120186461,0.0041071184157046,4,ok,0.204922060540936,0.1873642772369019,0.2058320267646162,0.1970774541768404,-0.0096888578756972,19.572682155468097,1.460343269624155,ok,1.186015331950916,floor,1.3891926223343938,floor,2.3049999191526944,ok
365,22,0.4625124653439409,0,7.898400196697159,6.163679096236158,0.4786945281958973,0.0712951137170525,134,35.33495891627981,8.260468152325396,6.699568242279451,0.46364901394137,0.0258584557733647,134,28.873154554794084,6.835296704799223,4.825359452126631,0.5094531486087455,0.0679232732358248,134,28.798593350310824,8.331820830101776,6.810548390025523,0.5370968239947567,0.10232390335368,134,31.6294317103144,-1.4251714475261732,1.4965241253025532,0.4334206334046167,8.079434174511277,-1.2441374697120544,0.2523866555904988,0.1288358404598086,1.4965241253025532,755.3863184082863,3.395499936588603,0.1152139778903023,3.0989471433786444,0.0314379699739908,3.1076300091237705,0.005232792390065,3.188808655945245,0.0057487664331024,4,ok,0.2192663658243506,0.1790334372989722,0.1801975755882797,0.1826584886259107,0.0189523259733817,19.839206436928126,1.4603101216814145,ok,1.1859920113839826,floor,1.3891653321902142,floor,1.0406056800698433,floor
366,22,0.6305903969406799,0,7.090766761390654,5.117721826500363,0.4427871100513834,0.042456415616255,180,35.34617602030436,8.907687065714791,7.776223002539741,0.5104026565020596,0.0643104784628101,180,28.88597152498033,6.714726142484361,4.693238387505214,0.5470362178716748,0.101588736563249,180,28.8114729669359,9.795843507724642,9.540790306859549,0.4775453630844165,0.0506300104428594,180,31.641782591078016,-2.19296092323043,3.081117365240281,2.7050767463339884,7.999226913552722,-1.2845007710683616,1.79661659417192,0.2924197392284335,3.081117365240281,859.9764211409622,3.2826517742490173,-0.0200094114000566,3.065978364901211,-0.0306234536670304,3.158875585676338,0.0333130688570477,3.135047444261831,-0.0702068239553135,4,ok,0.2096318616221348,0.1817385911527607,0.1654764678122268,0.1956055936920974,0.0302087585752209,19.03097009265298,1.4605128657512456,ok,1.9638624707312564,ambiguous,1.3893370519850878,floor,3.2472744398829594,ok
367,22,0.2021444470803958,0,6.519871146679507,4.487320760463146,0.4703261166558002,0.0643732431267416,47,35.342773275172455,8.002755507386594,6.31357800706904,0.5028518169678304,0.0578504339131491,47,28.88220478626008,6.805417645398947,4.792275362826408,0.4836777907550319,0.0462193404060669,47,28.80770090793041,7.743150485656666,5.947234300856895,0.5041973532624603,0.0730152236744989,47,31.63811200730344,-1.1973378619876467,0.937732840257719,1.223279338977159,7.261313327033051,-0.4558956816341037,0.4818371586236152,0.1418950978717575,1.4828843607070867,703.3550262565309,3.213794421204866,0.0129425400550546,2.9666132264930143,0.0023855722925807,3.1968303907182065,0.1766720825542638,2.9917862109390225,-0.1124816286389553,4,ok,0.2361477581744498,0.1762011764531439,0.2059837427545101,0.1704414004975177,0.0001907245592867,18.460257398779227,1.4604513508136054,ok,1.1860953351376744,floor,1.3892867486675973,floor,1.6427483742608642,ambiguous
368,22,0.968417767219628,0,7.269756215649034,5.333049584155114,0.4854669096873546,0.0769862103201655,298,35.33740687530313,8.713193157137285,7.435656447938625,0.4157045105455518,0.0,298,28.87617717973338,6.830716379930413,4.820273027124021,0.5238964089127545,0.0805776196032974,298,28.801612642787447,9.7293156696526,9.395752473165524,0.4776047151797614,0.0506785104245393,298,31.63222444137471,-1.882476777206872,2.8985992897221866,2.459559454003566,7.991474686393159,-1.1607583064627462,1.7378409832594404,0.2692937573497657,2.8985992897221866,852.6433795190497,3.309726018298153,-0.0311578711905897,3.107068860702562,-0.0392307581358992,3.127353902735482,-0.0377809682090362,3.2397035134293333,-0.0034645228140792,4,ok,0.2086528898310541,0.1944018130459441,0.1858617015332983,0.1894505534496083,0.0156656499052007,19.21043090168488,1.4603543578554758,ambiguous,1.1860265144848463,floor,1.3892055773394765,floor,3.019240747203616,ok
369,22,0.2506905736298268,0,7.857274528368384,6.105587405543173,0.9158285338316808,0.6026015526075299,62,35.331176634757746,8.524885163229984,7.120139725746647,0.6860919323147211,0.241802049576195,62,28.86918843177057,8.253153784786292,6.688294356869113,0.6509949042124616,0.2071868366394913,62,28.794551787837857,9.820685334394245,9.595520407922807,0.7675436325961021,0.3595384007124791,62,31.625392052435107,-0.2717313784436914,1.5675315496079527,1.9634108060258608,8.191079845799184,0.0620739389871083,1.629605488595061,0.1803190744899261,1.9634108060258608,961.1178236103826,3.3946506746836054,0.1727981698159837,3.180053977150884,0.1885209599532205,3.285296689390157,0.2433962218515715,3.352938549803894,0.2278398244941311,4,ok,0.213232139065381,0.2069821508541222,0.1719675393354508,0.2059283760045805,0.0381396056243008,19.79828400634236,1.4602417839612,ok,1.185946746354985,floor,1.3891114705526426,floor,2.541182747376811,ok
370,22,0.2355886103566377,0,8.317663907777904,6.788383837540945,0.6081046458984258,0.1938758759838601,60,35.3268933614095,9.649646415200367,9.224963182210924,0.5495109384867393,0.0993099061484152,60,28.864342594146727,8.184596105928085,6.583542001247406,0.6583311169363456,0.2153310086207593,60,28.78966080347697,10.012213288761698,10.02816171646118,0.4307905500230719,0.014296554108496,60,31.6206724802653,-1.4650503092722822,1.8276171828336127,1.6945493809837942,8.983655161489136,-0.7990590555610506,1.0285581272725626,0.18381240591731,1.8276171828336127,1045.076012296478,3.4663763669446097,0.2470099255728275,3.177148898160847,0.1888483023950522,3.300663422836981,0.261336802126392,3.2169017146831607,0.0942689592083736,4,ok,0.2412460004289945,0.1997553450365861,0.1812331141283114,0.1897772084300716,0.0392675586044788,20.258903509538744,1.4601644097962414,ok,1.1858914536191416,floor,1.389046303553411,floor,2.259349789782434,ok
371,22,0.7369441444436556,0,7.966427210220632,6.260985832026952,0.5030557039107737,0.0921402165867604,229,35.32945153182251,8.210890496507258,6.623523014081097,0.5480972774791878,0.0979997762113782,229,28.867183785251136,7.575009256944765,5.721381741579964,0.5120429391986109,0.0701662696406981,229,28.792538597073616,9.975715919548463,9.944239878238028,0.5314499817050526,0.097161723731312,229,31.62347379626145,-0.6358812395624929,2.4007066626036986,2.009288709327831,8.088658853363945,-0.5136495964191807,1.8870570661845176,0.2314441902401241,2.4007066626036986,899.3752892527517,3.323496783228051,0.0025812306572792,3.2038461713651083,0.083509718922214,3.202004995269329,0.0575435466741138,3.280515522578872,0.0571544287473302,4,ok,0.1977975657738452,0.2022094474332691,0.1918492266932689,0.1937628173997308,0.0081542799102882,19.907529375719573,1.4602106192850999,ok,1.1859238709690534,floor,1.3890846450288197,floor,2.5870425004146083,ok
372,22,0.4214209698728999,0,7.965269802858891,6.2593174835046135,0.5385939446056905,0.1244045265920952,120,35.33246002197266,8.32006067333808,6.792131215333939,0.5163609700822476,0.0694760166131205,120,28.870534483591715,7.2322297045943,5.287166296939055,0.6736770948637778,0.2326622109659486,120,28.795930322011312,10.220273498310071,10.520281235376991,0.5378930849959423,0.1030562112825137,120,31.62677059173584,-1.0878309687437806,2.988043793715772,2.2550036954511805,8.142665238098486,-0.9104355335041864,2.0776082602115853,0.2748931812309553,2.988043793715772,897.2781728555758,3.261610942891144,-0.0103086309613074,3.1817255433175182,0.1250944837374885,3.2702050428030707,0.176469629411605,3.243712432823747,0.0689513066747231,4,ok,0.2050819303219517,0.1884857341026266,0.1712585554768641,0.1689733211882412,0.025525276735425,19.906210322278703,1.4602649705872945,ambiguous,1.1859621077069977,floor,1.3891298409409412,floor,2.826113566589341,ok
373,22,1.7138235892495668,0,6.740990387404015,4.7217070521557165,0.413237662091831,0.0204098730950794,584,35.326644146279115,7.740886808696517,5.944135226411362,0.5871790718325205,0.1354623686715397,584,28.864128119324985,6.060923571165436,4.037312413731667,0.4510731967089085,0.0203787786216116,584,28.789432038999585,8.932718904657554,7.82117296612426,0.4863484075157151,0.0578893309366819,584,31.62042299362078,-1.6799632375310818,2.871795333492118,2.191728517253539,7.240938598050266,-1.1800150268848304,1.6917803066072876,0.2552168374577347,2.871795333492118,704.5630701303687,3.231919125346584,-0.1599757795222944,3.0855290469133303,-0.1270959492343113,3.038826512900235,-0.1791205812030019,3.155012622527787,-0.1387541314834579,4,ok,0.2034832520589028,0.1794712016078299,0.1786700013884636,0.1923278100303795,0.0128072254449027,18.682243377411837,1.4601599084128178,ambiguous,1.1858890067000947,floor,1.3890432559152586,floor,2.765339168775495,ok
374,22,2.819943391078925,0,6.950855695932424,4.9554781960266086,0.4277327146036482,0.0310342942220311,974,35.31271133579513,9.052139309913,8.039220320860219,0.4833257541743495,0.041591519504089,974,28.8485474067547,6.894320401148332,4.891387170467533,0.5092044876532977,0.0677085084543096,974,28.77365079405861,9.772936994388411,9.490600652334871,0.5158585688881421,0.0831918003862064,974,31.605166748563857,-2.1578189087646686,2.87861659324008,2.822081298455988,8.001497502922712,-1.10717710177438,1.7714394914656992,0.2904999494053084,2.87861659324008,877.9821848010135,3.2855055111549305,-0.1451711566770006,3.1094675996654213,-0.1535820947963286,3.1083107421828284,-0.149787505643391,3.257937649736958,-0.0742974128167319,4,ok,0.2037432302990488,0.1903427052340284,0.1782808281190586,0.1831427271338275,0.01876213964748,18.892856983116506,1.459908338714724,ok,2.364410972853175,ambiguous,1.3888331012807138,floor,3.3542792005538797,ok
375,22,0.7496783738599766,0,7.33526379043563,5.414101321313341,0.6481905400747866,0.237768147492168,236,35.3051949840481,9.938968522351344,9.860452656523655,0.5306390342286171,0.0820982949998925,236,28.8401704238633,6.532239161022082,4.5001181482763615,0.567369305855854,0.1208007913871171,236,28.765195911213503,9.002660009102188,7.948149016347982,0.6276896211213321,0.192600230210596,236,31.59697249784308,-3.406729361329262,2.4704208480801064,1.6673962186665578,8.637116156393487,-2.1048769953714057,0.3655438527087007,0.3045965918208522,3.406729361329262,874.8285983290712,3.271790396742181,-0.0514080250807067,3.14876029381349,0.0254556165006176,3.1819695996983697,0.0351446733427827,3.199032043038563,-0.02659346870601,4,ok,0.2122578473161842,0.1916108672049338,0.1872676539124321,0.2031622379702531,0.0146667033481269,19.277668602327772,1.4597726959028696,ok,2.9404687669116614,ok,1.3887205793546276,floor,2.2287112319896707,ok
376,22,0.4036799134390735,0,7.192206638659289,5.238665441672008,0.3996000903562616,0.010748347691303,111,35.30211855914142,8.401401365503528,6.920542444194759,0.4999466963099631,0.0553906350403665,111,28.836735459061355,7.672152788921991,5.8508003525905785,0.9267987004637808,0.5761454490703899,111,28.7617295411256,9.913218632764128,9.802161717200065,0.4768346953118502,0.0500497514486097,111,31.59362148594212,-0.7292485765815364,2.2410658438421365,2.721011994104839,7.796804002081409,-0.1246512131594173,2.116414630682719,0.2519200631148319,2.721011994104839,906.2213116618428,3.2405432046056726,-0.0254654698993341,3.073812096067301,0.0248664869048793,3.1819067292530483,0.0942909300876411,3.176695840504664,0.0077978387339068,4,ok,0.2052942117390868,0.201658669489998,0.1990987462503416,0.2115818720545854,0.0043776943642008,19.134776579887852,1.4597171921350878,ok,1.1855767064426899,floor,1.3886744611295916,floor,3.260830069702894,ok
377,22,0.5670231911252412,0,7.7588661129620276,5.968794286960647,0.4942836466319738,0.0845150524029814,168,35.308529308864046,9.849214179883289,9.65876095848424,0.5075299954453029,0.0618414552420787,168,28.843983763740177,6.606024062693611,4.577226527744815,0.6687069155574996,0.2270053429168725,168,28.76904008502052,9.228579422455953,8.372553710426603,0.4920544108179208,0.0626655431729412,168,31.600679000218708,-3.2431901171896778,2.62255535976234,1.4697133094939234,8.804040146422658,-2.1980160837290468,0.4245392760332933,0.2782116408816212,3.2431901171896778,888.680165854948,3.3252758890316123,0.0278456148212118,3.1157874422787466,0.0259869424503018,3.2052279340651104,0.0850810330724032,3.2063080120357617,0.0062423763047889,4,ok,0.2119519712092975,0.1815786114228623,0.1952395341137335,0.1826096728133658,0.0015257572023464,19.70109193132293,1.4598328621281609,ok,2.3503776130556626,ambiguous,1.3887717335857324,floor,1.9959179995259957,ambiguous
378,22,0.9978975444577148,0,7.670445598587126,5.848500883616161,0.4038955698830152,0.0137565010595059,323,35.317005299193205,8.556960537677302,7.172921100268054,0.4303870702105544,0.0007497449832505,323,28.853231595396625,8.340582191149876,6.824301708224388,0.4872347250411422,0.0491474219186027,323,28.77838940221828,13.981391396483057,25.01146552880113,0.4301069401151689,0.0137930608111942,323,31.609793919896934,-0.216378346527426,5.640809205333181,6.310945797895931,8.113703068132214,0.2268791230176621,5.867688328350843,0.7116430289398582,6.310945797895931,1431.6344986438012,3.270382808469269,-0.0766089024710017,3.0064947673295617,-0.1477463433472969,3.147717128891588,-0.0237412317366385,3.264997201721359,0.0157707106226734,4,ok,0.2102206173949751,0.1778449633219293,0.1858132624473918,0.1888752869292863,0.0082195279110603,19.612216308620006,1.459985851726974,ok,1.1857647246393284,floor,1.3888961863134075,floor,7.1188745572802725,ok
379,22,0.1725464974076412,0,8.435098149665025,6.974447588125865,0.4226035665594302,0.0272329190871474,36,35.316438145107696,7.343987705961385,5.424987859196133,0.4186684538317951,0.0,36,28.852667755550808,7.263149046469794,5.324942280848821,0.4922486810388847,0.0533113653647878,36,28.777824454837376,9.311553849441957,8.534053968058693,0.3784437669816012,0.0,36,31.60922129948933,-0.0808386594915901,2.0484048029721604,0.8764556997769297,7.889542927813203,-0.62639388134341,1.4220109216287504,0.1998133837968584,2.0484048029721604,797.364261796077,3.3068741679461264,0.1262375770782564,3.125457866631808,0.1875144717305237,3.2074273660676846,0.2081981535830235,3.047345657592051,-0.0368702822158808,4,ok,0.2340149217181735,0.1969084636204772,0.1717530261311266,0.1889415424731042,0.0437086665381988,20.376899316825234,1.459975612733023,ok,1.1857582955488528,floor,1.3888886643761127,floor,1.040379716221862,floor
380,22,0.2385056719887044,0,8.952158909923378,7.85626078077725,0.572474478286881,0.1572137411262344,56,35.30584825788225,9.323547855858957,8.55765522803579,0.5071040573981372,0.0614765520928595,56,28.84076806477137,9.308122950724592,8.52731478214264,0.4606723065556075,0.0277992554431241,56,28.76579342569624,10.058404543952172,10.135389762265342,0.3508707540252502,0.0,56,31.59760124342782,-0.0154249051343633,0.7502815932275801,1.1062456340287934,9.137853382891166,0.1702695678334258,0.920551161061006,0.0954637924026245,1.1062456340287934,1144.9507506745204,3.4570184477426444,0.2428829178095362,3.193612455145172,0.2121131781191736,3.3405294124857314,0.3066184076017255,3.1064973260020725,-0.0109467969865426,4,ok,0.1873174416167395,0.208269436577601,0.2249489491140203,0.1850945930262761,-0.02715551001685,20.89452865444912,1.4597844831228033,ok,1.1856226543352655,floor,1.3887285297926848,floor,1.4054102044884746,ambiguous
381,22,0.4308311902793345,0,7.417903825061847,5.518110367118335,0.4882545837785099,0.0793520294602159,122,35.311662079858,8.057904795600175,6.394262771137425,0.4775181859169684,0.03687991399994,122,28.847429322414712,6.041816053646052,4.019588595531026,0.5141570042217883,0.0720056754282532,122,28.7725193930454,9.663935703901688,9.255365423491744,0.4622542232325931,0.0383355630468371,122,31.604050823899566,-2.016088741954123,3.622119650255636,2.2460318788398403,7.737904310331011,-1.696088256684959,1.9260313935706763,0.3029346213037965,3.622119650255636,767.2668842360622,3.301218584326053,0.028045789484441,3.0452428423595976,-0.0130176761586322,3.053769288007089,-0.0412635978234861,3.298832258533758,0.1228280405807642,4,ok,0.2007549363570135,0.1925506865391965,0.1923634841061029,0.1914371752225961,0.0042893273420021,19.359961449598465,1.4598894004388288,ok,1.1856985740038002,floor,1.388818041205099,floor,2.8170180894924766,ok
382,22,0.1987242048391292,0,7.147070561648471,5.184502117177273,0.3498251428439868,0.0,47,35.31741000236349,7.91058130851694,6.180991279317977,0.3932422992512382,0.0,47,28.853923270042905,6.912035925966993,4.911380624517482,0.5992970278004319,0.1523829506687162,47,28.779076880597053,10.328961776890056,10.786888203722365,0.4627940498461028,0.0387627840460551,47,31.61038017272949,-0.9985453825499464,3.4169258509230627,3.181891215241585,7.528825935082706,-0.6167900091157126,2.80013584180735,0.3501507686672002,3.4169258509230627,855.4101852318074,3.120739875136826,-0.0801120060129854,3.036200969264482,0.0719733150640484,3.1091305848911057,0.088972276727163,3.155007870294446,0.0507400307164682,4,ok,0.2066885588016916,0.1870275238092909,0.18460291877706,0.1850998062402644,0.0122551225284312,19.088819538050366,1.4599931581236152,ok,1.185772611597004,floor,1.3889053399698696,floor,3.6862486908764724,ok
383,22,0.1022631011815819,0,8.03827983205063,6.3654334677590265,0.7923435700467862,0.4187571170312889,18,35.43445071052103,,,,,0,,,,,,0,,,,,,0,,,,,8.03827983205063,,,0.0,0.0,,3.044463947796216,-0.0836195105909851,,,,,,,1,partial,0.2062932790981398,,,,,19.97372974302224,1.4621123146596746,ok,,nan,,nan,,nan
384,22,0.1395918366313292,0,6.807987774741778,4.79511224269867,0.3543726926510316,0.0,25,35.434449332101,,,,,0,,,,,,0,,,,,,0,,,,,6.807987774741778,,,0.0,0.0,,3.246093397656703,0.0931033707423476,,,,,,,1,partial,0.1905683225393295,,,,,18.743437760059773,1.4621122896296328,ok,,nan,,nan,,nan
385,22,0.0677907865748431,0,7.808676892427461,6.03764660358429,0.5490983656668482,,10,35.43252258300781,,,,,0,,,,,,0,,,,,,0,,,,,7.808676892427461,,,0.0,0.0,,2.991348158456043,-0.0921704061577779,,,,,,,1,partial,0.1660451985895633,,,,,19.744230795075953,1.462077304418409,ok,,nan,,nan,,nan
386,22,0.2192110577475543,0,7.251795659495668,5.31103992218874,0.4470482141044019,0.0457611500633379,49,35.430228408502074,33.312180202228696,2143.966623942057,0.4686396139994107,0.0297869389368472,12,28.978199428982204,6.549682333702407,4.51822894414266,1.2267068159495915,1.1237429125473557,30,28.9061951107449,8.965505435364978,7.880441393171038,0.9018145602289706,0.5513016701061435,42,31.73344367589706,-26.76249786852629,2.415823101662572,1.7137097758693098,20.281987930862183,-13.732305597159776,-11.316482495497205,1.7131323938351346,26.76249786852629,74499.8408060506,3.278377196093854,0.0743657684636014,0.0,-2.829642172098837,3.156657189706864,0.1717393616771509,3.3531857843803308,0.2573768899978312,4,ok,0.2118036941606171,0.110329729039222,0.1620226527253786,0.114231190865948,-0.0009559411254591,19.187473286557342,1.4620356519692252,ok,15.0,sat,1.390603417468956,floor,2.2830884645315033,ok
387,22,0.2020509404142093,0,7.158599883984492,5.198283827582071,0.3696154292450005,0.0,43,35.43127299464026,31.489006835740057,1408.966552734375,,,1,,4.371557973518555,2.7362501434981823,1.9719462363964908,3.14485396412566,16,28.906794548034668,9.755702225185866,9.45301228982431,1.1063185976446772,0.9026422363275056,27,31.73400934537252,-27.1174488622215,5.384144251667311,2.5971023412013734,19.323803359862275,-14.95224538634372,-9.568101134676407,1.7039120625307338,27.1174488622215,49085.42779123284,3.1027987881486325,-0.0913092597323612,,,3.095050697952769,0.159475692323757,3.273527615522397,0.2109469043205809,4,ok,0.2155529799502949,0.3252246975898742,0.1926827921997755,0.1226074546575546,0.077706046570309,19.094221178006507,1.4620546166247257,ambiguous,,nan,1.390611450962135,floor,3.1496354224089136,ok
388,22,0.0909549608202883,0,7.194757339882979,5.241743121828352,0.4852189844204287,0.0767764591976023,14,35.43059267316546,,,,,0,,,0.0,,,8,28.907129287719727,12.696747170531182,18.60692971093314,1.0085123897998134,0.7256818779399223,14,31.7343327658517,,,5.501989830648204,7.194757339882979,,5.501989830648204,0.9854439389286423,5.501989830648204,,3.08732675596418,-0.0217025090075893,,,,,3.165693274877431,0.1525058932372895,3,partial,0.2164215158138956,,0.239575233310461,0.1199116291744368,-0.0231537174965654,19.130415322918115,1.462042265150853,ambiguous,,nan,,nan,6.084363459564325,ok
389,22,0.1741471641977431,0,7.126364000902877,5.159841962349721,0.432644248116956,0.0347173701391165,39,35.43320073836889,,,,,0,,,,,,0,,,0.0,,,2,31.73506164550781,,,,7.126364000902877,,,1.0,0.0,,3.3065447596436046,0.1198394792701655,,,,,,,2,partial,0.2083399725648073,,,0.0,,19.06188132874798,1.462089617738032,ok,,nan,,nan,,nan
390,22,0.2231943275792059,0,7.244828469486873,5.302526491659659,0.4585703003993332,0.0548556997917755,54,35.43287764655219,,,,,0,,,,,,0,,,0.0,,,9,31.73493258158366,,,,7.244828469486873,,,1.0,0.0,,3.1481959298838964,-0.0631822727805966,,,,,,,2,partial,0.1784831637309657,,,0.0853212477846278,,19.180363222685905,1.4620837512833837,ok,,nan,,nan,,nan
391,22,0.2027115518899628,0,7.490251237797826,5.610804333951738,0.5950747031194861,0.1802118819570815,45,35.43417925950958,,,,,0,,,,,,0,,,,,,0,,,,,7.490251237797826,,,0.0,0.0,,3.2251918826647694,0.0276369619770342,,,,,,,1,partial,0.1975852514306704,,,,,19.42571578966306,1.4621073855489555,ok,,nan,,nan,,nan
392,22,0.1358435637914478,0,,,,,0,,,,,,0,,,,,,0,,,,,,0,,,,,,,,,,,,,,,,,,,0,no_sar_data,,,,,,,,nan,,nan,,nan,,nan
393,22,0.1270314314274379,0,,,,,0,,,,,,0,,,,,,0,,,,,,0,,,,,,,,,,,,,,,,,,,0,no_sar_data,,,,,,,,nan,,nan,,nan,,nan
394,22,0.0578884432963519,0,,,,,0,,,,,,0,,,,,,0,,,,,,0,,,,,,,,,,,,,,,,,,,0,no_sar_data,,,,,,,,nan,,nan,,nan,,nan
395,22,0.0748161587044376,0,,,,,0,,,,,,0,,,,,,0,,,,,,0,,,,,,,,,,,,,,,,,,,0,no_sar_data,,,,,,,,nan,,nan,,nan,,nan
396,22,0.1352313505241906,0,,,,,0,,,,,,0,,,,,,0,,,,,,0,,,,,,,,,,,,,,,,,,,0,no_sar_data,,,,,,,,nan,,nan,,nan,,nan
397,22,0.1874663135430153,0,,,,,0,,,,,,0,,,,,,0,,,,,,0,,,,,,,,,,,,,,,,,,,0,no_sar_data,,,,,,,,nan,,nan,,nan,,nan
398,22,0.0895022850057635,0,,,,,0,,,,,,0,,,,,,0,,,,,,0,,,,,,,,,,,,,,,,,,,0,no_sar_data,,,,,,,,nan,,nan,,nan,,nan
399,22,0.0663007984793627,0,,,,,0,,,,,,0,,,,,,0,,,,,,0,,,,,,,,,,,,,,,,,,,0,no_sar_data,,,,,,,,nan,,nan,,nan,,nan
400,22,0.0665568876974908,0,,,,,0,,,,,,0,,,,,,0,,,,,,0,,,,,,,,,,,,,,,,,,,0,no_sar_data,,,,,,,,nan,,nan,,nan,,nan
401,22,0.075503484120892,0,,,,,0,,,,,,0,,,,,,0,,,,,,0,,,,,,,,,,,,,,,,,,,0,no_sar_data,,,,,,,,nan,,nan,,nan,,nan
402,22,0.1147239548183838,0,,,,,0,,,,,,0,,,,,,0,,,,,,0,,,,,,,,,,,,,,,,,,,0,no_sar_data,,,,,,,,nan,,nan,,nan,,nan
403,22,0.1138478329458833,0,,,,,0,,,,,,0,,,,,,0,,,,,,0,,,,,,,,,,,,,,,,,,,0,no_sar_data,,,,,,,,nan,,nan,,nan,,nan
404,22,0.139267666591027,0,,,,,0,,,,,,0,,,,,,0,,,,,,0,,,,,,,,,,,,,,,,,,,0,no_sar_data,,,,,,,,nan,,nan,,nan,,nan
405,22,0.0494787589120025,0,,,,,0,,,,,,0,,,,,,0,,,,,,0,,,,,,,,,,,,,,,,,,,0,no_sar_data,,,,,,,,nan,,nan,,nan,,nan
406,22,0.1228598942750505,0,,,,,0,,,,,,0,,,,,,0,,,,,,0,,,,,,,,,,,,,,,,,,,0,no_sar_data,,,,,,,,nan,,nan,,nan,,nan
407,22,0.1773483031430975,0,,,,,0,,,,,,0,,,,,,0,,,,,,0,,,,,,,,,,,,,,,,,,,0,no_sar_data,,,,,,,,nan,,nan,,nan,,nan
408,22,0.1758786606699972,0,,,,,0,,,,,,0,,,,,,0,,,,,,0,,,,,,,,,,,,,,,,,,,0,no_sar_data,,,,,,,,nan,,nan,,nan,,nan
409,22,0.0896289367019814,0,7.283205406701252,5.349590521109731,0.5970078665075291,0.182220418257238,19,35.43205542313425,,,,,0,,,,,,0,,,0.0,,,7,31.735175609588623,,,,7.283205406701252,,,1.0,0.0,,3.339381955162265,0.2071992204280364,,,,,,,2,partial,0.2288707337881389,,,0.0383123457431793,,19.218784504046994,1.4620688224000264,ok,,nan,,nan,,nan
410,22,0.1209058739095106,0,7.29414169903664,5.363078698515892,0.473727382941861,0.0671718508387229,24,35.43026955922445,32.93950899835582,1967.663818359375,,,1,,16.45686865164521,44.22693724859329,1.9014093048895129,2.913204581139409,21,28.90694766574436,15.419456462072718,34.8293721874555,1.353461030254615,1.422730939562841,24,31.733970244725544,-16.48264034671061,-1.0374121895724908,8.125314763036078,20.11682534869623,-3.6599566970510224,-4.697368886623513,1.6372843344528645,25.64536729931918,71529.30527098085,3.1549285949720103,0.0050336159007629,,,1.5194554646343583,-1.437465058315719,3.3498925045466983,0.2961697068068871,4,ok,0.1823107266488174,0.3931483030319214,0.2451269353429476,0.2366835436162849,0.0426025794974217,19.22981710693972,1.4620363990497367,ok,,nan,12.542648244533426,ok,10.157095490527059,ok
411,22,0.0998596373453189,0,9.25309391122489,8.41994764588096,0.4446508472549649,,11,35.43305518410423,,,,,0,,,,,,0,,,0.0,,,1,,,,,9.25309391122489,,,1.0,0.0,,3.1601123222869045,0.0693675167728948,,,,,,,2,partial,0.1575994444164362,,,0.0,,21.188619089293258,1.4620869748631902,ok,,nan,,nan,,nan
412,22,0.1512283896605371,0,6.499246992201149,4.466061499810988,0.3993279781284606,0.0105588689360447,31,35.43370080763294,,,,,0,,,,,,0,,,,,,0,,,,,6.499246992201149,,,0.0,0.0,,3.140395127657827,-0.0289042447291256,,,,,,,1,partial,0.2026564937926107,,,,,18.434737349333975,1.462098697798587,ok,,nan,,nan,,nan
413,22,0.1146565708858193,0,7.881437651145209,6.139652132987976,0.6125760889828538,0.1986331107422208,16,35.4347290625939,,,,,0,,,,,,0,,,,,,0,,,,,7.881437651145209,,,0.0,0.0,,2.954522569451575,-0.1646307978230496,,,,,,,1,partial,0.2677768059074878,,,,,19.816872548857297,1.4621173691510794,ok,,nan,,nan,,nan
414,22,0.0840443904075514,0,6.916008669778577,4.915875405073166,0.6660961935562637,,8,35.4322829246521,,,,,0,,,,,,0,,,0.0,,,2,31.735092163085938,,,,6.916008669778577,,,1.0,0.0,,2.832240090259031,-0.2343601445349246,,,,,,,2,partial,0.1621220456436276,,,0.0637104958295822,,18.851575497649108,1.4620729530215795,ok,,nan,,nan,,nan
415,22,0.0900858260800494,0,5.6621170815137,3.683084714412689,0.451259745369951,,10,35.43177680969238,,,,,0,,,0.0,,,2,28.90746688842773,3.968084663005826,2.493494796752929,1.4030142788918614,,5,31.73470401763916,,,-1.694032418507874,5.6621170815137,,-1.694032418507874,0.745412862053906,1.694032418507874,,2.895533075090541,-0.1879854895232799,,,,,,,3,partial,0.245885120332241,,0.2640200406312942,0.1057942859828472,-0.0181349202990531,17.597711204731745,1.4620637638302068,ok,,nan,,nan,1.0417863709211863,floor
416,22,0.1069232413880061,0,7.127441572798468,5.161122381687164,0.3895631155277865,,10,35.4350331624349,,,,,0,,,,,,0,,,,,,0,,,,,7.127441572798468,,,0.0,0.0,,3.28221921004986,0.1987006454360393,,,,,,,1,partial,0.1978715516626835,,,,,19.062860068337187,1.4621228912659772,ok,,nan,,nan,,nan
417,22,0.0933179088006988,0,,,,,0,,,,,,0,,,,,,0,,,,,,0,,,,,,,,,,,,,,,,,,,0,no_sar_data,,,,,,,,nan,,nan,,nan,,nan
418,22,0.0780034485237215,0,7.387690827869783,5.479855199654897,0.3243751446639435,0.0,12,35.42628606160482,26.15857658631533,412.9121465682984,1.5804811073671226,1.9534639939205705,12,28.97587013244629,6.275140599739647,4.241447150707245,0.3584407341229213,0.0,12,28.90277894337972,10.4187383635386,11.01219356060028,0.7714268784179099,0.36465120401454,12,31.72966194152832,-19.883435986575687,4.143597763798953,3.031047535668817,16.77313370709256,-10.497993107352912,-6.354395343553959,1.6218040380114596,19.883435986575687,14857.457856963078,3.118368926914239,0.0210270803236607,2.882321765273262,0.0526795931744246,2.8109930287960885,-0.1020002875798713,3.1062556050179486,0.1046611779523742,4,ok,0.2181879313041766,0.0991827710531652,0.1727857210983832,0.2137760358552138,-0.0141003699197123,19.323581040486623,1.4619640867373604,ok,15.0,sat,1.390557639613437,floor,3.5498461535697707,ok
419,22,0.187999441704919,0,7.7199575199349235,5.915558479048989,0.453133724266647,0.0505356959611271,44,35.42471408843994,8.386712552797107,6.89717515761202,0.5317398823024558,0.0830857756000911,44,28.97413856332952,8.496826098969233,7.074285940690474,0.5637805555250639,0.1173589518947952,44,28.90101671218872,11.459898041264896,13.995544650337912,0.4476524135278815,0.0269687839426855,44,31.727962667291816,0.1101135461721263,2.963071942295663,3.739940521329973,8.053335036366015,0.4434910626032184,3.406563004898881,0.3801594744350632,3.739940521329973,1106.5785971216178,3.3032625965322486,0.1074115260569001,3.056660620133452,0.0989351038019443,3.1511594565873144,0.1361785385879494,3.003735858756848,-0.0955715893048685,4,ok,0.2058679607104171,0.2085520747033032,0.1933506866917014,0.2050803273238919,0.0138593310151587,19.65593249037562,1.4619355546682746,ok,1.187147616127311,floor,1.3905340282008651,floor,4.213709546096076,ok
420,22,0.1190419878866117,0,4.857575472409306,3.0602545142173767,0.2847483270582826,0.0,24,35.41043424606323,4.918262402403725,3.103317712744077,0.5125564606219766,0.0661707923277488,24,28.95844324429829,6.257851614085874,4.224595785140991,0.5020645315925821,0.061586562897556,24,28.885018428166703,8.097296373526142,6.452524130543073,0.4256192966324026,0.0105076695440993,24,31.712494055430096,1.3395892116821493,1.839444759440268,3.2397209011168355,4.887918937406516,1.3699326766793585,3.2093774361196257,0.3268766951835523,3.2397209011168355,565.5583948865533,3.0773878541278323,-0.072507124943415,3.022487688499032,0.1245150525859593,3.079412083716431,0.1120099746595948,3.042205325687176,-0.0115174720526352,4,ok,0.1628596268904706,0.2261113791416088,0.2328698278094331,0.1637027175165712,-0.0383843247933934,16.794320159512864,1.461676470038246,ok,1.1869676177952293,floor,1.390319770597024,floor,3.7424224825926014,ok
421,22,0.1307876963301807,0,5.853505928891542,3.849023767880031,0.319252774852568,0.0,28,35.4123227255685,9.251045751426718,8.415977682386126,0.5354363269015112,0.0864165259221549,28,28.9605360031128,6.451838643183696,4.417574316263199,0.5515030149462999,0.1057491741962026,28,28.887148925236293,10.641707212368484,11.592329612800054,0.4126105636341326,0.0011787353234202,28,31.71455533163888,-2.7992071082430217,4.189868569184788,4.788201283476942,7.55227584015913,-1.1004371969754336,3.0894313722093543,0.4455303117320831,4.788201283476942,919.3590832608088,3.0617902731514803,-0.0997921243009583,2.9831553517470564,0.0699865385352933,2.847192836321595,-0.1323093758815345,3.227988265328184,0.1626725130138058,4,ok,0.1945405108854174,0.1696314431194748,0.1886403837374278,0.2019685073090451,-0.0065544067349816,17.79014884587015,1.4617107229647852,ok,3.759518627670885,ok,1.3903482932895885,floor,5.273446507460689,ok
422,22,0.2617540848663456,0,6.277840725126195,4.2440849921920085,0.3705100740419352,0.0,66,35.413970658273406,7.045239098563584,5.064352302840262,0.5036680544296466,0.0585441162220725,66,28.96236439907189,6.637094550872236,4.61009054292332,0.4270997140915718,0.0025287718221906,66,28.88901661381577,8.410883446166348,6.935668777335774,0.4105972045539313,0.0,66,31.71637910785097,-0.4081445476913474,1.7737888952941123,2.133042721040153,6.661539911844889,-0.0244453609726527,1.7493435343214596,0.1986851065552982,2.133042721040153,677.7620217068629,3.2066225098953667,-0.0199701723766048,3.041119662537852,0.0434233872181319,3.089769055692458,0.0429610342652693,3.0958171345969347,-0.0339834555329026,4,ok,0.1926202787594362,0.1886017525737935,0.1849020375221064,0.188865601452011,0.0057089781445084,18.214394829238863,1.4617406155024992,ok,1.18701257323903,floor,1.39037330009574,floor,2.7108188409515215,ok
423,22,0.1273410501554589,0,6.958679794061389,4.964413859627464,0.4494073296883294,0.0476043937817618,22,35.41534371809526,7.540889147828893,5.676608128981157,0.4444191423728232,0.0111144133374232,22,28.963863719593395,7.592504597825699,5.744476535103538,0.4897837553352819,0.0512589895534594,22,28.89053292707964,8.288471386535278,6.74290651624853,0.3371566162561057,0.0,22,31.717856667258523,0.051615449996806,0.6959667887095788,1.3297915924738888,7.249784470945141,0.3427201268805584,1.0386869155901373,0.1095286219511398,1.3297915924738888,763.5785050608895,3.2158511018135822,0.0725531638189029,3.050785474416604,0.1613904218993314,3.0635600014978595,0.1029878761793714,3.240751303570841,0.193572226183361,4,ok,0.1853804628957401,0.2039407874372872,0.193866239013997,0.1955840719694441,0.0007943861525167,18.89515989503971,1.4617655238636114,ok,1.1870297650903863,floor,1.3903936040251499,floor,1.8114941017623494,ambiguous
424,22,0.1231783903473832,0,7.758419326394035,5.9681802704220726,0.4850544686826682,0.076637333810962,21,35.416738964262464,8.254826361470315,6.690870682398479,0.399298757496062,0.0,21,28.96537953331357,6.41506420979463,4.38032587369283,0.4665472017374003,0.0324178506888506,21,28.89207567487444,10.19010860220918,10.44746344430106,0.3565269999096077,0.0,21,31.71936216808501,-1.8397621516756848,3.775044392414549,2.431689275815144,8.006622843932174,-1.5915586341375445,2.183485758277005,0.3241147052165126,3.775044392414549,837.111014303707,3.222647309482125,0.0828764327137334,3.0601769259574527,0.1753678175717135,3.055101209872341,0.0981806869222636,3.072357309133741,0.0286767854254783,4,ok,0.2484871564166886,0.1862422721016974,0.1844169298807779,0.2059818862804344,0.032947784378415,19.694824224624696,1.4617908364314913,ok,1.1870471473923936,floor,1.390414263529611,floor,2.99519376268173,ok
425,22,0.1831811562379054,0,8.833018476620742,7.643668568411539,0.3524363894666001,0.0,43,35.419186969136085,7.91220095764936,6.183296835699747,0.4886582793403332,0.0459678870307025,43,28.96804068809332,8.85714681129602,7.686253098554389,0.4477593871651468,0.0178533588662515,43,28.894789806632108,12.012969599628873,15.896333295245505,0.4774369405760352,0.0505414277909381,43,31.72197940737702,0.9449458536466606,3.155822788332852,3.1799511230081308,8.37260971713505,0.4845370941609701,3.640359882493822,0.4091247579227942,4.100768641979513,1185.700265099836,3.1705979927991046,-0.0235100550818891,3.172766346945048,0.2173071378094961,3.1148032312642044,0.1016268822885648,2.9935331569415515,-0.1040453565428487,4,ok,0.1954553823831469,0.1802202823550202,0.210616604360037,0.2080742120742797,-0.0227787719909534,20.769291419809374,1.4618352523696923,ok,1.1870776669136736,floor,1.3904506134056376,floor,3.6872523549560827,ok
426,22,0.0972574889193448,0,8.350448040215856,6.8398220671547785,0.3705752484732469,0.0,18,35.417318767971466,7.458662836659803,5.570142216152615,0.3175738255271143,0.0,18,28.966017935011124,6.848774463665329,4.840357581774394,0.3889931980965041,0.0,18,28.89271471235488,10.280923800809855,10.668230242199368,0.5891157472064568,0.1524444307324803,18,31.71999422709148,-0.6098883729944742,3.4321493371445264,1.930475760594,7.904555438437829,-1.0557809747725004,2.376368362372026,0.321876079751591,3.4321493371445264,837.4163969026672,3.1667020301713,0.0386185717840992,2.77863840957983,-0.0909745215072188,2.8177351321344086,-0.1270852876693755,3.304070546349312,0.2719829772156168,4,ok,0.168602532810635,0.1521217783706056,0.1645462326705455,0.1671251402133041,-0.0041840770799252,20.286821686310287,1.4618013557480902,ok,1.1870544685419517,floor,1.3904228215911885,floor,2.5101230415640927,ok
427,22,0.1821130129321728,0,6.936492995880905,4.939116835594177,0.4777989829619046,0.070548537173511,43,35.420437657555865,8.277583715464111,6.726023363512616,0.457332144953248,0.0209462748120923,43,28.969413890395053,6.335238009291698,4.30054801563884,0.4087999299491017,0.0,43,28.8961770700854,9.26731423909954,8.44756270009418,0.4038204065956325,0.0,43,31.72332901178404,-1.9423457061724123,2.9320762298078407,2.330821243218634,7.607038355672508,-1.2718003463808092,1.6602758834270317,0.2653156803810129,2.9320762298078407,767.0107313824255,3.172776100881819,-0.0213319469991746,3.160097513902248,0.2046383047666964,2.898193684185585,-0.1149826647900544,3.135172382349294,0.0375938688648935,4,ok,0.1773045303863148,0.1875502163934153,0.1998941105638825,0.18332923896784,-0.0174667371740174,18.872698518484,1.4618579465936292,ambiguous,1.1870934171347218,floor,1.3904691947132994,floor,2.900359668999858,ok
428,22,0.1724722811208963,0,6.723186253715725,4.702389785647393,0.3910463592308865,0.0048539055986402,40,35.41762552261353,8.093912377508106,6.447498321533203,0.4171836063852212,0.0,40,28.966365098953247,5.738057410158018,3.748053151369095,0.3834880997356659,0.0,40,28.89305176734924,9.129938117594511,8.184531259536744,0.4638788191999787,0.0396227826743629,40,31.72032403945923,-2.355854967350088,3.3918807074364947,2.406751863878788,7.408549315611916,-1.6704919054538978,1.721388801982597,0.2940477155240236,3.3918807074364947,715.9272462651135,3.237620247315457,0.0489954177402975,2.949028876346566,0.0006990395689836,2.815327471818416,-0.1921720454643489,3.1432627514522893,0.0511231380456229,4,ok,0.2182269060984253,0.1721507638692855,0.1738180054351687,0.1832286326214671,0.0213708295486867,18.659543365085113,1.4618069212864877,ok,1.187058449895453,floor,1.390427335581569,floor,2.9718288843230374,ok
429,22,0.1065567867081176,0,6.392773953401621,4.357901354630788,0.3500479513633823,0.0,18,35.42376263936361,7.444182659894546,5.551601264211866,0.503303096221254,0.0582338161285522,18,28.97309599982368,8.725292454423592,7.456400818294949,0.4187394970480446,0.0,18,28.899964968363445,10.804054573582183,12.033873928917778,0.372340556360014,0.0,18,31.72693697611491,1.281109794529046,2.078762119158593,4.411280620180564,6.918478306648083,1.8068141477755084,3.885576266934102,0.3974641111227011,4.411280620180564,1013.3440677490498,2.807489741500572,-0.3205937168866288,2.7622942049481294,-0.1073187261389194,2.978424530400004,0.0336041105962197,3.122913061190049,0.0908254920563544,4,ok,0.1930832184023327,0.2187518423630131,0.1682555162244373,0.1542137517697281,0.0376620141582356,18.32880022178771,1.4619182864853817,ok,1.187135655260913,floor,2.0629149395446427,ambiguous,4.877874013569293,ok
430,22,0.0989364261380969,0,7.484206572157985,5.603000448300288,0.5495984045062111,0.1348416107682357,13,35.422997401310845,8.174670788752895,6.568513228343083,0.2965075469149522,0.0,13,28.972251598651592,7.560380339123311,5.702142073557927,0.330629403980076,0.0,13,28.89910595233624,11.44080647101159,13.934155317453238,0.3473931299424846,0.0,13,31.726107083834133,-0.6142904496295838,3.88042613188828,3.9565998988536055,7.82943868045544,-0.269058341332129,3.611367790556151,0.4368972309355449,3.9565998988536055,1011.7821090817451,3.0013492179615286,-0.1020613181346186,2.87774114373618,0.0402083598110611,2.902237276630422,-0.0170390157275037,2.738175566410173,-0.2694384998494969,4,ok,0.2437499039448224,0.179381950543477,0.211881319204202,0.149834939207022,-0.0003153919600523,19.420274097502297,1.4619043985000844,ok,1.1871259682873885,floor,1.3905084291060834,floor,4.423140577402818,ok
431,22,0.1410992926610027,0,6.779789767752158,4.764079244048507,0.3871930762870373,0.002240246631278,27,35.42179898862486,6.972043213696581,4.979713091143855,0.47286143844101,0.0331430994378423,27,28.97093024077239,6.820213578452329,4.808629958717911,0.5185973936115955,0.0758938461939544,27,28.897760038022643,9.089832265430124,8.109297372676709,0.6143122429356098,0.1783858752692952,27,31.724810070461697,-0.151829635244252,2.269618686977797,2.3100424976779674,6.87591649072437,-0.0557029122720411,2.213915774705756,0.2494535726970712,2.3100424976779674,724.9460755167183,3.006283923589393,-0.1525411465944306,2.990443571726512,0.0808598816512513,3.2353717944000104,0.2587242711684014,3.22545893911851,0.1628782279166936,4,ok,0.2080779078382033,0.1957395429964419,0.2138717828525437,0.192704795135392,-0.0119630574352211,18.715921901839007,1.4618826500636337,ok,1.1871108104993378,floor,1.3904903989317172,floor,2.8807238305857608,ok
432,22,0.1131706324664488,0,8.26903155935758,6.7127914655776255,0.3556715679563755,0.0,21,35.42099035353888,7.0184213095521,5.03317616099403,0.431676365307001,0.0016881996491886,21,28.970060076032365,6.169896498402354,4.139898084458851,0.297921196260145,0.0,21,28.896912529355003,10.07690638095289,10.17866071065267,0.5079220896196139,0.0762404575234185,21,31.723948342459543,-0.8485248111497459,3.907009882550536,1.807874821595309,7.64372643445484,-1.4738299360524865,2.4331799464980497,0.3541229109183792,3.907009882550536,762.751632298742,3.1624494152768845,0.0226785385084924,2.9364556616630564,0.0516465532773171,2.968791788890231,0.0118712659401536,3.0128285311533087,-0.0308519925549539,4,ok,0.1804920051779066,0.1622082140474092,0.1688292147148223,0.1584774603446324,0.0025208948978355,20.20520728690712,1.4618679759218765,ambiguous,1.1871008290719007,floor,1.390479046146382,floor,2.383650261794121,ok
433,22,0.1352923248489435,0,7.341265447495101,5.4215884166104455,0.3076364249489143,0.0,28,35.41996683393206,8.340676279707885,6.824449556214469,0.4978539671889727,0.0536275285334044,28,28.96893399102348,6.155720715646197,4.126407095364162,0.5133882263224966,0.0713359002341933,28,28.89576911926269,9.25038256882769,8.414692631789617,0.4276452884230579,0.0119866257190313,28,31.722840785980225,-2.1849555640616884,3.094661853181494,1.9091171213325893,7.840970863601493,-1.685250147955296,1.409411705226198,0.2576995967587977,3.094661853181494,762.4562248821769,3.1213541951189496,-0.040228202333489,2.985513253665166,0.0723444404534028,2.8600946782365515,-0.1194075339665778,3.1178190023956653,0.0525032500812869,4,ok,0.1729758818234716,0.1799083461186715,0.1946103125810623,0.1653682642749377,-0.0181681986099907,19.27749635104944,1.4618494031528761,ok,1.1870879127069696,floor,1.3904637303953187,floor,2.4884667932609057,ok
434,22,0.1227351169267869,0,8.323196621036255,6.7970374393463135,0.4910244509564133,0.0817161531052768,25,35.41857986450195,8.383359892708407,6.891852741241455,0.4996490528205677,0.0551394217973417,25,28.96740547180176,8.613735431091316,7.267307605743408,0.4358564228755673,0.0089358031837583,25,28.894213409423827,11.123977448188304,12.953816623687745,0.5084315914545472,0.0766834787346102,25,31.72133903503418,0.2303755383829084,2.510242017096989,2.8007808271520496,8.353278256872331,0.2604571742189847,2.7706991913159733,0.305558914282093,2.8007808271520496,1092.0680027723313,3.354920150346849,0.2019301234324944,3.1018669233254768,0.1998700543236422,3.1359138180394543,0.1653073744646902,3.289883100699344,0.2330902709061755,4,ok,0.25273272305727,0.2023359787464141,0.2003262275457382,0.20435949832201,0.0272081233561038,20.259502290157478,1.4618242367269632,ok,1.1870703815442096,floor,1.3904428934021127,floor,3.3374429048535634,ok
435,22,0.0741918320125327,0,7.361334877080571,5.446700406074524,0.3340124347205577,,10,35.417565155029294,7.082717244311306,5.108245068788529,0.434114384116815,,10,28.966289520263672,7.3780597160415535,5.4677162885665895,0.3073980830853922,,10,28.89307975769043,8.552008000227664,7.164746022224426,0.4218849458474193,,10,31.720243835449217,0.2953424717302475,1.1739482841861104,1.1906731231470928,7.222026060695938,0.1560336553456149,1.3299819395317254,0.1384432543789715,1.469290755916358,743.7079329162837,2.9782768503715857,-0.105241714242235,2.928317016839086,0.1166481076899734,2.824604715119197,-0.0740772168018137,2.7442792868961607,-0.2436035851620319,4,ok,0.1906939528882503,0.1936886876821518,0.1595934383571148,0.1854377068579197,0.0325978819280863,19.297695242405446,1.461805826013247,ok,1.1870575831362027,floor,1.390427710444148,floor,1.5876054940887214,ambiguous
436,22,0.1186127164251362,0,8.22889793104397,6.6510435740153,0.3757440045954275,0.0,21,35.41803105672201,7.111988779766464,5.142791032791138,0.345348187803902,0.0,21,28.96678606669108,7.157706548276509,5.197214660190401,0.5601728560628259,0.1139209518115897,21,28.89355668567476,10.426993569452623,11.03314579100836,0.5157556501803452,0.0831009669910471,21,31.72073854718889,0.0457177685100447,3.269287021176116,2.1980956384086543,7.670443355405217,-0.5127368071287082,2.756550214047408,0.3429114641331902,3.315004789686161,853.0908978836877,3.2513357058928616,0.1115648291244695,2.945219357674173,0.0604102492884339,3.0171117788749107,0.0601912559248334,3.1709326379357425,0.1272521142274798,4,ok,0.2390082682527247,0.2009974998377618,0.1741106632564749,0.1637248139651048,0.0458922207887683,20.16523318297812,1.4618142791387299,ok,1.1870632777416312,floor,1.3904340978172045,floor,2.773790906062698,ok
437,22,0.1306669443564322,0,7.882945131038666,6.141783638000488,0.4236914092884075,0.0280353223050875,25,35.41686477661133,6.592371398870075,4.562859959602356,0.5410832535735374,0.0915493434331458,25,28.965502471923827,7.664053876342333,5.8398996925354005,0.4528619611899703,0.0217497161410087,25,28.89224983215332,9.49389557101392,8.899990787506104,0.3810884803641579,0.0,25,31.71947868347168,1.0716824774722582,1.829841694671588,1.6109504399752543,7.237658264954371,0.4263956113879619,2.2562373060595498,0.2485547668504477,2.901524172143846,803.0541680455208,3.180508250916316,0.0275182240019606,2.959604518048537,0.0576076490467025,2.9513309972287605,-0.0192754463460036,3.128849677882508,0.0720568480893391,4,ok,0.2248734486103057,0.2062445908784866,0.15159020408988,0.1960418769717216,0.0639688156545162,19.81934324788518,1.4617931190058864,ok,1.1870485572259815,floor,1.3904165958358252,floor,2.1679557837197665,ok
438,22,0.1448332909927037,0,7.284252378659418,5.350880324840546,0.3406337881855837,0.0,28,35.415889739990234,6.684593062396785,4.6607875398227145,0.5364396666429256,0.0873245854111677,28,28.96443223953247,7.287708122522463,5.355139791965485,0.3412052432493752,0.0,28,28.891162259238108,9.548321574311604,9.012227731091636,0.4165203446409659,0.0039521157157924,28,31.71842690876552,0.6031150601256776,2.2606134517891414,2.264069195652186,6.9844227205281015,0.3032854019943611,2.5638988537835026,0.2802315862504449,2.863728511914819,776.5428321020944,2.877201491722808,-0.2843809057296314,3.0175243368371176,0.1043555236253546,3.043914889762026,0.0644126775588964,3.127172178258511,0.0618564259441325,4,ok,0.185140478557774,0.1699151766619512,0.2039665571813072,0.1827733378325189,-0.0264387295714446,19.220703049918875,1.4617754295898682,ambiguous,1.1870362843263054,floor,1.390402031448215,floor,2.8368812618206225,ok
439,22,0.1010327358234228,0,6.700218165760364,4.677586383289761,0.4262131135711668,0.0299032888000549,18,35.413842307196724,7.463885939695594,5.576845255162981,0.8732015896571664,0.4881482227807501,18,28.962216271294487,8.260688768771562,6.699908581044939,0.4275551474416982,0.0028587937662751,18,28.88887956407335,8.05322014087216,6.387369116147359,0.4015345547455909,0.0,18,31.71624904208713,0.7968028290759674,-0.2074686278994022,1.3530019751117957,7.082052052727979,1.1786367160435829,0.9711680881441804,0.1343737347822818,1.560470603011198,803.0212439795336,3.098297571058524,-0.0297858873286771,3.0795804431554274,0.2099675120683786,2.814554506900645,-0.1302659129031389,2.73370919708534,-0.2983783720483548,4,ok,0.227634247392416,0.1971109074850877,0.1733709528214401,0.2016189073522885,0.0390016246173117,18.636779187356385,1.4617382872015403,ok,1.18701087481363,floor,1.3903714650321715,floor,1.8444559967661902,ambiguous
440,22,0.1513593903421214,0,7.989072948596543,6.293718218803406,0.4972334697064236,0.0870642351470125,32,35.41090703010559,7.290929184423277,5.359113048762083,0.5364946001957556,0.0873743513894733,32,28.958989202976227,7.060150346014215,5.081770345568657,0.5707075604320452,0.1240219956847119,32,28.885592341423035,9.523981530734552,8.961859956383705,0.3852772337212709,0.0,32,31.71303343772888,-0.2307788384090621,2.4638311847203376,1.5349085821380095,7.64000106650991,-0.5798507204956955,1.883980464224642,0.2385421337414795,2.4638311847203376,789.3970473390073,3.300271535414369,0.1285650356590748,3.156017548875447,0.2296852081363507,3.0420529435386694,0.0520691452287809,2.955773819718793,-0.1195842066271333,4,ok,0.1807482138974592,0.1982551296241581,0.2255935152061283,0.1964802020229399,-0.0360918434453196,19.925792158043485,1.4616850450167918,ok,1.1869738765913447,floor,1.3903274537350174,floor,2.078750641493768,ambiguous
441,22,0.0752466385374019,0,6.936859593929397,4.939533775502985,0.2899926001773098,,11,35.4125862121582,5.826389051663679,3.825065753676675,0.3439997220561824,,11,28.96085080233487,6.780117075268195,4.7644383040341465,0.3102987020518047,,11,28.88749157298695,10.777364290337433,11.96014456315474,0.2525636008685311,,11,31.714888485995207,0.9537280236045164,3.997247215069236,3.8405046964080336,6.381624322796538,0.3984927524716566,4.395739967540893,0.5106261973469075,4.950975238673752,799.2134965712373,2.792184225714557,-0.2985605797994526,3.116533493427864,0.2954689047248267,2.464999609886919,-0.4411637227506926,2.74945879338694,-0.2455919133263031,4,ok,0.162584360350262,0.2915582060813904,0.1444713791662996,0.2319750630042769,0.0825999040495265,18.873488311056,1.4617155022944712,ok,1.1869952190200317,floor,1.3903528808816867,floor,4.310067519615739,ok
442,22,0.145268003031462,0,6.913226488496099,4.912727200984955,0.4248450730641125,0.0288885296026291,30,35.408522288004555,7.39955766658114,5.4948490540186565,0.4579610031572167,0.021432273038572,30,28.95629711151123,6.136279396149082,4.10797639687856,0.4910479347984214,0.0523102986963837,30,28.882808494567872,9.097333096407342,8.123315286636352,0.4633893667618095,0.0392344984382011,30,31.71037419637044,-1.2632782704320586,2.96105370025826,2.184106607911242,7.156392077538619,-1.0201126813895378,1.9409410188687224,0.2659479692401327,2.96105370025826,703.4671087880929,3.020241680567868,-0.1465716283232443,2.880588064664555,-0.0393820672870042,2.91173085044781,-0.0731869775819027,3.086080603759084,0.0155762189585337,4,ok,0.1877439846595128,0.1752686269581317,0.1665528071423371,0.18482737566034,0.0149534986664851,18.85007420374769,1.4616417945142628,ok,1.1869430165046486,floor,1.3902901876908231,floor,2.7600815380364514,ok
443,22,0.2685436355180668,0,8.286252960031868,6.739463041077799,0.401484974961174,0.0120643849602752,67,35.40602920304483,7.06746744501856,5.090339452473085,0.4384626571112339,0.0066740922314008,67,28.95357089256173,6.165571131312425,4.135776994833305,0.3817780394596425,0.0,67,28.88004470939067,9.166823507534142,8.254339944070844,0.4498554251828728,0.0286603499464426,67,31.70768928527832,-0.9018963137061348,3.001252376221717,0.8805705475022734,7.676860202525214,-1.511289071212789,1.4899633050089278,0.2600781008322776,3.001252376221717,706.928484899784,3.211211944195166,-0.0165208820224651,3.05468481489331,0.0555061053028915,2.929140683939361,-0.1188477401134679,3.0754704275529265,-0.0554610912849797,4,ok,0.2182873027093375,0.1679392935179952,0.1752669368662051,0.1917294873230492,0.0178463612474612,20.223235007214587,1.4615965845115015,ok,1.1869117695119928,floor,1.3902531954255188,floor,1.0414827939096833,floor
444,22,0.4904839466247684,0,7.16813486324522,5.209709250009977,0.4540613950579499,0.0512691947032695,143,35.43208606426533,35.480837388153994,3532.512756347656,0.1086191728882808,,4,28.978906631469727,6.634539460652946,4.607379080219702,2.221024832779249,4.030347707313409,44,28.90709172354804,12.863986219817589,19.337424095126167,1.4583080338780952,1.6749451632453694,69,31.73438863285252,-28.84629792750105,6.229446759164641,5.695851356572367,21.324486125699607,-14.689946665046662,-8.46049990588202,1.7131596805148663,28.84629792750105,122752.90391362572,3.362266002826485,0.077051498568275,,,3.092237740733029,0.077256822733664,3.474256519805266,0.3411129196749498,4,ok,0.2028368202695896,0.24750891700387,0.2130963131785392,0.1453996593861476,0.0120765554581905,19.103712308077895,1.4620693787317063,ok,15.0,sat,1.390615433717227,floor,6.320669149374998,ok
445,22,0.3252314726123673,0,7.555399805519107,5.695606546840448,0.3771482374267542,0.0,87,35.42762506419215,34.37268222938943,2736.9585668430773,0.6521635789329863,0.2034645692932932,86,28.97723016284761,7.790330455153036,6.012194826000038,0.6486824099232312,0.204638578450006,87,28.90417397159269,10.233482899618702,10.552328193324737,0.4688185102443188,0.0435643996807597,87,31.731091027972344,-26.5823517742364,2.4431524444656656,2.6780830940995948,20.96404101745427,-13.173710562301236,-10.73055811783557,1.7134218673267547,26.817282423870324,95127.36914434838,3.138152495447604,-0.1093852050071491,1.2875906886444648,-1.7361989843053225,3.179530891488618,0.1110382796628766,3.190804744481249,0.0402284247217408,4,ok,0.1982144828157863,0.1751072366050509,0.173064707938967,0.1912808852891127,0.0135961517714515,19.491217817762653,1.461988392024563,ok,15.0,sat,1.3905763325254965,floor,3.2244677503534134,ok
446,22,0.3153823649757301,0,7.509921578550167,5.636274781965074,0.4742435945888147,0.0675983592753708,84,35.43012078603109,36.81639577059626,4804.404632568359,0.5275951783451496,0.0793785535104392,24,28.97855854034424,13.26747122556085,21.22008516419102,2.3120374675278748,4.3801483444626825,71,28.90652175316444,14.270494335088737,26.733106805617552,1.3707033837852616,1.4629159202627613,83,31.73368830680847,-23.54892454503541,1.0030231095278843,6.760572756538568,22.16315867457321,-8.895687449012364,-7.892664339484479,1.7065872505470887,29.30647419204609,167821.35375338278,3.326646174763291,0.0817690330335603,0.0,-2.8979726359130726,3.41546441619532,0.3629242652248656,3.4292611685688845,0.2822245770540137,4,ok,0.2102064355498268,0.1675651955107847,0.1644579227489065,0.1435259922396346,0.0244278927813993,19.445605009414564,1.4620336981188242,ok,15.0,sat,6.283536130698756,ok,7.773755953946057,ok
447,22,0.1706812611493622,0,7.963678461686118,6.257024365502435,0.3960770983780298,0.0083051796010178,37,35.43244253622519,,,,,0,,,0.0,,,2,28.907590866088867,10.07804036535654,10.181318803267043,2.121700773145041,,11,31.735050201416016,,,2.1143619036704218,7.963678461686118,,2.1143619036704218,0.7651709997464927,2.1143619036704218,,3.2739518216910577,0.0912378914633431,,,,,,,3,partial,0.1794402241908215,,0.2221838980913162,0.1044056611982258,-0.0427436739004947,19.899236681419595,1.4620758510299499,ok,,nan,,nan,2.693152712152027,ok
448,22,0.121957644637218,0,8.51658337631677,7.106542172639267,0.4583803095541354,0.0547038607675116,23,35.434134441873304,,,,,0,,,,,,0,,,,,,0,,,,,8.51658337631677,,,0.0,0.0,,3.375264703989562,0.228596515876434,,,,,,,1,partial,0.2039228295502455,,,,,20.45205034543736,1.4621065717396216,ok,,nan,,nan,,nan
449,22,0.0889376568097096,0,8.364347988112256,6.861748543652621,0.4276350239705143,,11,35.43369189175692,,,,,0,,,,,,0,,,,,,0,,,,,8.364347988112256,,,0.0,0.0,,3.0906716412051334,-7.316430887627234e-05,,,,,,,1,partial,0.1752604422244158,,,,,20.299838826117885,1.462098535905662,ok,,nan,,nan,,nan
450,22,0.1030874091253543,0,5.647120430095718,3.670388563474019,0.4053839822946493,0.0148063495689887,15,35.43280563354492,,,,,0,,,,,,0,,,0.0,,,3,31.73538589477539,,,,5.647120430095718,,,1.0,0.0,,3.2346415805977897,0.1203814041873463,,,,,,,2,partial,0.1550042793154716,,,0.0593075354894002,,17.5826590671535,1.4620824437389028,ok,,nan,,nan,,nan
451,22,0.1712863025543503,0,7.530075615519147,5.662491479824329,0.627013454850322,0.2142311731050055,29,35.43500568555749,,,,,0,,,,,,0,,,,,,0,,,,,7.530075615519147,,,0.0,0.0,,3.233667194898324,0.0694242387208623,,,,,,,1,partial,0.1961077880756608,,,,,19.465495593080377,1.4621223923130355,ambiguous,,nan,,nan,,nan
452,22,0.1099288989404731,0,7.200324682952758,5.248466968536377,0.2747889176327777,0.0,16,35.43035125732422,35.96415755018957,3948.3510131835938,0.2950891548835622,,4,28.97890408833821,6.455841704688496,4.421648043852586,1.3327538437478008,1.353873412445216,13,28.90675099690755,11.669165553629805,14.68644067645073,0.7831903872259366,0.3802968778360063,16,31.73401665687561,-29.50831584550108,5.2133238489413065,4.468840870677045,21.58224111657116,-15.126399411882666,-9.913075562941358,1.7178967339868778,29.50831584550108,136949.27379696644,3.213900181316116,0.0947468140414913,0.0,-2.7213409492963905,3.0004362284595385,0.0811599361016126,3.126286097413008,0.1030564417413177,4,ok,0.1800163201987743,0.1530313789844513,0.1688578412509881,0.1267962765414267,-0.0023339916593753,19.13599568506559,1.4620378822616864,ambiguous,15.0,sat,1.39061086729369,floor,4.937357442591422,ok
453,22,0.1167168704508762,0,6.949303232032723,4.953707087607611,0.3660019978349043,0.0,21,35.429726918538414,35.630215349481354,3656.129204644097,0.4468993885121338,,9,28.97864580154419,10.62219304964689,11.540358622868856,1.419025667311385,1.5551576801782012,21,28.90638675689697,13.663818195713034,23.247797795704432,1.3579478144349597,1.4331388630661015,21,31.733352388654435,-25.008022299834465,3.041625146066144,6.714514963680311,21.28975929075704,-10.66756624111015,-7.625941095044006,1.7072324429421275,28.68091211744863,127535.43139028832,3.1020500037928382,-0.0377208729755538,0.0,-2.801282467272814,3.3557752374674954,0.3988547145174181,3.247493778921871,0.2038132552136082,4,ok,0.2204045408538409,0.2885262552234862,0.1379060404641287,0.1326828859746456,0.1165593575745348,18.885007902959973,1.4620265476731347,ambiguous,15.0,sat,3.823674383262742,ok,7.704609633006837,ok
454,22,0.3054868557778105,0,7.049292991633799,5.069081795960665,0.4127508526067013,0.0200594136040916,80,35.41949300765991,6.781939827359995,4.76643837839365,0.538466796554234,0.0891643997459379,80,28.968348097801208,6.364343589879606,4.329466255009175,0.4616062022893646,0.0285295325754226,80,28.89498360157013,8.906405800128738,7.773929181694984,0.4543402940211205,0.0321296838183833,80,31.722242331504823,-0.4175962374803887,2.5420622102491315,1.8571128084949395,6.915616409496897,-0.5512728196172905,1.990789390631841,0.245694811170121,2.5420622102491315,681.7180739697069,3.169867274058081,-0.0713106879977476,3.038152670087894,0.0214923694960758,3.027943321818199,-0.0339649881454424,3.115951028762995,-0.0283169553179076,4,ok,0.21587654966861,0.1464177010580897,0.1854321284685283,0.1826925762929022,-0.0042850031051784,18.985549437558994,1.4618408054273164,ok,1.1870811927158382,floor,1.3904532090582578,floor,2.435009501030761,ok
455,22,0.1099937996052906,0,7.177398464709919,5.2208335399627686,0.3238259503244213,0.0,21,35.421392531622026,5.791516138449989,3.794474283854168,0.4075604589155097,0.0,21,28.970443816412065,5.176439539258968,3.293396001770383,0.3900834232039668,0.0,21,28.89710844130743,8.63860651068345,7.30904525802249,0.3711222796236618,0.0,21,31.724309376307897,-0.6150765991910205,3.462166971424482,1.4612080459735317,6.484457301579954,-1.3080177623209854,2.1541492091034966,0.31767579689027,3.462166971424482,575.1331066460837,3.3288437204802426,0.1890728437118505,2.7587004321256,-0.1261086762601393,2.905221448704939,-0.0516990742451382,2.8975493153626304,-0.1461312083456323,4,ok,0.2315476710597674,0.1633598151661101,0.1585936239432721,0.1785501089124452,0.0388601191696666,19.113552511029074,1.461875274095185,ok,1.1871052308009158,floor,1.3904816704374974,floor,1.9884074393326177,ambiguous
456,22,0.1227482566561767,0,7.204620745188577,5.253661346435547,0.4235203054649603,0.0279089777727048,25,35.42313949584961,7.163511603185455,5.204166231155395,0.4077976267260919,0.0,25,28.972397537231444,8.394685110436,6.909848270416259,0.6018741568860726,0.1550075819400469,25,28.89911094665528,10.453428800228128,11.100508661270142,0.3657210964891335,0.0,25,31.726235427856444,1.2311735072505456,2.058743689792127,3.248808055039551,7.184066174187016,1.2106189362489843,3.2693626260411115,0.3372347776934037,3.289917197042673,947.4789932489396,2.9926321397482005,-0.1603578871661546,2.8356828573673023,-0.0663140116345322,3.085555331205115,0.114948887630351,3.137443470674785,0.0806506408816165,4,ok,0.2040776953101158,0.1730612140893936,0.1960328263044357,0.2089736327528953,-0.0074633716046809,19.140680609752124,1.4619069772747646,ambiguous,1.1871276424656123,floor,1.3905084960134173,floor,3.751216130393122,ok
457,22,0.1016183650017705,0,7.704796627382655,5.894943714141846,0.3855005920037848,0.0011004252912207,16,35.422752380371094,6.952764328514168,4.957656502723694,0.340892697668492,0.0,16,28.97198712825775,7.251662696936487,5.310877323150635,0.5890872106218821,0.1420956349187709,16,28.898704648017883,10.243581543972866,10.57689405977726,0.4753715633093618,0.0488578277784232,16,31.72583556175232,0.2988983684223187,2.991918847036379,2.5387849165902105,7.328780477948412,-0.0771177810119247,2.914801066024454,0.3398196678346583,3.2908172154586977,834.693990021944,3.069268706229693,-0.0498846610449317,2.9016339181321973,0.0436320412073363,3.0066155731328474,0.0710405675038354,3.0084542356148853,-0.0147754200568046,4,ok,0.1913640243001282,0.1928013483993709,0.1621369351632893,0.2252046577632427,0.0299457511864602,19.640877362511755,1.4618999518284241,ok,1.1871229343675396,floor,1.3905030530129232,floor,3.0952434154738597,ok
458,22,0.1062084710291445,0,8.063394087514421,6.402349948883057,0.4395760945574384,0.0399869978052613,19,35.424010828921666,7.860099931179393,6.10956082845989,0.3994619046216083,0.0,19,28.97335584540116,6.945388017028476,4.949243275742782,0.4793874794032884,0.042716085382215,19,28.90009900143272,10.565352090915557,11.390301215021234,0.4370775549710097,0.0189645604059676,19,31.72721451207212,-0.9147119141509172,3.619964073887081,2.5019580034011355,7.961747009346907,-1.0163589923184313,2.6036050815686496,0.3427633227499881,3.619964073887081,881.1602696933245,3.083268288846055,-0.0489144458881738,2.8769901155790363,0.0020472366682651,3.052698881718712,0.1036344394108628,3.0314463003744443,-0.0047074126183748,4,ok,0.1991999133637076,0.2168279776447697,0.2259957249227323,0.142141720770221,-0.0179817794184935,19.999406974786073,1.4619227908865093,ok,1.1871386362940777,floor,1.39052173300942,floor,3.0609913649288694,ok
459,22,0.1706364841076529,0,6.838724729433956,4.829169765595467,0.5525099812682879,0.1376383845337077,31,35.42476604830834,11.916078735739225,15.545613773407474,2.319982694548328,4.388902141953402,31,28.974175607004472,6.453647272904945,4.419414408745304,0.4304555750917181,0.0049687914239644,31,28.90091053132088,10.51734163065061,11.265076960286786,0.4353100441172182,0.0176453760997037,31,31.72800260974515,-5.462431462834278,4.063694357745664,3.678616901216653,9.37740173258659,-2.9237544596816445,1.1399398980640196,0.5154067142734706,5.462431462834278,1161.9916231747598,3.105694928126579,-0.0636044442603736,3.30444105368238,0.3812385002989518,2.842353684911414,-0.1451379899462948,3.2222040427274505,0.1492336880919245,4,ok,0.2063925817849174,0.1756432414535553,0.1644072227420345,0.194766774292915,0.0266106888772018,18.774696898375367,1.461936497729499,ok,5.5471650022189865,ok,1.390532605594619,floor,4.155118767188869,ok
460,22,0.0800586046246009,0,6.606049164778351,4.577252984046936,0.4210458073532423,,10,35.42449836730957,6.68872286227751,4.665221691131592,0.4642405322837785,,10,28.973891830444337,6.704976125050482,4.682713770866394,0.3446355884202294,,10,28.900617790222167,9.41787842810948,8.745564413070678,0.2163978309361109,,10,31.72770881652832,0.0162532627729721,2.7129023030589963,2.811829263331128,6.64738601352793,0.0575901115225523,2.7704924145815486,0.3136132289551095,2.811829263331128,724.6666238427163,2.875295391324814,-0.2082231732890069,3.07408222487791,0.2624133157287973,2.7413156402085352,-0.157366291712476,2.949441444283172,-0.0384414277750204,4,ok,0.2302902914583683,0.2406757280230522,0.2104512430727481,0.2105028696358203,0.025031766667962,18.54203576611077,1.4619316393987467,ok,1.1871447854136217,floor,1.3905286835030293,floor,3.3477841976426665,ok
461,22,0.1745334382426218,0,7.491747477521812,5.612737712107207,0.4478750654682786,0.0464060881700603,38,35.42615057292738,28.331883639365,681.0646887390237,2.090137355383321,3.5330320400905144,38,28.97570158305921,6.080806628638059,4.0558385880369885,0.4612280695831283,0.0282336664945306,38,28.9024557314421,8.42411333285919,6.956829077319095,0.5567524114206904,0.1207179548682151,38,31.72950960460462,-22.25107701072694,2.3433067042211304,0.9323658553373768,17.911815558443408,-11.83100892980535,-9.487702225584218,1.677029926772647,22.25107701072694,23977.15806705073,3.231150145422938,0.0464142782080401,3.045994857956236,0.1027215152312286,3.01742045964456,0.0139472246558343,3.1910329401948347,0.1027508565277788,4,ok,0.2315372061964712,0.1719579539800945,0.1925646466644186,0.1996402558135359,0.0091829334238641,19.427644995626107,1.4619616274655043,ok,15.0,sat,1.3905533088707653,floor,1.0417279671784194,floor
462,22,0.177026733048418,0,6.381589292239532,4.346692614439057,0.3329271088561733,0.0,41,35.43236709222561,,,,,0,,,0.0,,,1,,6.142289178020304,4.113664963666131,4.000000064102885,13.543965567284893,17,31.73528723283248,,,-0.2393001142192279,6.381589292239532,,-0.2393001142192279,0.7079109863218186,0.2393001142192279,,3.052504499475324,-0.1379924781473938,,,,,,,3,partial,0.2266680033105175,,0.2434923946857452,0.0712121744119726,-0.0168243913752276,18.317151580808904,1.4620744812182742,ok,,nan,,nan,1.041792929285209,floor
463,22,0.0913840449500568,0,7.586431551291816,5.736449241638184,0.3858276266587162,0.001320281017672,16,35.43051242828369,37.09889332730868,5127.30712890625,,,1,,6.164286119912598,4.134553462266922,1.8247213475314008,2.670927423290712,16,28.907228978474937,14.474443429965104,28.01846528053284,0.7202125957615018,0.2992946922015596,16,31.73419940471649,-30.934607207396084,8.310157310052505,6.888011878673287,22.34266243930025,-16.178376319387652,-7.868219009335146,1.7151257025868174,30.934607207396084,178009.74092656374,2.9572319120898,-0.1619214551848249,,,2.804056546100699,-0.1315184595283129,3.286709323832629,0.2634796681609388,4,ok,0.1999633000232279,0.0765882954001426,0.1962845483794808,0.0885151153197512,-0.0580087506677955,19.52209386178722,1.4620408083043592,ok,,nan,1.390617273232181,floor,7.968382091720741,ok
464,22,0.256712414809108,0,,,,,0,,,,,,0,,,,,,0,,,,,,0,,,,,,,,,,,,,,,,,,,0,no_sar_data,,,,,,,,nan,,nan,,nan,,nan
465,22,0.2917391167715356,0,,,,,0,,,,,,0,,,,,,0,,,,,,0,,,,,,,,,,,,,,,,,,,0,no_sar_data,,,,,,,,nan,,nan,,nan,,nan
466,22,0.2698876320493243,0,7.727351296866702,5.925638177178123,0.4019127242560921,0.0123639041635035,66,35.414181160204336,6.922728325412041,4.92348741943186,0.5115069249829377,0.0652632941298485,66,28.96248537121397,6.848413935595232,4.839955777832956,0.4350900989291239,0.0083699143724329,66,28.889037970340613,9.530306954284248,8.974922259648642,0.4044278358015721,0.0,66,31.71646652799664,-0.0743143898168083,2.681893018689016,1.8029556574175447,7.325039811139371,-0.4766258755441388,2.2052671431448765,0.2719841676490849,2.681893018689016,758.3420670258276,3.18277218458186,-0.0438204976901115,2.9740289161578146,-0.0236673591619047,3.161086320694301,0.1142782992671116,3.082990211328155,-0.0468103788016822,4,ok,0.1978108613102725,0.202119625201731,0.1856774107524842,0.1869196055287664,0.0142878325035174,19.663894055903366,1.4617444340598438,ok,1.1870139603088166,floor,1.3903735860556983,floor,2.3782920327929133,ok
467,22,0.2922226121952749,0,5.969691479328022,3.9533853441476814,0.3642343346070897,0.0,80,35.4119104385376,6.690448744193782,4.667076013982296,0.4064811966784192,0.0,80,28.959968543052675,5.559198541213695,3.596829521656036,0.4472369404489092,0.0174569069891838,80,28.886477041244508,9.389837129080307,8.6892784178257,0.4436219485005236,0.0238955156570663,80,31.71398546695709,-1.1312502029800875,3.830638587866616,3.420145649752288,6.330070111760902,-0.7708715705472073,3.059767017319407,0.3895338473515544,3.830638587866616,656.0055920101702,3.098617489805522,-0.1425604722503068,2.9736863358393606,-0.0429739647524574,2.899617777771557,-0.1622905321920842,3.031442161333043,-0.1128258227478595,4,ok,0.2012866463512182,0.1708016559947282,0.1935084978118539,0.1723606209736317,-0.0074643466388806,17.906356615053028,1.461703244698876,ok,1.1869851040483916,floor,1.3903392978996787,floor,3.9106437993038785,ok
468,22,0.0911195235807055,0,8.662976952263937,7.350175269444784,0.3137642070367431,0.0,15,35.426605987548825,31.0271982193493,1266.8343244870505,1.5438327683866075,1.8567853176047115,15,28.976170094807944,6.9875250015256185,4.997496517499288,0.4864673422879285,0.0485138945990566,15,28.90297686258952,10.243322790240557,10.576263904571531,0.609712918813144,0.1735695227667006,15,31.729979705810543,-24.039673217823683,3.255797788714938,1.580345837976619,19.84508758580662,-12.857562584281002,-9.601764795566064,1.6910150748474906,24.039673217823683,44360.70304920674,3.2519262463447283,0.1376660699342848,2.8631846110688968,0.011544942931573,2.8902943721705467,-0.0402146631782893,3.047392821108501,0.0290168069821876,4,ok,0.183379527926445,0.1987472559014956,0.1951086680094401,0.1796966085831324,-0.0040452760954697,20.59884991447521,1.4619698938182801,ok,15.0,sat,1.3905602915839625,floor,2.1328719385923804,ok
469,22,0.2402989172515131,0,7.176062505954092,5.219227775694832,0.4144288515594252,0.0212691655828709,63,35.40815704587906,7.738133125483997,5.940367488634019,0.4661756364012016,0.0278420971106505,63,28.955802554175968,8.119880758430806,6.486166246353634,0.4081973148697345,0.0,63,28.882226641215976,10.738894402186228,11.854669215187194,0.5975620888882728,0.1610194554441619,63,31.709875863695903,0.3817476329468094,2.619013643755421,3.562831896232136,7.457097815719044,0.662782942711762,3.281796586467183,0.3559301444885354,3.562831896232136,970.7053776440166,3.268893811546594,0.0458281905009103,2.99115283932948,-0.0019574918587066,3.0712497326424417,0.0280933135836631,3.2165643967922835,0.0902623603416632,4,ok,0.19846076139855,0.1993564622742789,0.1799437317938085,0.1885462562952722,0.0189648800426059,19.112929901886496,1.4616351708070987,ambiguous,1.1869373477353058,floor,1.390282399361657,floor,4.044749644789877,ok
470,22,0.1606899894870283,0,8.23083343591257,6.654008381707328,0.5119013523133503,0.099965176583695,35,35.40556291852678,7.165937140293571,5.20707357270377,0.5435223066438462,0.0937829918698021,35,28.95295192173549,7.369218820371373,5.456597026756832,0.3927565156601125,0.0,35,28.879324068341937,9.427011509755266,8.763975422722952,0.4470224178685283,0.0264865734229799,35,31.707065800258093,0.2032816800778016,2.057792689383893,1.1961780738426953,7.69838528810307,-0.3291664677316976,1.7286262216521957,0.2156392321220735,2.261074369461695,802.2969829729625,3.2358858999682765,0.0573851726959726,3.1530282448136653,0.2178619355634157,3.196179174966753,0.1991612437907477,3.080054860677889,-0.0020424786972279,4,ok,0.1939132725553853,0.2513302426253046,0.1859827069299561,0.1885785728693008,0.0366390506603888,20.167840605975304,1.4615881294508017,ok,1.1869046756827664,floor,1.390243550760893,floor,1.5972231157782606,ambiguous
471,22,0.1856188783839298,0,8.8516410192195,7.676514983177185,0.4543566039729577,0.0515029276772143,42,35.405727477300736,8.011862531998988,6.32683128118515,0.5248724735931122,0.0769590233062853,42,28.953110376993816,8.881818470936565,7.73004188424065,0.4940303199543658,0.0548012296111315,42,28.879466329302108,10.602822256720062,11.48899990036374,0.3911027857446369,0.0,42,31.70722089494977,0.8699559389375775,1.7210037857834966,1.7511812375005622,8.431751775609243,0.4500666953273224,2.171070481110819,0.2314120928885357,2.590959724721074,1061.1854528884094,3.361930033562289,0.1696060243132282,3.0645210106589187,0.111381438458944,3.034993688692542,0.0236643730615879,3.037105950748112,-0.0587029436343877,4,ok,0.1985056879264967,0.2125694457264173,0.1951883387352739,0.1934993954464083,0.0103492280911831,20.788639323091914,1.461591113345843,ok,1.18690649166719,floor,1.3902454546755505,floor,2.3229810510998212,ok
472,22,0.18878809722125,0,7.8366486382145615,6.076658969455295,0.4339342508823739,0.03569169399562,45,35.40329878065321,6.824246866895987,4.813097802797953,0.4628301553475344,0.0252178861903915,45,28.95044428507487,7.61995231892792,5.780897005399068,0.5384549748821177,0.0936909803259251,45,28.87676166958279,9.434344289429992,8.77878532409668,0.5023110722494113,0.0713909555888363,45,31.70461506313748,0.7957054520319335,1.814391970502072,1.5976956512154308,7.330447752555274,0.2895045663726456,2.103896536874718,0.2312527357069972,2.6100974225340057,804.205743534035,3.320267306611749,0.122712385924014,3.050159233227105,0.0902183422873341,3.1574663151141147,0.1407213836565777,3.241663328838128,0.1406658019694573,4,ok,0.222578936152988,0.1719994778434435,0.1739876492155923,0.1689858135249879,0.0233015577826234,19.77377779129808,1.4615470769765928,ok,1.1868759387355914,floor,1.3902092598860596,floor,2.152348662560844,ok
473,22,0.1430337150801233,0,7.493026507073956,5.6143909485443775,0.4709343076967099,0.0648721903420868,23,35.41160168855087,6.448066234498299,4.413738748301631,0.2928117112843198,0.0,23,28.95966621067213,6.534910534937684,4.502887052038441,0.3742040407764067,0.0,23,28.886202687802523,8.965538488048047,7.880501368771428,0.3904461863633381,0.0,23,31.713691379712976,0.0868443004393855,2.4306279531103625,1.4725119809740912,6.970546370786128,-0.4356358358484433,1.9949921172619192,0.2494206549797102,2.517472253549748,686.3500180633171,3.049297526326228,-0.0973706617868996,3.067487410900763,0.173710302683038,2.9882117236941985,0.0241503441424861,3.0738518055127444,0.0233297181247857,4,ok,0.2086605164019958,0.1451623362043629,0.1902647928699203,0.1776990388398585,-0.0133533665667409,19.429708281562107,1.4616976445387002,ok,1.1869816379569562,floor,1.3903356248597027,floor,2.002351823634563,ambiguous
474,22,0.0963185488537208,0,7.427284806458613,5.53004264831543,0.4432032331410081,0.0427777488084832,16,35.39952540397644,8.830427924752362,7.639110505580902,0.8248163763076292,0.4187774258754129,16,28.946308970451355,8.205604220825936,6.615465700626373,0.7336985538428992,0.3042837751371381,16,28.872833728790283,11.706818620957163,14.8143247961998,0.5731038398797011,0.1365236206599718,16,31.70068645477295,-0.6248237039264257,3.5012144001312286,4.279533814498552,8.128856365605488,0.0767478552204483,3.577962255351677,0.4204084474180308,4.279533814498552,1127.621344178915,3.007375023011776,-0.1117783442628486,3.2953864310477785,0.4373845541229175,3.033485716786893,0.0979107111578811,3.3888508641518427,0.3656212084801526,4,ok,0.1517898868769407,0.1751373205333948,0.2190253371372819,0.1933216569013893,-0.0555617334321141,19.364617231850062,1.4614786697609017,ok,1.186828556973218,floor,1.3901567035538467,floor,4.742961264407798,ok
475,22,0.0917433134354056,0,6.707896094198316,4.685863241553307,0.3052941421793935,0.0,16,35.398635387420654,9.0101171147151,7.961808204650879,0.4115224151471777,0.0,16,28.945281624794006,6.070878758235075,4.046577624976635,0.705340739126224,0.2696840511410681,16,28.871833443641663,9.355268888072434,8.620389491319656,0.4587922174757793,0.0356075702608131,16,31.699714183807373,-2.939238356480025,3.284390129837359,2.6473727938741183,7.859006604456708,-1.7881278462216326,1.4962622836157262,0.3142984036406851,3.284390129837359,798.4536811187863,3.363532699644999,0.2443793323703742,2.8985646949243007,0.0405628179994397,3.074780256020941,0.139205250391929,3.1861080051261594,0.1628783494544694,4,ok,0.2376245465129614,0.1607619090937078,0.1744197155348956,0.2276765657588839,0.0247735122684389,18.645276460769033,1.4614625365856109,ok,2.6095242520371826,ok,1.3901433212937542,floor,3.195307508575904,ok
476,22,0.0867593207062643,0,7.15016845736394,5.188201629198515,0.2889003926905885,0.0,13,35.39763934795673,6.331906133392109,4.297249931555528,0.6666498110657221,0.2195955410311145,13,28.944131117600666,6.208546767971518,4.176905760398278,0.5007700314528403,0.0604858891285207,13,28.870711986835182,8.249598643315558,6.682821548902071,0.3652847783807493,0.0,13,31.69862497769869,-0.1233593654205913,2.0410518753440403,1.0994301859516185,6.741037295378025,-0.532490527406507,1.5085613479375333,0.1968244673276123,2.0410518753440403,624.7236137986183,3.132623321902574,0.0292127858064268,2.701521420721134,-0.136011363203985,2.703948208190824,-0.2153280841671017,3.1559300384199744,0.1483159721603044,4,ok,0.260488218986071,0.1901854895628415,0.1801020829723431,0.2192401244090153,0.0452347713021131,19.087602474219846,1.461444482391937,ok,1.1868036074954857,floor,1.390128318755412,floor,1.3924066202042449,ambiguous
477,22,0.0795514990984142,0,7.553978536002496,5.693742911020915,0.2609235055511114,0.0,12,35.3967866897583,7.253519201816,5.313148081302643,0.3384585692649066,0.0,12,28.943146069844563,4.627152017506319,2.902118901411692,0.5595822432161492,0.113360222628593,12,28.86975272496541,9.039362931174365,8.015604734420776,0.3439474586087542,0.0,12,31.697692394256592,-2.6263671843096814,4.412210913668044,1.4853843951718666,7.403748868909249,-2.77659685140293,1.6356140622651143,0.3307748964518629,4.412210913668044,629.1039760410786,2.9289274240904355,-0.1684144225001427,2.634735125820052,-0.1949070462787858,2.9146448048840123,0.0016514885080525,2.816342080158001,-0.1852523469075735,4,ok,0.1679381988942623,0.2336188964545726,0.197971789787213,0.1881579073766867,0.0028067578872044,19.491458478541276,1.4614290278297049,ok,1.1867923236981264,floor,1.390115486695525,floor,2.017975641236571,ambiguous
478,22,0.0839916335803564,0,6.652125789647884,4.626074035962422,0.301073395760125,0.0,12,35.39577039082845,6.520696827913376,4.488173971573512,0.5147840768534558,0.0681031011690518,12,28.941981156667072,6.218058468930359,4.186063836018245,0.4743885655894355,0.0386735923411423,12,28.86860720316569,8.351883241719428,6.842082778612773,0.5547855450229952,0.1188475610369492,12,31.696580568949383,-0.3026383589830175,2.133824772789069,1.6997574520715435,6.5864113087806295,-0.3683528398502709,1.765471932938798,0.2095172623184967,2.133824772789069,632.9656691004833,2.9049319332693035,-0.1924099133212746,2.837341013007057,0.0076988409082199,2.941562042714837,0.0285687263388774,2.9672194623797434,-0.0343749646858309,4,ok,0.2049933113157749,0.1763919312506914,0.2017210914442936,0.2195582650601863,-0.0110284701610604,18.589660469958776,1.4614106081034808,ok,1.1867789802582251,floor,1.3901001638547055,floor,2.2668849400794735,ok
479,22,0.1380084472045846,0,7.1575382482257774,5.197013258934021,0.3947375737239395,0.0073819064310933,26,35.39746974064754,6.2733842753312175,4.239732219622685,0.3977119836855587,0.0,26,28.943935834444485,6.298020918817554,4.26385170679826,0.4089188002941222,0.0,26,28.870543259840744,9.276690279654195,8.465819954872131,0.613607165702426,0.1776451784857344,26,31.69843270228459,0.0246366434863363,2.978669360836641,2.119152031428418,6.715461261778497,-0.4174403429609432,2.5612290178756982,0.3125189119990653,3.003306004322978,681.3293454005168,3.0958102718556018,-0.0601533967212146,2.952445937686944,0.04658268994759,2.960197972463211,-0.0134871125755915,3.2046581674674672,0.1449157305335604,4,ok,0.23254278416817,0.1654814931635673,0.1965583462554674,0.2165039531313456,0.0024537924104012,19.094981400547507,1.4614414081812996,ok,1.1868013704670703,floor,1.3901260616465592,floor,2.6968832563919483,ok
480,22,0.1001175208381452,0,7.263313659367768,5.325144118732876,0.3717810202679937,0.0,18,35.39645512898763,6.8388325106027645,4.829289615154266,0.4693824067514336,0.0303752437931636,18,28.942777315775555,6.16660784621237,4.136764374044207,0.4189526612977998,0.0,18,28.86939271291097,10.451830542755513,11.096424288219875,0.4870657547874175,0.058486725154359,18,31.69732750786676,-0.6722246643903942,4.285222696543141,3.188516883387744,7.051073084985266,-0.8844652387728953,3.4007574577702453,0.4371308399814635,4.285222696543141,774.0489908357462,3.058427942185654,-0.0696555162015468,2.977761753443051,0.1081488223560023,2.987789296127929,0.0429688763241449,3.0987227809908178,0.0666352118571227,4,ok,0.224160155488385,0.1621247236099508,0.1801918716066413,0.1853660001522964,0.0129505679425265,19.200811459966864,1.4614230184149006,ok,1.1867880997375058,floor,1.390110670970771,floor,3.6945537612686814,ok
481,22,0.2403069130365946,0,7.510555643923965,5.637097732226054,0.4610908686911769,0.0568760706890363,60,35.39420509338379,6.908407708320681,4.907279233137767,0.4611546413732301,0.0239107085158387,60,28.94024969736735,6.698281552243959,4.675501010815302,0.4916359121223133,0.0528001921272092,60,28.866847419738768,8.048080563015482,6.379814573129019,0.4083397572281341,0.0,60,31.694870471954346,-0.210126156076722,1.3497990107715232,0.537524919091517,7.209481676122323,-0.5112001238783641,0.8385988868931591,0.123671792338676,1.3497990107715232,668.5157646238804,3.1864766236927977,-0.0328898176789844,2.98404177298917,-0.0042588227766247,3.131630406478358,0.0923037857677688,3.165355697898792,0.0427229424240049,4,ok,0.2065602461496989,0.1566348715374867,0.1925895205388466,0.1971647130946318,-0.0109919616952538,19.44817462699682,1.4613822399604721,ok,1.1867591488048894,floor,1.3900766262078939,floor,1.0413388858477122,floor
482,22,0.044650843468584,0,9.076893444997657,8.085173511505127,0.3367271297068202,,5,35.40345764160156,7.870354272580839,6.124003458023071,0.2656555222653134,,5,28.950797653198244,8.737245610092058,7.476951456069946,0.4786661013703827,,5,28.87727928161621,13.188662719251322,20.83849124908448,0.6587059351789804,,5,31.704978942871094,0.8668913375112188,4.451417109159264,4.111769274253666,8.473623858789248,0.2636217513028107,4.715038860462075,0.5583406125087044,5.318308446670483,1322.6496690511703,2.432564964811066,-0.5984004673220853,2.5994004117434555,-0.1439380335914215,2.728167052894446,-0.1161060863456886,2.5051907352481,-0.4305637661358559,4,ok,0.2663335055112839,0.1694548457860946,0.1713090807199478,0.2128036960959434,0.0465850949287414,21.01401403959865,1.4615499572323418,ok,1.1868799880322682,floor,1.3902161863824811,floor,4.575215057960073,ok
483,22,0.0432005622432614,0,5.78274613680203,3.786819577217102,0.3244068531289343,,4,35.40250492095947,7.196997742693798,5.244447886943817,0.2032209792740389,,4,28.949726104736328,8.49756975028228,7.075497388839722,0.6388036169247141,,4,28.87619686126709,9.278805817522628,8.469944834709167,0.6891433581593118,,4,31.703941345214844,1.3005720075884817,0.7812360672403482,3.496059680720598,6.489871939747914,2.007697810534365,2.788933877774713,0.2893575132358464,3.496059680720598,870.0249729454517,2.402569176400184,-0.611477925913102,2.406586484994427,-0.3147544643019633,2.4074127119266207,-0.4193447083406378,2.461431445325452,-0.4575414689977646,4,ok,0.2015772238373756,0.1649623662233352,0.2505773510783911,0.2547192648053169,-0.0673075560480356,17.719918057568645,1.4615326841053027,ok,1.186867709226982,floor,2.6754596205350287,ambiguous,3.98162308117934,ok
484,22,0.1930456949426987,0,7.576738258577139,5.723659976323446,0.3622961491300074,0.0,45,35.39099934895833,6.96688970367373,4.973807471328311,0.4499193403619371,0.0152677963629381,45,28.936653433905708,7.104297662105767,5.13369149102105,0.5326042875648912,0.0883778849627059,45,28.8632202996148,9.455424483382302,8.821500200695462,0.5602110460145975,0.1240230011788576,45,31.691372892591687,0.1374079584320373,2.3511268212765346,1.878686224805163,7.271813981125435,-0.1675163190196675,2.183610502256867,0.2531153815728607,2.488534779708572,771.199260107014,3.190448098691093,-0.0071068219966421,2.991011050651038,0.031070159711267,3.2578212811551714,0.2410763496976344,3.296288939886767,0.1952914130180962,4,ok,0.2175939422514703,0.1599254586630397,0.1858684536483552,0.2077423257960213,0.0028912468088997,19.51452987930419,1.4613241485678348,ok,1.1867179641994905,floor,1.3900281190070805,floor,2.4565329588117635,ok
485,22,0.2791231881668802,0,7.554709682413371,5.694701548606631,0.4072435370273884,0.0161234087097283,63,35.3887559799921,7.576705601368111,5.72361693685017,0.6406510846406744,0.1908976901215502,63,28.934161655486577,7.26384356226138,5.325793903971476,0.5383383791410012,0.0935845311570375,63,28.860691615513392,9.982970542078014,9.960865001829845,0.5635141033075743,0.127198486507946,63,31.68892254905095,-0.3128620391067311,2.719126979816634,2.428260859664644,7.565707641890741,-0.301864079629361,2.417262900187273,0.2850182447277677,2.719126979816634,842.2023408725147,3.2443224962577,0.0212568752120163,3.1004426605651005,0.1073323293769146,3.180010493900916,0.1368540748421374,3.224662563095216,0.098360526644595,4,ok,0.2279151328026302,0.1746233622469599,0.196561137362132,0.1881020594210851,0.004708110162663,19.49262210221218,1.461283501877166,ok,1.1866894326352857,floor,1.3899943070111984,floor,2.9912569754558285,ok
486,22,0.1676648984824417,0,7.047066063362011,5.066483193322232,0.4582604605843167,0.0546081108825438,38,35.42560426812423,20.55096898896545,113.5264085217526,2.313212888934969,4.362418447148063,38,28.975170286078203,6.641285495181296,4.614541430222361,0.4207025019446597,0.0,38,28.90216445922852,8.90361681281534,7.768938459848103,0.3750235085549873,0.0,38,31.728955268859863,-13.909683493784158,2.262331317634044,1.856550749453329,13.799017526163732,-7.157732030982436,-4.895400713348392,1.4248458640450874,13.909683493784158,4450.304791505399,3.065031399778184,-0.1197044674367147,3.2871402363473745,0.3438668936223679,2.7473797561507727,-0.2560934788379532,3.0776695634375115,-0.0106125202295443,4,ok,0.2230245388652149,0.1240800949989965,0.1840387798453632,0.1815882690839077,-0.0104864629132575,18.98299303760012,1.461951711585853,ok,15.0,sat,1.3905494061520332,floor,2.434585509403619,ok
487,22,0.1412971222008638,0,7.563860106158241,5.70671272277832,0.333910460044977,0.0,31,35.423646742297755,5.438188262576874,3.4979921156360256,0.361332294393967,0.0,31,28.973004002724924,5.693545881919983,3.7098349486627886,0.5580410680474113,0.1118998130389079,31,28.899940675304784,9.517422076685875,8.94833444779919,0.5388854696497646,0.1039704094373981,31,31.72683309739636,0.2553576193431084,3.823876194765893,1.953561970527634,6.501024184367558,-0.8074783024475751,3.016397892318317,0.400233782324421,4.079233814109001,641.3948211439194,3.1341619753430727,-0.0351373970438797,2.909879669565117,-0.0133228838183114,3.0942100140110167,0.1067183391533079,2.9939236288000703,-0.0790467258354556,4,ok,0.1849941000823051,0.2018929268083264,0.1674659189678007,0.1789938249895649,0.025977594477515,19.499892623080655,1.4619161830843073,ok,1.1871345998496496,floor,1.3905196118653151,floor,2.533635334153954,ok
488,22,0.096307335907597,0,6.614197090089399,4.585848562419415,0.4358775977596704,0.0371649575043584,16,35.42226982116699,6.089053725098871,4.063547797501087,0.3657484682901822,0.0,16,28.9714869260788,5.645070314943474,3.668656341731548,0.4970118644932833,0.0573065349480224,16,28.89839720726013,8.934826369141854,7.8249692022800446,0.2867573284351878,0.0,16,31.725343227386475,-0.4439834101553961,3.28975605419838,2.320629279052455,6.351625407594135,-0.7065550926506603,2.5832009615477194,0.3262438887511766,3.28975605419838,617.5315585583448,3.090152223270501,-0.0290011440041233,2.962316502161813,0.104314625236952,2.7156584158726864,-0.2199165897563255,2.820404109057064,-0.2028255466146258,4,ok,0.2080060755833983,0.2105844961479306,0.191642340272665,0.1697573522105813,0.0176529455929994,18.550303841025755,1.461891194438924,ok,1.187117196319536,floor,1.3904989344418681,floor,2.890763441543863,ok
489,22,0.0804609686412166,0,7.894749606805444,6.158500211579459,0.2744733706515754,0.0,14,35.42173876081194,6.39358183529642,4.3587120941707065,0.3443398532218851,0.0,14,28.97091334206717,6.440574583741435,4.406131540025983,0.4246124308787677,0.0007326106658513,14,28.897833824157715,8.294329982713464,6.752008778708322,0.5068653153976599,0.0753229889807181,14,31.72477422441755,0.0469927484450156,1.8537553989720283,0.3995803759080196,7.144165721050932,-0.7035911373094965,1.1501642616625318,0.1951669487219913,1.900748147417044,648.5217113069125,3.098097873807794,-0.0109313911639756,2.9891276110809084,0.1442892616833808,2.6985689427361024,-0.2265244767861505,2.967215486863636,-0.0459718947765055,4,ok,0.2354051747492381,0.1791704605732645,0.175399559150849,0.1868806438786643,0.0318882585104022,19.830884987814503,1.4618815571011776,ok,1.187110616654596,floor,1.390491387355577,floor,1.041674737768718,floor
490,22,0.0923559261789525,0,6.209741608293387,4.178055077791214,0.4803768602625876,0.0727013796106255,16,35.42048907279968,7.7722403545726495,5.987203717231751,0.3574567866378914,0.0,16,28.96953773498535,6.22617285089068,4.193892411887646,0.3390416602365599,0.0,16,28.896438241004944,10.739610577273362,11.856624275445938,0.3569321605191013,0.0,16,31.723424077034,-1.5460675036819698,4.513437726382683,4.529868968979975,6.990990981433018,-0.7648181305423387,3.748619595840344,0.4804104594639206,4.529868968979975,832.6603744029999,3.1827552399291235,0.0636018726544986,2.842503627660303,-0.0154982492645578,2.885304464870053,-0.0502705407589587,3.217750679216263,0.1945210235445729,4,ok,0.1879610661417246,0.2256770650856197,0.1677191667258739,0.1719239740632474,0.0390998988877981,18.14594435919956,1.4618588795730498,ok,1.3829788859979284,ambiguous,1.3904726930399836,floor,5.000297429933696,ok
491,22,0.1762386218897898,0,7.871011753976635,6.124930645290174,0.3787071475443964,0.0,38,35.40430018776342,7.502466846601639,5.626608327815407,0.4653172042083723,0.0271669362477311,38,28.95173745406301,6.401412025508101,4.366577800951506,0.3431458548805829,0.0,38,28.87827612224378,9.305114311694243,8.521409404905219,0.4320558776997502,0.0152306047351649,38,31.70589868645919,-1.1010548210935385,2.9037022861861423,1.4341025577176083,7.686739300289137,-1.2853272747810358,1.6183750114051063,0.2445688837582087,2.9037022861861423,742.8338311063617,3.161733543178252,-0.0230023240366463,2.9582317459634253,0.0149584032384186,2.9161908264870138,-0.0872824085017121,3.027770052151967,-0.0605120315150888,4,ok,0.2217089749480548,0.2082784034703907,0.2006106296260106,0.1916317185877185,0.0143830595832122,19.808086956364303,1.46156523353801,ok,1.186890757701109,floor,1.3902295262561897,floor,1.9532470434896263,ambiguous
492,22,0.1181822677593686,0,7.942196445303952,6.226150932766142,0.2725496794391707,0.0,21,35.40671848115467,8.045441306198262,6.375938665299189,0.4462798890612253,0.0125138072389892,21,28.954444340297155,7.421950646260743,5.523254621596563,0.4779110033925458,0.0415176876265896,21,28.88103476024809,10.106908041741091,10.24921973546346,0.4857817911465958,0.0574180851780214,21,31.7085744766962,-0.6234906599375183,2.684957395480348,2.16471159643714,7.993818875751106,-0.571868229490363,2.113089165989985,0.2608105435113614,2.684957395480348,888.2652251323063,3.2629731661712325,0.1232022894028403,3.077301789689569,0.1924926813038299,3.138370328209052,0.1814498052589748,3.2435321056797,0.1998515819714366,4,ok,0.2559108478682382,0.1630716323852539,0.2119190164265178,0.1988954856282188,-0.0024277762997717,19.87914135417223,1.4616090834348994,ok,1.1869217802006482,floor,1.3902664463001397,floor,2.7413151499884014,ok
493,22,0.1160567113296273,0,7.749870362986655,5.956443632642428,0.3206356652694033,0.0,24,35.41228199005127,7.485818970385633,5.6050810515880585,0.4800382983279408,0.0389174535940124,24,28.96048132578532,7.663183776989544,5.838729798793793,0.3837739432145101,0.0,24,28.88719312349956,9.483627711709254,8.878973732391993,0.431953427813109,0.0151548754590769,24,31.71453555425008,0.1773648066039106,1.8204439347197097,1.733757348722598,7.617844666686144,0.0453391103033995,1.8657830450231088,0.2038388904447518,1.9978087413236203,837.1077201937636,3.218123038444081,0.0682280593728337,2.9903026437742457,0.092330007861173,2.947501043052128,-0.0199010660047087,3.0738110703020523,0.0200882725622411,4,ok,0.1985915265977382,0.1737112556584179,0.1829030367856224,0.2290435231601198,0.0032483543424556,19.686515475276472,1.4617099840770675,ok,1.186990982971032,floor,1.3903488850403387,floor,2.3043665223352345,ok
494,22,0.1644427004074185,0,8.614555130684543,7.268679387228829,0.4141087143673624,0.0210379840594427,35,35.409625789097376,7.068757121650941,5.091851299149649,0.4462866112711443,0.012518873346424,35,28.957573808942524,7.360049288756363,5.44508832522801,0.4688359115506479,0.0342329796167935,35,28.884235273088727,9.86161430400584,9.686378390448434,0.511923915351905,0.0797320751291015,35,31.71167836870466,0.2912921671054223,2.501565015249476,1.2470591733212952,7.841656126167741,-0.4816068374113786,2.019958177838097,0.2651387093989749,2.792857182354898,829.3217604143279,3.125071814421428,-0.053428912850876,3.0516099423858067,0.1164436331355571,3.011307829416096,0.01428989824009,3.2160414522981524,0.1339441129230349,4,ok,0.1941432897533689,0.217506003166948,0.1766296291989939,0.2058924713305064,0.0291950172611645,20.551343383347547,1.4616618073565575,ok,1.1869576510651416,floor,1.3903092866420317,floor,1.6847411560730032,ambiguous
495,22,0.1089236851216604,0,7.915392689148315,6.187842755090623,0.4429878124234365,0.042611361724189,21,35.41462471371605,7.383340999572666,5.474369406700134,0.5910835828874859,0.1393468274025533,21,28.963071278163365,6.2985261476116525,4.264347763288589,0.5370922950588192,0.0924483253904246,21,28.88984553019206,9.030940066944218,8.00007404599871,0.3483433872549962,0.0,21,31.71707398550851,-1.0848148519610137,2.732413919332566,1.1155473777959033,7.64936684436049,-1.350840696748838,1.3815732225837278,0.226200339537982,2.732413919332566,716.4211140899432,3.357863927439295,0.2180930506709031,2.968875020882938,0.0840659124971994,3.1574437013047354,0.2005231783546581,3.072696844300161,0.0290163205918982,4,ok,0.2024760476890064,0.1679828386931192,0.1935461262861887,0.1511898729063215,-0.0083166830951259,19.851911542422698,1.461752480360673,ambiguous,1.1870206784541761,floor,1.3903843993623686,floor,1.4327086366493773,ambiguous
496,22,0.1629603049676952,0,7.729231798548862,5.928204543060726,0.4165935063232081,0.0228370214498885,36,35.408805423312714,6.837092270165903,4.8273548814985485,0.4254353010061707,0.0,36,28.956665992736816,6.785275039259653,4.770100222693549,0.5059249415696361,0.0648858236996059,36,28.883346716562908,9.60460097678462,9.129775484402977,0.5421073783814665,0.1069500917134176,36,31.710781203375923,-0.0518172309062503,2.819325937524966,1.8753691782357569,7.283162034357383,-0.4978869950977298,2.3214389424272364,0.2877232201595222,2.819325937524966,755.6361503899097,3.135318613101705,-0.0453179777661647,2.976822681385219,0.0388792864839349,3.128838061787645,0.1296088493029841,3.1624349977802098,0.0782190579722779,4,ok,0.176688092864222,0.1932536456733942,0.1676992543248666,0.1993781379941437,0.0172716149439414,19.666064257174767,1.4616469292871948,ok,1.1869472448283365,floor,1.3902973922029747,floor,2.453581443527234,ok
497,22,0.1806301414067923,0,6.821222648090161,4.809747358647789,0.3421670019150298,0.0,41,35.40734249208032,7.846109307236427,6.089910789233882,0.6000944492478331,0.1484096810419006,41,28.95509636111376,7.391746527280576,5.484975003614658,0.3735933875430092,0.0,41,28.8817595039926,10.01569823141419,10.036211920947563,0.3801049755355073,0.0,41,31.70924037840308,-0.4543627799558507,2.6239517041336136,3.194475583324029,7.333665977663294,0.0580805496172818,2.6820322537508954,0.3076342437551939,3.194475583324029,860.5801878978567,3.1441544883610604,-0.046342489261657,2.959110471139714,0.0083464360873541,2.97146355981295,-0.037974211388835,2.914280410678254,-0.179716219099721,4,ok,0.1951694688419016,0.1847371780654279,0.1975611842623571,0.1718744497473646,-0.0076078608086923,18.758133934424837,1.4616203992121686,ok,1.1869292533788716,floor,1.3902761467185614,floor,3.700375118487389,ok
498,22,0.1602551624910886,0,7.629963544117585,5.794238325622347,0.4093731630654221,0.0176391545707779,36,35.36618889702691,6.795787594747827,4.781660738918516,0.4972045091482832,0.0530818693814285,36,28.910028987460667,6.770344303911032,4.753729114929835,0.3678807549782709,0.0,36,28.836081557803684,9.118112250313764,8.162275042798784,0.3779653947318258,0.0,36,31.664803875817192,-0.0254432908367947,2.3477679464027306,1.4881487061961778,7.212875569432706,-0.4425312655216737,1.9052366808810568,0.2361004255338757,2.3477679464027306,723.2143845591279,3.2572383485750827,0.0766017577072126,3.0347305086369425,0.0967871137356581,2.9400514094411863,-0.0591778030434748,2.8994676351841253,-0.1847483046238065,4,ok,0.1835816297680139,0.167939035842816,0.1910295882779691,0.1698499369538492,-0.0152692554725541,19.56909058033393,1.4608748683492003,ok,1.1864132938483658,floor,1.38966546380634,floor,2.0205177655853372,ambiguous
499,22,0.1336757797223952,0,6.107689338490712,4.081021980003074,0.3064916390255239,0.0,27,35.36494869656033,8.656335948631154,7.3389443556467695,0.4434429769605501,0.0103826162360489,27,28.908653895060223,4.538340486768832,2.843374398019579,0.3963742094956657,0.0,27,28.834662402117694,6.827842206802735,4.817084012208162,0.344218449691698,0.0,27,31.663414637247723,-4.117995461862322,2.2895017200339023,0.7201528683120229,7.382012643560933,-2.843672156792101,-0.5541704367581985,0.3442847914905214,4.117995461862322,589.148458591214,3.0959303686606043,-0.062894701523219,3.0458815656454803,0.1362978755702197,2.852791987399788,-0.1238555358318214,2.89203463528522,-0.1705460759165959,4,ok,0.2256602134417604,0.1826748232598658,0.1823779899213049,0.1658744331863191,0.0217895284295082,18.046883095999803,1.4608524246077286,ok,2.8831202100249826,ok,1.389646513402302,floor,1.0409861419028512,floor
500,22,0.1377554802401774,0,8.293876749352512,6.751304170181012,0.3532423339880328,0.0,29,35.36369100110284,6.761813337108753,4.744400398484592,0.4011561145354013,0.0,29,28.90725879011483,7.444930383559861,5.552557164225085,0.4125174331298968,0.0,29,28.833222224794586,10.103324879746978,10.240767067876355,0.3861462289558418,0.0,29,31.66200960093531,0.683117046451108,2.6583944961871167,1.8094481303944665,7.527845043230632,-0.082914659670771,2.5754798365163456,0.307649067693115,3.3415115426382247,836.8366184152405,3.2286692099447305,0.0644262537672695,2.9567529778853565,0.0401248616196294,2.824586711133747,-0.1576700045832932,3.073364546870416,0.005409739853265,4,ok,0.2075291518764249,0.1957335112423732,0.1324333427795048,0.2189373803035966,0.0691979887798942,20.233138166238945,1.4608296656648758,ok,1.1863816174689363,floor,1.3896272836900838,floor,2.383788327319398,ok
501,22,0.1471149749475219,0,7.402871141102221,5.499042980132565,0.3431643345756295,0.0,31,35.362622660975305,7.47288910851847,5.5884183606793805,0.4424180870307737,0.0096160237082154,31,28.90607353948777,7.386536249285029,5.478398565323122,0.4534624264125404,0.0222111386185934,31,28.832000301730247,10.517847446540394,11.266389062327724,0.3924223909709308,0.0,31,31.66082991323164,-0.0863528592334406,3.131311197255364,3.114976305438173,7.437880124810345,-0.0513438755253155,3.0799673217300487,0.3575359409840614,3.131311197255364,884.283001472873,3.178545361134692,0.0092459887477391,2.9575542004525177,0.0343516470690894,3.016258054213262,0.0287663793555532,2.973800797207753,-0.0991695574277731,4,ok,0.1929489729865904,0.1725657370782667,0.2402333468198776,0.1920280903577804,-0.057475991787449,19.34219002827589,1.4608103343585799,ok,1.186368065845736,floor,1.389610969284924,floor,3.625578337597636,ok
502,22,0.1344802344217112,0,6.776397333805859,4.760359299593959,0.4686573491226861,0.063007532865575,29,35.361437961973,8.213281993057592,6.62717134377052,0.44300200636165,0.0100525636323289,29,28.90475996609392,6.751874902691467,4.733555682774248,0.5143382249142356,0.0721637046088736,29,28.83064388406688,9.34672900249931,8.603455173558203,0.4311777438360186,0.0145820853301654,29,31.6595243914374,-1.4614070903661247,2.5948540998078435,2.570331668693452,7.494839663431725,-0.7429647607402581,1.8518893390675848,0.2581011807372836,2.5948540998078435,792.2296316150962,3.054831360486796,-0.1094115956906649,2.92982661476755,0.0131984985018229,3.0987515215109926,0.1164948057939523,2.780689687471331,-0.2872651195458195,4,ok,0.1990115282864406,0.2096525433248487,0.2125124132324909,0.1828627221543213,-0.0081803774268462,18.715779948021098,1.4607888987640116,ok,1.1863530479924405,floor,1.3895928603750134,floor,3.122946305142627,ok
503,22,0.2026347051363618,0,7.892843085507857,6.155797267953555,0.3744835286434203,0.0,48,35.35986320177714,7.807361972157051,6.035818852484226,0.4970949738507728,0.0529899106338231,48,28.90301529566447,7.073635689039797,5.097574350734552,0.5617084383380341,0.1153816053622087,48,28.8288102944692,8.3050793343116,6.768741575380166,0.5023272330326157,0.0714048457102074,48,31.657757838567097,-0.733726283117254,1.2314436452718027,0.412236248803743,7.850102528832454,-0.7764668397926568,0.4549768054791459,0.0994140299134368,1.2314436452718027,746.9699922564129,3.299314784041676,0.0968666724897588,3.0837385538333493,0.1174354541060411,3.1487672805261715,0.1269563787884582,3.2053766609887413,0.0995254925746937,4,ok,0.2193561525394519,0.1669863749605914,0.2058747637396057,0.1887794986832887,-0.012703499989584,19.832310404519898,1.4607604074576401,ok,1.1863331030345752,floor,1.3895683829496708,floor,1.0409227655131952,floor
504,22,0.1511967240891229,0,7.460575611995926,5.572596029801802,0.4495984470711302,0.0477541439978093,33,35.36063142256303,8.564161505088975,7.184824271635576,0.4349377377365898,0.0040746251987799,33,28.903878356471207,7.490659317407013,5.6113315712321885,0.5283691472518404,0.0845681081466425,33,28.82968243685636,10.412842026999098,10.997252652139377,0.4927517815466947,0.0632530979862773,33,31.65859101035378,-1.073502187681962,2.922182709592084,2.952266415003171,8.012368558542452,-0.5217092411354383,2.4004734684566458,0.3008370630825224,2.952266415003171,939.4731222607874,3.267942207572517,0.0939026577812156,3.224087032434127,0.2947212209286429,3.1122774452738966,0.1198782165275837,3.1660547268629733,0.0883825074073727,4,ok,0.2011950792688312,0.2121727731869076,0.1654882491989569,0.1990642059933055,0.0411956770289125,19.400001609786287,1.460774306194818,ok,1.1863429692677803,floor,1.389580025291891,floor,3.475439038730582,ok
505,22,0.1015830987330794,0,6.844062382741845,4.835108657677968,0.5271097306130889,0.1137375209292752,18,35.359138912624786,8.063027201218834,6.4018091095818415,0.644018830310137,0.1945507145988207,18,28.902159796820747,6.561777191195733,4.530829495853848,0.3199604338888214,0.0,18,28.827930450439453,8.909122755665685,7.778794089953105,0.2912551302913307,0.0,18,31.6569299697876,-1.5012500100231003,2.3473455644699515,2.06506037292384,7.45354479198034,-0.8917676007846067,1.4555779636853448,0.2213219750129871,2.3473455644699515,748.4425540135967,3.0422862546771667,-0.085797203710034,3.055691957713569,0.1860790266265199,3.0607804634613687,0.1159600436575845,2.87592558430538,-0.1561619848283157,4,ok,0.1628016307950019,0.1520828534331586,0.1780089071641365,0.1569168847054243,-0.0205666650500562,18.783568658896478,1.4607473040192227,ok,1.186323323674898,floor,1.3895566383211353,floor,2.6429555129366444,ok
506,22,0.1007333501969106,0,7.37593092408671,5.465036821365357,0.4009720069354212,0.0117056143648401,20,35.3580623626709,6.933188958721588,4.935360670089722,0.4480944268402526,0.0138840801613047,20,28.90094347000122,6.240310944542728,4.207567524909973,0.5030944198391467,0.0624642749616972,20,28.82668943405152,8.875867125057248,7.71945629119873,0.6087905077294214,0.1726079433224292,20,31.65574369430542,-0.6928780141788602,2.63555618051452,1.499936200970538,7.154559941404148,-0.9142489968614208,1.721307183653099,0.2351194976129097,2.63555618051452,681.4152876377105,2.9578435272273182,-0.1782281698671717,2.999141018272877,0.1191416453095293,3.2820666844889,0.3289759598870119,3.1657337290005265,0.125722486268097,4,ok,0.2105749316513538,0.1989835541695356,0.214678892865777,0.2454966925084591,-0.0098996499553322,19.315495102411266,1.460727828538996,ok,1.1863094203592497,floor,1.389540073465386,floor,2.0348343272452603,ambiguous
507,22,0.1492172537858076,0,8.431822403080266,6.969188965283907,0.4454591010661002,0.0445249995285543,26,35.36336898803711,7.491248237308151,5.612092540814326,0.4109195989656213,0.0,26,28.90692622844989,6.5182160175497135,4.485610934404226,0.5080211898111588,0.0666879482999194,26,28.83281759115366,8.340950549599782,6.824880554125859,0.3172378253883191,0.0,26,31.66163400503305,-0.973032219758438,1.8227345320500683,-0.0908718534804844,7.961535320194208,-1.443319302644495,0.3794152294055735,0.1686866227692155,1.913606385530553,703.8287717516605,3.179508337752849,0.023544669176033,3.0791413135258923,0.1732780657865382,3.20626619551264,0.2325811104738377,2.811083052086135,-0.2486593848477718,4,ok,0.2050873594215283,0.2228616109261146,0.2140437310131696,0.1916478703228327,-6.924583934819761e-05,20.37110114257612,1.4608238388240538,ok,1.1863778150257744,floor,1.3896218811449348,floor,1.0409661905229768,floor
508,22,0.2176167412887505,0,7.05107821674665,5.0711659376437845,0.5015331841518034,0.0908071369535137,52,35.36180767646203,6.874958080582465,4.869628248306421,0.4181846822347761,0.0,52,28.9051801608159,6.343424086556108,4.308661823089306,0.4423217303194576,0.0137497249910021,52,28.831012432391827,9.087503961011883,8.104951046980345,0.4354666001978486,0.017762006190974,52,31.65988258215097,-0.5315339940263568,2.7440798744557773,2.0364257442652347,6.963018148664558,-0.6195940621084501,2.124485812347327,0.2647238066455262,2.7440798744557773,694.0156703098462,3.350292612818304,0.1417758117608172,2.90929414540294,-0.0648995661506495,3.013266397852858,-0.0148274798668208,3.2036398119110534,0.0917690043029098,4,ok,0.1792505394953947,0.1942871665725341,0.1776058221092591,0.183558870680057,0.0091630309247053,18.990440943669398,1.4607955881344517,ok,1.1863578518955118,floor,1.3895977805708586,floor,2.6147740927011287,ok
509,22,0.1657768055223072,0,7.363773671116288,5.449759876405871,0.3939326463927404,0.0068286112316535,37,35.351930154336465,8.055568985585039,6.390824604678798,0.3771379493815553,0.0,37,28.89399688308304,6.313370968057171,4.2789488676432015,0.4234707081581295,0.0,37,28.819604564357448,8.130034498412893,6.501348547033362,0.4478014705945288,0.0270829743699976,37,31.648991507452887,-1.7421980175278673,1.816663530355722,0.7662608272966054,7.709671328350663,-1.396300360293492,0.4203631700622301,0.1579959732576624,1.816663530355722,699.1263787923633,3.246823895254458,0.0641099650267436,2.913106025696674,-0.0275383606633008,2.9418522110399,-0.0595276920168057,3.088276111742108,0.0019996227137091,4,ok,0.1761823454620064,0.1896959913743509,0.176438514042545,0.2045048927334515,0.0065006543756336,19.303667625910318,1.460616912686053,ok,1.1862300333617097,floor,1.3894455259888117,floor,1.0408245865182806,floor
510,22,0.1223672355262345,0,7.308602377341698,5.380965873599052,0.4279261778919936,0.031178573519585,24,35.3539465268453,7.6748627718523155,5.85445237159729,0.4449042492817595,0.0114786795730412,24,28.89628863334656,7.460860667495456,5.572961807250977,0.3578922951572049,0.0,24,28.82194002469381,11.076884525254505,12.814110140005749,0.4307807558616686,0.014289334853426,24,31.651209115982056,-0.2140021043568598,3.616023857759047,3.768282147912805,7.491732574597007,-0.0308719071015515,3.585151950657496,0.4222641829113852,3.768282147912805,944.6099740192292,3.2340655381941934,0.084170559122946,3.169470178156821,0.2714975422437482,3.104975161748335,0.1375730526914989,2.8679429959162226,-0.1857798018235885,4,ok,0.2157955806081493,0.212483545144399,0.1938926001700262,0.1849970382948716,0.0202469627062479,19.248387904378006,1.460653379966106,ambiguous,1.1862562208444725,floor,1.3894766889018884,floor,4.238742349431994,ok
511,22,0.3306555545046636,0,6.5892843626086055,4.559617756501488,0.4082663111584185,0.0168503740923322,92,35.348763756130055,8.61813704281457,7.274676817914714,0.6219199846694528,0.1709294009373978,92,28.89041274526845,9.067213848437522,8.067173267188279,0.5195993166635415,0.0767757906580495,92,28.815952632738195,9.04776680434262,8.031130453814631,0.4497979626811195,0.0286161223179448,92,31.645518074864928,0.4490768056229512,-0.0194470440949015,2.4584824417340148,7.603710702711588,1.4635031457259338,1.4440561016310325,0.2054318623745358,2.4779294858289163,989.4438287466764,3.238843994181352,-0.0129304588931149,3.1394541684459707,0.1090161325997751,3.166251574287705,0.0933726093742395,3.101878283329161,-0.0529005454072706,4,ok,0.2112506550696233,0.2013183406999577,0.2112220107861187,0.1962369386025745,-0.0049375129013281,18.5293485699493,1.4605596538410275,ok,2.2719126478778042,ambiguous,2.3216458881777675,ambiguous,3.0185064914641337,ok
512,22,0.2586701865126444,0,6.929597904270083,4.931281450969069,0.3780909395436566,0.0,67,35.354866654125615,6.43493885835519,4.4004175271560895,0.4986116780316292,0.05426503937434,67,28.897310854783697,7.214467117188232,5.265586017672695,0.5741401549605677,0.1273539378081538,67,28.82298463849879,9.5440810011253,9.003432233831775,0.5687179754149828,0.132239245959457,67,31.65221089035717,0.7795282588330421,2.329613883937067,2.614483096855216,6.682268381312637,0.5321987358755953,2.861812619812662,0.3081313542935266,3.109142142770109,759.3746901581536,3.2973487126290424,0.0696158864114111,3.0420377406471943,0.0428590310567758,3.1131219189419954,0.0651334948891664,3.255010485406644,0.1240789665687369,4,ok,0.2332620421674714,0.1909054165233427,0.1731733222450338,0.1984455675553919,0.0389104071003732,18.869333949995283,1.4606700222140008,ok,1.1862679025988052,floor,1.3894906287708608,floor,3.163715565661805,ok
513,22,0.195207576854954,0,6.791576684295524,4.777026697345402,0.4233310271936534,0.0277692725242837,46,35.35490898464037,8.127810843105884,6.498020607492198,0.6263627555352917,0.1756120177818814,46,28.897320540054984,6.25609629056505,4.22288864073546,0.5496762957026378,0.1040436532076403,46,28.82299746637759,8.273748662426627,6.720086546047874,0.6080221543285693,0.1718080747351045,46,31.65224004828412,-1.8717145525408343,2.017652371861577,1.4821719781311025,7.459693763700704,-1.2035974731356545,0.8140548987259226,0.1936198067699462,2.017652371861577,701.7625220353189,3.1760327500806764,-0.0231885705131205,3.101163583429864,0.139056011397904,3.170133607161137,0.1516634349285484,3.182501959715559,0.0798515016533634,4,ok,0.198046512901783,0.19382237918351,0.18379989752303,0.1813543381412392,0.0121345485196165,18.73131045358931,1.460670787859874,ok,1.1862680132831698,floor,1.389490799957345,floor,2.01278595726045,ambiguous
514,22,0.1849479099757573,0,9.053942873998048,8.042559589658465,0.4246299375269194,0.0287292472914661,42,35.356417973836265,8.818887861996274,7.61883882397697,0.7177385851961531,0.2793135300465523,42,28.89903127579462,7.073785385988678,5.097750062034244,0.6147766273942898,0.1683172136029307,42,28.824742589678085,9.486617810121691,8.885088971682958,0.4381248950946732,0.019748766422025,42,31.653903052920388,-1.7451024760075953,2.412832424133013,0.432674936123643,8.93641536799716,-1.8626299820084813,0.5502024421245313,0.1904203477558669,2.412832424133013,877.3487495084604,3.2979919091904635,0.1056678999414022,3.221362640459384,0.2682230682594086,3.0418310619450706,0.0305017463141163,3.19255071861283,0.0967418242303304,4,ok,0.1989945950252669,0.203659836468952,0.1658986214370954,0.187275860813402,0.035428594310014,20.993595491220486,1.4606980824862832,ok,1.1862875646185829,floor,1.3895140894582396,floor,1.0408795883517812,floor
515,22,0.1123791051336908,0,7.688320881160222,5.872622546027689,0.3618353016272194,0.0,17,35.353274401496435,7.965464890375701,6.259598661871517,0.551248500670381,0.1009248391756887,17,28.895434660070084,7.215927574342448,5.267357040854061,0.583234978142519,0.1362786789499495,17,28.821076898013843,9.86269651579034,9.688792425043443,0.4185165385943482,0.0053781904891592,17,31.650421366972083,-0.749537316033253,2.646768941447892,2.1743756346301177,7.826892885767961,-0.6109653114255131,2.0358036300223787,0.2540850654214655,2.646768941447892,850.2986815045862,3.103358594366917,-0.0203912191910728,2.9476059903334786,0.0836277368994711,3.2068693141723177,0.2665355609464357,3.022992718344482,-0.0047962327361275,4,ok,0.186116053339313,0.1923768910415032,0.2201485011507483,0.1717288187321494,-0.0309020289603401,19.628142551744276,1.46064122378147,ok,1.186246462264342,floor,1.3894651714508357,floor,2.749274506665014,ok
516,22,0.2840670729549926,0,7.402287387717253,5.498303880430248,0.4584996152511588,0.0547992014885432,73,35.359571169500484,8.252987745083644,6.688038654523353,0.4854192110041877,0.0433038800392291,73,28.90261046527183,6.413170985637468,4.378416770125089,0.4300636909445284,0.0046828707789929,73,28.828393701004657,9.44279531722355,8.795884779054825,0.4541675405065978,0.0319954105774635,73,31.65738691042548,-1.839816759446176,3.029624331586083,2.0405079295062976,7.827637566400448,-1.4144665807629808,1.6151577508231023,0.2580710859514161,3.029624331586083,784.3010248427522,3.245985692702343,0.0117501852754733,3.081445642951702,0.0738120382467664,3.1919006785993345,0.1371799625387275,3.169905179879977,0.0325235378914423,4,ok,0.2092336815820165,0.2013080580899976,0.1891960247534595,0.1785889759353578,0.0160748450825475,19.34177041431505,1.4607551241149794,ambiguous,1.1863284752931809,floor,1.3895628219717753,floor,2.6187553967101085,ok
517,22,0.0792446906230123,0,7.580426403861304,5.728522726467678,0.5229188982323243,0.109902160202894,14,35.36456435067313,7.87035301898264,6.124001690319607,0.4978422446490204,0.0536176732227475,14,28.90824399675642,10.179497673047011,10.42196876662118,0.4719698860194332,0.0367328797543289,14,28.83414105006627,11.436243476546943,13.919522830418178,0.3493251891680596,0.0,14,31.662966591971266,2.309144654064373,1.25674580349993,3.855817072685639,7.725389711421972,2.4541079616250414,3.710853765124972,0.3714546808643122,3.855817072685639,1270.5733294146405,3.1847225158480006,0.0756932508762311,2.9884930320379093,0.1436546826403817,2.9379358235793345,0.0128424040570815,3.0669379966225603,0.0537506149824187,4,ok,0.2084307303386075,0.1740723933492388,0.1863563704703535,0.2028433339936392,0.0048951913735696,19.51964083809557,1.460845469430641,ok,1.1863928825011019,floor,2.509874804391885,ambiguous,4.323388959501168,ok
518,22,0.0656999065572408,0,8.116476176111645,6.481083512306213,0.3126775374770723,,10,35.36294097900391,9.114513402185237,8.15551404953003,0.435618334910231,,10,28.906388664245604,6.8118178833780165,4.79934298992157,0.3145268635541712,,10,28.832251358032227,7.880926626724703,6.138929736614228,0.5018543768475304,,10,31.66114959716797,-2.30269551880722,1.0691087433466864,-0.2355495493869419,8.61549478914844,-1.8036769057704245,-0.7345681624237379,0.1870070056239376,2.30269551880722,786.0220630526543,2.706014061929112,-0.3775045026847086,2.7381110683779406,-0.0735578407711718,2.358432187879558,-0.5402497440414531,2.780804649294621,-0.2070782227635716,4,ok,0.1906654708087444,0.1972501657903194,0.2103093847632408,0.2199818477034568,-0.0163515664637088,20.055777939923217,1.460816094124824,ok,1.1863716687608887,floor,1.3896143211596086,floor,1.0409607632034679,floor
519,22,0.5447215477813234,0,7.991202559903012,6.296805170347106,0.4748510022011064,0.0681008112034504,159,35.35713814789394,7.994860700014486,6.302111316402003,0.496782255296601,0.052727483865564,159,28.89965082564444,8.424016112002267,6.956673343976338,0.5985449642788989,0.1516191478107162,159,28.82539124158944,10.919137021661792,12.35701865070271,0.4434387582926384,0.0237564917463759,159,31.654627877961165,0.4291554119877814,2.4951209096595264,2.927934461758781,7.9930316299587485,0.4309844820435184,2.926105391703045,0.3186625205331581,2.927934461758781,1032.5496874948342,3.365581482715211,0.0723257385985758,3.099280921597306,0.0149082157755904,3.097618919660687,-0.0182060478584014,3.168610690804813,-0.0273141555603002,4,ok,0.1951130917471534,0.1891046554178187,0.1977130512021622,0.1831430482367674,-0.0056041776196761,19.930816445220838,1.4607111097255745,ok,1.186294645633401,floor,1.3895227465543125,floor,3.4529341771630193,ok
520,22,0.8513127096240398,0,6.922269597089393,4.9229673981229904,0.3718818556974301,0.0,273,35.33886366624098,8.297810319159927,6.757421852468134,0.4508749574032937,0.0159946237049142,273,28.8791572584774,7.710222701811165,5.90231345861386,0.4515265300635913,0.0207257072132711,273,28.804529623234227,10.727095151779997,11.822505240038636,0.419710594994188,0.006234479674003,273,31.63454349224384,-0.5875876173487615,3.016872449968832,3.804825554690604,7.61003995812466,0.1001827436865054,3.117055193655337,0.3620855951014075,3.804825554690604,962.1396797987132,3.184763277554033,-0.1494772979585588,3.0551754306393524,-0.0824864400035854,3.0920730212855108,-0.0661839591169868,3.1276905367877017,-0.1088878802054877,4,ok,0.1924360554133142,0.177522528602745,0.1885368488729,0.192801736308869,-0.0035575568648703,18.862865989004014,1.4603806855299148,ok,1.186060537120201,floor,1.3892444646166144,floor,4.273415098670894,ok
521,22,0.2473291007450734,0,7.217121217269357,5.268804954157935,0.4776167965140541,0.0703968275034527,63,35.34509519546751,8.467669192316055,7.026950904301235,0.4028380600429737,0.0,63,28.88613782610212,7.497259057142559,5.619865292594547,0.4664077186882289,0.0323075167014657,63,28.811622014121404,9.687963523668191,9.306713664342489,0.413656486418624,0.0019180919357839,63,31.641402713836182,-0.9704101351734966,2.1907044665256343,2.4708423063988363,7.842395204792706,-0.3451361476501473,1.845568318875487,0.2331676729214651,2.4708423063988363,881.8306353011775,3.131966658589703,-0.0910989624559808,2.9809025631750217,-0.0122077680131642,3.098751528044822,0.0555951089860435,3.258374673407536,0.1320726369569156,4,ok,0.2581294790383369,0.1765379110972086,0.1676184472347062,0.1734924572446043,0.0497152478330664,19.157382652758212,1.4604933254448138,ok,1.1861402523010407,floor,1.3893390398428014,floor,3.02996333311427,ok
522,22,0.2516121697178553,0,7.232705204892805,5.287745209840628,0.3943102783380497,0.0070880492346663,65,35.3433718754695,8.8593786310701,7.69020404448876,0.5533438362711556,0.1028790767537948,65,28.884225786649264,7.202099811167184,5.250612656886761,0.5061326330345944,0.0650640415046739,65,28.809677388117866,9.090588353461309,8.110709289404062,0.4299218800512348,0.013656897652964,65,31.63950999333308,-1.657278819902917,1.888488542294123,1.8578831485685017,8.046041917981453,-0.8439421068142696,1.0445464354798537,0.2010803455635101,1.888488542294123,847.5391961803803,3.1787469087231464,-0.0466882221542044,3.1606528389244377,0.1644616313323617,3.11838352946602,0.0727739327734653,3.135713129155594,0.0070607344867119,4,ok,0.1821184466664607,0.1845550698729662,0.1659830292256978,0.2234028881559005,0.0173537290440155,19.173059279798817,1.4604621715804087,ok,1.5857840712534252,ambiguous,1.3893131053507584,floor,2.4338167469643084,ok
523,22,0.1652413273952201,0,7.787662471603285,6.008502513170242,0.3477939008873373,0.0,24,35.34668525060018,8.439961253718769,6.982261747121811,0.4061231887091812,0.0,24,28.887948354085285,8.031465978793717,6.35545426607132,0.5043296381736218,0.0635193498061583,24,28.81345772743225,13.523239617009008,22.507329126199085,0.5240961996544441,0.0905209008632172,24,31.64316749572754,-0.4084952749250519,5.491773638215291,5.735577145405722,8.113811862661027,-0.0823458838673101,5.4094277543479805,0.6653987985187686,5.735577145405722,1323.7795178294182,3.176690927926104,0.0267959488548563,3.057470010053417,0.1594973741403444,2.9552530679333566,-0.0121490411234796,3.2716046148368245,0.2178818170970133,4,ok,0.2156702810898423,0.1923939290766914,0.1414428868641456,0.1894423790896932,0.0625892182191213,19.7278384262718,1.460522072522023,ok,1.1861609324037383,floor,1.3893635241783977,floor,6.366081332811085,ok
524,22,0.8612989626456616,0,6.7637158575218725,4.746479240458782,0.4744628462723431,0.067779651664221,254,35.333006325669174,8.674912774729751,7.370403722045928,0.4662253161331132,0.0278812085405837,254,28.87265892479364,5.874682432655777,3.867837709704722,0.4962094284837523,0.0566307886854915,254,28.79794279984602,12.314010598955434,17.03731134463483,0.4664441409412565,0.0416645652084193,254,31.62815897483525,-2.8002303420739745,6.439328166299657,5.550294741433562,7.719314316125812,-1.844631883470036,4.594696282829622,0.6336808932747855,6.439328166299657,1020.5849709754854,3.261301395655458,-0.067469846386722,3.081443692872716,-0.0491068587080256,3.017566779227997,-0.1350277445929886,3.205630303101524,-0.0255229864248773,4,ok,0.2019572030371568,0.1851769991835036,0.1787651014462934,0.1909905536554929,0.0148019996640367,18.70462702213156,1.4602748409611146,ok,2.1082281129524403,ambiguous,1.3891566615980975,floor,6.13823974693622,ok
525,22,0.2599311903897489,0,6.884890106788167,4.880777508465211,0.3929876623935448,0.0061804844099697,67,35.334972495463354,9.931573567225056,9.843677043914797,0.3961734217705466,0.0,67,28.874866884146165,7.085636193131036,5.111679539751651,0.4068799722809433,0.0,67,28.800164663969586,8.082268348752766,6.430234850342594,0.4390322283513895,0.0204296582586434,67,31.63029781740104,-2.845937374094021,0.9966321556217306,1.197378241964599,8.408231837006612,-1.3225956438755766,-0.325963488253846,0.3018627594449273,3.0466834604368893,860.7163706359579,3.210698860873282,-0.0170339653443494,3.055365654545709,0.0561869449552903,2.956990495817724,-0.0909979282351054,2.9969157314612183,-0.134015787376688,4,ok,0.1919615775791567,0.1885850984436362,0.2205753532141002,0.2030357789637437,-0.0303020152027037,18.8256956173018,1.4603103670511421,ok,3.4016551526870367,ok,1.3891862759779163,floor,1.596830805639665,ambiguous
526,22,0.2431002338182946,0,6.689500241741162,4.666056832329172,0.3594797364184764,0.0,61,35.333465951388,7.833279993535747,6.071947381144664,0.4543205075837833,0.0186280592362826,61,28.873203027443807,6.253794682732067,4.220651251370789,0.4344679915243443,0.0079112540287618,61,28.798481831785107,12.007413683792098,15.87601016779415,0.3941007052912029,0.0,61,31.628665705196195,-1.5794853108036797,5.753619001060031,5.317913442050936,7.261390117638454,-1.0075954349063867,4.746023566153644,0.6180918105937458,5.753619001060031,960.8896316729608,3.1609347858250865,-0.0596848765358557,2.956110016215633,-0.0338200384883617,3.0275482656969794,-0.0130758274527194,3.1138213011320817,-0.0100545461466756,4,ok,0.1856927565131031,0.200179568018581,0.2146882231606811,0.1894582273652319,-0.021752060894839,18.630386708592386,1.460283145481701,ambiguous,1.1859925646547882,floor,1.3891638458413804,floor,5.862865008051878,ok
527,22,2.500848576841335,0,6.98292110822814,4.9922015504218615,0.4688395271658147,0.0631563903405407,879,35.3422866751852,8.507875667365079,7.092307659478453,0.4646674804321642,0.0266567528774641,879,28.8829195632327,6.178951493710838,4.148538734115431,0.459042687503584,0.0265284865317652,879,28.808359998891785,10.893117492512737,12.28320639166002,0.4960424392647493,0.0660367986539032,879,31.6382800873636,-2.328924173654241,4.7141659988018985,3.910196384284597,7.745398387796609,-1.5664468940857708,3.147719104716128,0.4436655346573896,4.7141659988018985,886.2453626582443,3.337334898378593,-0.0855608258679723,3.105505684021652,-0.147427097156271,3.0270061649995657,-0.2230363927770935,3.2535642847338497,-0.0709527238758163,4,ok,0.2062682916152802,0.1883535601486864,0.1820643761654016,0.1896805534344823,0.0152465497165816,18.923333516525716,1.4604425548875228,ok,1.1861034975581104,floor,1.3892955374573641,floor,4.3754277541941065,ok
528,22,0.9825433740373588,0,7.274411941721144,5.338769788417635,0.41857799694577,0.0242815612239508,316,35.34806262390523,6.587874419359599,4.558137710335888,0.4791683077693505,0.0382128441775801,316,28.889280940912947,5.749669743657621,3.7580882507034494,0.5871614107494134,0.1401750323635409,316,28.81483178199092,10.254981036195804,10.604693077410325,0.4716579950588863,0.0458490587662581,316,31.644576060621045,-0.8382046757019781,4.505311292538184,2.98056909447466,6.931143180540372,-1.1814734368827509,3.323837855655433,0.4418783784247369,4.505311292538184,728.0676654944126,3.288406174220293,-0.0569243528810381,3.0095110314874765,-0.1425701801151024,3.018647656066652,-0.1510908640338768,3.2357556071823703,-0.0118231266309396,4,ok,0.2044935833922104,0.1829960360368595,0.188362422375645,0.1870823337260303,0.0053823873388899,19.214513845208018,1.4605469762853682,ok,1.1861761546134386,floor,1.3893818525103525,floor,3.5011848070388747,ok
529,22,0.4940634585001887,0,8.937131175668785,7.829123025848752,0.423243123235704,0.0277044123338883,147,35.34482452496379,8.669307241821805,7.360896719150802,0.43943857492465,0.007397495798475,147,28.885696592785063,7.468418163594906,5.582668194559966,0.4726101321715511,0.0372456383536601,147,28.811186329848105,11.2698352265316,13.396258603958856,0.4292146784227145,0.0131370939666579,147,31.64103985481522,-1.2008890782268988,3.801417062936695,2.332704050862816,8.803219208745295,-1.3348010451503889,2.466616017786306,0.342427029722078,3.801417062936695,1030.5227498819631,3.2976383099201336,0.0103321380125889,3.0181633259437963,-0.058473646357315,3.0965196040939515,-0.0131457107919965,3.14748216031324,-0.0425412013861841,4,ok,0.2165074856305608,0.1797990105083199,0.1813103176247911,0.1813872170691587,0.0168429304446492,20.87740716181067,1.460488432137416,ok,1.1861352127614342,floor,1.3893332291190457,floor,2.900192901280903,ok
530,22,0.3696380340553226,0,7.673415374294921,5.85250155054606,0.3867778344669723,0.0019601354080958,104,35.34844101392306,8.874459240991085,7.716954224384748,0.4896962348495158,0.046825313198735,104,28.889575994931736,6.49229603879956,4.458919213368342,0.9363115167182504,0.5911725387063906,104,28.81518508837773,10.158842344042815,10.372518889606,0.4750320558687435,0.0485817755347264,104,31.64496282430796,-2.382163202191525,3.6665463052432576,2.485426969747897,8.273937307643003,-1.781641268843443,1.8849050363998143,0.3119355620510636,3.6665463052432576,874.069061883367,3.298407160115834,0.0373372265776787,3.0450667498485897,0.0025425744807652,3.095496326458308,0.0129936560577528,3.2717573687917887,0.1077581905094082,4,ok,0.2057325766206933,0.1980386302591516,0.1918085350010257,0.1989138207326714,0.0100770684388967,19.613496933886896,1.4605538181079682,ok,1.1861795251706697,floor,1.389386565424802,floor,3.0436660601497003,ok
531,22,0.1038161631747896,0,6.672209857053022,4.647516985734304,0.4362426380573897,0.0374424312899264,18,35.345085567898224,7.79522787929448,6.018978443410662,0.4777574007694072,0.0370728612360409,18,28.885873476664223,7.3010064082509,5.371562593513065,0.4457105770123974,0.0163012974727034,18,28.811391194661457,9.71094971948306,9.35610251956516,0.5144691643464386,0.081967077010121,18,31.64129490322537,-0.4942214710435806,2.409943311232161,3.038739862430039,7.233718868173751,0.0672875400771486,2.4772308513093098,0.2839888814512661,3.038739862430039,830.0973227156534,3.2099069316066045,0.0818234732194036,2.856004059544787,-0.0136088715422619,2.849707184949531,-0.0951132348542533,3.163852723292136,0.1317651541584408,4,ok,0.2092086399594942,0.1933311443361971,0.1635770352764262,0.1999645936820242,0.0376928568714194,18.6124718101014,1.4604931513920114,ok,1.1861372330243745,floor,1.3893359613862248,floor,3.55473198908005,ok
532,22,0.1329832284225276,0,7.135105179901519,5.170237793922424,0.4603802528950019,0.0563053529491965,25,35.34331481933594,6.243655677862707,4.210809245109558,0.4653255223790666,0.0271734725564716,25,28.883917770385743,7.729588063913426,5.928690872192383,0.521348486121402,0.0783195800759328,25,28.80939826965332,8.553559317674495,7.167305755615234,0.3410817131091419,0.0,25,31.639361267089843,1.4859323860507194,0.8239712537610684,1.4184541377729758,6.689380428882113,1.0402076350313134,1.8641788887923816,0.1924420231712558,2.309903639811788,737.7627078723908,3.052832460727076,-0.1001575661872791,2.9493996399783344,0.0474027709764999,3.056953458514283,0.0863470149395189,2.899655933959859,-0.1571368958333097,4,ok,0.2088316708803176,0.2045720416307449,0.1919785606861114,0.1890787377953529,0.0147232955694198,19.07546232183683,1.4604611401753609,ok,1.1861148971162319,floor,1.3893093830999708,floor,1.9310769205657672,ambiguous
533,22,0.2415115627003901,0,8.069999905410052,6.412095626195272,0.3959558863762731,0.0082215049947091,60,35.346944109598795,7.680516413118532,5.862078654766083,0.5181673483090853,0.0710538924124275,60,28.887961673736573,9.014880582130786,7.970545736948649,0.4385428203848551,0.010927426814292,60,28.813505331675213,11.169979004293008,13.091755938529968,0.3971327325475504,0.0,60,31.643334166208906,1.334364169012254,2.1550984221622222,3.0999790988829563,7.875258159264292,1.139622422866494,3.294720845028716,0.3424014021569612,3.489462591174476,1098.9646660586195,3.359593721105093,0.1402272797333106,2.9469069108991675,-0.0413936848666272,3.0611974739767205,0.0218708532661313,3.1022321055863875,-0.0204006498883995,4,ok,0.1911842248092095,0.2167233647157748,0.1795322476575772,0.1724729770173629,0.024421547104915,20.010161943431456,1.4605267527240124,ok,1.1861610845497106,floor,1.389364159143648,floor,3.611302626204873,ok
534,22,0.1886608496676608,0,7.308180806967851,5.3804435676998565,0.4161258851642723,0.0224976325627168,45,35.34482862684462,7.147464296558761,5.184972169664171,0.5400789268472659,0.0906325159834495,45,28.88562677171496,5.960908346199849,3.945398132006327,0.4448837599740974,0.0156769640739602,45,28.811126454671225,8.512095640136453,7.099202495151096,0.468689006828145,0.0434605297393386,45,31.641021474202475,-1.1865559503589118,2.551187293936604,1.2039148331686018,7.227822551763306,-1.2669142055634568,1.2842730883731468,0.2079743813745595,2.551187293936604,655.6635895543628,3.241236528603773,0.0436816079160378,2.9091911868971443,-0.0507497040426265,2.9223217789037204,-0.0944231525538166,3.238957078510896,0.1379595516422247,4,ok,0.2048301781217257,0.2047740454475085,0.1996155475576718,0.2009053996867603,0.0051865642269452,19.2484565726027,1.46048850629264,ok,1.1861344153115165,floor,1.3893324305735313,floor,1.6089454783338741,ambiguous
535,22,0.1765557253714162,0,8.061164932523102,6.399064581734794,0.3486931992069572,0.0,35,35.346101597377235,6.757157067828339,4.739316436222621,0.6157361543658031,0.1644672171450363,35,28.886963544573103,7.057360298607894,5.078506701333183,0.4905629166375292,0.0519066304643436,35,28.81252010890416,10.540376495687962,11.324985367911202,0.6023760871632612,0.1659614095069828,35,31.642394147600445,0.3002032307795552,3.483016197080068,2.47921156316486,7.40916100017572,-0.3518007015678259,3.131215495512242,0.3829935849382973,3.783219427859623,839.4032865456172,3.2759502527588418,0.0974495254865379,3.118722886989327,0.1835565777390773,3.148731350186776,0.1517134190107709,3.3853779339863963,0.3032805946112789,4,ok,0.2131342066185815,0.1940932829465184,0.2016913366104875,0.2013288148811885,0.0019224081720624,20.001372264773334,1.4605115202206163,ok,1.1861496835360281,floor,1.3893510181451287,floor,3.0378058618068353,ok
536,22,0.0404355468667854,0,9.03630425725324,8.009961446126303,0.1537973729031133,,3,35.3431650797526,4.927508688790435,3.109931826591492,0.5360932626333919,,3,28.88369878133138,7.403728617762397,5.500128825505574,0.2789533140742949,,3,28.80919965108236,10.29094331285293,10.69287109375,0.4245048442475863,,3,31.639184315999348,2.476219928971962,2.887214695090533,1.2546390555996894,6.981906473021837,0.4218221447405597,3.3090368398310925,0.4137177614677836,5.363434624062495,799.1510021090508,2.3761936482134622,-0.6160419334157772,2.8936978710586523,0.2007166265882856,2.3350436934586427,-0.4691320375555641,2.613173120789951,-0.2841645649271496,4,ok,0.2368878622849782,0.2072086880604426,0.1847731048862139,0.1752690722544988,0.0372751702864964,20.976669448348282,1.4604584333432613,ok,1.186112396204526,floor,1.389306734406919,floor,1.6948141697152548,ambiguous
537,22,0.0439521715472426,0,7.716915967444042,5.911417007446289,0.2501178098648989,,5,35.34404525756836,8.305979327805643,6.770144414901734,0.3426762182425334,,5,28.884669876098634,6.237665315192861,4.205005145072937,0.47018891404836,,5,28.810189056396485,9.951313570916836,9.88852138519287,0.1743079202230642,,5,31.64014015197754,-2.068314012612782,3.7136482557239736,2.234397603472792,8.011447647624843,-1.773782332431982,1.939865923291992,0.3081464212614703,3.7136482557239736,812.5401328325272,2.7052747918065143,-0.3256906403266368,2.377083080671801,-0.3662553646630755,2.7396162925001217,-0.104656846740013,2.5004400355734973,-0.4353144658104586,4,ok,0.1277392983436584,0.3876782238483429,0.1847596913576126,0.1844165980815887,0.072949069738388,19.6572338444797,1.4604743445436494,ok,1.18612348657048,floor,1.3893199289624143,floor,2.806707377858377,ok
538,22,0.0413056002289738,0,7.861849838007404,6.112023055553436,0.39290475803603,,4,35.34508514404297,8.615994900723274,7.271089494228363,0.5260417093802205,,4,28.885823726654053,5.7210025745748,3.7333633303642273,0.2839220277997367,,4,28.81135940551757,8.151334673946547,6.533313035964966,0.6267315239268452,,4,31.64127445220948,-2.8949923261484747,2.430332099371747,0.2894848359391426,8.238922369365339,-2.517919794790539,-0.0875876954187919,0.224057526654573,2.8949923261484747,703.11520165205,2.9817550412418865,-0.0322920610713994,2.8704344978414427,0.1490935485450522,2.200255390946673,-0.6265020293205854,2.21775756623126,-0.701215348091957,4,ok,0.3973449878394604,0.1127770356833934,0.2534459456801414,0.1561196856200695,0.0016150660812854,19.802111813841417,1.4604931437293116,ok,1.1861366648073755,floor,1.3893355374148462,floor,1.0407381944329306,floor
539,22,0.0563783451973083,0,7.644692876156239,5.813923160235087,0.241147196531639,,6,35.34632047017416,7.606701503759254,5.763285716374715,0.305731725610582,,6,28.88719081878662,7.985456513390909,6.2884795268376665,0.4831925049772118,,6,28.812747637430828,10.03244125058398,10.074978431065878,0.4753660894887964,,6,31.642618497212727,0.3787550096316545,2.046984737193072,2.387748374427741,7.625697189957746,0.3597593234331624,2.4067440606262345,0.2570629577349817,2.4257397468247266,903.6050232450168,2.744969450457262,-0.2998192636526466,2.832018378440764,0.070706670156162,3.065357775072221,0.2067732513771378,2.923129743341943,-0.0263363130493945,4,ok,0.1429114701847235,0.2749413972099622,0.1298665950695673,0.1517615467309951,0.0790598386277755,19.584888441740112,1.460515477349334,ok,1.1861522794982406,floor,1.3893540528845083,floor,2.952134284897336,ok
540,22,0.0841851915694515,0,8.600556203854577,7.245287450154622,0.4911441758230088,0.0818186416213377,15,35.37106221516927,7.658717899884041,5.832728882630666,0.4720760349967653,0.032516460156027,15,28.91462999979655,8.183843269125802,6.582400862375895,0.3869682069134419,0.0,15,28.840854517618816,9.67794833043437,9.285276333491009,0.5355779453481403,0.1009300244491886,15,31.669607798258465,0.5251253692417608,1.4941050613085682,1.0773921265797934,8.12963705186931,0.0542062172564925,1.5483112785650608,0.1774539716834363,2.019230430550329,908.6610548992952,3.1230183156045497,0.0087581391941062,3.316872248728572,0.4652325805912483,2.935114506782916,0.0046054714340795,3.1966941706738154,0.178318156547502,4,ok,0.2160965075095494,0.2503735214471817,0.1668471048275629,0.1845530087749163,0.0663879096508026,20.539421031782823,1.4609630734419192,ok,1.1864659149174663,floor,1.3897292085935828,floor,1.3307119452950973,ambiguous
541,22,0.0900955213287215,0,9.774649218080658,9.49434309800466,0.5047049202423225,0.0935887876247729,15,35.37004572550456,8.413254802764296,6.939456860224406,0.4869926474876809,0.0445957571529702,15,28.9135072072347,7.003694819111564,5.01613806883494,0.4656954139961132,0.0317445833312437,15,28.839701588948568,10.153826493289646,10.36054614384969,0.4772661306926528,0.0504019146169969,15,31.668503952026366,-1.4095599836527324,3.1501316741780823,0.3791772752089883,9.093952010422475,-2.090257191310913,1.0598744828671691,0.2654408219416416,3.1501316741780823,902.8768841226896,3.2791197392523816,0.1648595628419382,2.9906445199213496,0.1390048517840258,3.139411218742922,0.2089021833940858,2.92761087334292,-0.090765140783394,4,ok,0.1437867817779382,0.1642362733681996,0.1508495097359021,0.1734379400809605,0.0031620178371667,21.71356874201124,1.4609446736376592,ok,1.1864530725756721,floor,1.389713809350974,floor,1.0410431757093217,floor
542,22,0.0975509091155648,0,8.058669615235248,6.395388939801385,0.2759092961410178,0.0,17,35.368962680592254,7.530329886885064,5.66282301790574,0.4474479655498988,0.0133952585302272,17,28.9123088612276,7.447556601096056,5.555915860568776,0.4470351081030955,0.01730387308933,17,28.83847225413603,10.874510792516489,12.230693396400005,0.3222887184609945,0.0,17,31.66732608570772,-0.082773285789008,3.4269541914204327,2.815841177281241,7.794499751060156,-0.3469431499641002,3.0800110414563324,0.371596387590599,3.4269541914204327,926.1013440314462,2.939013371138423,-0.1847364424195667,3.049897857821964,0.1859196043879567,2.8702315432196794,-0.0701022100062025,2.9569442278824245,-0.070844723198185,4,ok,0.1494147950673804,0.1861675859374158,0.179367395446581,0.172213576734066,-0.0115762049441828,19.997647414158443,1.4609250701114302,ok,1.1864393668736353,floor,1.389697390575539,floor,3.350003083460276,ok
543,22,0.1044356316650902,0,7.676071111795402,5.856081485748291,0.3593079557551745,0.0,19,35.37204079878958,6.87303500771102,4.867472435298719,0.3116059418841366,0.0,19,28.915765862715872,7.812830435874805,6.043423702842311,0.5105364106750636,0.0688600939456183,19,28.84197917737459,10.889716750535774,12.273591794465718,0.3504450681036446,0.0,19,31.670711818494294,0.9397954281637846,3.0768863146609693,3.213645638740372,7.274553059753211,0.5382773761215933,3.6151636907825626,0.4034072335535973,4.016681742824754,924.7186572739952,3.163500861892415,0.0313181271581863,2.779738674582185,-0.0952042043285863,2.8907687951779444,-0.0582956471299049,3.1745385975828504,0.1383848845900313,4,ok,0.1808108205073758,0.1550865002760761,0.1877324032156091,0.2163168019370029,-0.019783742823883,19.614883281454595,1.4609807879689916,ok,1.1864789075026672,floor,1.3897442311297679,floor,3.717163667859081,ok
544,22,1.0644223343721928,0,6.992370478444766,5.00307539742806,0.4218749609152973,0.0266966460916948,346,35.372109495835495,7.519318382713585,5.6484831593973786,0.4676172399302738,0.0289787245481645,346,28.91634288412987,7.2052464427724665,5.254418307473894,0.4523046450533686,0.0213219983033445,346,28.842466492184325,9.299218115320985,8.50984816847509,0.4546308709647285,0.0323556508918583,346,31.67113143722446,-0.3140719399411189,2.093971672548516,2.306847636876217,7.255844430579176,-0.0505979878067091,2.043373684741807,0.2306637988259945,2.306847636876217,787.4443659702305,3.219756081434757,-0.1324508905893764,3.005740283275101,-0.1552817972878775,3.0288993993826168,-0.1479583741006451,3.118762722108939,-0.1356368776154317,4,ok,0.2030326896858525,0.1839909242261524,0.1942344842037197,0.1832537193906445,-0.0007226772477172,18.931178951396298,1.4609820315695479,ok,1.1864855080584547,floor,1.38975074065832,floor,2.8764065983254716,ok
545,22,1.2379552197366972,0,6.854139936471045,4.846341276577875,0.4232374254642613,0.0277002086815285,408,35.364714239157884,7.939889956734952,6.222845172765208,1.083402201663201,0.8354112997476122,408,28.908159938513062,7.2699303728045,5.33326344995522,0.4619842102790925,0.0288255434163402,408,28.8340678916258,8.347525380820285,6.83522063975825,0.4734852927157215,0.0473266042369255,408,31.663008820776845,-0.669959583930452,1.077595008015785,1.49338544434924,7.397014946602998,-0.1270845737984984,0.9505104342172864,0.1327063028930715,1.49338544434924,760.575276048306,3.259498544223947,-0.1052054110533431,3.079488911232195,-0.097781956446965,3.172560596199675,-0.017235431177538,3.1432094070259087,-0.1235861688197688,4,ok,0.2134525940716997,0.189715572094143,0.1837193951211577,0.1819387824986787,0.0178646879617636,18.793346307162352,1.4608481818179908,ok,1.1863919213418035,floor,1.3896385751355127,floor,2.026957219914522,ambiguous
546,22,1.2141040129704344,0,7.556257634690172,5.696731668206589,0.3895715486405417,0.0038504930145333,402,35.37558602100581,8.35009526481838,6.839266494138917,0.5240004499945594,0.0761867467445187,402,28.920064873956328,10.76363065613888,11.92238290185359,0.4833999792735994,0.0459915482254518,402,28.84623628587865,14.504270678525524,28.21155779634542,0.44947376368156,0.0283666993097988,402,31.6748572866715,2.413535391320501,3.7406400223866414,6.948013043835352,7.953176449754276,2.8104542063846054,6.551094228771248,0.6832200569194148,6.948013043835352,1810.8283920890065,3.2433594914514887,-0.1202212115241043,3.049550787617224,-0.1262596085898768,3.158041375811386,-0.0305917370310209,3.1854958013126407,-0.08018560094186,4,ok,0.2082164296370685,0.1906441311857,0.2012413090363664,0.1951867138679644,-0.001811028624982,19.494879017506705,1.4610449714950058,ok,1.186528088607056,floor,3.290296559049461,ok,8.058274354538861,ok
547,22,0.6823035464666509,0,6.751492930145568,4.733139373362064,0.4166741648170576,0.0228956001090123,208,35.33162518648001,6.759283168983682,4.741637150255533,0.458388859161339,0.0217633132052146,208,28.870920676451465,6.076899606327934,4.052191494462582,0.4435187265140672,0.0146487577190448,208,28.796205383080704,10.775433056404138,11.954827271975004,0.4387937361536774,0.0202505496330949,208,31.62657563502972,-0.6823835626557484,4.698533450076204,4.0239401262585694,6.755388049564625,-0.6784884432366916,4.020045006839513,0.5080106607307833,4.698533450076204,788.0238124487491,3.170879804248014,-0.1427432617708102,2.967567154285604,-0.1432874848964558,2.9716586245392502,-0.1652528385421821,3.1658536114158613,-0.0502739375407559,4,ok,0.2056182651028323,0.1846284388851087,0.1797851534882703,0.1814858983270824,0.0153381985057002,18.692478307053054,1.4602498876626062,ok,1.1859665151940773,floor,1.3891335065674937,floor,4.4862331924308005,ok
548,22,0.7533470024140454,0,6.649452194807422,4.6232270181179045,0.4082741339656354,0.0168559413986182,230,35.32850454579229,7.109086203969193,5.139355033895244,0.501701704733629,0.0568749164553228,230,28.86745504296344,6.168703616276075,4.138761129586593,0.5151636993406231,0.0728842444627675,230,28.792687200463337,9.410701703700198,8.73112428602965,0.4049097620664957,0.0,230,31.62316375400709,-0.9403825876931178,3.2419980874241228,2.761249508892776,6.879269199388308,-0.7105655831122322,2.5314325043118906,0.319742144374833,3.2419980874241228,709.3405983840642,3.1930518091163,-0.1281941062587015,3.0219718156637034,-0.0987941800352141,3.045031825978983,-0.0997716505882353,3.1636785422785705,-0.0600102441928376,4,ok,0.2061769968465618,0.2067592887450819,0.1891522336913191,0.1919814247799956,0.0173159091045027,18.590605238112726,1.4601935127310177,ambiguous,1.1859269662035739,floor,1.389086625057004,floor,3.2986202483591365,ok
549,22,0.3137235905644036,0,8.039369388291881,6.367030625473963,0.4428176125259946,0.0424799595910343,73,35.31984282193119,7.700527574913752,5.889151916111985,0.4758214325022789,0.0355141108322611,73,28.857750487654176,7.123887635797282,5.156900637770352,0.4463961879722447,0.0168198846873683,73,28.782923241184186,10.31197331347542,10.744775141755197,0.5461106847059293,0.1106771712112335,73,31.61371829411755,-0.57663993911647,3.1880856776781377,2.272603925183539,7.869948481602817,-0.7460608458055349,2.4420248318726028,0.3100014543657117,3.1880856776781377,866.0049314147806,3.141356032098064,-0.0928794753288055,3.029678217800459,0.0220446130955234,3.126297809322635,0.0715770932620278,3.2829414188467023,0.1455597768581675,4,ok,0.2026991701289399,0.1834241231418635,0.1955071804049896,0.1808061166985394,-0.0024455337695879,19.98098770898794,1.460037082636426,ok,1.185816257226934,floor,1.3889565595153663,floor,2.8425463805261386,ok
550,22,0.4606338196593138,0,7.301805552737787,5.372551104714794,0.4605420314185554,0.0564352049469036,124,35.31085309674663,10.8476626134645,12.155316216330377,0.4664492936930336,0.0280575914107417,124,28.847597199101603,6.562130867677013,4.531198488127801,0.4889771444042583,0.0505896169458284,124,28.7727462245572,9.749800863087096,9.440175892845277,0.445040575018843,0.0249740620795766,124,31.603872822177024,-4.285531745787488,3.1876699954100847,2.4479953103493104,9.074734083101143,-2.5126032154241305,0.6750667799859542,0.3925020683712906,4.285531745787488,1000.2947807408148,3.148557365101927,-0.125848272246364,3.029940827876504,-0.0299226531353951,3.0740841570346147,-0.0222251031848474,3.127663700517452,-0.0495633954665479,4,ok,0.2349893128078791,0.1944411567322188,0.1797360544423422,0.1838450408991306,0.0349791803277067,19.243906612244142,1.4598747995753132,ok,3.906178494539254,ok,1.3888210604891171,floor,3.007729138581587,ok
551,22,0.1696009172845742,0,8.446247669064762,6.992375893725289,0.4173339567251664,0.0233752032851111,36,35.309408611721466,8.881295355837185,7.729110843605465,0.4464063894292774,0.0126091554152243,36,28.84594970279269,6.47647109419473,4.442701243691975,0.3589455183797346,0.0,36,28.77108748753865,8.462974234640418,7.019358495871226,0.4781857302554267,0.051153609285508,36,31.6022752126058,-2.404824261642455,1.986503140445688,0.0167265655756558,8.663771512450975,-2.1873004182562443,-0.2007972778105564,0.190912811826918,2.404824261642455,780.3621944238743,3.1897600058748083,0.0091234150069383,3.1001464338324345,0.1622030389311501,2.9050847286455874,-0.0941444838390737,3.137128266806059,0.0529123269981273,4,ok,0.2042617864078945,0.2002140264958143,0.1328394080822666,0.2029634757588307,0.0693984983695877,20.38842628092876,1.459848730358974,ok,1.185681708262303,floor,1.3887989823596707,floor,1.0403021075760834,floor
552,22,0.2494268841373508,0,7.760269806268791,5.970723786661702,0.4284029592351062,0.0315344217085546,62,35.322526254961566,7.470576638203164,5.585443510163215,0.448748648447592,0.0143794882407659,62,28.860722234172204,5.415741191328872,3.479958935130027,0.3708047424072712,0.0,62,28.785884980232485,8.493955271459138,7.069611153294964,0.3933226915936078,0.0,62,31.616606004776493,-2.054835446874293,3.078214080130266,0.7336854651903462,7.615423222235978,-2.1996820309071063,0.8785320492231596,0.2354127360027946,3.078214080130266,645.4334585503225,3.265018936899392,0.0431664320317697,2.986879085886976,-0.0046539313106874,2.898965491124381,-0.1429349764142045,2.9701691889960777,-0.1549295363136851,4,ok,0.1828432072314524,0.1597713221225046,0.1572826533548293,0.1861214415440636,0.0140246113221491,19.70174399830572,1.4600855380888802,ok,1.1858501529209766,floor,1.3889960059570048,floor,1.04046225502469,floor
553,22,0.1284406975733947,0,8.060918304113827,6.398701200118432,0.3241500052499498,0.0,26,35.32347972576435,7.81162978824014,6.041753172874451,0.3866214619914814,0.0,26,28.86171803107629,6.736391733204918,4.716709980597863,0.3975170861369825,0.0,26,28.786900373605583,8.199685694782733,6.606456343944256,0.3374148428637273,0.0,26,31.6176170202402,-1.0752380550352214,1.4632939615778149,0.1387673906689066,7.936274046176983,-1.1998823129720648,0.26341164860575,0.123731681173372,1.4632939615778149,721.794911457942,2.993725577734827,-0.1622380908419893,3.0810242955751823,0.1751610478358283,2.811157479233,-0.1625276058058027,2.926387197787489,-0.1333552391464176,4,ok,0.1675405508050551,0.2270591696007893,0.1930220373547994,0.1606698172310224,0.0042778228481228,20.002341281265707,1.4601027567061493,ok,1.185861512111863,floor,1.389009531022076,floor,1.0404735575023765,floor
554,22,0.4613383867075512,0,7.587523333585599,5.737891521304846,0.4603886062310321,0.0563120566613903,128,35.32732918858528,8.021436170443634,6.34079360589385,0.4775673019334387,0.0369195223840201,128,28.86606311798096,6.592999966972948,4.5635204045102,0.4619405460904514,0.0287913384458569,128,28.79129460453987,8.14028239922178,6.516707674600184,0.4789977517265251,0.0518185709542986,128,31.621855467557907,-1.428436203470686,1.5472824322488323,0.5527590656361809,7.804479752014616,-1.2114797850416688,0.3358026472071636,0.1320612444163092,1.5472824322488323,716.2390879914165,3.300465802417301,0.0236530377006678,3.0674374200970105,0.0044441517294435,3.064634307882689,-0.0341670757889529,3.0793031844001653,-0.1003115832942351,4,ok,0.2162187414360232,0.1852838818449527,0.194329745718278,0.1693535467784386,0.0064215659222099,19.528739521696558,1.4601722819442533,ok,1.1859110838482412,floor,1.3890680703536675,floor,1.0405209467116994,floor
555,22,1.1271496322792165,0,6.918380544494366,4.918560915855116,0.4379334448968823,0.0387306740248121,379,35.32299849980739,7.367645516251022,5.454620641580044,0.4782997072219909,0.0375106356231982,379,28.86121926018305,5.472029960361989,3.525356131996517,0.4568630242934526,0.0248358356857862,379,28.786386746529853,8.941610974302296,7.837203024874262,0.4058232431824887,0.0,379,31.61710321431424,-1.8956155558890329,3.4695810139403074,2.0232304298079304,7.143013030372694,-1.6709830700107051,1.798597943929602,0.2863466512994875,3.4695810139403074,659.7418044895956,3.268254589083567,-0.090859220972959,3.038428604276073,-0.1315738628778811,3.000238238405238,-0.1837702547563036,3.116722671805379,-0.1445279412866891,4,ok,0.2064984982297571,0.1928456721822473,0.1956933642833402,0.1874948011067423,0.0039787209226619,18.859829370521012,1.460094066201811,ok,1.185855822492387,floor,1.3890026894091663,floor,2.6007145957452735,ok
556,22,0.4233013390986516,0,8.324209750392429,6.798623248454063,0.3849334293228418,0.0007195806186282,124,35.31747861062327,9.469824418882954,8.850798261742439,0.5198715751646633,0.072547590364326,124,28.854880563674435,10.752915422086852,11.893003377222248,0.574227851881255,0.1274393249841077,124,28.780002778576268,13.79182500081792,23.94321691605353,0.5327236397312262,0.0983212997616183,124,31.610984279263405,1.2830910032038982,3.038909578731067,5.4676152504254905,8.897017084637692,1.85589833744916,4.894807916180227,0.5162051123034492,5.4676152504254905,1757.6342945055617,3.2737687510494644,-0.0006368862988268,3.162624421802024,0.1027609407901253,3.334626847822963,0.2383175876035008,3.365162297992212,0.1879352020082123,4,ok,0.1921817251751499,0.1915404964538831,0.2012708254999691,0.2074444166594936,-0.0094097146854525,20.265955042316996,1.459994396772213,ok,1.185783527786159,floor,2.2372360255026424,ambiguous,6.038415105963525,ok
557,22,0.2987337725504171,0,8.410913765544393,6.935717197453103,0.4295490994549212,0.032391470524592,82,35.3142259644299,9.60959444953146,9.140278842391035,0.4783255513434589,0.0375315105691378,82,28.851177936647,10.629438422758724,11.559627573664596,0.484355797233626,0.0467758228804024,82,28.77628282221352,13.25654101360399,21.166746148249,0.5290359588209005,0.0949715417526562,82,31.60740296433612,1.019843973227264,2.627102590845265,4.845627248059596,9.010254107537929,1.6191843152207976,4.246286906066063,0.444961434904975,4.845627248059596,1665.8825655659523,3.3673166447982745,0.1242665346948874,2.9838386015457643,-0.0352558973208307,3.231376003458002,0.1675294395753397,3.378425307470536,0.2323003070183249,4,ok,0.1941943464846146,0.174265774284921,0.1802470490518139,0.2127610254215031,0.0039830113329538,20.352833724415703,1.4599356783456925,ok,1.1857413090235152,floor,1.7858425357988166,ambiguous,5.331885246890508,ok
558,22,0.9442326829983092,0,8.580905356072105,7.212578212011132,0.3957497792132207,0.0080792846836683,307,35.3117265608101,7.93250608245773,6.212274081155609,0.4890309040425256,0.0462754926002013,307,28.84840329695214,6.786692449963363,4.771657298558698,0.4286134014376881,0.0036269974908107,307,28.77350871803706,8.607368191498082,7.256660732073582,0.4122388984693942,0.0009164581730745,307,31.60469459011811,-1.1458136324943666,1.82067574153472,0.0264628354259777,8.256705719264918,-1.470013269301555,0.3506624722331644,0.1586275723283819,1.82067574153472,755.6611594565529,3.284866273087691,-0.0582735292408509,3.0592649286993754,-0.0899678658298914,2.9597139029284323,-0.2077565375285583,3.1543685343730488,-0.0910371812468517,4,ok,0.200279048895797,0.1904181663905564,0.1810334027541577,0.1925270769150521,0.014315204889019,20.522959518517332,1.4598905642429476,ok,1.1857096767416775,floor,1.3888312100595368,floor,1.0403291362374925,floor
559,22,0.4174512297340512,0,9.942519620306552,9.868518555164338,0.4227270068789646,0.0273238660916932,110,35.32202318364924,10.453115532780505,11.099707982756875,0.4879631122431363,0.0453946461120884,110,28.860025163130327,10.602458190107916,11.488036824356426,0.6004985232503266,0.1536051909677984,110,28.785198176990857,8.234620951881165,6.659813925352964,0.4382473487045522,0.0198405772935359,110,31.615980685840952,0.149342657327411,-2.36783723822675,-1.7078986684253863,10.197817576543528,0.4046406135643874,-1.9631966246623629,0.1940404673541051,2.36783723822675,1313.185849586942,3.3418140575403554,0.0764915247644721,3.205017626854085,0.1569641506698551,3.3876355647278853,0.300730135074768,3.097622217401494,-0.0705951883951985,4,ok,0.2010920680720697,0.20077809010717,0.2119432424618439,0.1924917215650732,-0.011008163372224,21.88402083366931,1.4600764535097033,ok,1.185842201679295,floor,1.3889868581173355,floor,1.0404552646616603,floor
560,22,0.6725763753459075,0,7.054294578353714,5.0749230069609785,0.4041310995531065,0.0139223742142913,208,35.31742064769451,8.706019198273752,7.4233838858512735,0.5006283391679339,0.05596651013125,208,28.854873473827656,6.568461660294565,4.537808518283642,0.4201623196509595,0.0,208,28.780003098341133,7.877431458497614,6.133991161218057,0.4646575433958037,0.0402413920359696,208,31.61095360609201,-2.137557537979188,1.3089697982030488,0.8231368801438999,7.880156888313733,-1.3116952280191685,-0.0027254298161194,0.1904007455024447,2.137557537979188,736.3063725041083,3.2663236026518434,-0.0472994633669814,3.106657982877876,-0.0041966563041846,3.067425784783415,-0.0694856782980171,3.1280851379943666,-0.0880424109622506,4,ok,0.2147066468516221,0.1788866201129097,0.1865457574335428,0.2041120915673673,0.0102508760487231,18.996042983068776,1.459993350313382,ambiguous,1.6464811806002626,ambiguous,1.3889176729069186,floor,1.0403990754741936,floor
561,22,0.4397974925726421,0,8.886999042139731,7.739268325842344,0.4707514507979241,0.0647221105780668,130,35.32587626530574,9.594954946692564,9.109520020851722,0.6093784428381337,0.1578906497474785,130,28.86432481912466,9.534055805625686,8.98267280138456,0.6933514669144781,0.2554659304329312,130,28.78955689943754,8.086766641940716,6.436898546952468,0.497192877949295,0.067014372409393,130,31.62020372244028,-0.0608991410668782,-1.4472891636849692,-0.8002324001990146,9.240976994416148,0.2930788112095381,-1.154210352475431,0.1342260805502798,1.5081883047518474,1078.685663726238,3.4546471379036654,0.176658874545645,3.2144257515932324,0.1499040801869213,3.4082860471544523,0.3082676577810206,3.04592590931299,-0.1348548560301297,4,ok,0.2203237856809909,0.2044295417001614,0.2078833518119958,0.1918022898527292,0.0044933118785802,20.82829328320116,1.4601460391107723,ok,1.1858912508249047,floor,1.3890449193222336,floor,1.0405024776981973,floor
562,22,0.2438421813596782,0,7.585672629000333,5.735446894377993,0.577607740126733,0.1623592353155394,57,35.3231639527438,9.98724391147263,9.970671114168669,0.4669732241712794,0.0284705187890561,57,28.86124319779245,9.912958644387864,9.801574932901485,0.4900835593927113,0.0515080656200019,57,28.78643139621668,9.773304166893308,9.491403065229717,0.548961536349998,0.1133480321896069,57,31.617194761309708,-0.0742852670847646,-0.1396544774945578,2.1876315378929743,8.786458270236482,1.1265003741513837,0.986845896656826,0.1998668003832914,2.401571282472297,1234.5019963174536,3.4578476425817866,0.2423701635702659,3.2072132825327984,0.22396918081958,3.1255591874618003,0.09025884904525,3.260045348585053,0.1412701228498765,4,ok,0.2219495453071176,0.1799231314737545,0.2000874548235483,0.186216232089097,0.0008488835668877,19.52711256783544,1.4600970541084992,ok,2.720069414331219,ok,2.046944863962423,ambiguous,2.761292218948432,ok
563,22,0.2196439918163695,0,8.115890722868457,6.480209884899003,0.4176285500564369,0.0235895884213586,56,35.32089580808367,9.668143112107858,9.264336287975311,0.6361582708179304,0.1860541129835009,56,28.85870998246329,8.898170030568297,7.7592010136161536,0.630292260737905,0.1846963164691037,56,28.78386667796544,9.148216254226956,8.219050056168012,0.5132400956359318,0.0808864387605543,56,31.61471312386649,-0.7699730815395611,0.2500462236586589,1.0323255313584987,8.892016917488156,0.0061531130801402,0.2561993367387991,0.1260144777836421,1.552252389239401,1058.346126661769,3.413204384544202,0.1990688546110939,3.039261405262243,0.057762128236245,3.357234665339901,0.3233236604558955,3.1646213083842056,0.0471771853955904,4,ok,0.194868545447077,0.1897948690290962,0.2095848621933587,0.2210746199956962,-0.0172531549552721,20.057452488806856,1.4600560959178117,ok,1.3236830532191766,ambiguous,1.388969124197817,floor,1.1532133293739164,ambiguous
564,22,0.4751739944836876,0,7.531081247419569,5.663802811567732,0.4766025701172918,0.0695533219971724,139,35.31847123619464,7.396629990133256,5.491146101368417,0.5037291258744814,0.0585960632455406,139,28.855940510043137,7.257898527119014,5.318508439355617,0.5171405691508216,0.074614511019061,139,28.781066290766216,10.26365429923766,10.625892793531898,0.655713290340561,0.223369835237702,139,31.61203625905428,-0.138731463014242,3.005755772118647,2.7325730518180924,7.463855618776412,-0.2059570916573978,2.799798680461249,0.3286804680335815,3.005755772118647,853.5095320609834,3.240226142449613,-0.0428373482192516,3.068886769429878,-0.0022337976034485,3.1521104393660817,0.0468376155273855,3.368641318486974,0.1828263464652515,4,ok,0.2090864435856719,0.1791239034572093,0.1884057498771509,0.1943750667164651,0.0056994236442896,19.47277323121138,1.460012318032423,ok,1.1857956151633382,floor,1.3889318304307359,floor,3.2719132875390518,ok
565,22,0.1140550917385265,0,8.691701829089443,7.398951540390651,0.4547712561190328,0.0518314869057261,24,35.3167405128479,8.72626278090152,7.4580669576923055,0.4812778928261788,0.0399236149640036,24,28.853950262069706,7.894378515918223,6.157974009712537,0.4674948675239451,0.0331683475154744,24,28.7790531317393,10.31585771416865,10.754389743010202,0.5105172154153812,0.0785015976113763,24,31.610116640726726,-0.8318842649832963,2.421479198250428,1.6241558850792082,8.70898230499548,-0.8146037890772568,1.6068754091731705,0.2146100339152205,2.421479198250428,985.1906799065572,3.2707404784113745,0.1208454993401271,3.008465453614626,0.1104928177015533,3.1107461959569656,0.1433440869001292,2.97542696118256,-0.0782958365572512,4,ok,0.218265407718718,0.1899826815351843,0.2233172791699568,0.1968863330160578,-0.0191932345430056,20.6334867586735,1.459981071428129,ok,1.1857729193845867,floor,1.388905023752564,floor,2.180320742268578,ok
566,22,0.2808860739766131,0,7.951634764748206,6.239696650041474,0.4441528946850185,0.0435122146295741,72,35.314334604475235,8.263567075602229,6.704350448316998,0.4869280357250471,0.0445426250604579,72,28.85124741660224,7.294203114329022,5.363154540459315,0.5299048492347634,0.0859460544411834,72,28.77634302775065,9.245763842326774,8.405748354064094,0.5024193167347251,0.07148399977061,72,31.607492208480835,-0.9693639612732065,1.951560727997752,1.2941290775785674,8.107600920175217,-0.8133978058461953,1.1381629221515563,0.1658458202218408,1.951560727997752,835.0935326607691,3.302722992254536,0.0695332689059959,3.032847675235889,0.0265738165203694,3.143133301338851,0.0894952961733133,3.130352100466987,-0.0059922100151816,4,ok,0.2026752635008759,0.1896089730370375,0.1965746271113554,0.2047452224004599,-0.0004325088423987,19.89354888999355,1.4599376394189714,ok,1.185742101187144,floor,1.3888689410865704,floor,1.7556062599171038,ambiguous
567,22,0.4230612460997342,0,7.551796159324795,5.690882462475981,0.5425128121403685,0.1280971409253894,112,35.31065501485552,7.218143159622416,5.270044907395329,0.5844900429148977,0.1328021202337055,112,28.84712544509343,7.054945807065228,5.07568405355726,0.6474083121354582,0.2032384580457591,112,28.77221499170576,9.586203767188303,9.09118251396077,0.5455505133689402,0.1101540014186566,112,31.60348195689065,-0.1631973525571881,2.531257960123077,2.0344076078635105,7.384969659473605,-0.3300238524083774,2.2012341077147,0.2606013276472455,2.531257960123077,785.932435836377,3.4526568412191234,0.185968178805346,3.1644667203104366,0.1146369794702031,3.178500213675968,0.0901804161110853,3.331630693887793,0.1620582002249411,4,ok,0.1996789103639977,0.1933847089697207,0.1981977121571877,0.2036657659336924,-0.0016659024903284,19.49390785381292,1.4598712245998493,ok,1.185695110093435,floor,1.3888139894679559,floor,2.611479419486176,ok
568,22,0.1505242195589567,0,9.715660213808867,9.366255947521754,0.4189983042719056,0.0245883900274308,28,35.3073673248291,7.562369675053589,5.704754603760583,0.5221248411255421,0.0745300320604696,28,28.8434510912214,9.269125398846898,8.451086363622121,0.5291073895390307,0.0852300150029508,28,28.76853690828596,10.261077722195008,10.619590546403613,0.6322003336030368,0.1974621933504623,28,31.599906035832,1.7067557237933082,0.9919523233481105,0.5454175083861408,8.639014944431228,0.6301104544156697,1.6220627777637802,0.2116479449015224,2.6987080471414187,1066.4454229708228,3.1617020371459805,0.0001196396935418,2.798480805616,-0.1146880075957637,3.1615182699499407,0.1820160577468113,3.418620730922255,0.3533049786078766,4,ok,0.2352097454879965,0.1656158923038414,0.1991935087633984,0.1788162606369172,0.0012193101325205,21.657948412410718,1.4598118935826794,ok,1.1856532302205782,floor,1.3887650372678118,floor,1.0402756429028648,floor
569,22,0.5757768329702583,0,7.361711067692384,5.447172225632283,0.4495446117976535,0.0477119548740638,161,35.3159196510078,9.440435588866698,8.791106854906733,0.4503653551337904,0.0156068362948582,161,28.852928386711927,6.919478217155327,4.919804231720682,0.5923669865189466,0.1453810351298645,161,28.7780258699974,10.785253866275424,11.981891611348027,0.447452385256552,0.0268156049637033,161,31.60916365155522,-2.520957371711371,3.865775649120097,3.42354279858304,8.40107332827954,-1.4815951111242134,2.384180537995883,0.3650222087953156,3.865775649120097,983.5051997411324,3.209976520056181,-0.0842269631960994,3.080368807919182,-0.0052361642139153,3.026339005351536,-0.0904671661360465,3.2257800936052763,0.0289151682261561,4,ok,0.2027352444873833,0.181098773196247,0.1918664524412673,0.185792254480701,5.055640054785204e-05,19.3035400782977,1.459966252462431,ambiguous,2.3357554932685822,ambiguous,1.3888913460739567,floor,3.911086042238434,ok
570,22,1.6120899250143288,0,10.101653198615226,10.23682596260142,0.4379742776401417,0.0387618465295172,535,35.32121381670515,10.686856595238527,11.71347242560342,0.4771202325376762,0.0365591446623965,535,28.85880819302853,12.246702257441486,16.775297302174792,0.4775856131294477,0.0412540782051817,535,28.78398016457246,15.048320974895953,31.97658624470791,0.4531521155307139,0.0312072003532282,535,31.61491244663702,1.5598456622029584,2.801618717454465,4.946667776280725,10.394254896926878,1.852447360514608,4.654066077969073,0.4868529730664546,4.946667776280725,2402.9189983076026,3.378932945135238,-0.0063176946483118,3.199350641785254,-0.0046353695187679,3.167691685924545,-0.0433765329436637,3.17024899296423,-0.1169271983749746,4,ok,0.209783633895845,0.2024154854294295,0.18698994838328,0.1892213384194351,0.0191096112793572,22.043197884218216,1.4600618382459347,ok,1.185828320810047,floor,1.4954086831051911,ambiguous,5.442518357795059,ok
571,22,0.6626345621976223,0,6.722863809545299,4.702040667261057,0.4190100472702096,0.0245969669626662,201,35.32497810249898,6.830750992182095,4.820311443722663,0.4647355145294553,0.0267101419573874,201,28.86296038841133,6.832133227422261,4.821845855285872,0.4034498099598211,0.0,201,28.78818445537814,9.85701524939093,9.676126221519205,0.4126180457674189,0.0011840177518245,201,31.61899645411553,0.0013822352401664,3.0248820219686685,3.134151439845631,6.776807400863697,0.0553258265585645,3.080207848527233,0.3530403727761353,3.134151439845631,766.8148553977855,3.227872164743814,-0.0831554057511092,3.0179353426769,-0.0895445897159654,3.0443672652233253,-0.0898570549382049,3.1242336052059354,-0.0893194263743288,4,ok,0.2028881727500044,0.1985938677851537,0.1791360287820521,0.199883859437793,0.0216049914855269,18.664206298996202,1.4601298173531245,ok,1.1858756846585097,floor,1.3890266360251884,floor,3.6422849244351534,ok
572,22,0.6223063217066931,0,9.178885428802202,8.2772970831072,0.4672350406819973,0.0618473552312759,185,35.32741385794974,9.971632438878972,9.934894139702257,0.4819673657265977,0.0404843734094348,185,28.865656228967616,8.466180477998686,7.0245425546491465,0.438988149103942,0.0112587641510988,185,28.79091133942476,9.167361301756635,8.255362156275156,0.4899359904721952,0.0608858166007104,185,31.62164282927642,-1.5054519608802863,0.7011808237579515,-0.0115241270455648,9.575258933840589,-1.1090784558419011,-0.4078976320839498,0.1235528017104008,1.5054519608802863,1051.64061171783,3.2910450564692804,-0.0136934685396381,3.20582101624383,0.1065182062168976,3.115476267526285,-0.0122369398650503,3.121492534169524,-0.0858222832680883,4,ok,0.2185534335874222,0.1944378629528187,0.1978017748207659,0.1880399253118682,0.0086938734493545,21.120097068234113,1.4601738113081122,ok,1.1859064413135405,floor,1.3890629640276122,floor,1.0405185690082095,floor
573,22,1.273891552877008,0,7.348536275254993,5.430672679258429,0.410405389968786,0.0183766791729791,414,35.33277330076061,9.312511942651463,8.535936865829616,0.4492419583107174,0.0147535241811749,414,28.871721184771992,6.894749936687803,4.891870973190824,0.4673657747808777,0.0330660238882674,414,28.79704593805875,11.31529141035764,13.537209219114793,0.4657198378700749,0.0410869394568762,414,31.627543472437463,-2.4177620059636604,4.420541473669837,3.9667551351026464,8.330524108953227,-1.4357741722654245,2.9847673014044123,0.4240126718748046,4.420541473669837,1019.6339873048132,3.266078681849102,-0.099732127299279,3.046027437139129,-0.1326825804977249,3.09749858433978,-0.093443380110211,3.2400148496266885,-0.0278786339202219,4,ok,0.1997699036672351,0.1820181789155599,0.1860004459656235,0.1970795748692347,0.004893595325774,19.28945996118135,1.4602706307374702,ok,2.1833835707618237,ambiguous,1.389144708618747,floor,4.430246896287351,ok
574,22,0.7135218324367294,0,7.942840372296377,6.227074150547319,0.414262019445803,0.0211486683725927,223,35.325084019134934,7.983958877658389,6.286311360218066,0.4442119739954589,0.0109589719288472,223,28.863228477170114,7.967445574199168,6.262454123774986,0.5422626436804971,0.0971799614366271,223,28.788446648773057,12.916129145609162,19.57099538640591,0.4975094126695429,0.0672837418816205,223,31.61920165160312,-0.016513303459221,4.948683571409994,4.973288773312785,7.963399624977383,0.0040459492217852,4.952729520631779,0.601298031202343,4.973288773312785,1207.7059246772071,3.246243551301774,-0.0726590119591255,3.052477617777805,-0.0652415122200906,3.121668952170888,-0.0207084281136524,3.2884922519725635,0.0671278774221582,4,ok,0.198406208607247,0.1945393685702518,0.1901648682897133,0.198129361837835,0.006307920299036,19.88417717209706,1.460131730280704,ok,1.1858787430752835,floor,1.3890301287898834,floor,5.472008803495574,ok
575,22,0.7889566409347055,0,7.404283968009996,5.500832194610248,0.4361773309504507,0.0373927731064618,252,35.328473227364675,7.457256184726503,5.568338375006404,0.5385491070894405,0.0892392510350119,252,28.866972067999463,7.02609520381976,5.042077541824371,0.559759934901957,0.1135288613099836,252,28.792235419863747,8.839843901528772,7.655690895659583,0.5446515886450586,0.109315576372172,252,31.62287830171131,-0.4311609809067436,1.813748697709012,1.4355599335187756,7.430770076368249,-0.4046748725484894,1.4090738251605224,0.169993372320592,1.813748697709012,749.9743074982886,3.320274198097104,-0.007897687909919,3.0676520304691177,-0.0621192283475386,3.1389971240619032,-0.0129768803586283,3.217639061908068,-0.0129197158910265,4,ok,0.2070814090086117,0.1889307755710823,0.1988896337293443,0.183918105527049,-0.0008835414394972,19.34543869389985,1.46019294700204,ok,1.1859214551612771,floor,1.389080605467449,floor,1.9529407925422664,ambiguous
576,22,0.1748646271367337,0,8.391708673240462,6.905114228384836,0.4424138453846329,0.0421684348112958,35,35.3319584437779,7.3029431318394,5.373958560398647,0.5233347234897663,0.0755980342146704,35,28.870894295828684,6.828167441044426,4.81744476727077,0.6671929019163594,0.2252904741129058,35,28.796210043770927,9.122989901844434,8.17144741330828,0.5327405469753509,0.0983367112854833,35,31.6267072405134,-0.4747756907949734,2.294822460800008,0.7312812286039723,7.84732590253993,-1.019158461495504,1.2756639993045038,0.2082581873080785,2.294822460800008,754.8400317192078,3.322062905812152,0.1435621785398475,3.1591052425306176,0.223938933280368,3.10166968202693,0.1046517508509246,3.190320362331119,0.1082230229560017,4,ok,0.2256778883082526,0.195218048776899,0.1984161283288683,0.1769303681594984,0.0120318402137075,20.33267614369024,1.4602559085284492,ok,1.1859662141182912,floor,1.3891335686790516,floor,1.0405752056785664,floor
577,22,0.1507729260125211,0,7.42148032369407,5.522656508854458,0.4913096414953138,0.0819603269358097,28,35.3333831514631,8.382591234423252,6.890633059399469,0.5232788234776423,0.0755486350055405,28,28.872494629451207,8.858730660292593,7.689056745597294,0.553487868243741,0.1076087518953092,28,28.79783364704677,10.87127751705694,12.22159116608756,0.5015625854932971,0.0707481241897891,28,31.62827525820051,0.4761394258693414,2.012546856764345,3.449797193362869,7.902035779058661,0.9566948812339326,2.969241737998278,0.3109740948618831,3.449797193362869,1086.2371340841055,3.274761273367898,0.1131788759154592,3.174517119178472,0.2613483059667092,3.345018749156476,0.3655165369533466,3.335839506608659,0.2705237542942806,4,ok,0.1788727284542151,0.1849419671509947,0.2099177718960813,0.2260154387248414,-0.0280104240934764,19.362371239788917,1.4602816494381867,ok,1.1859844790777074,floor,1.389155206828422,floor,3.9361853039428336,ok
578,22,0.282146896543282,0,9.744790515007129,9.429291275143624,0.405550542454656,0.0149240726732626,80,35.33569045066834,10.53803087256907,11.318870398402217,0.4870802130908973,0.0446677760936717,80,28.8749192237854,9.320508764930246,8.551668876409531,0.5356431620398716,0.0911302868516814,80,28.80028321743012,8.368529342813204,6.868358165025711,0.4072870622562545,0.0,80,31.630691409111023,-1.2175221076388247,-0.9519794221170416,-1.3762611721939244,10.1414106937881,-0.8209019288578538,-1.7728813509748953,0.1774625019604936,2.169501529755866,1153.8389618158342,3.3005657463434828,0.059387784287654,3.097778437212279,0.0811181366204611,3.272009541285932,0.21010123132229,3.076390614028018,-0.0678773700528845,4,ok,0.1873406167142093,0.1783205753657966,0.1927439948078245,0.1685577188618481,-0.0099133987678214,21.685557443565955,1.4603233404123628,ok,1.1860121543405753,floor,1.389187856225985,floor,1.0406197717530594,floor
579,22,0.4596120191386753,0,10.309105538545932,10.73768239093006,0.4825553889671414,0.0745297484208646,133,35.339374312780855,9.833199396301088,9.623209478263568,0.575743957006978,0.1242340884461101,133,28.879006106154364,10.126840937753611,10.296368891135192,0.5363537649470711,0.0917761607616898,133,28.804422349858104,8.339239605133857,6.822192356998759,0.4104517182165093,0.0,133,31.634702625131247,0.2936415414525246,-1.7876013326197562,-1.9698659334120752,10.07115246742351,0.0556884703301037,-1.7319128622896525,0.1625952669696869,1.9698659334120752,1203.6508289369424,3.4102337792339457,0.1305157493605642,3.329479663939812,0.2627089211136684,3.271509099866316,0.1696998656225963,3.169477939762276,-0.013018611221705,4,ok,0.2340472070010084,0.183359294373514,0.1861455425396001,0.1956847769985521,0.0225577081476611,22.2496744851519,1.4603899145746115,ambiguous,1.186058811336741,floor,1.3892430344157283,floor,1.0406646493144363,floor
580,22,0.1585226202588837,0,9.30057134371135,8.512500185232897,0.3937420729060373,0.0066977791738007,26,35.34156564565805,8.877374773542787,7.722136557102203,0.4660933619585696,0.027777333965226,26,28.881435834444485,8.118478340270713,6.484072080025306,0.4117588132729559,0.0,26,28.806882858276367,10.85073756518188,12.163925638565653,0.396651264502839,0.0,26,31.637090536264274,-0.7588964332720742,2.732259224911168,1.5501662214705298,9.088973058627069,-0.970494718356356,1.7617645065548118,0.2425674230387109,2.732259224911168,1062.7389122224772,3.209616210424396,0.0536525418475792,2.878212694115361,-0.0276505536239928,2.925521314409605,-0.0481637706291975,3.211432228723092,0.151689791789185,4,ok,0.2055032694569001,0.1473052117687005,0.162720620775452,0.1910480687824579,0.0136836198373482,21.24102250862681,1.4604295217318153,ok,1.1860865543972825,floor,1.3892758406194001,floor,2.0950357185988264,ok
581,22,0.3381779372622051,0,9.444254745910188,8.798841096542693,0.4317954683438965,0.0340778790172497,91,35.34333943796682,9.164269216202026,8.249486603579678,0.4275120583289997,0.0,91,28.88341570424509,8.006240581574726,6.318646484678919,0.4321654458162244,0.0062193687059819,91,28.80888769128821,10.664435972789372,11.653156990533349,0.4944608846773277,0.0646965850353371,91,31.63903454371861,-1.1580286346273,2.6581953912146457,1.220181226879184,9.304261981056108,-1.2980213994813816,1.360173991733264,0.2181617154110937,2.6581953912146457,1057.875960778404,3.41434038712128,0.1633945558859797,3.0136351875182155,-0.0157254603222756,3.185076848951921,0.1130557646581249,3.072789660017424,-0.0811672442334079,4,ok,0.2246384492942265,0.1980090061059365,0.1874514325716338,0.1828201488888525,0.0238722951284476,21.384610564481786,1.4604615852065645,ok,1.1861091634322032,floor,1.3893025742974616,floor,1.6374316058946197,ambiguous
582,22,0.3330963064426387,0,8.673220796046671,7.367532827388281,0.3724788920254641,0.0,87,35.33499250740841,7.738850847499455,5.941349284402255,0.5395060644313869,0.0901103255508413,87,28.8739896971604,9.737808453014097,9.414144178916668,0.6157155971284558,0.1692968337061819,87,28.79933701438465,12.130704104263163,16.333167295346314,0.3907496356681689,0.0,87,31.629830152138897,1.99895760551464,2.392895651249068,3.457483308216492,8.206035821773064,1.5317726312410311,3.9246682824900994,0.4084868794304767,4.391853256763708,1288.8808949274578,3.223914665207473,-0.0236230352472799,3.103738625428019,0.0788092863598448,3.1418620409607403,0.0733694291349991,3.088149561006712,-0.062426758752796,4,ok,0.1912591507893869,0.1778636945561431,0.1857374965630728,0.1810154440416687,-0.0011760738903078,20.614025231158962,1.460310728658269,ok,1.1860015439584017,floor,1.3891752441604208,floor,3.9434452391874206,ok
583,22,0.7334427895405267,0,6.447716547376526,4.413383375270672,0.4104036319523486,0.0183754214938947,211,35.33415683185885,7.301808742361736,5.37255505052223,0.4009746144310682,0.0,211,28.873091313511274,5.982191810294069,3.964780795065713,0.4628337557450924,0.0294916904613284,211,28.798430863149925,11.686464373673438,14.745056376073032,0.4519508289327854,0.0302769956888875,211,31.62894152239036,-1.3196169320676665,5.7042725633793685,5.238747826296912,6.874762644869131,-0.8925708345750616,4.811701728804307,0.6217537425780042,5.7042725633793685,886.3491185782785,3.2354038968025245,-0.0793048891099408,3.0090208339680715,-0.1032454764199259,3.006046680170789,-0.1319888397615702,3.1141192626266427,-0.1030852308695768,4,ok,0.2034689316181775,0.1864558258822179,0.1861316465300406,0.1876792029535036,0.008830732220157,18.388565889320667,1.4602956286691637,ok,1.185991289544838,floor,1.389163166520546,floor,5.771374419963152,ok
584,22,0.8413062359421699,0,10.109329184183814,10.254935152125809,0.4527736092107903,0.0502513612767412,265,35.328472353377435,10.723660202360898,11.813158206219944,0.5138345933611015,0.0672784627514069,265,28.866753646562685,10.157332664358146,10.368913856542337,0.5230079574643244,0.0797889993395439,265,28.792025468934256,8.194447044292254,6.598492150936487,0.520635754417979,0.087427966084294,265,31.62274778833929,-0.5663275380027528,-1.962885620065892,-1.91488213989156,10.416494693272355,-0.2591620289142096,-2.222047648980101,0.1972817787094025,2.5292131580686448,1273.562804810956,3.3888035851477123,0.0568179905271648,3.2161807712733377,0.0814508645871119,3.315339815343955,0.1594174395989385,3.092667207848469,-0.1416744541834997,4,ok,0.2211660217845215,0.1926232147750989,0.1953382735404203,0.1753758333482832,0.0115563447393898,22.05048395702866,1.4601929312145454,ok,1.1859189628824263,floor,1.3890778080982784,floor,1.040530924842833,floor
585,22,0.3410882309356329,0,10.520213921765396,11.272529802539133,0.4356828877250551,0.0370170498492683,88,35.339734771034934,9.799241768824247,9.548258692026138,0.5522834005806894,0.1018891232270609,88,28.879297148097645,10.32420180519458,10.77507199211554,0.5004388437176364,0.0602047468518982,88,28.804708675904703,10.875750480164758,12.234185129404068,0.485567606243431,0.0572400940995154,88,31.63501925901933,0.5249600363703308,0.5515486749701779,0.3555365583993612,10.159727845294825,0.1644739598997571,0.716022634869935,0.0883449240541287,1.0765087113405087,1394.6660980162296,3.3105569569198985,0.0621527539638804,3.3024805684545537,0.2764245883088105,3.36370177389482,0.2943120632145786,3.3250277548325755,0.1735919360966225,4,ok,0.208976938558573,0.2079146566631441,0.2009836422618139,0.1830525675534524,0.0074621553490446,22.460763494799522,1.4603964293683114,ok,1.1860621343234463,floor,1.3892468518180296,floor,1.0406681922024585,floor
586,22,0.1400604314572162,0,6.896790150839868,4.894169599921615,0.4419732476471231,0.0418288177934036,27,35.3407307377568,8.417438728166731,6.946145446212204,0.4118769890126685,0.0,27,28.88039595992477,6.286318748191686,4.252378119362725,0.2385718623538253,0.0,27,28.805820394445348,9.029030153047673,7.996556595519737,0.4938048189414291,0.0641418890995273,27,31.63610168739601,-2.131119979975045,2.742711404855987,2.132240002207805,7.6571144395032995,-1.3707956913116135,1.3719157135443734,0.2512297259707143,2.742711404855987,757.9887490824417,3.194486058447862,0.0356609882640386,2.7523995066038136,-0.1571841834714469,2.9185437351179786,-0.0581037881136303,3.211202854219464,0.1486221430176471,4,ok,0.2029452911681599,0.2200379321972529,0.1797618308552989,0.1703444472341626,0.0317297808274074,18.837286192246708,1.4604144307176292,ok,1.1860746805090583,floor,1.3892616741790078,floor,2.7081705813435124,ok
587,22,0.1656896793481617,0,8.29560439331731,6.753990405135685,0.4806919619392237,0.0729653225132727,36,35.36147530873617,8.870804396006145,7.710462682776981,0.6127195889230563,0.1613383003907109,36,28.902684741550026,8.44908753646356,6.99694972899225,0.5693544900436003,0.1227140909845563,36,28.82857656478882,10.49851860948571,11.21635795964135,0.6554561331426499,0.2230813713840869,36,31.658356772528755,-0.4217168595425846,2.0494310730221503,2.2029142161684003,8.583204394661728,-0.1341168581981673,1.915314214823983,0.2195891347391326,2.2029142161684003,1052.2257232599786,3.394074696891738,0.2134381060238679,3.209657937506411,0.2717145426051268,3.1533396774135447,0.1541104649288835,3.3091417754749,0.2249258356669674,4,ok,0.2113645685215791,0.1537705405304829,0.1827345951977703,0.1933069371928771,-0.0001670406717393,20.23498499862714,1.460789574486202,ok,1.1863293243611428,floor,1.3895652629496025,floor,2.776988762825649,ok
588,22,0.1688590269462622,0,7.693827333878192,5.880073211131951,0.3403522897919051,0.0,39,35.36011025844476,6.82360913081631,4.812391079389132,0.4364127608868725,0.0051598343884977,39,28.90119371658717,6.356992183650957,4.322143863408994,0.3534621960065265,0.0,39,28.827060112586388,9.771491514703143,9.487442383399376,0.5252794621108571,0.0915831979136754,39,31.65688015864445,-0.4666169471653534,3.4144993310521885,2.0776641808249527,7.258718232347251,-0.901726048696294,2.5127732823558944,0.3299464658918192,3.4144993310521885,739.5555836909856,3.146412638779908,-0.0402926415935311,3.0251752317662173,0.0793412250386516,2.976193335867681,-0.0293188525989451,3.0780375353332885,-0.012198043668739,4,ok,0.2106737397038019,0.1940233858349995,0.1829259298168696,0.2131761950560105,0.0194226329525311,19.633281364282137,1.460764877177267,ok,1.186312280751457,floor,1.38954502110383,floor,2.655390976212935,ok
589,22,0.0352974566787609,0,9.270446181897237,8.453656911849976,0.1488419870760167,,2,35.362749099731445,7.391874592368305,5.4851367473602295,0.211544531622892,,2,28.90410804748535,4.543132675320043,2.846513628959656,0.3703159133598512,,2,28.8300142288208,7.281038422967953,5.346921920776367,0.3201734474630062,,2,31.659741401672363,-2.8487419170482617,2.7379057476479094,-1.989407758929284,8.33116038713277,-3.788027711812728,-1.050121964164818,0.3590197574529992,4.727313506577193,569.6914358139038,,,,,,,,,4,ok,0.3108754381537437,0.2674179375171661,0.1064069531857967,0.2913645878434181,0.1827397346496582,21.2097582675431,1.4608126221781979,ok,1.186345595094487,floor,1.3895844545617717,floor,1.040944986484979,floor
590,22,0.1412877818025019,0,7.263822249372536,5.325767767840419,0.3704540557117946,0.0,29,35.36439803550984,7.291779171575241,5.360162019729614,0.5305633411392956,0.0820304721263149,29,28.905962976916083,7.3925923115113985,5.486043301121942,0.5345274675646415,0.0901179488694619,29,28.83186905959557,10.7309299411331,11.832949038209586,0.5426302233245527,0.1074353036877315,29,31.661535394602808,0.1008131399361573,3.3383376296217016,3.467107691760564,7.277800710473889,0.1147916010375098,3.4531292306592114,0.3985345062207788,3.467107691760564,892.7220627829947,3.231049930349627,0.0668069741721661,3.151035848043526,0.2344077317777988,3.197104068673945,0.2148473529569048,3.038176748082848,-0.0297780589343026,4,ok,0.2471202421804954,0.1758897907004274,0.1701860880029612,0.228389047600072,0.0413189284375001,19.20304563080261,1.460842459809019,ok,1.1863668017646352,floor,1.38960921707674,floor,3.9533301585204055,ok
591,22,0.1776757317516739,0,8.717899309333063,7.443718327416314,0.5101983738260422,0.098448100997307,36,35.36367850833469,7.599060848062632,5.753155132134755,0.5458342223502188,0.0959094839925185,36,28.90512874391344,6.731608127901879,4.711517545912001,0.5607734789191383,0.1144917911545955,36,28.831022421518963,10.288728339655446,10.687418944305843,0.6245780602597423,0.1892666617713445,36,31.66073311699761,-0.8674527201607534,3.557120211753567,1.5708290303223826,8.158480078697847,-1.4268719507959684,2.1302482609575986,0.3166448567540746,3.557120211753567,840.7586071789265,3.3552629686046243,0.1746263777367542,3.2052892408564344,0.2673458459551501,3.1422381903846563,0.1430089778999952,3.2417104751077748,0.1574945352998429,4,ok,0.2063609371996588,0.2249653405613369,0.1877084559657507,0.1898331987775034,0.0279546829147471,20.65716139826857,1.46082943960595,ok,1.186357264062966,floor,1.389597913929043,floor,2.1200385672574567,ok
592,22,0.6900126625425295,0,5.811828759822507,3.8122631924174657,0.4154552645136474,0.0220115765223789,214,35.367099565880324,5.844076560570478,3.840675862871598,0.4321936982552256,0.0020655461311329,214,28.90899717027896,7.510622847530176,5.637184962491009,0.4979715854043403,0.0581161676394985,214,28.83490392203643,9.817126536499778,9.587660641870766,0.4513931126714956,0.0298459727866666,214,31.66447315929092,1.666546286959698,2.3065036889696016,4.005297776677271,5.827952660196493,1.6826701873336836,3.989173876303285,0.4113155835780546,4.005297776677271,771.8695751003852,3.1378400627278307,-0.1779391147551847,2.9480214900953765,-0.165636561355924,3.069303686514973,-0.0698400206994827,3.1502252507131097,-0.0680409828911186,4,ok,0.1999946604787467,0.1802028324280943,0.1868983746514977,0.1783172927413867,0.0032003718019227,17.750906801202017,1.4608913494761462,ok,1.1864014948052064,floor,1.3896497383922475,floor,4.469062935876007,ok
593,22,1.0611812859193357,0,5.94862150139237,3.934251781421549,0.4685714129059349,0.0629373345608539,340,35.35953769683838,5.114488741595208,3.246750186559032,0.5381883814442303,0.0889113003101871,340,28.90065507888794,6.8508920947384775,4.842718328097288,0.4758686009101392,0.0398660431012094,340,28.82648915683522,9.789222264928036,9.526255524509091,0.54322777393587,0.1079904169873957,340,31.65630216037525,1.7364033531432694,2.93833017018956,3.840600763535668,5.531555121493788,1.3193369732446891,4.257667143434249,0.4558052078491397,4.674733523332829,704.2508467804421,3.162414432750995,-0.1884662405495376,2.9130648603077907,-0.2462327444216447,3.0713297941762403,-0.1041548487460244,3.2032501110599565,-0.0498339097783393,4,ok,0.2016822735833771,0.1842042818884639,0.1801482773550293,0.1954086232820854,0.0127950003808912,17.888106328378644,1.4607545185445103,ok,1.1863061240090316,floor,1.3895374003004832,floor,4.308553237713992,ok
594,22,1.4630833591899588,0,9.632240906450916,9.188065671513224,0.4482972971010647,0.046735885472368,468,35.35366863674588,10.110772108424264,10.258342875119968,0.5062262753082357,0.0607255182622974,468,28.89426315340221,11.353558903804906,13.65701826948386,0.5220651312592873,0.0789535780649419,468,28.81996047191131,14.03446718530062,25.31900989652699,0.4690080023727537,0.0437164360827777,468,31.6499601918408,1.242786795380642,2.6809082814957144,4.402226278849703,9.87150650743759,1.4820523963673151,4.16296067786303,0.4383018443026503,4.402226278849703,1965.3126125823485,3.3696819902817454,-0.0054242993303246,3.1829216586692204,-0.0078744984892629,3.3057335495575444,0.1051678796204633,3.332217495636493,0.0551036625436345,4,ok,0.210380668974776,0.1967420062750705,0.1900151962589504,0.193297346528524,0.0135461413659728,21.572041377139204,1.4606483539449469,ok,1.1862330758354667,floor,1.3894502747558701,floor,4.866222926605314,ok
595,22,1.0994954291794508,0,10.520365053720312,11.272922086848522,0.4267589377044885,0.0303090703725505,359,35.3652951870124,10.21875105627549,10.51659394207107,0.5194223807816447,0.0721534104772383,359,28.9070946685451,11.482242793524415,14.067738259403155,0.5002666924533806,0.0600586826667706,359,28.833015744732617,12.638173538022066,18.35766134089414,0.5514180356743495,0.1156605925204217,359,31.662597034634985,1.263491737248927,1.155930744497649,2.1178084843017544,10.3695580549979,1.1126847385265162,2.268615483024165,0.2267120420208447,2.419422481746576,1802.7551438381745,3.3289888085631003,-0.0260146105610794,3.184755813524488,0.0200977455644046,3.209305654593844,0.0295526909796155,3.476687277830289,0.2195138333487918,4,ok,0.2020149713688242,0.1896735080167609,0.2037989328975963,0.2071669285904232,-0.0079546932048037,22.459540170768033,1.4608586948606515,ok,1.1863797409278896,floor,1.3896245268172682,floor,2.694767615678057,ok
596,22,0.5211644070332737,0,7.516411795757958,5.644704084268352,0.5298438679814672,0.1162562475834367,149,35.37008490338422,7.426411388338662,5.5289306024577,0.5359918947476046,0.0869191252766001,149,28.9124491006736,6.813801823244361,4.801535922008873,0.5801931538812777,0.1332781287175952,149,28.83838818697321,9.571089798235224,9.059599097143083,0.54250471450147,0.107318785986753,149,31.6678004936884,-0.6126095650943011,2.757287974990863,2.0546780024772664,7.471411592048311,-0.6576097688039493,2.0996782061869137,0.2634870472185035,2.757287974990863,777.715738723342,3.315360468825577,0.0270297118175033,3.0562831547349347,-0.0216860002892911,3.1294419616217253,0.0187158833580833,3.2899353619909792,0.0988956964218035,4,ok,0.2276418042062913,0.1996403170262007,0.205448376302351,0.1994751788825796,0.0081926843138949,19.455329211615286,1.4609453827918732,ok,1.1864409707746049,floor,1.3896962678271216,floor,2.6330397939623786,ok
597,22,0.5359766470809272,0,8.53644895107058,7.139123503367106,1.6676650261704422,2.295518180075668,150,35.36163988749186,7.909788355163647,6.179862830638886,1.0055428183779729,0.6980831049280858,150,28.90308183034261,7.737191594937084,5.939079783757528,1.5100841839935173,1.781300837986726,150,28.82893559773763,9.158345572320084,8.2382422264417,1.188179724091659,1.0633361263124277,150,31.658638827006023,-0.172596760226563,1.4211539773830015,0.6218966212495047,8.223118653117114,-0.4859270581800299,0.9352269192029716,0.1318798812342601,1.4211539773830015,851.2234646801154,3.430793482146784,0.1419555784744668,3.2517303595376923,0.173101803919176,3.174096326718968,0.0628451943546259,3.271991013172701,0.0804482999629385,4,ok,0.2119755093256632,0.1957269112765789,0.205862770229578,0.2181935778260231,-0.0020115599284569,20.475820703554632,1.4607925522562162,ok,1.1863338636221752,floor,1.3895700556075006,floor,1.0409326345621943,floor
598,22,0.1790612843389417,0,7.04397782366414,5.062881730851673,0.4810192640059524,0.0732396682520253,42,35.360186440604075,7.720434769031565,5.91620857942672,0.4364266041829313,0.0051700366293931,42,28.90149906703404,7.037990996839191,5.055907266480582,0.4796340861644417,0.0429166067110347,42,28.82732050759452,9.106509256062678,8.140497094108945,0.4592876008313058,0.0359966653543244,42,31.657069024585542,-0.6824437721923742,2.068518259223487,2.0625314323985373,7.382206296347853,-0.3442152995086625,1.7243029597148247,0.2084780465444181,2.068518259223487,774.4754615198998,3.2679740488021776,0.0756500395531163,3.1055257965411407,0.152386224341166,3.0866212254097425,0.0752919097787883,3.145617558371024,0.0498086639885237,4,ok,0.1902608264769826,0.181488479177157,0.2340355735449563,0.1873776188918522,-0.0481609207178864,18.983427756381026,1.4607662554667593,ok,1.1863157710463677,floor,1.3895484967867553,floor,2.640519176866155,ok
599,22,0.5188792626184952,0,7.68566403556433,5.869031001483241,0.4347064147696303,0.0362762880976617,124,35.35668179296678,7.566112801037425,5.709673574855251,0.9434679716444706,0.595929983521934,124,28.89759594394315,7.517180121043882,5.645702796597635,0.6130274052808556,0.1664962501237634,124,28.82335622849003,8.861277383293228,7.69356696644137,0.4798014390072331,0.0524778187057333,124,31.65324494146532,-0.048932679993543,1.3440972622493454,1.1756133477288977,7.625888418300878,-0.1087082972569959,1.2353889649923495,0.1363170485139635,1.3440972622493454,793.3902110380511,3.2531155465360886,-0.0212900908122026,3.0278066534816945,-0.0320568275302042,3.151833396740372,0.0555241365209093,3.233908744901296,0.0566816489172956,4,ok,0.2259245910831997,0.2083518168919028,0.1949095781592111,0.1828321081496054,0.0222286258283401,19.625302464367923,1.460702854660727,ok,1.1862711606524723,floor,1.3894955876394477,floor,1.5571382332817012,ambiguous
600,22,0.2615006475105891,0,7.263489682004489,5.325359954978481,0.4521512391545817,0.0497604918437404,66,35.358510971069336,8.083954293660852,6.432731572425727,0.6128621023267999,0.1614857758371031,66,28.89966519673665,7.484179047419324,5.60296493768692,0.6048392303334985,0.1580412412591574,66,28.82545052152692,10.594370289787602,11.466662471944636,0.4648234014493717,0.040373281759658,66,31.6552558667732,-0.5997752462415287,3.110191242368278,3.3308806077831123,7.673721987832671,-0.1895429404133475,2.9206483019549303,0.3458997971363651,3.3308806077831123,925.5159195002282,3.189090365249588,-0.0375023170223833,2.910771787930131,-0.0869244873895884,3.1172202413225283,0.0704122198953389,3.217673145201584,0.0878725550717467,4,ok,0.2182938547974283,0.1756166459597421,0.1906098077694575,0.1858933923596685,0.0063454426091277,19.20302973223539,1.4607359440273286,ok,1.1862948098874286,floor,1.38952353773577,floor,3.825753289970936,ok
601,22,0.136808104476643,0,7.094547330520821,5.122178785006205,0.3241862735419668,0.0,30,35.356577428181964,8.302474899925036,6.764683624108632,0.4287591597708216,0.0,30,28.897542254130045,6.714659960442258,4.693166867891947,0.4625162924780508,0.0292426174023632,30,28.82328681945801,9.30146313512677,8.514248343308767,0.4658727418346834,0.0412088043663259,30,31.653157869974773,-1.5878149394827776,2.586803174684512,2.2069158046059494,7.698511115222928,-0.9838511547806696,1.6029520199038425,0.2402275047933865,2.586803174684512,794.3068757712841,3.1061282378178072,-0.0606850710733053,2.9883127786141035,0.0683426466625443,3.100312854879907,0.1153950268501944,3.153378913136369,0.0828745283358189,4,ok,0.2184398310879866,0.2174045488238334,0.2000546999275684,0.2061036840081214,0.0178674900283416,19.034191372168493,1.4607009668184092,ok,1.1862705470713641,floor,1.3894946613687598,floor,2.7807037673834856,ok
602,22,0.0649705906902342,0,8.297015229493326,6.756184842851427,0.3370230879241437,,9,35.35587946573893,7.498506812377919,5.621480147043864,0.4577723972212209,,9,28.89678488837348,8.734416665546144,7.472082641389635,0.4935525690384241,,9,28.822512944539387,10.542931233007742,11.331649250454372,0.3867273636005858,,9,31.65240478515625,1.235909853168225,1.8085145674615983,2.245916003514417,7.897761020935622,0.8366556446105218,2.64517021207212,0.275249190799163,3.044424420629824,1011.1865372657776,3.047517637745361,-0.0280126881611706,3.114103262362455,0.3128207950896411,3.075975313428873,0.1855636863059655,2.574532245994459,-0.4054269524649996,4,ok,0.1676264661881658,0.2087992206215858,0.2149267163541582,0.1531341349085172,-0.0267138729492823,20.236696807712896,1.460688341707865,ok,1.1862618918776946,floor,1.3894843341499392,floor,2.8180360228047174,ok
603,22,0.1271090851437495,1,6.948287689509607,4.952548861503601,0.7305994311915687,,10,35.35357398986817,6.729438834428142,4.70916473865509,0.4556234888286339,,10,28.89420928955078,6.713907256055923,4.692353534698486,0.6762791899855389,,10,28.81990489959717,8.581034035021426,7.212791919708252,0.2398534151499359,,10,31.64989280700684,-0.0155315783722187,1.8671267789655035,1.6327463455118192,6.838863261968875,-0.1249560059129519,1.7421707730525515,0.1959356341673902,1.8671267789655035,683.1980136871339,2.956314187955708,-0.127204376658113,2.715672072540638,-0.0959968366084744,3.0968150740250784,0.198133142104067,2.925348039470673,-0.0625348325875196,4,ok,0.2306954324245453,0.2277294933795929,0.1911044009029865,0.1624724894762039,0.0381080619990825,18.888093249836786,1.460646642142916,ok,1.1862324603697976,floor,1.3894495332655865,floor,2.1910840097748463,ok
604,22,0.2496248677190488,0,7.325513549196655,5.401959886626591,0.4945503652406404,0.0847449219810823,63,35.35334578014555,7.684495660909327,5.86745227896978,0.4455318952633695,0.0119505679445501,63,28.89396734086294,7.351823403267841,5.434784652694823,0.5439864267687864,0.0987675547267854,63,28.819655675736684,9.7976049237771,9.544660655279008,0.4814161399113719,0.0538056646649989,63,31.649649604918466,-0.3326722576414864,2.44578152050926,2.4720913745804456,7.505004605052991,-0.1531812017851503,2.292600318724109,0.263887698696766,2.4720913745804456,839.0971724022002,3.2813430459078057,0.0582774248621218,2.990206893129788,-0.0029034380583983,3.1027105567057243,0.0595541376469457,3.22310664595964,0.0968046095090198,4,ok,0.2275094788462396,0.1908781572821594,0.2092112939036081,0.183025871595693,-1.7475839408614968e-05,19.265331381435736,1.4606425147299136,ok,1.1862296958071783,floor,1.3894462079472236,floor,3.0313596313956617,ok
605,22,0.2729362031979411,0,7.852283658560531,6.098574954166747,0.5476234392159148,0.1329529293907156,57,35.34792120414868,9.330498520531693,8.571362290466041,0.5866190174917184,0.1349073017996449,57,28.88802625421892,8.404369572198728,6.925273939182884,1.0438192245159983,0.771665674297652,57,28.813573402270936,10.89350972996417,12.28431581196032,0.5948705854458551,0.1582736945801497,57,31.643759443048847,-0.9261289483329644,2.4891401577654424,3.0412260714036394,8.591391089546113,-0.1870215173473841,2.3021186404180582,0.2804464322142742,3.0412260714036394,1105.548099054579,3.351887167211435,0.1364096881999144,2.984058448695344,0.0008143469821253,3.228718733499263,0.1934183950827126,3.26948991406396,0.1507146883287831,4,ok,0.2272833857619971,0.1951470535183162,0.229237220397121,0.2129637818587453,-0.0180220007569643,19.79239316531618,1.4605444192504897,ok,1.1861618222326684,floor,1.3893650671003224,floor,3.5571150253863517,ok
606,22,0.3093999391629928,0,8.186752001858109,6.586810970917727,0.3976246557284487,0.0093757343398734,78,35.35119086045485,7.746235268981532,5.951460107778892,0.3945611741705432,0.0,78,28.8916437687018,5.738780358561404,3.748677123051423,0.4648243132423005,0.0310573231290187,78,28.81727617214888,9.075536449082026,8.082647613990002,0.4215813138720408,0.0075809263054797,78,31.647330748729217,-2.007454910420128,3.3367560905206224,0.8887844472239177,7.96649363541982,-2.227713276858416,1.1090428136622066,0.2558466277178691,3.3367560905206224,708.0423465860196,3.182059923320771,-0.0571984895333375,2.993240527195711,-0.0209239433460899,2.964405537637332,-0.0955154435101715,3.024079496713137,-0.1182844529631275,4,ok,0.2193340234076365,0.1843096145357076,0.198738423629831,0.168725811661436,0.003083395341841,20.126685709174474,1.4606035430317008,ambiguous,1.1862031478581703,floor,1.3894144610778336,floor,1.0408059915936358,floor
607,22,0.1635198306333619,0,6.845164388786693,4.836335704133317,0.3962758078403228,0.0084424073656914,37,35.35103411287875,7.5745624089982595,5.720793095794884,0.4378061489274515,0.0061883574103045,37,28.89149866877376,6.436553762839704,4.402054106866991,0.559021511056336,0.1128284096168661,37,28.81712660918365,10.78101809448017,11.970211099933934,0.558737454572419,0.122612345269226,37,31.647181072750605,-1.1380086461585552,4.3444643316404665,3.9358537056934777,7.209863398892477,-0.7733096360527725,3.571154695587694,0.4546989779936169,4.3444643316404665,843.2290150780935,3.100462547328397,-0.0822513828993174,3.0645056371384665,0.1238612507784915,2.908842704580679,-0.0925371984760268,3.256510765233237,0.1702342762048379,4,ok,0.1786757095440014,0.1893072357854327,0.199750085537498,0.1575296227190945,-0.0157586128727809,18.78510652442693,1.4606007084152923,ok,1.1862014901246212,floor,1.3894124657666385,floor,4.4006745532134675,ok
608,22,0.1847434776541969,0,8.064785680306226,6.404401757500389,0.381486474699349,0.0,44,35.3482608795166,7.407732289063331,5.50520161877979,0.4531900929555057,0.0177618731211177,44,28.88843432339755,9.436033519120548,8.782200580293482,0.4142948512917734,0.0,44,28.81399744207209,9.826157524301491,9.60761855949055,0.4757565350745534,0.0491710855062363,44,31.6441539851102,2.0283012300572167,0.3901240051809438,1.7613718439952653,7.736258984684778,1.699774534435769,2.089898539616713,0.2213305311007972,2.418425235238161,1029.1542577133937,2.9909062087796463,-0.2049448616957021,2.9286658970610806,-0.0290596192704271,3.1049901143783463,0.0900091963789813,3.049920898856727,-0.0493865492049891,4,ok,0.2305299578742547,0.1969002695246176,0.2123033385723829,0.2037797136740251,0.0014117751270532,20.004876924743723,1.460550561009141,ok,1.186166483537264,floor,1.389370723207611,floor,2.3324035819907456,ok
609,22,0.0977520205102335,0,7.592912175141339,5.745015668869018,0.4277057711586851,0.0310142057597353,15,35.34698206583659,8.10958070860175,6.4708014011383055,0.4601281037463959,0.0231121816134711,15,28.88705012003581,7.1836676812912685,5.228375466664632,0.591096915011733,0.1441066214931909,15,28.81257743835449,10.266248586901758,10.632242139180502,0.4916522375468753,0.0623270789932581,15,31.642770512898764,-0.9259130273104824,3.08258090561049,2.6733364117604195,7.851246441871545,-0.6675787605802768,2.415002145030213,0.3037733138913226,3.08258090561049,882.7982914288839,3.039109162920089,-0.0751510134903545,2.886538562119345,0.0348988939820213,2.8356756170987274,-0.0948334182501087,3.052854863974942,0.0344788498486288,4,ok,0.2213476727406184,0.1869481280446052,0.1682737608750661,0.2292028228441874,0.0358741395175457,19.5330721725674,1.4605274389824066,ambiguous,1.1861506724111917,floor,1.3893517827929245,floor,3.2179754657419632,ok
610,22,0.0761286606322558,0,7.775816924179249,5.9921364234044,0.4004534847605995,0.0113434253517208,13,35.34967715923603,8.638484601495175,7.308840091411884,0.2817534718783541,0.0,13,28.89003738990197,7.956457028587128,6.246628852990957,0.5815278459581886,0.1345927787111838,13,28.81564066960261,11.13729401867844,12.993597269058228,0.4705381505180935,0.0449463805466916,13,31.64573126572829,-0.6820275729080469,3.1808369900913105,3.3614770944991896,8.207150762837212,-0.2506937342500839,2.9301432558412266,0.3500895124256443,3.3614770944991896,1043.216261451061,3.054733060103023,-0.0486774759931241,2.9291373796879787,0.0916045957628597,2.9615515445862943,0.0422752522283684,2.857713556031214,-0.149900510228456,4,ok,0.2239208507996339,0.1796221331908152,0.2189849190987073,0.1256617044027035,-0.0172134271034827,19.715832021232554,1.4605761702408433,ok,1.186184796029525,floor,1.389392642754975,floor,3.8540339292779326,ok
611,22,0.0381415659647135,0,4.920068388560286,3.104608476161957,0.287028153636023,,4,35.345356941223145,8.314618439110216,6.783625185489655,0.2659397864985185,,4,28.885238647460938,6.905000471179049,4.903430759906769,0.444961075828852,,4,28.810741901397705,7.869064187803737,6.122184574604034,0.4100349359395738,,4,31.640993118286133,-1.4096179679311671,0.964063716624688,2.948995799243451,6.6173434138352505,0.2876570573437984,1.2517207739684864,0.2676570643442775,3.39455005054993,722.2795453071594,2.9583316166798515,-0.0557154856334345,2.385738732371507,-0.3356022169248835,2.5932338689013963,-0.2335235513658622,2.473080678511564,-0.4458922358116526,4,ok,0.2206914909183979,0.0894540566951036,0.1871846243739128,0.186423934996128,-0.032111850567162,16.860315753032463,1.4604980574686397,ok,3.75432409861632,ok,1.3893273019069943,floor,3.472035230859825,ok
612,22,0.1296107003729204,0,8.04895566781074,6.381100237369537,0.4382906323588883,0.0390034563169621,24,35.347915172576904,9.148454357669106,8.219500680764517,0.5826885605849088,0.1310267494593233,24,28.88810896873474,8.148725484598083,6.529389078418414,0.6711160880425547,0.2297421396689039,24,28.81365871429444,10.865058322726927,12.204102098941805,0.4666538703573608,0.0418319902882895,24,31.643809874852497,-0.9997288730710228,2.716332838128844,2.816102654916188,8.598705012739924,-0.4499795281418404,2.266353309987004,0.2818099349821499,2.816102654916188,1069.8775545458,3.320426131204041,0.1705311521327934,3.1552729525256016,0.2573003166125289,3.082155159528333,0.1147530504714966,3.310620618802515,0.256897821062704,4,ok,0.2254620262732108,0.2121379881476362,0.1835125818227728,0.2174035726735989,0.0352874253876507,19.98906549884595,1.4605443101930027,ok,1.186162767058646,floor,1.3893662050354747,floor,3.3496980976719106,ok
613,22,0.3561961983703638,0,7.955092902397115,6.244667084593522,0.4741709996351366,0.0675383512347393,95,35.345742918315686,8.652737282983873,7.332865653539959,0.5359035512756181,0.0868391697235839,95,28.88570831700375,7.503187522202113,5.627542094180458,0.5857348056106346,0.1387563322919229,95,28.811203866255912,9.848044842542558,9.656160688400268,0.5344838487740146,0.0999284149850732,95,31.64143512123509,-1.1495497607817595,2.344857320340445,1.8929519401454435,8.303915092690493,-0.8007275704883803,1.5441297498520647,0.2128529742069607,2.344857320340445,909.6564632114612,3.30466032809195,0.0504529985765178,3.0907118063919485,0.0571105038142198,3.1988907695643807,0.123493022921902,3.221469223990606,0.0642771825885741,4,ok,0.1965160530648733,0.1822739952096813,0.195569850818107,0.1761515343267666,-0.0061748266808296,19.89531951713392,1.4605050355454838,ok,1.1861353466679558,floor,1.3893334629997307,floor,2.470024473251094,ok
614,22,0.3176998439686013,0,7.897628149136326,6.16258347318286,0.4377089215604978,0.0385593205014056,84,35.34408437638056,9.505483288309748,8.92376918877874,0.4719968255888143,0.0324533202367354,84,28.88388427098592,8.391332140263433,6.904515581471579,0.6094147045802066,0.1627518046882199,84,28.80934644880749,10.19175812629568,10.45143232175282,0.5134051148918015,0.081031378979506,84,31.639628069741384,-1.1141511480463144,1.800425986032247,2.294129977159354,8.701555718723036,-0.3102235784596026,1.490202407572644,0.20805733801061,2.294129977159354,1061.9317029664917,3.30656885076518,0.0616917090354487,3.064691044548617,0.0432210085344073,3.1340607865342216,0.0683226782223909,3.1797467757449884,0.0318095106882525,4,ok,0.2255094549840404,0.1794586346617766,0.1679235616964953,0.1911344953058731,0.0345604831264132,19.837943923299996,1.4604750517205063,ok,1.5342075128059538,ambiguous,1.3893086920365585,floor,2.8636436388871083,ok
615,22,0.9694127001378698,0,9.188890211914734,8.296387360766044,0.4747829364007301,0.0680444746896287,306,35.36411322799383,10.337210906559758,10.807396638627148,0.5117029962336466,0.0654326890583132,306,28.906037586187225,11.284186656264303,13.44060028456395,0.5304107007454375,0.0864008177347799,306,28.83190157522563,13.445958015252684,22.110359374993767,0.4680701361772569,0.0429645525180124,306,31.661443043378444,0.9469757497045456,2.161771358988382,4.257067803337952,9.763050559237248,1.5211360970270569,3.682907456015439,0.3809266217530375,4.257067803337952,1869.647299632138,3.3743163015343667,0.0314238669411235,3.134764525041525,-0.0141466378116108,3.266313184680697,0.0990988465565361,3.308456403402474,0.0632960561629123,4,ok,0.2045461447434682,0.1971023652483435,0.1905367410820878,0.2027958453042445,0.010287513913818,21.12812891490244,1.4608373060196862,ok,1.1863676547846207,floor,1.3896096511904492,floor,4.719144439440705,ok
616,22,2.0207724197379453,0,7.428455944705674,5.531534105848383,0.4816415519444077,0.0737617872114231,675,35.36460094310619,7.786554291703397,6.006969532083582,0.4641101680891369,0.0262197018362915,675,28.90652042247631,6.106596165985833,4.07999486596496,0.5622706217282178,0.115917356931432,675,28.83240061442057,9.11991887098173,8.165671172142028,0.4548692973862045,0.0325411710336414,675,31.661944664849177,-1.6799581257175644,3.013322704995897,1.6914629262760554,7.607505118204536,-1.500908952218703,1.512413752777194,0.24637539955955,3.013322704995897,724.8052579351267,3.301624584572896,-0.101249675173336,3.035471353270604,-0.1914291841385704,3.0408431840413184,-0.1884709478595492,3.191561400975364,-0.1130959670448774,4,ok,0.2016172167934753,0.1837118051559836,0.1824426650504271,0.1911290411678729,0.0102218459243023,19.36766841038286,1.46084613160676,ok,1.1863731752090851,floor,1.389616313915037,floor,2.256952944697763,ok
617,22,0.4148327578341932,0,7.199225471999799,5.247138735601458,0.4373152032644513,0.0382590515623126,118,35.35576852701478,6.653184884476927,4.627202313835338,0.4898990135720494,0.0469930354931338,118,28.896751953383625,7.181944962470435,5.226301934759496,0.4721067415656198,0.0368424258414326,118,28.822464150897527,9.809725256836106,9.571335192454065,0.4570532036868442,0.0342449993680882,118,31.652330657183114,0.5287600779935078,2.627780294365672,2.610499784836308,6.926205178238362,0.2557397842320723,2.883520078597744,0.3211135638551241,3.15654037235918,784.0104495984012,3.268918303047036,-0.0017269862951829,3.0206311976742137,-0.0343430158244233,3.080701899113695,-0.0117142345610155,3.205186046097252,0.0316889050269155,4,ok,0.2267363824076571,0.1829176577976194,0.1812849358292454,0.1804234437897043,0.0235420842733928,19.138913016438824,1.4606863350301305,ok,1.1862615155034244,floor,1.3894836830213797,floor,3.1600680652023745,ok
618,22,0.5883358547679751,0,7.51916017095934,5.648277391148152,0.4373950491976779,0.038319924155598,177,35.359873841711355,7.511047841139796,5.637736635356299,0.4656038819272244,0.0273922711939327,177,28.90135836197158,6.710449250898908,4.688618805112139,0.5071043043698277,0.0658987938076143,177,28.82715615310238,9.352209220871195,8.614318441536467,0.4913706320720802,0.0620902479551332,177,31.65683330385025,-0.8005985902408881,2.641759969972288,1.833049049911855,7.515104006049568,-0.8046547551506604,1.837105214821628,0.240222231349933,2.641759969972288,761.5851609048534,3.294104992001416,-0.0072819091374252,3.079044764170727,-0.0159002083161219,3.129017230928909,0.0047739938263742,3.1359538913122,-0.0680363918262574,4,ok,0.2101484026949284,0.1890951711368763,0.188702565696785,0.1816885355586386,0.0109192212191173,19.458626917676373,1.4607605999529323,ok,1.1863141627165759,floor,1.3895463030215869,floor,2.4084461540743396,ok
619,22,0.2525174549179244,0,7.922345431619925,6.1977569804047095,0.4056785455527542,0.0150145768832026,66,35.36348036563758,7.765043424811004,5.977290213108063,0.464492829251714,0.0265197328918578,66,28.90540143215295,7.558281668213381,5.699387254136981,0.5085726680571607,0.0671632869060729,66,28.831277327104047,9.787037075984214,9.52146351518053,0.4884810695990168,0.0596679568029192,66,31.660785097064394,-0.2067617565976229,2.2287554077708336,1.8646916443642887,7.843694428215464,-0.2854127600020835,1.94334264776875,0.2267543297599617,2.2287554077708336,862.7102989202197,3.2088277675784043,-0.0177649146935672,3.076829749256777,0.0791334739370577,3.250983656077385,0.2041756346501957,3.2795648364422605,0.1497642463124231,4,ok,0.2216504047991651,0.1955725854319153,0.1909830364201105,0.1759574924115881,0.0176284586954297,19.861618179609962,1.460825854196237,ok,1.1863603816355293,floor,1.3896013170267167,floor,2.4414011501849897,ok
620,22,0.2314803634074955,0,7.534339416064753,5.668053509972312,0.3975109010616593,0.0092969000458051,55,35.38695935336026,7.261186454291005,5.322536464170976,0.6196720968667391,0.1685728582720453,55,28.931645826859903,6.096203164386148,4.070242797244679,0.5274130420222217,0.0837122392452283,55,28.857703677090733,9.064456752605942,8.06205348968506,0.3840843226215745,0.0,55,31.68639137961648,-1.164983289904857,2.9682535882197936,1.5301173365411884,7.397762935177879,-1.301559770791731,1.6666938174280626,0.2499798773748377,2.9682535882197936,698.4055427594617,3.221078710647321,0.0083093103521072,2.891688543062197,-0.088034469307797,3.083436469840928,0.0509398328686869,3.1066146801200736,-0.0094743550023821,4,ok,0.2042556312951174,0.2013471975922584,0.1940121485428376,0.2007249893789941,0.0087892659008502,19.47234857190058,1.4612509527749498,ok,1.186660629358206,floor,1.3899543597608806,floor,2.072348364866381,ambiguous
621,22,0.314551513871161,0,7.772774016394813,5.987939471079979,0.4420254344784894,0.0418690262434142,81,35.38287292292089,6.347649665361254,4.312856085506486,0.5001840993009994,0.0555911121205967,81,28.927078741568103,7.711673442068831,5.904285427964764,0.4847128943199693,0.0470692282723641,81,28.85312122768826,9.980552981809158,9.955321691654346,0.4782154434687399,0.051177921449943,81,31.681948838410555,1.3640237767075778,2.2688795397403263,2.207778965414345,7.060211840878033,0.6514616011907988,2.920341140931125,0.3182941482483923,3.632903316447904,828.8233470835803,3.123198193809713,-0.1189216206514021,3.0233553367645944,0.0054704238868872,3.1869062394571848,0.1240228201168744,3.1804618914260443,0.0352596674818705,4,ok,0.1976568421095977,0.1916194108809218,0.1961372726953324,0.1817979250609138,-0.0014991462000726,19.71100317459203,1.461176930533168,ok,1.1866083510252603,floor,1.3898931064963216,floor,2.7822037866162384,ok
622,22,0.4141647075943391,0,6.9233989525569815,4.9242477512785365,0.3690122309642692,0.0,112,35.3825467314039,7.847807837210369,6.092293025127479,0.4302100164439292,0.0006210899492089,112,28.926659090178354,6.669109131700496,4.64419998973608,0.465673471581925,0.0317272559330765,112,28.852703945977343,8.961238831818294,7.872703277638981,0.4403265418793872,0.0214033903716059,112,31.681562747274125,-1.1786987055098734,2.2921297001177985,2.0378398792613126,7.385603394883676,-0.7164942631831801,1.5756354369346184,0.215945860786186,2.2921297001177985,747.7364174840706,3.2476362633033093,-0.019052399110468,3.016968988498765,-0.0328607523414685,2.993141898658652,-0.0951778989062308,3.20695906540888,0.037386571746028,4,ok,0.1969826033538473,0.1932924565792615,0.1845912519576294,0.1708664987568876,0.010546278008925,18.86164567059078,1.4611710224923469,ambiguous,1.1866035479854518,floor,1.3898875294321744,floor,2.61672981399591,ok
623,22,0.3914576054397236,0,6.926128508194514,4.927343630575919,0.4141007814866124,0.0210322577354411,111,35.379611041094805,6.9583258590891095,4.964009293564805,0.4310671716027587,0.0012444287053536,111,28.92332257451238,6.730706166241579,4.710539139068879,0.4281996505760581,0.0033264229404748,111,28.849346659204983,8.863207418760874,7.696986801989444,0.4241887758896741,0.0094676322445776,111,31.67832532659307,-0.2276196928475302,2.132501252519295,1.93707891056636,6.942227183641812,-0.2115210174002326,1.920980235119062,0.2204800323504592,2.132501252519295,707.4069283524076,3.2443475724406223,-0.0216611020643844,2.9918104698895256,-0.057135139272896,3.055637965440728,-0.0319778337246794,3.068928939625554,-0.0999690621452029,4,ok,0.2058429310584927,0.1766124394562867,0.1993230701432571,0.1773061047199073,-0.0080953848858674,18.864533253433727,1.461117855009289,ok,1.1865653641811802,floor,1.3898426628485951,floor,2.5158533424856273,ok
624,22,1.2622739737476427,0,7.1314491112503084,5.165887107743936,0.4438521921223815,0.0432794819506523,408,35.37173283333872,7.487068839541859,5.606694386870253,0.4707133327639899,0.0314316908558376,408,28.91436696052552,6.459427672406992,4.425300504500959,0.4338279647043772,0.0074400671663474,408,28.840326566322176,9.919286458368148,9.81586656032824,0.4337467640157828,0.0164830744097139,408,31.66964579096028,-1.0276411671348669,3.4598587859611545,2.787837347117838,7.309258975396084,-0.8498313029890916,2.610027482972063,0.3357584730322718,3.4598587859611545,778.1526486182622,3.3130990744417352,-0.0516048808355549,3.0284914119199726,-0.1487794557591875,3.0773271908243194,-0.1124688365528934,3.191999827102913,-0.0747957487427646,4,ok,0.2001241217002126,0.180567080155015,0.1864847562860186,0.1939870224462128,0.0038608446415951,19.07027785295127,1.4609752130211802,ok,1.1864629062458538,floor,1.3897221568308253,floor,3.324284883019396,ok
625,22,0.1818096702632076,0,8.684949389113596,7.387456539065339,0.366815463305658,0.0,43,35.37547834529433,8.430689326272754,6.967370937036914,0.3965414861727307,0.0,43,28.91855177768441,8.318620986316331,6.789879995723103,0.5083741458964304,0.066992114224325,43,28.844502382500227,10.80716210567068,12.042487676753554,0.507777150688562,0.0761145116087311,43,31.673698735791582,-0.1120683399564228,2.48854111935435,2.122212716557085,8.557819357693175,-0.2391983713768439,2.249342747977506,0.2619606212979107,2.48854111935435,1043.480434886245,3.219925984146723,0.0258179362657293,2.9479148631895424,-0.0075443459460093,3.114238577421494,0.1010622284458544,3.120203609472768,0.0226250959883675,4,ok,0.1753927498709323,0.1786544868765875,0.1966839876285819,0.1968384721251421,-0.0196603692548219,20.62357656688833,1.4610430219435366,ok,1.1865107774126016,floor,1.3897779377333783,floor,2.6993171217195253,ok
626,22,0.21123205847329,0,6.8261220390962505,4.815176423715085,0.4108736029648981,0.018711828972781,49,35.37778208207111,8.40304992412748,6.923169943751121,0.4988415172880068,0.0544586095641668,49,28.921174613796936,7.690009126318409,5.874905870885265,0.4775230370907048,0.0412034038691266,49,28.847148428157883,10.406739963931388,10.981811791050191,0.4838698058012874,0.0558319719778079,49,31.676237845907405,-0.7130407978090707,2.716730837612979,3.580617924835137,7.6145859816118655,0.0754231447065434,2.7921539823195225,0.3266492195712912,3.580617924835137,940.3469040564128,3.3080273378889307,0.1040159102586781,3.1801437273195443,0.2118079778208796,3.0766953375430086,0.0532659187657618,3.2431265158902924,0.1357246669332257,4,ok,0.2134902167076967,0.1964194093431745,0.2125797747653358,0.2174914533994635,-0.0076249617399001,18.7646252279031,1.4610847351283585,ok,1.4367058287106824,ambiguous,1.3898132899720155,floor,4.060688143714307,ok
627,22,0.3735009143820065,0,7.197081683000709,5.244549252454517,0.4651423088343098,0.0601467242606286,103,35.37735544593589,8.242693517149867,6.672204545400675,0.4405854202802922,0.0082496557427331,103,28.920735016609857,6.162083546136693,4.132457108173556,0.60170819721981,0.1548382239908803,103,28.84671924183669,9.437769904185732,8.785712559246322,0.3940164889192226,0.0,103,31.675805360368155,-2.080609971013174,3.2756863580490387,2.2406882211850228,7.719887600075288,-1.557804053938595,1.7178823041104438,0.28008617605381,3.2756863580490387,767.5345160087336,3.262130460441626,0.0017930750525532,2.9634283490405453,-0.0781433549439327,3.152903206005075,0.0711589501554854,3.131240122868694,-0.0320324281005355,4,ok,0.1865698903509714,0.1851017912759364,0.2024999362172432,0.1758510888490862,-0.0166640954037893,19.13560783450461,1.461077009776826,ok,1.1865357560729697,floor,1.3898075555458256,floor,2.8135918272585383,ok
628,22,0.2715327049878658,0,7.202787083263025,5.251443633392675,0.4131007759206361,0.0203112854899856,67,35.36710112842161,7.2870957388852196,5.354384735449036,0.3958586691662879,0.0,67,28.90920937950932,7.624230028652078,5.786593873109391,0.4733918942053826,0.0378726763568706,67,28.83515184317062,9.47032153078512,8.85181141967204,0.6445226781208185,0.210921538689965,67,31.664627957699903,0.3371342897668583,1.846091502133043,2.267534447522096,7.244941411074122,0.3792886175779557,2.225380119710999,0.2346012818273352,2.267534447522096,820.03744422055,3.1794950056646214,-0.0482378205530098,3.03005563753566,0.0308769279452416,3.033940179926756,-0.0140482441260729,3.243221661592358,0.1122901427544516,4,ok,0.1882861094243491,0.1995351482460748,0.1865032496514605,0.2238647872165068,0.0074073791837514,19.141865040574935,1.4608913777553856,ok,1.1864039214111046,floor,1.389653048898199,floor,2.8389443753388752,ok
629,22,0.3564377251458184,0,7.121544820489572,5.154119481643041,0.4448986801210218,0.0440901052416859,96,35.3652910788854,7.331977634390853,5.410006207724412,0.4014505702026485,0.0,96,28.907215575377148,7.431398708735172,5.535283523922165,0.462763978550805,0.0294369305158794,96,28.833122193813324,8.013642480170445,6.329424853126208,0.4103706250329657,0.0,96,31.662661731243134,0.0994210743443186,0.5822437714352731,0.8920976596808732,7.226761227440212,0.2046374812949594,0.7868812527302325,0.0782953300590974,0.8920976596808732,731.0761807784438,3.233532987070408,-0.0214682569621786,2.9833614007143945,-0.0512721628271486,3.0662367826399057,-0.009982911778684,3.11680666546508,-0.0411728736232044,4,ok,0.2061654866750662,0.1785704843544711,0.177930989729551,0.1901170552397767,0.0144369957852177,19.060720158547333,1.4608586205174392,ok,1.1863811233566834,floor,1.389625948096527,floor,1.0409777056304947,floor
630,22,0.2108067180698888,0,7.26035089257664,5.321512532234192,0.4904411609293074,0.0812171946064284,50,35.37454284667969,7.114139822269786,5.145338866710663,0.4551256383305549,0.0192463106826199,50,28.917582778930665,7.040298649215088,5.058594470024109,0.4544916189493764,0.0230034350823138,50,28.84356143951416,9.05255490847522,8.039989671707154,0.4940758763815643,0.0643709757247519,50,31.67275039672852,-0.0738411730546984,2.0122562592601314,1.7922040158985793,7.187245357423214,-0.1469467082081257,1.8653095510520057,0.2111778235069959,2.0122562592601314,746.7021917736531,3.228675779059424,0.0231326196643992,3.0679572979477223,0.0976299651316527,3.171412793910208,0.1463975576545673,3.284433246205876,0.1755120457384706,4,ok,0.1966887210309505,0.2047868779301643,0.1854536460340023,0.1772213315963745,0.0152841534465551,19.199028416624934,1.4610260844585803,ok,1.1864996918874782,floor,1.3897653675029709,floor,2.3659093595858343,ok
631,22,0.7572088323478815,0,7.2961878240406115,5.36560604235938,0.450155985244139,0.0481913673887013,241,35.37142138659212,7.32370746511817,5.399713861002467,0.5411138020271198,0.0915772571276103,241,28.91409252689093,7.367148220195907,5.453996087010966,0.5467415304927435,0.101315450275583,241,28.840072750550583,9.590438426038585,9.1000513422044,0.5162365897696187,0.083525587398769,241,31.669366702004588,0.0434407550777367,2.223290205842676,2.294250601997972,7.309947644579391,0.0572005756165161,2.280490781459192,0.2527222361906289,2.294250601997972,810.499880792689,3.34393986937255,0.0191519104288331,3.037233755446117,-0.0881376646771125,3.2428417565714827,0.0943711662643216,3.2480677554207733,0.0208655540228197,4,ok,0.2134967243832176,0.186847351800604,0.1840854517311723,0.1992094416743245,0.0160865863607385,19.235033324924707,1.4609695751393665,ok,1.1864597672871988,floor,1.3897187667208006,floor,2.8644609047098735,ok
632,22,0.3033733211523419,0,7.100852352829316,5.129620488097028,0.4907908625871203,0.0815162655289296,82,35.379031809364875,7.211526689966209,5.262022115108444,0.4661470713118972,0.0278196105212231,82,28.92277017453822,6.672785330148884,4.648132857753009,0.4537595279087201,0.022439669877257,82,28.84879742599115,8.629998293986574,7.294572237061291,0.4085067933136266,0.0,82,31.67775672819556,-0.5387413598173252,1.9572129638376907,1.5291459411572583,7.156189521397762,-0.4834041912488782,1.4738087725888125,0.1815871438667981,1.9572129638376907,703.3111690053853,3.215721563038654,-0.0273285470647324,3.082410422351084,0.0633159234844891,3.0379188389889493,-0.0259277248937128,3.0116107986323835,-0.1345142018198277,4,ok,0.2111023707633338,0.1882202718406915,0.1839324921006109,0.1712751894189817,0.0157288292014017,19.03928827588858,1.4611073656120983,ok,1.1865590430221775,floor,1.3898353236580077,floor,2.0709581897304705,ambiguous
633,22,0.4459277197697974,0,7.196604792785709,5.243973390450553,0.4531077949402763,0.050515215488466,126,35.386982993474085,9.158989477938627,8.239463757900964,0.445979471799403,0.0122874795241709,126,28.93172615293473,5.96378316465818,3.9480106584609502,0.4203607453508736,0.0,126,28.857780214339968,8.221948545966745,6.640409383508894,0.4352909179890465,0.0176311305206275,126,31.68644770364913,-3.195206313280448,2.258165381308565,1.025343753181036,8.177797135362168,-2.214013970703988,0.0441514106045772,0.2654323644176226,3.195206313280448,746.5442263815138,3.2536691620917395,-0.0219495914346139,2.984370432218277,-0.0770703627841444,2.988136149059036,-0.1094290626806193,3.086439863781424,-0.0919905433434329,4,ok,0.2217738363477918,0.2034586796921397,0.1755997689352149,0.1849777548026944,0.0370164890847509,19.13461267580506,1.4612513810391188,ok,2.1831741589870246,ambiguous,1.3899553829500007,floor,1.1157193575669668,ambiguous
634,22,0.2654615691753482,0,7.312721373967102,5.38607178563657,0.4008352948811175,0.0116100751644943,69,35.3843085800392,9.447112473651288,8.804632781208426,0.52354425332954,0.0757832440738552,69,28.928736368815105,5.831626210179687,3.829681183980859,0.4437755037512256,0.0148419329323432,69,28.854780418285426,8.32588132366513,6.801240501196488,0.4534581305373217,0.0314445547332737,69,31.68354109059209,-3.6154862634716007,2.4942551134854423,1.0131599496980268,8.379916923809194,-2.548290713629507,-0.0540356001440649,0.2952426938925223,3.6154862634716007,764.9280212651129,3.219303196456405,-0.0106597359340145,3.211663896916763,0.209585565896591,2.9215979673980463,-0.1286993082623668,3.096879750718064,-0.0362638494122524,4,ok,0.190327118596305,0.205189685512712,0.1810843424088713,0.1928495003477386,0.0166740596456372,19.25087324405559,1.461202934549986,ok,2.4083720412018446,ok,1.389915283124889,floor,1.041211775104538,floor
635,22,0.0617118900058861,0,6.609482301600353,4.5808727741241455,0.1553129071974741,,5,35.38835144042969,6.144556061693278,4.115812730789185,0.3067340765830134,,5,28.93323173522949,6.77663440495696,4.760619163513184,0.2888806723515899,,5,28.859292602539064,7.761073658426985,5.971829032897949,0.1881062812859546,,5,31.68792037963868,0.6320783432636823,0.9844392534700246,1.1515913568266312,6.377019181646816,0.3996152233101444,1.384054476780169,0.1410567918047504,1.6165175967337069,627.0419947147369,3.076849270951109,0.0458838388179576,2.4728873309064943,-0.2704511144283827,2.865388568799572,0.0211154295594364,2.6828120702134584,-0.2529424311704975,4,ok,0.1819472074508667,0.2107283294200897,0.1217855975031852,0.1640617847442627,0.0745521709322929,18.54741650364393,1.461276172668226,ok,1.1866787857132477,floor,1.3899756021472276,floor,1.510736583094308,ambiguous
636,22,0.0627127265695569,0,7.801477432054314,6.027646064758301,0.3505447143819234,,9,35.390204111735024,9.150623424886472,8.223606904347738,0.4303410698400282,,9,28.93534236484104,7.394548748157847,5.488515244589912,0.3968649912754752,,9,28.8614075978597,10.902314982329106,12.309247334798178,0.5223133521602132,,9,31.68995708889432,-1.756074676728625,3.5077662341712585,3.100837550274792,8.476050428470394,-1.081501680312547,2.4262645538587115,0.3349945828360816,3.5077662341712585,1010.505441851086,2.8826234222244023,-0.1929069036821289,2.855601124103014,0.0543186568302003,2.8061104654905646,-0.084301161632343,2.9443658747310884,-0.0355933237283703,4,ok,0.1984114448229471,0.1785598355862829,0.1794837299320432,0.1878170950545205,0.0090019102725717,19.739311875202095,1.461309739472765,ok,1.186702951638886,floor,1.390003880241476,floor,3.613290332117065,ok
637,22,0.0767571898437906,0,7.330345146665067,5.407972999981472,0.5130756488693158,0.1010142278046459,14,35.389420645577566,6.304721263965551,4.270435103348324,0.5117205382038846,0.0654478475333091,14,28.934447152274,5.785262351929634,3.789014220237732,0.4701951808164239,0.0353151924784114,14,28.860511098589217,8.924274665038737,7.805980580193656,0.412679354869277,0.00122730593259,14,31.689094134739467,-0.5194589120359163,3.1390123131091032,1.5939295183736704,6.817533205315309,-1.0322708533856746,2.1067414597234286,0.2917973130229214,3.1390123131091032,636.4240777449949,3.023620429491151,-0.0854088354806186,2.9461826600286685,0.1013443106311409,2.884446741458871,-0.040646678063382,2.9773797714965173,-0.0358076101436242,4,ok,0.1354070790112018,0.2038896094475473,0.1577736607619694,0.1764760938073907,0.0118746834674051,19.268221777146973,1.4612955442135847,ok,1.1866927014704165,floor,1.3899918934172604,floor,2.14763078856634,ok
638,22,0.1231491296264476,0,7.921083961382863,6.195957014958064,0.4071409887743927,0.0160506202440471,24,35.390812714894615,7.196910709907932,5.244342789053917,0.5144307207504428,0.0677960290680192,24,28.93599271774292,5.614355912203319,3.642802208662033,0.4759970166559832,0.0399696816062387,24,28.862062056859333,9.155793171108156,8.233401934305826,0.3059056956012621,0.0,24,31.69060254096985,-1.5825547977046135,3.5414372589048373,1.2347092097252927,7.558997335645397,-1.9446414234420784,1.5967958354627587,0.2849665416131612,3.5414372589048373,679.4881329511603,3.224345980852898,0.0744510017816506,2.945882313140861,0.0479096772277882,2.9788830870987733,0.0114809780419369,3.089544533165049,0.0358217354252379,4,ok,0.2009712535267075,0.1943928819770614,0.1759089917565385,0.1752954007436832,0.0217730759953459,19.85888563220826,1.4613207668494195,ambiguous,1.1867103984611365,floor,1.3900126311629069,floor,1.6637313403035605,ambiguous
639,22,0.1661254008683303,0,7.376742453575048,5.466058122145163,0.3033248124169354,0.0,37,35.392836493414805,6.028976766653954,4.007722812729913,0.5007890337616752,0.0561023846846373,37,28.938290003183727,6.510766723596454,4.477923525346292,0.7631657607092756,0.3416817967382277,37,28.86436457247348,9.205061375477104,8.32733694282738,0.437573894132459,0.0193359651663167,37,31.69282124493573,0.4817899569425004,2.69429465188065,1.8283189219020564,6.702859610114501,-0.1920928865180471,2.502201765362603,0.3010598504364505,3.1760846088231505,683.3354875880318,3.2389858663662063,0.0562719361384917,2.825006017867,-0.1156383684929749,2.9801196534067205,-0.0212602496499854,3.0309950699466794,-0.0552814190817194,4,ok,0.2064546175502442,0.1934486001327231,0.1988184627246212,0.1879684904942641,0.0011331461168624,19.31443514180953,1.4613574383941301,ok,1.1867367053460345,floor,1.3900434209446786,floor,2.404365529949179,ok
640,22,0.2640639096629293,0,7.387477078671898,5.4795855011258805,0.5965148643870881,0.1817075754513757,70,35.39688393729074,8.250136864408278,6.683649802207947,0.4479084292647566,0.0137433658014343,70,28.94287275586809,6.440331265151782,4.405884688241141,0.5309696794396097,0.0869038473234844,70,28.868958718436105,9.324340294878684,8.559216850144523,0.5174744673075483,0.0846203267953451,70,31.697255788530622,-1.809805599256496,2.8840090297269025,1.9368632162067865,7.818806971540088,-1.378475706388306,1.5055333233385966,0.2454555609354468,2.8840090297269025,778.5210413558143,3.3557943507285435,0.12474049097557,2.9256618061039275,-0.0778349669605571,3.1639972510762435,0.1125705272193613,3.2261220433657742,0.09189633331642,4,ok,0.1946751952171325,0.1891537445464304,0.209830360433885,0.1832873312490327,-0.0179158905521035,19.32495178335923,1.4614307904234671,ok,1.1867891929658227,floor,1.3901048657326533,floor,2.516079326937296,ok
641,22,0.3451692209353151,0,7.572834333856751,5.718517222123988,0.4642113546037627,0.0593926499758843,85,35.389669081744024,8.257043727855036,6.6942876956042126,0.5485473666826024,0.0984165364321907,85,28.93479421279009,6.946877655699525,4.950941167158239,0.4726184097642002,0.0372522722411055,85,28.860854092766257,9.582088440952557,9.082571890774895,0.4824276899707784,0.0546397835512686,85,31.68940512713264,-1.3101660721555115,2.635210785253032,2.009254107095805,7.914939030855894,-0.9680613751563696,1.6671494100966626,0.2351426417080594,2.635210785253032,827.755031860576,3.309579406900626,0.0638049985614319,3.135035118013956,0.1123984409129907,3.051822712654091,-0.0148443449064203,3.250945207745284,0.1021179282554616,4,ok,0.1953381241244428,0.2012777235139818,0.2077448861563907,0.1928035486270399,-0.0094369623371783,19.510697586918567,1.4613000454535818,ok,1.1866966752519443,floor,1.3899964794254362,floor,2.588550441366062,ok
642,22,0.0715947223737647,0,9.28585823233255,8.483710169792175,0.3211755622613721,,6,35.38095474243164,8.573880642977192,7.200921297073364,0.1861484557802775,,6,28.92499891916911,7.839283464426502,6.080346743265788,0.3467604607638752,,6,28.8510643641154,11.71236550422142,14.833257993062338,0.3180431334245253,,6,31.67990493774414,-0.7345971785506906,3.873082039794919,2.4265072718888696,8.929869437654872,-1.0905859732283707,2.782496066566548,0.3704961241470098,3.873082039794919,1101.233751753966,3.028919855867528,-0.0158688582423804,2.76439462480808,0.003082916523478,2.6333338081811988,-0.2252507155138845,2.6666356574261867,-0.2828303989651508,4,ok,0.224479300280412,0.214245301981767,0.1556041439374288,0.1226677323381106,0.0637581571936607,21.22419064871692,1.4611421894599708,ambiguous,1.1865845478205248,floor,1.3898656171982304,floor,2.9894238120644716,ok
643,22,0.2309750544674736,0,7.080273281166248,5.105371246735255,0.4531031013350875,0.0505115083345228,48,35.37570603688558,10.257428881688735,10.610671962300936,1.1930897127531377,1.0462474299525688,48,28.91900320847829,6.624647119716157,4.596896355350812,0.5334910063172077,0.0891793953232589,48,28.845017274220783,9.272607330609793,8.457864691813787,0.4259361783669395,0.0107385270797666,48,31.67410528659821,-3.63278176197258,2.647960210893636,2.192334049443545,8.668851081427492,-2.044203961711335,0.6037562491823003,0.3432257068779489,3.63278176197258,919.6090251679224,3.180385992552294,-0.022062118999623,3.273974355688452,0.3076712559611438,3.135402848459644,0.1135919467219306,3.291048694766338,0.1851975263522907,4,ok,0.1802432831997672,0.2191934421037634,0.2132127429358661,0.1810231390409171,-0.0134943802841007,19.018888204866556,1.4610471444869126,ok,3.535485172782692,ok,1.3897848165215048,floor,2.7671739540595666,ok
644,22,0.1829256187328611,0,6.846611997862022,4.837948041084485,0.4539282190580874,0.0511638017357993,39,35.38118205926357,9.591005569186738,9.10123979128324,0.4499354555501867,0.015280040538862,39,28.925230759840744,6.7080700849968045,4.686050974405729,0.4387756393387215,0.0111006088427809,39,28.85126397548578,8.76938769611521,7.532493569912055,0.420909759093841,0.0070968869717087,39,31.680133770673702,-2.8829354841899333,2.061317611118405,1.9227756982531885,8.21880878352438,-1.510738698527576,0.5505789125908294,0.2848462756730954,2.8829354841899333,843.2051986792148,3.082231670300817,-0.1044736100726217,2.9345370122054697,-0.0112969945220959,3.056958176274136,0.0514459878075088,3.275306994834227,0.1850714158321995,4,ok,0.1577603859970202,0.2031046748161316,0.1876014709854737,0.1725156288116406,-0.0071689405788978,18.784932177863812,1.4611463063307144,ok,3.091655541559336,ok,1.3898682848117374,floor,2.50138043798449,ok
645,22,0.8413529327727436,0,9.529488413038202,8.973230860818108,0.4713922670734579,0.0652483161904771,265,35.37170843448279,9.997566062861974,9.994397222770836,0.4660547059809595,0.0277469094752256,265,28.914567976177864,10.714487023961969,11.788232758360088,0.4925448370913978,0.0535586476556386,265,28.84059353234633,12.427422118210972,17.48808324202052,0.4866964783243572,0.0581790882324522,265,31.669774080672354,0.7169209610999925,1.7129350942490067,2.897933705172772,9.763527237950088,0.9509597860118788,2.663894880260885,0.272894991673654,2.897933705172772,1611.4927020264122,3.448708609722772,0.1167230151022247,3.1685555909583307,0.0338256842721049,3.1828570330495367,0.0269346573045203,3.4051504999910525,0.1708088379590835,4,ok,0.2092476646995769,0.187144822528902,0.1959507875285058,0.2037089590896975,0.0022454560857336,21.46831846766688,1.4609747713442578,ok,1.1864652054809843,floor,1.3897257226304933,floor,3.4257068047817705,ok
646,22,0.1542534907138744,0,7.150973145317333,5.1891630206789285,0.4129880733597896,0.0202301398238031,35,35.36602434430804,8.636756862756236,7.305933019093104,0.3672602979618676,0.0,35,28.90825522286552,6.668043171860481,4.643060227802821,0.5331655479202593,0.0888850566631298,35,28.834188188825333,8.379520929294141,6.8857633522578645,0.3896219074883604,0.0,35,31.66357421875,-1.968713690895755,1.7114777574336602,1.2285477839768086,7.893865004036785,-1.2258218321763037,0.4856559252573564,0.1859418194152346,1.968713690895755,761.6546425734248,3.1436999048676606,-0.0348008224046432,3.15133210603789,0.2161657967876404,2.920600209991894,-0.0764177211841112,2.93771964091572,-0.1443776984593974,4,ok,0.2028881762708936,0.1807565784880093,0.1916267859084265,0.1736403650471142,0.0001955914710249,19.09010903444801,1.4608718903816655,ok,1.1863930108657321,floor,1.3896401813977193,floor,1.6525159358316996,ambiguous
647,22,0.1495128193345922,0,8.257002966867079,6.694224866231282,0.6177397982807569,0.2041702213973852,30,35.367699178059894,8.537660200816076,7.141114886601766,0.3897204637130895,0.0,30,28.910132535298665,7.98449292750038,6.287084432442983,0.6103513505869503,0.1637204822733564,30,28.836106745402017,11.325576052761123,13.569305030504864,0.8138931359915863,0.4222475371976615,30,31.66541004180908,-0.5531672733156956,3.341083125260745,3.0685730858940463,8.397331583841577,-0.4128386563411972,2.928244468919548,0.3545764506893755,3.341083125260745,1061.610973215103,3.2046430276974363,0.0378297188063236,3.0478455029249214,0.1278753709733622,3.270799958289028,0.2858821302593153,3.428177500980106,0.3576731161795559,4,ok,0.1810984085003535,0.2069533310830593,0.1548043342928091,0.1893381575743357,0.0392215354988972,20.196048747649197,1.4609022015578645,ok,1.1864144779735402,floor,1.3896658001561304,floor,3.582883561493782,ok
648,22,0.1165808565481153,0,9.16848520145358,8.25749881701036,0.4485897800582689,0.0469645206847177,22,35.37134049155495,7.957061854860355,6.247498859058727,0.5797294892463908,0.1281224625147436,22,28.914204424077813,9.248154941568146,8.410377589139072,0.5479215975762272,0.102410703164951,22,28.840266141024504,12.242044218890696,16.757314551960338,0.5011394264791331,0.0703851218818367,22,31.669399174776945,1.2910930867077903,2.99388927732255,3.073559017437116,8.562773528156967,0.6853814134111786,3.6792706907337287,0.4073099949182008,4.28498236403034,1259.7337896769698,3.243562733229342,0.1002647952346627,3.2905974316001965,0.4012023790829238,2.9399488463414047,-0.0206232789770832,3.217496546737747,0.1703174693502673,4,ok,0.1729288971559568,0.1996207755397666,0.208846219222654,0.1900278211317279,-0.0225713828747922,21.107335055328754,1.4609681107726717,ambiguous,1.1864610471565247,floor,1.3897213497516803,floor,3.587584653164044,ok
649,22,0.1497805394511784,0,7.480442735073284,5.598146680629615,0.6690149881449902,0.2616755189958906,33,35.36965676509973,8.547269068804988,7.156932263663321,0.2968036028448283,0.0,33,28.91232039711692,7.634101994488645,5.799762364589807,0.3557320140935661,0.0,33,28.838340123494465,8.960093820171098,7.870627923445268,0.3920702032200243,0.0,33,31.667553063594934,-0.9131670743163428,1.3259918256824523,1.4796510850978135,8.013855901939136,-0.3797539074504907,0.9462379182319616,0.1429736628490444,1.4796510850978135,855.807171370044,3.244131669294501,0.0700921195031991,2.8775195569638927,-0.0518462545415912,3.0055796368870324,0.0131804081407196,3.144067353694106,0.0663951342385056,4,ok,0.189922600533023,0.1802840293808416,0.1891680344036131,0.1592523884592634,-0.0040647194466807,19.41938318791949,1.4609376331852901,ok,1.1864394988077238,floor,1.389695625923537,floor,2.010092492978097,ambiguous
650,22,0.1832858234389917,0,6.864916093425433,4.858381443553501,0.537317305533013,0.1232073743955415,45,35.37675264146593,8.65015743725155,7.328510994381375,0.4003882578188034,0.0,45,28.92027702331543,6.127023906372577,4.099230983522204,0.3876207549200507,0.0,45,28.846376419067383,9.193205391342184,8.304634804195828,0.4457048759692827,0.0254802973384278,45,31.675347900390623,-2.5231335308789733,3.066181484969607,2.3282892979167515,7.757536765338491,-1.630512858965914,1.435668626003693,0.2806256315298672,3.066181484969607,771.3075498594179,3.1804560592494484,-0.0170988614382867,2.8690520314646184,-0.0908888594751524,2.861715848617669,-0.1550290828398681,3.12852224571203,0.0275247188433591,4,ok,0.2020207944843504,0.2028242876132329,0.1626207382314735,0.1992150014473332,0.0398018028173181,18.803474688859577,1.461066094718923,ok,1.9123348885486227,ambiguous,1.3898029751267051,floor,2.89684970102493,ok
651,22,0.2722980272380524,0,7.851542387961807,6.097534114664251,0.4059195882350135,0.0151850829266839,66,35.37402667421283,8.171404013990209,6.563574232838371,0.5234767318162339,0.0757235516387984,66,28.917252945177484,5.780750479213906,3.7850798684539217,0.4481856317616051,0.0181771518747848,66,28.84336402199485,8.985569869202509,7.916933316172975,0.4875359279378798,0.0588787547773652,66,31.67237408955892,-2.3906535347763027,3.204819389988603,1.134027481240702,8.011473200976008,-2.2307227217621017,0.9740966682265012,0.2445530856668487,3.204819389988603,723.1199146337581,3.2645312863199303,0.0379386040479587,3.111788986045654,0.1140927107259344,3.0184375639145093,-0.0283704575126799,3.1103489588104605,-0.0194516313193768,4,ok,0.2044660585057554,0.1919053823433139,0.1980821720578453,0.1860577251310601,0.0001035483666893,19.79024769041875,1.4610167393349975,ok,1.1864959186529542,floor,1.3897627302424502,floor,1.4729320476937127,ambiguous
652,22,0.1275554934542464,0,7.729369475961285,5.928392478397915,0.3383540335836238,0.0,21,35.37847464425223,8.511414850903503,7.098089729036603,0.3624004448124543,0.0,21,28.92221196492513,7.359622393587567,5.444553119795663,0.5224058969246683,0.079255350417932,21,28.848373231433687,8.569336428519588,7.193390596480596,0.4365514203973012,0.0185713203273092,21,31.67726534888858,-1.1517924573159355,1.2097140349320208,0.8399669525583029,8.120392163432394,-0.7607697698448268,0.448944265087194,0.1169206620629119,1.2097140349320208,815.0044456039157,2.940818990639557,-0.1989518861288348,3.093351370845912,0.2085422624601727,3.137713472917105,0.180792949967028,3.1807164113648536,0.1370358876565909,4,ok,0.1830563921303976,0.1961936606537728,0.1993337067819777,0.1726626948941321,-0.0097086803898924,19.66783538844932,1.461097276105685,ok,1.1865526555634454,floor,1.3898296554509861,floor,1.0411413948790076,floor
653,22,0.430364101659034,0,7.9857477080817265,6.288901183874376,0.4736857654799582,0.0671374855668496,124,35.36506471326274,8.359988365256616,6.854863900330759,0.4446451255137059,0.0112840543822598,124,28.907226408681563,7.354774054252858,5.438478367943918,0.5841384662974606,0.1371729300728814,124,28.83318465755832,8.89338640723994,7.750659191800702,0.515371939043311,0.0827624731937202,124,31.66255077239006,-1.0052143110037577,1.538612352987081,0.9076386991582126,8.172868036669172,-0.8180939824163138,0.7205183705707672,0.1278535882236427,1.538612352987081,825.322183351363,3.3031528323086947,0.0287471949604034,3.095714662679295,0.0358511816673963,3.1956120269776846,0.0993027667582224,3.17283547837068,-0.00439161761332,4,ok,0.2017007160391057,0.2057266297239449,0.2006396127624377,0.2067114774498247,0.0030740601190876,19.924935224161562,1.4608545240881758,ok,1.1863812472233162,floor,1.389626782099098,floor,1.0409764623691145,floor
654,22,0.3507205833227034,0,7.54531607450029,5.682397458864295,0.3616886183148827,0.0,92,35.36254795737889,7.962738713087559,6.255670585062193,0.4706244854625471,0.0313610734937426,92,28.90444104567818,6.968747855929341,4.975935996874519,0.3833265430803708,0.0,92,28.830373473789383,8.687934511692092,7.392536051895307,0.4567619632406884,0.0340173093703308,92,31.6598132589589,-0.9939908571582174,1.7191866557627504,1.1426184371918016,7.754027393793924,-0.7852795378645832,0.9339071178981672,0.145586597147027,1.7191866557627504,763.1365880428448,3.2445881941679966,-0.0071862589064699,3.0437223230388675,0.0132842871926719,2.9953237392254497,-0.0775552256880156,3.0908562328360274,-0.0639225959004043,4,ok,0.2309608625491028,0.1756337055045625,0.1791083858064983,0.1765354570487271,0.0241888982203343,19.484638980194184,1.4608089826566941,ambiguous,1.1863494019829237,floor,1.3895892504009901,floor,1.4909682986123147,ambiguous
655,22,0.8153355646759126,0,7.226277134250871,5.279924512373334,0.4026375610107063,0.0128721785046892,257,35.36820879984459,6.93067228832791,4.932501532224365,0.4325942119357106,0.0023579941655114,257,28.910769065530385,6.344863897883478,4.310090505427423,0.4390269159508437,0.0112876237086148,257,28.836834206191483,9.686037069818472,9.30258628552062,0.4782788212898848,0.0512297839654969,257,31.666012990335545,-0.5858083904444324,3.3411731719349937,2.4597599355676003,7.078474711289391,-0.7336108134059129,2.607562358529081,0.3295663120085697,3.3411731719349937,733.5536500725764,3.3083458467294125,-0.0213156381468202,3.0338278165913857,-0.0978802436455801,3.0765152699160425,-0.0770009313674888,3.2441918730859545,0.0121555361320635,4,ok,0.2225673398010229,0.1888998330712086,0.1808376034526045,0.2122124806481344,0.0248959829835112,19.165295495575965,1.4609114252008257,ok,1.1864217571758613,floor,1.3896755146977617,floor,3.020218455126271,ok
656,22,0.2308187273673437,0,7.090044144136948,5.116870365890802,0.4300246374715187,0.0327477355302339,51,35.35804075353286,8.187839945592279,6.588461228445465,0.4503600096782885,0.0156027709363195,51,28.89944386949726,7.0845127868014535,5.110357452841366,0.4150090417874583,0.0,51,28.82531891617121,8.466628459781965,7.025267184949389,0.3195941928220498,0.0,51,31.654903972850125,-1.103327158790825,1.382115672980512,1.376584315645017,7.638942044864613,-0.55442925806316,0.827686414917352,0.1443898906403126,1.382115672980512,767.7203175729396,3.1211105305814577,-0.085934027253824,2.990370957819302,0.0180914815828479,2.9039820074832203,-0.1225876418513629,3.020343664214812,-0.0900667996081554,4,ok,0.2032124397217058,0.1997387266772634,0.1779272296995508,0.1823802191544981,0.0235483534999337,19.029609484684002,1.4607274376264037,ok,1.186292280246775,floor,1.389521781264191,floor,1.8754476973111036,ambiguous
657,22,0.2684605996387411,0,6.277975301114113,4.244216506821768,0.4407179748674256,0.0408630967274172,70,35.35986082894461,7.275712339397047,5.340368602957044,0.4023155779690394,0.0,70,28.901482800074987,5.787456981275451,3.7909294145447854,0.38026552782815,0.0,70,28.82740584782192,8.81252962547705,7.60769271509988,0.3742976744562538,0.0,70,31.656899561200824,-1.488255358121596,3.0250726442015985,2.5345543243629365,6.77684382025558,-0.9893868389801296,2.035685805221469,0.2812547320298046,3.0250726442015985,659.9348115929535,3.272020057806851,0.0409661980538773,2.916010779631126,-0.0874859934333587,2.9177236321390634,-0.1337030917178188,3.0306947687479724,-0.1035309413013818,4,ok,0.1996767408081463,0.1885878218071801,0.1734703820730958,0.181942451425961,0.0206618992345673,18.217442747754752,1.4607603645289031,ok,1.186315585106237,floor,1.3895496358953139,floor,3.089684198170594,ok
658,22,0.496982340961713,0,7.767563140008759,5.98075915862174,0.3681887445207602,0.0,137,35.35244116121835,7.95981272535819,6.251457349227293,0.4197611311839143,0.0,137,28.89326884972788,6.328647225537619,4.29402652230576,0.4151125764003786,0.0,137,28.81902218561103,9.387583705907137,8.684770982630932,0.4797931759588263,0.0524710350780737,137,31.64883230724474,-1.631165499820571,3.058936480369516,1.6200205658983755,7.863687932683474,-1.5350407071458552,1.5238957732236609,0.2485372779543032,3.058936480369516,764.1468808520449,3.223167206569544,-0.0587974511902702,2.98836543628032,-0.0813264097846153,3.0149429352707244,-0.0891922556787911,3.249679444595837,0.0649544241429027,4,ok,0.2150541530908459,0.1813244966205454,0.1773897125283732,0.1885662719498585,0.0207996123273224,19.707429616850295,1.4606261542020145,ok,1.1862217148741458,floor,1.389437755670645,floor,2.1765831845352652,ok
659,22,0.5056482184126999,0,7.038377877587971,5.056357679828521,0.4503081234506663,0.0483107688068906,155,35.35554329656785,7.711902336013747,5.904596620221292,0.5288845647335626,0.0805287340033742,155,28.89672630063949,7.467925673317466,5.582035155450144,0.5545485841649742,0.1086052589028463,155,28.82261081818612,9.863413041974844,9.690391074457477,0.5260060315144954,0.0922366769808411,155,31.652217938823085,-0.2439766626962809,2.3954873686573785,2.8250351643868736,7.375140106800859,0.092785566516607,2.4882729351739856,0.279560796414305,2.8250351643868736,851.0446795663526,3.2987391228237,0.0074151556555435,3.1326235913326723,0.050762614282287,3.188266960283398,0.0744419810910601,3.269102116786695,0.0750934337419564,4,ok,0.1823322126461613,0.1757560289434848,0.1806114736343583,0.1924065694212913,-0.0015673528395352,18.978077534712913,1.4606822610588759,ambiguous,1.1862612223495932,floor,1.389485640233318,floor,3.3581278424550196,ok
660,22,0.2245651541189817,0,6.519063977977688,4.486486835913225,0.3583835898443018,0.0,55,35.35091920332475,7.386869710209586,5.478819225051186,0.4716290119701515,0.03216026507759,55,28.89164397499778,6.980953872441137,4.989940731091933,0.5443132798650869,0.099069152643153,55,28.81733152216131,8.593269453073876,7.233141235871749,0.4670855397551376,0.0421768249029239,55,31.647221201116388,-0.4059158377684495,1.6123155806327398,2.074205475096188,6.952966844093638,0.027987028347499,1.6403026089802388,0.1865367000419503,2.074205475096188,724.5922271771865,3.1522012384488654,-0.0605681618463482,3.025784738048732,0.0460617256787379,3.004345799062302,-0.0281508379099388,2.966296396652866,-0.1497926384695898,4,ok,0.1918403830040584,0.2021230612966147,0.1778188168325207,0.2082394881681962,0.0191629053178158,18.45901229227852,1.4605986304098024,ambiguous,1.1862031502150634,floor,1.3894151995031214,floor,2.651751071590676,ok
661,22,0.3331439861912955,0,7.849062372478043,6.09405314430748,0.4236469476274127,0.0280024865252519,97,35.312382294959626,9.62580189948288,9.174453206898011,0.4872746234220315,0.0448277165119324,97,28.84921376729749,9.001300987521084,7.945662220728766,0.3819984525924735,0.0,97,28.774324063173275,11.42961932970332,13.898308036253624,0.4572702765534533,0.0344148000059971,97,31.605452508041537,-0.6245009119617961,2.428318342182237,3.5805569572252782,8.737432135980463,0.2638688515406215,2.6921871937228588,0.3108425328246719,3.5805569572252782,1233.9276309658571,3.226789092090921,-0.0289978392173582,3.0479520375444045,0.0122969102363104,3.0347738308099514,-0.0422592936379686,3.17697642642477,0.0182175503948407,4,ok,0.2056106412687252,0.1763204685268328,0.1791693545570693,0.1850348274348323,0.0117962003407097,19.79108132697846,1.4599023996709988,ok,1.8949401491465587,ambiguous,1.3888420635759844,floor,4.05870817683938,ok
662,22,0.8278971292041478,0,11.109715312491044,12.911346347415494,0.470144620249678,0.0642244721883262,257,35.30711507240622,11.17117487493201,13.09536137284008,0.5213225878963226,0.0738232202636077,257,28.84326807905264,12.07843561774682,16.13777149697686,0.4855921040121365,0.0477925440806736,257,28.76836174100289,13.4750107883521,22.25876574108109,0.5184590500013968,0.0854929323753483,257,31.599688236815457,0.9072607428148096,1.3965751706052796,2.365295475861055,11.140445093711527,0.9379905240352926,2.334565694640572,0.2347165200375447,2.365295475861055,2139.467437678274,3.384868653934286,0.0552071690580531,3.2417800717006315,0.1100720114636657,3.3013116106469083,0.1477954093633768,3.367865620031508,0.1358292830776166,4,ok,0.2137843824720104,0.1986129158230839,0.1953274582871435,0.208024660408033,0.0108711908604036,23.052017052720583,1.4598073417285873,ok,1.1856511444732571,floor,1.388762706167296,floor,2.929994506789666,ok
663,22,0.3663479916809415,0,7.6212426184823325,5.782614779238608,0.4665769719319629,0.0613117614695581,102,35.30720205867992,8.330568586611221,6.808584921500263,0.4337392479221847,0.0031955735248387,102,28.843320659562654,7.787326307809447,6.008037445591945,0.5246459230446111,0.0812439552015946,102,28.76841260872635,11.401737305523191,13.80936569326064,0.4258387127998066,0.0106675022909454,102,31.599755193672927,-0.5432422788017748,3.614410997713745,3.780494687040859,7.975905602546777,-0.1885792947373303,3.4258317029764145,0.4094031283886879,3.780494687040859,1035.230318498962,3.360551687500687,0.1009539971847357,3.0466911520902578,0.0060812120395681,3.1308879282447704,0.0499094862293105,3.1429978641239376,-0.0195409703732662,4,ok,0.1983253312680651,0.1981698449920205,0.1905640510148277,0.1892413154755737,0.0076835371152151,19.563539689055514,1.4598089113753965,ambiguous,1.185651743719168,floor,1.3887633831053565,floor,4.249067956929627,ok
664,22,0.779507829120733,0,6.876802505916646,4.871696792482361,0.4014388995605482,0.0120321410074202,246,35.30430829428076,9.236479585452395,8.387797914384826,0.4808002676921621,0.0395356260909445,246,28.840125549130324,5.752305306275048,3.760369578997294,0.5624244296700293,0.1160640267538766,246,28.7652206033226,10.536464644308094,11.314789126559,0.507957734821442,0.076271437231173,246,31.59663827632501,-3.484174279177349,4.784159338033046,3.659662138391448,8.056641045684522,-2.304335739409474,2.479823598623572,0.4207968221204274,4.784159338033046,878.5901665760249,3.2795178699731338,-0.046826984407545,3.099589705294189,-0.0278060163748525,3.0787983064488618,-0.0712841535425017,3.29204857692082,0.0633020637262506,4,ok,0.2051300087837669,0.1877962489407963,0.1954580840117078,0.199779046078523,0.0010050448505737,18.81925491345301,1.4597566976957965,ok,2.672228618261158,ok,1.3887209078993317,floor,4.133496285992225,ok
665,22,0.5788826608019269,0,7.282527265585906,5.348755259734357,0.3702664435873798,0.0,173,35.30168330462682,9.195006586525285,8.308079787072419,0.4717711773588903,0.0322735081328966,173,28.83719264565176,7.447756620024819,5.556171750057639,0.4737410222403465,0.0381530407623349,173,28.76229265246088,13.542542932084896,22.60759129000537,0.4552237980357896,0.0328171886226695,173,31.59379318546009,-1.7472499665004655,6.094786312060078,6.260015666498991,8.238766926055595,-0.7910103060307758,5.303776006029302,0.6803142964260859,6.260015666498991,1321.881362045776,3.246392951782458,-0.0532608877610067,3.0267129817320173,-0.0659786350167261,3.2049344349537763,0.0824854541513908,3.185324060312949,-0.0169471687371851,4,ok,0.2121728307249918,0.1925339480011449,0.1925597949481079,0.2106204792168099,0.0097935944149604,19.225120567897974,1.4597093401079733,ok,2.108933659761921,ambiguous,1.3886819524746226,floor,7.048090678919309,ok
666,22,1.3449905483952955,0,10.703245577054314,11.757759095838406,0.4392204514886887,0.0397145975713966,447,35.32006251358612,10.663401346484536,11.650381171996695,0.4826724796424485,0.0410586832064823,447,28.85763885190823,11.660332898212808,14.656601833817144,0.4526927659881363,0.0216198099149511,447,28.78278906393372,10.763592955891095,11.922279406447272,0.4876352993221051,0.0589616588988446,447,31.613725854246407,0.996931551728272,-0.8967399423217106,0.0603473788367825,10.683323461769426,0.9770094364433816,0.080269494121671,0.1000853547618696,0.996931551728272,1686.1148731116482,3.3255279598096914,-0.0460975414756741,3.119876287252765,-0.0663940905739077,3.1816226342455987,-0.0153393401267445,3.3065624835150835,0.0329013052035498,4,ok,0.2028703806834333,0.1922293609920764,0.1905742368725455,0.2034957271144294,0.0069756339652092,22.644852098528943,1.4600410494249143,ok,1.1858149840113026,floor,1.38895477259302,floor,1.040430059987276,floor
667,22,0.2817057673189999,0,8.152969450356085,6.535772776281512,0.4669169039748151,0.0615883335669023,74,35.329296472910286,8.60694273371295,7.255949866127324,0.4739601451771074,0.0340214576757782,74,28.86797216776255,8.474562649431839,7.038113479678695,0.4168655632531273,0.0,74,28.79324858897441,11.72011797100086,14.859760065336484,0.4565546798967092,0.0338553449275484,74,31.623827341440563,-0.1323800842811113,3.24555532156902,3.567148520644773,8.379956092034519,0.09460655739732,3.34016187896634,0.385307908752454,3.567148520644773,1146.8161772086814,3.299736311801249,0.0644692490928648,3.177385615662346,0.1684107654881357,3.024809572792369,-0.0309791229452134,3.32369559926986,0.185290739567224,4,ok,0.1708101556711905,0.1723079437742362,0.1770431435591465,0.193051115282484,-0.0054840938364331,20.09407994667789,1.4602078182136724,ok,1.185932867066755,floor,1.3890941052711367,floor,4.046527484525039,ok
668,22,0.1093828424349963,0,7.154891263271679,5.193846692209658,0.3107445820546957,0.0,23,35.33061682659647,8.427796284008659,6.962731185166732,0.4501076334625362,0.0154108871506879,23,28.869474742723547,6.2278607382099285,4.195522686709529,0.4523257125401134,0.0213381571778594,23,28.794773765232254,9.680838698127264,9.291458036588583,0.4669565391809447,0.0420737407305709,23,31.62529497561248,-2.19993554579873,3.452977959917336,2.525947434855585,7.791343773640169,-1.5634830354302407,1.8894949244870949,0.3019747234364086,3.452977959917336,796.0582863144252,3.170116885800863,0.0234486976877352,2.8169476962305846,-0.0768294119871404,3.0122108170972344,0.048149437545522,3.117856308445414,0.0673342210574552,4,ok,0.2384683369942333,0.1996377781033516,0.1934323314091433,0.1951430488539778,0.025620726139649,19.095930819654466,1.460231670511489,ok,1.1859500136918308,floor,1.389114428543011,floor,3.0809138790116197,ok
669,22,0.1333703524786225,0,7.462084263246217,5.574532173298024,0.4334754887955747,0.0353448640405591,27,35.332039727105034,9.398508227518118,8.706644711671052,0.4219588697879127,0.0,27,28.87104366443776,6.410581133892141,4.375806543562147,0.4020174914987168,0.0,27,28.796364113136573,9.44074032325793,8.791723728179932,0.3121043259120842,0.0,27,31.626836352878147,-2.987927093625977,3.03015918936579,1.9786560600117136,8.430296245382166,-2.019715111490026,1.0104440778757642,0.281871073960073,3.03015918936579,854.162193051091,3.182712110323409,0.023887040139586,2.977915210365808,0.0683315202905472,2.9295764073236708,-0.0470711159079382,3.030299019394471,-0.0322816918073449,4,ok,0.183525744135733,0.1888593863005991,0.1701244010969444,0.1718165325345816,0.0160681641212216,19.403047366176875,1.4602573770664775,ok,2.1445746911179784,ambiguous,1.3891356219215036,floor,2.556500581621805,ok
670,22,0.2629297764179536,0,8.597899211204753,7.240856173965666,0.4732118870839958,0.0667463973462454,72,35.33511649237739,8.345210738963434,6.831578670276536,0.5101844893019357,0.0641224769714556,72,28.874446842405533,5.96379663750932,3.948022906151083,0.4017193269569508,0.0,72,28.79981380038792,9.229067022610815,8.373493784003788,0.4280928775049036,0.012314309004445,72,31.630184253056843,-2.381414101454114,3.2652703851014966,0.6311678114060637,8.471554975084093,-2.5077583375747725,0.7575120475267241,0.2472003148763981,3.2652703851014966,762.9451713321937,3.307381780109252,0.0741920567607121,3.0267423977989534,0.020468539083434,2.924222106424064,-0.1294158987414735,3.1229564981738744,-0.0133878123082942,4,ok,0.2252465815593799,0.2182043555399609,0.1861752077626685,0.171711364450554,0.0355502607870019,20.5386969835985,1.4603129690206023,ok,1.1860067621278625,floor,1.3891815992281522,floor,1.0406140983202588,floor
671,22,0.1230057599182047,0,7.90881987593747,6.178484871273949,0.6342331019798861,0.2221675219791794,21,35.33677092052641,9.667644773031649,9.26327329590207,1.487312871969172,1.7121314988293146,21,28.87631062098912,7.850136323297814,6.095560306594486,0.4655581857739486,0.0316362309094335,21,28.80170458839053,11.703037944793094,14.801434051422843,2.0582099530401043,3.479736500171291,21,31.63200587318057,-1.8175084497338323,3.85290162149528,3.7942180688556233,8.788232324484559,-0.9380960011867449,2.914805620308534,0.3895406158695804,3.85290162149528,1157.3285996970676,3.221209577344915,0.0814387005765229,2.9388514772936287,0.0540423689078894,3.2715749758689325,0.3146544529188553,3.192736916224967,0.1490563925167043,4,ok,0.2018325903585978,0.2318918396319662,0.234444617160729,0.2319222617717016,-0.0175824021654469,19.849528739556312,1.4603428652348702,ok,1.8644657925897405,ambiguous,1.3892068030099833,floor,4.26315036780481,ok
672,22,0.0984739360361196,0,7.941838034372511,6.225637127371395,0.3562228975187571,0.0,17,35.33414145076976,7.079896011099284,5.104927764219396,0.4791659394113933,0.0382109277778832,17,28.873402988209445,6.016140700556977,3.995895021102008,0.5986540265430871,0.1517298530240061,17,28.79875710431267,9.808746124157556,9.569177543415742,0.3073520657828839,0.0,17,31.629149044261258,-1.063755310542307,3.79260542360058,1.8669080897850456,7.510867022735898,-1.4947263221789209,2.297879101421658,0.3351726580613723,3.79260542360058,735.4238867198719,3.1016101906763494,-0.0221396228816406,2.844694789668816,-0.0192834637651913,2.628191992322697,-0.3121417609031844,2.968578084965991,-0.0592108661146184,4,ok,0.1762967924861347,0.1851344450431711,0.1831341449390439,0.1968332748202716,-0.002418526174391,19.882688202839702,1.460295350751018,ok,1.1859948470378237,floor,1.3891675147627918,floor,2.4429187453299717,ok
673,22,0.0823679800475533,0,6.822778304796827,4.811470534120288,0.4141100761701973,0.0210389670833932,14,35.33269173758371,7.7962985901624124,6.020462547029768,0.5458156685583199,0.0958923823509811,14,28.871806144714355,6.604401246695279,4.575516487870898,0.5968818914720377,0.1499335207609413,14,28.797138622828893,9.510042879297922,8.933143036706108,0.3583720453317313,0.0,14,31.62757723672049,-1.1918973434671338,2.905641632602644,2.6872645745010946,7.3095384474796194,-0.7051372007843408,2.2005044318183025,0.2848314043307499,2.905641632602644,772.3547637420041,3.1795118081081664,0.0704825431363969,3.058928703352588,0.2140903539550605,3.2033691386129024,0.2782757190906495,3.1236120364700204,0.1104246548298788,4,ok,0.213593524481569,0.1840386906904833,0.2296030957783971,0.1886797770857811,-0.0307869881923709,18.76370637339811,1.4602691570900734,ok,1.185976621067709,floor,1.389145943855289,floor,3.230461555123806,ok
674,22,0.3606421232832901,0,6.669845016595809,4.644986987113953,0.4099364443883569,0.0180413880213659,100,35.336692314147946,9.788602285868478,9.524895696640014,0.4369955469565089,0.0055896163889772,100,28.87627347946167,7.004927855279409,5.017562438249588,0.4130562491678703,0.0,100,28.8016689491272,8.171190936687893,6.563252213001252,0.3941601320693746,0.0,100,31.631957302093507,-2.783674430589069,1.1662630814084831,1.501345920092084,8.229223651232143,-1.2242957959527336,-0.0580327145442503,0.298563257721707,3.118757269272669,846.7175047588348,3.1489573150661605,-0.1091389768095334,2.92261716873405,-0.1160406278962549,3.0006063135985968,-0.0788177153379208,2.942880933352368,-0.2181686377892746,4,ok,0.2201073011010885,0.1776412891596555,0.2067207520827651,0.1858591620624065,-0.007846456952393,18.61055810463534,1.4603414447292202,ok,3.475001483827873,ok,1.3892063279241162,floor,2.035979386774528,ambiguous
675,22,0.1688705489980921,0,6.216552223573595,4.184612252773383,0.3675492832554622,0.0,39,35.33864016410632,7.813436846013827,6.044267611625867,0.4256430980398091,0.0,39,28.878418946877503,6.689190408515088,4.665723959604899,0.4183182829683866,0.0,39,28.803843229244915,9.030316759294864,7.998925942641038,0.4847588471562776,0.0565687101600376,39,31.6340692960299,-1.1242464374987398,2.341126350779775,2.813764535721268,7.014994534793711,-0.3258041262786237,2.015322224501152,0.2586757023032693,2.813764535721268,746.3069801804347,3.253975222870647,0.0672699424972078,2.9475299016596104,0.0016958949320446,3.006769115834147,0.0012569273675202,3.028977237140216,-0.0612583418618122,4,ok,0.1987300700484178,0.1590973859987197,0.1722505916005526,0.1719047563771406,0.0066631364230162,18.15716062771449,1.460376646192222,ok,1.5008959717409982,ambiguous,1.3892353135406568,floor,3.3472904223557394,ok
676,22,0.0823973471243068,0,7.124192378973362,5.157262508685772,0.362910038894731,0.0,13,35.33966592641977,6.746021331785497,4.72717993076031,0.2533620108597696,0.0,13,28.87954433147724,5.628339039923198,3.6545499654916616,0.3367247437226058,0.0,13,28.804982112004208,9.586177278853269,9.09112706551185,0.5208168847726166,0.0875893516413093,13,31.635175411517803,-1.117682291862299,3.957838238930069,2.461984899879905,6.935106855379429,-1.3067678154562312,2.651070423473838,0.3635039585647314,3.957838238930069,681.3076238815602,2.901275967407833,-0.2021345686883142,2.61834141575195,-0.2191913681731692,2.4851470519540184,-0.4341292404039074,2.7361562528486822,-0.2714578134109877,4,ok,0.1700015715681589,0.169725796351066,0.1920214134913224,0.1824208669937574,-0.0221577295317099,19.064745652223184,1.4603951850863786,ok,1.1860649565913486,floor,1.389250497418869,floor,3.021555009617969,ok
677,22,0.0781781114560615,0,8.135362250589868,6.509329037232832,0.5210479544123774,,11,35.34021065451882,8.647330070307524,7.323741501027888,0.5325503172863008,,11,28.88013891740279,6.640066298524774,4.613246169957248,0.5316296387501535,,11,28.8055832602761,9.448334038783663,8.807109659368342,0.4618908633389649,,11,31.63576230135831,-2.0072637717827497,2.8082677402588896,1.3129717881937957,8.391346160448695,-1.751279861923921,1.0569878783349689,0.2222066979241419,2.8082677402588896,826.7612881660461,3.146271882989157,0.0555270774751472,2.8879364856788774,0.0668718969758401,2.640195857642479,-0.2659674749951324,2.9327728281172174,-0.0622778785960256,4,ok,0.1638648591258309,0.1949621418660337,0.1571423099799589,0.2091123109514063,0.0222711905159733,20.07588624588962,1.4604050304939113,ok,1.1860717455458607,floor,1.3892585124375985,floor,1.7846104884253504,ambiguous
678,22,0.5203760098108207,0,7.3029978564158355,5.37402627699905,0.4382853449628636,0.0389994167371741,144,35.32979003588358,8.733298286019544,7.470158705280887,0.4548721716447324,0.0190515582120982,144,28.868623587820267,8.651980939881758,7.331588713659181,0.5826364902547353,0.1356870720084044,144,28.793913311428494,8.71129699862481,7.43241069962581,0.4786555547460496,0.0515382094453671,144,31.624439583884342,-0.0813173461377854,0.0593160587430521,1.4082991422089748,8.01814807121769,0.6338328686640686,0.6931489274071208,0.1280280865828133,1.430300429603708,940.8561125136912,3.312975471955006,0.0272326161257967,3.085925904535962,0.0113215820062073,3.1981090350160466,0.0900622371696324,3.141983254551692,-0.0464894266047135,4,ok,0.206712092531638,0.1809593941240261,0.20121061297444,0.180903806997877,-0.007374869646608,19.24408183500067,1.460216734287394,ok,1.1859403005817686,floor,1.3891029626336975,floor,1.9172906384129067,ambiguous
679,22,0.146255786282629,0,7.890915724460684,6.153065984899348,0.5410119060833855,0.1266797256160219,33,35.32826834013968,8.325614695311721,6.800822962414134,0.6085348549594786,0.1570231518211335,33,28.866892438946348,9.655056159281228,9.236461321512856,0.3947435646493081,0.0,33,28.79215633507931,10.95231417774482,12.451779394438772,0.3262896845918615,0.0,33,31.622749502008613,1.3294414639695056,1.2972580184635945,3.061398453284137,8.108265209886202,1.5467909493950245,2.844048967858619,0.2854796143037365,3.061398453284137,1183.8914595860424,3.182512241318559,0.008472691527257,3.203206905082752,0.2738410935772677,3.099224561786469,0.106825333040156,3.139996863067497,0.0623246436118964,4,ok,0.2139398952325185,0.2095293260433457,0.1514773231112595,0.189251120569128,0.0602572875266725,19.832081457881852,1.4601892459872146,ok,1.1859205465576668,floor,1.3890795517446775,floor,3.575182524420496,ok
680,22,0.2797926690962611,0,6.7714210735691545,4.754907878669533,0.3850606321645391,0.0008049474133073,74,35.335416381423535,8.38243738924715,6.890388968828562,0.4785591781587614,0.0377202679988608,74,28.874889476879225,8.772810889685287,7.53843316838548,0.480447332107014,0.0435786054936344,74,28.80026719376848,9.06974914284316,8.071884040896958,0.4273261845148622,0.011753216690699,74,31.63058855726912,0.3903735004381374,0.2969382531578741,2.2983280692740067,7.576929231408152,1.195881658277135,1.4928199114350091,0.184950553111987,2.2983280692740067,948.0109656292038,3.248759333719197,0.0134922710108127,3.0894787800355568,0.0805039298613463,3.2027157613655173,0.1469270656279349,3.01737083146089,-0.1210340282417457,4,ok,0.2391847267344191,0.212855577267505,0.1794873622019548,0.1828855501638876,0.0465327897990072,18.71220273036445,1.4603183879609556,ok,1.5426681670455944,ambiguous,1.3891876426394192,floor,2.8673968207148213,ok
681,22,0.2574471920305934,0,7.927791938595242,6.205534491688013,0.6321067420915342,0.2198206368742383,64,35.33834481239319,8.204385799043711,6.613609978929162,0.7176375584178352,0.2791910898636045,64,28.878175616264343,9.119604830548797,8.165080729871988,0.5220761711976368,0.0789633516330714,64,28.80360034108162,12.356469954028215,17.20469569042325,0.5981392677929575,0.1616098836208335,64,31.63380771875381,0.9152190315050852,3.2368651234794186,4.428678015432974,8.066088868819477,1.0535159617293193,4.290381085208738,0.4693587578298606,4.428678015432974,1258.221071514301,3.3895585544507094,0.1652989222147454,3.2327601724819344,0.2380973679286029,3.247205426582883,0.2028128355921179,3.1135177231387714,-0.0139686738813922,4,ok,0.2242318176431581,0.1766058650100603,0.2040929587674327,0.1920149013749323,-0.0036741174408234,19.86841621639912,1.4603713083907175,ambiguous,1.18604932944534,floor,1.3892320754070735,floor,4.892827029871122,ok
682,22,0.1765061332287585,0,6.71916341073698,4.698036007764863,0.4341580593793016,0.035861029203599,41,35.34076132425448,8.806472750257727,7.597090064025506,0.4851954909104554,0.0431205331271151,41,28.880834765550567,9.301397190365568,8.514119061028085,0.9262500299272942,0.5752834124792054,41,28.806294371442096,11.075600500369251,12.810322110245869,0.3665708644025406,0.0,41,31.63642297139982,0.4949244401078392,1.7742033100036867,4.356437089632273,7.762818080497354,1.538579109868213,3.3127824198719,0.3459235910253997,4.356437089632273,1170.7654101063565,3.1958651328293115,0.005368155206594,3.052185005753299,0.1014209707009392,2.808950195948716,-0.2004875752530699,3.210037153545015,0.1160405237670403,4,ok,0.209143748552334,0.1816607940851188,0.2245609961995264,0.2258999331331834,-0.0291587248808,18.659657808137002,1.460414983559574,ok,2.347593259627931,ambiguous,2.483972214986396,ambiguous,4.8190069089425895,ok
683,22,0.2236431876776515,0,7.62389863456053,5.786152336332533,0.5385185509059506,0.1243337481652531,54,35.34181347599736,8.292628166703578,6.749363470960547,0.6613026075605579,0.2135999642461985,54,28.88198096663864,7.235065729978488,5.2906200444256815,0.4373522294728932,0.0100432444335625,54,28.807453720657914,9.097879924309952,8.124338172100208,0.4594256138343867,0.036105141406783,54,31.63755582880091,-1.0575624367250898,1.862814194331464,1.473981289749422,7.958263400632054,-0.7231976706535663,1.1396165236778977,0.1665890401645925,1.862814194331464,821.0491376739961,3.3188316109447222,0.1074534082802292,3.007730480534624,0.0298163266451281,3.180678131222647,0.1496218153101614,3.059267536563177,-0.0554415453128758,4,ok,0.2103971783761624,0.1806212315956751,0.1954645784916701,0.1683857256063708,4.462649424868959e-05,19.5643364782716,1.4604340014008956,ok,1.1860927792827898,floor,1.389283452571977,floor,2.0022016510409335,ambiguous
684,22,0.1365979334447161,0,8.015079904745111,6.331520108076242,0.3200272106992929,0.0,26,35.33747951801006,8.707499192731841,7.42591406748845,0.569920037036025,0.1186003795173424,26,28.877031326293945,7.847986498683099,6.0925436570094185,0.3330209775392234,0.0,26,28.802431179926945,10.416997539575911,11.007780322661766,0.5045179932029169,0.073291930677519,26,31.63273099752573,-0.8595126940487425,2.569011040892814,2.4019176348308022,8.361289548738476,-0.5133030500553772,2.055707990837437,0.2549434188328703,2.569011040892814,980.9498578172464,3.10863004481359,-0.0473336237632264,2.844563066901106,-0.061300180838248,3.0720121234022297,0.0983270383634273,3.1122586223158937,0.0525161853819868,4,ok,0.1761964135445081,0.1705160318658902,0.1843613658386927,0.1942834928631782,-0.0110051431334935,19.955750686753856,1.4603556706369842,ok,1.1860362654838132,floor,1.3892164889585492,floor,2.9652287124055277,ok
685,22,0.2463288821902645,0,7.330421458560324,5.408068026815142,1.0611691456378864,0.8530382277332107,56,35.33644948686872,8.198302173237286,6.604352076138769,0.5612563008382532,0.1103255839325176,56,28.87589812278748,6.071612223469463,4.047261095472744,0.5667821914601205,0.1202362171960249,56,28.80128373418536,10.483353699695073,11.17726042653833,0.5166928200139442,0.083928757778956,56,31.631616592407227,-2.1266899497678224,4.411741476225608,3.1529322411347467,7.764361815898805,-1.692749592429342,2.718991883796265,0.3934720651500237,4.411741476225608,833.061545134655,3.209310827378681,-0.0048247025544276,3.106645485257697,0.1251462082316985,3.115002204373402,0.0810911994893959,3.453068213800344,0.3356240908117289,4,ok,0.1994719575159251,0.1977010044668402,0.1989601047576538,0.1975323519270335,-0.0003736237662711,19.271147596412156,1.4603370566020446,ok,1.1860233288424231,floor,1.3892011929073924,floor,3.659964411532649,ok
686,22,0.2091292843886036,0,7.463485336568181,5.576330857972304,0.4664892963203961,0.0612404603943499,48,35.338915745417275,8.165583681531082,6.554783746600151,0.4309626994679002,0.0011683882818631,48,28.878624598185223,6.545777882264055,4.514168731868267,0.5758491474656662,0.129020268447189,48,28.804044723510746,9.64803821407564,9.22154779235522,0.4779812404657105,0.0509863311153426,48,31.63429617881775,-1.6198057992670272,3.102260331811584,2.184552877507458,7.814534509049631,-1.268756626785576,1.833503705026008,0.2700870203918307,3.102260331811584,800.8544100535413,3.185293353316136,-0.0171547582357809,3.031868081460672,0.0655649817333632,2.8681418590607017,-0.1536690426770115,3.048431353206225,-0.0574198152078224,4,ok,0.19502780555437,0.2116749469811717,0.1783044748008251,0.171970390714705,0.0250469014669457,19.404078929448964,1.4603816267594512,ok,1.1860544555239758,floor,1.3892379998499627,floor,2.7587314645931698,ok
687,22,0.2109250582922887,0,8.186956053404032,6.587120456898466,0.3805142093612759,0.0,47,35.340323752545295,8.942424899696713,7.838671958192866,0.4101882028690302,0.0,47,28.88017946608523,7.098999519055292,5.127432501062434,0.5173824189183339,0.0748266463671956,47,28.805619057188643,10.360558812856146,10.865654245336003,0.497146307606389,0.0669747557461646,47,31.63582546152967,-1.8434253806414205,3.261559293800854,2.1736027594521143,8.564690476550371,-1.4656909574950792,1.7958683363057748,0.2778678558101909,3.261559293800854,936.6111779491952,3.322638988609245,0.1217871074594336,3.201696217439092,0.2374685632386581,3.1004019685596544,0.0802436603957117,3.233940776063616,0.1296729364856377,4,ok,0.2018926719084699,0.1858625936698406,0.1635729062588925,0.1926099344136867,0.0303047265302627,20.12747396985699,1.4604070746591418,ok,1.186072208536319,floor,1.3892589897201457,floor,2.748208472735315,ok
688,22,1.0836690567189309,0,6.078507349275057,4.0536918792496905,0.3889080943742958,0.0034003370205937,356,35.305172941657936,8.093901024389167,6.447481466813034,0.5025376332155931,0.0575837236130807,356,28.841216805275906,6.051526837585598,4.028586413753167,0.4461330432909084,0.0166207512151606,356,28.766363567180846,8.656963970659561,7.340005698163858,0.4462985029719645,0.0259333138697839,356,31.59768454412396,-2.0423741868035687,2.6054371330739627,2.578456621384504,7.086204186832112,-1.0346773492465138,1.570759783827449,0.2671850985144079,2.6054371330739627,702.645290762772,3.1619590239451583,-0.192408155275205,3.087330979797475,-0.0764998383741986,3.0464453871254453,-0.132648870843886,3.116089415757949,-0.1404529312422302,4,ok,0.2078923784363805,0.1851049735305014,0.199567457462211,0.194684852082073,-0.0030687814787699,18.02091334437533,1.4597722981919,ok,2.252471596605219,ambiguous,1.3887361162354221,floor,3.1290363346842294,ok
689,22,0.7231682935968384,0,6.855153081213093,4.847471988146206,0.4287710425776526,0.031809413632942,217,35.30238971622309,10.69801257969116,11.7436002080891,0.4910187282269568,0.0479204239674848,217,28.838110769948653,5.383633917398991,3.454326559046996,0.4287290569187615,0.003711068792676,217,28.76326375513033,10.164865669986185,10.386914745453865,0.4420250177864965,0.0226855289021024,217,31.59467139881328,-5.31437866229217,4.781231752587192,3.30971258877309,8.776582830452128,-3.3929489130531367,1.388282839534055,0.4633073347841058,5.31437866229217,948.621157890366,3.2497022046057342,-0.0671324629203709,3.0887067016411027,-0.026323715657698,2.951820678210459,-0.1884157885831205,3.192772512179783,-0.0265406804469048,4,ok,0.2151432574688015,0.1846696248595615,0.1809852604458134,0.1679380936419359,0.0189211807183681,18.797708468644245,1.4597220839163474,ambiguous,4.208137581195541,ok,1.3886948720325831,floor,3.804450994034636,ok
690,22,0.7804438702457662,0,7.088820866928174,5.115429300045678,0.3894395393897144,0.0037608631394041,247,35.308472652666964,10.72907446160898,11.827894609466735,0.4343103095445769,0.0036141253470449,247,28.84500566860925,6.592361076951533,4.5628491150222805,0.5396399646577288,0.0947741558351265,247,28.77018879878859,10.30352983432179,10.72390562706148,0.5173396339877593,0.0845009572694455,247,31.60135099279736,-4.136713384657448,3.711168757370257,3.214708967393616,8.908947664268577,-2.316586587317045,1.3945821700532122,0.4030823390701034,4.136713384657448,1027.675071960036,3.2684259707586185,-0.0582264627198099,3.060581742160225,-0.0672138990077453,3.172546696806528,0.0221457970462584,3.262508937265719,0.0334573309879728,4,ok,0.2044271826291615,0.1940191425081448,0.1808890366874001,0.1881503232939523,0.0183341258812529,19.031049726896708,1.4598318397126906,ok,4.001793387169692,ok,1.3887870214076703,floor,3.7163882413645686,ok
691,22,1.6789870870146013,0,7.093485905804951,5.1209270668613325,0.426848571606153,0.0303757564717217,572,35.31337712694715,9.148599459977609,8.219775307428586,0.456751120560981,0.0204978373712287,572,28.85050460842106,6.142345740726852,4.113718540570535,0.5835641926269185,0.1366043673327146,572,28.77568161904395,8.432209710375485,6.969810510848785,0.5366073405546197,0.1018742720449081,572,31.60668399450662,-3.006253719250757,2.289863969648633,1.3387238045705336,8.12104268289128,-1.9786969421644285,0.3111670274842044,0.2609292242151226,3.006253719250757,764.5582647194394,3.278730528260287,-0.1115902409592615,3.143750813735976,-0.0668274648527305,3.0785999983041448,-0.1377173771476401,3.1436935474496703,-0.1485117938969731,4,ok,0.2100983840133343,0.1845116741121649,0.1889165419941911,0.1804069908387907,0.0083884870685584,19.03545144375027,1.459920356250009,ok,2.3051491435317066,ambiguous,1.3888601357640213,floor,1.8211593929465004,ambiguous
692,22,0.1801973150132869,0,6.845980939605173,4.8372451066970825,0.3946874628037073,0.0073474279551977,41,35.31467400527582,9.10242802972246,8.132850760366859,0.4600278344403197,0.0230342791511954,41,28.85192084893948,6.185261294846449,4.154570466134606,0.4838010612237635,0.0463204582379852,41,28.77708276888219,8.100564352638607,6.457381353145692,0.4809880847930711,0.0534532198560915,41,31.60806311630621,-2.9171667348760115,1.9153030577921573,1.2545834130334337,7.974204484663817,-1.7889431898173678,0.1263598679747897,0.261019912786028,2.9171667348760115,746.7119720563655,3.2244914580059896,0.0339944803832721,3.159440109115647,0.2086760740632876,2.977786139791312,-0.0316516314104737,3.046672810987704,-0.0473238187902711,4,ok,0.19825164628465,0.2070402473938174,0.2176048675688301,0.162617097358878,-0.0149589207295964,18.787876839952602,1.4599437660474996,ok,2.5533835511934284,ok,1.3888787895988495,floor,1.6937760775804545,ambiguous
693,22,0.1698161849481193,0,7.795917394932232,6.019934133479469,0.3411653206214048,0.0,38,35.31739947670385,7.076163843940271,5.100542661390807,0.54218066293347,0.092553091401474,38,28.85500797472502,7.331148367947088,5.408973289163489,0.4956595490241565,0.0561683554649636,38,28.78017641368665,9.300727722076552,8.512806704169826,0.4495366840706584,0.0284150931450546,38,31.611054269891035,0.2549845240068169,1.9695793541294653,1.5048103271443214,7.436040619436252,-0.1048922514891641,1.8646871026403016,0.2143204817574298,2.224563878136282,784.2029455821767,3.0810859897562137,-0.1036498774586842,3.146767066173929,0.2034937234489224,3.089246351724588,0.0857731167358619,3.141146493878437,0.0528644102113808,4,ok,0.1967382089872109,0.2080563099956826,0.2318815724237969,0.1784352364116593,-0.0294843129323501,19.73766693659402,1.459992968094482,ok,1.185784980717094,floor,1.3889199807304622,floor,2.039678365617398,ambiguous
694,22,1.39099111287217,0,10.78714834779981,11.987119498171008,0.4424783863120356,0.042218212000552,466,35.32089668896065,10.75520136002304,11.89926498655086,0.5220611078714956,0.0744738412003458,466,28.85902063017751,11.287759184065052,13.451661137296409,0.5288120724105342,0.0849651232331838,466,28.78422608600665,13.118600638795312,20.505013704299927,0.5661554615043649,0.1297512620586947,466,31.614941077170965,0.5325578240420139,1.83084145473026,2.331452290995502,10.771174853911424,0.516584330153627,2.347425784883887,0.2450566790769034,2.363399278772274,1883.7876758663056,3.345932544233089,-0.0288490419121889,3.257348303150676,0.0669743308828105,3.29014999335643,0.0899204922217307,3.370783342371092,0.0939915883223769,4,ok,0.2068547051831632,0.2002922268384516,0.2005891612303231,0.2040542502739654,0.0029843047804842,22.728710066426324,1.4600561118238113,ok,1.185830743825113,floor,1.3889739109496897,floor,2.8983960576949013,ok
695,22,0.1247118946882877,0,7.624825969872205,5.78738796710968,0.7124223836867868,0.3139391664089483,24,35.31414922078451,8.162259273407201,6.549768154819806,0.5220082628432124,0.0744272552207501,24,28.851435740788776,7.573408146160432,5.719272832075755,0.3108560792078521,0.0,24,28.77663540840149,9.7706632119275,9.485633075237274,0.5264889793772237,0.0926715417230148,24,31.607579231262207,-0.5888511272467696,2.197255065767066,2.1458372420552934,7.893542621639703,-0.3201344754792714,1.8771205902877952,0.2231025036672739,2.197255065767066,879.8718396450083,3.2207095153805696,0.0708145363093222,3.037783800960236,0.1398111650471634,2.822132160955444,-0.1452699481013923,3.184793256991429,0.1310704592516174,4,ok,0.2602235823869705,0.1870754496194422,0.1901785902058085,0.2522283423071106,0.0334709257973978,19.566750049619806,1.4599342930441364,ambiguous,1.1857442483467031,floor,1.3888728336396419,floor,2.7206755762411623,ok
696,22,0.1429197539846879,0,7.424711489653736,5.526766913277762,0.3417533773220673,0.0,28,35.31332302093506,9.33085136949166,8.572058711733137,0.4307076980227997,0.0009828619504834,28,28.85051100594657,8.631823882462822,7.297639208180564,0.49655679728202,0.0569231803727483,28,28.77571283067976,11.00439085224629,12.601988681725093,0.4278275295312778,0.0121200044145626,28,31.6066826411656,-0.6990274870288395,2.3725669697834686,3.5796793625925547,8.377781429572698,0.2540424528901237,2.6266094226735923,0.3063331321361473,3.5796793625925547,1132.982745017324,3.301726353894699,0.1401439564422602,3.008168518924488,0.0949997057127243,3.026022006497416,0.0465197942942867,3.141366899615926,0.0760511473015475,4,ok,0.2196931873581239,0.1381055266995515,0.1715341300836631,0.1756289493558662,0.0073652269451745,19.366679932820354,1.4599193796213417,ok,2.100091829164891,ambiguous,1.3888605512773124,floor,4.057901636932631,ok
697,22,0.1231097309083733,0,7.949971655182157,6.237307646057823,0.5359728410173037,0.1219496911585074,22,35.31213118813255,9.183663681425616,8.286409052935513,0.6703367480210214,0.2237576600486495,22,28.84917311234908,8.412442953672564,6.93815975297581,0.5402387256463718,0.0953223768625919,22,28.77437608892268,10.231868872769612,10.548407218673011,0.4951003840972746,0.0652379831597076,22,31.605386994101785,-0.7712207277530538,1.819425919097048,2.2818972175874546,8.566817668303887,-0.1543747146313236,1.6650512044657244,0.2054342477920859,2.2818972175874546,1045.2890942584386,3.27968168954666,0.1363837515519805,3.0293632648215896,0.1399682123043168,3.127257749266801,0.1666856239483127,3.0159372583311725,-0.0312418190563072,4,ok,0.2172628935765136,0.1790777299214493,0.1701611649583686,0.2293392761864445,0.0280091467906128,19.892004092313453,1.4598978673670662,ok,1.1857184525747742,floor,1.38884275613522,floor,2.8511885425891896,ok
698,22,0.1517668535939515,0,9.2710849341504,8.454900351437656,0.393189164221479,0.0063185559008598,33,35.315079660126656,8.10532275393805,6.46446034041318,0.4562871001962989,0.0201401136489201,33,28.852478258537523,8.577213546651915,7.206449617039073,0.6264841756720111,0.1806385047514556,33,28.777675513065223,9.252374063272043,8.41855214581345,0.3887747832275625,0.0,33,31.608591773293234,0.4718907927138644,0.675160516620128,-0.0187108708783565,8.688203844044224,-0.1109902973923091,0.5641702192278188,0.1103464666256855,1.165762180212349,948.5113761912692,3.3170223095048064,0.1429827597135045,3.200196323133281,0.2708305116277976,2.951117565249797,-0.0412816634965156,3.078422051849326,0.0007498323937253,4,ok,0.2349727176355593,0.231185877865011,0.1774127409990989,0.2071245942603458,0.0556665567511862,21.212959051637746,1.459951088782975,ok,1.1857561348819718,floor,1.3888866813413476,floor,1.0403726814168501,floor
699,22,0.2522032177381246,0,7.885759780714809,6.145765399932861,0.3799272610587119,0.0,65,35.31895276583158,9.321224358838316,8.55307806455172,0.6684421886278159,0.2216160576839654,65,28.856865721482496,6.983664424657592,4.993056063468639,0.5992539393038693,0.1523391636810365,65,28.78207746652457,8.95552094554859,7.862344960065989,0.4900121268679971,0.0609496472555854,65,31.61284487797664,-2.3375599341807227,1.9718565208909984,1.069761164833781,8.603492069776562,-1.6198276451189706,0.352028875772028,0.2035405738551221,2.3375599341807227,860.4962688097587,3.173738544681262,-0.0516965861960887,3.065634047379364,0.0694428397872877,3.0605448902646875,0.0149352935721327,3.0774522522139005,-0.0512001424549821,4,ok,0.2054175427326789,0.1756467742415575,0.1726959028496192,0.1977694559555787,0.017836255637499,19.82742590365173,1.4600210120779387,ok,1.185806166588474,floor,1.3889452960095285,floor,1.3045834196384043,ambiguous
700,22,0.2239086471287021,0,8.162605885838504,6.550290915701124,0.3447879629244426,0.0,54,35.31771991871022,8.826472947877157,7.632156985777396,0.479451726607465,0.038442246049072,54,28.85548973083496,5.573308261308635,3.6085342036353216,0.3745976280953349,0.0,54,28.780702273050945,8.680241448792874,7.379452555267899,0.4028396965034919,0.0,54,31.61150981761791,-3.253164686568522,3.1069331874842385,0.5176355629543696,8.49453941685783,-2.9212311555491945,0.1857020319350439,0.2543444635208475,3.253164686568522,736.5648674302631,3.3399639257907885,0.1285857231262954,2.99432088069498,0.0164067268054841,2.82992603881681,-0.2011302770956753,3.0601164595610983,-0.0545926223149546,4,ok,0.2041404508054256,0.2096672066383891,0.1954780993638215,0.2005774985860895,0.0114257293580858,20.10433821869259,1.4599987533644188,ok,1.1857904745043737,floor,1.3889269830661937,floor,1.0404052917256283,floor
701,22,0.2260426438016324,0,7.437687389096145,5.54330454306169,0.4455396437744492,0.0445875467623213,55,35.31667570634322,8.84023791844307,7.656385495445945,0.3745336642215235,0.0,55,28.85432444485751,6.319614074640222,4.285104401545091,0.4640636979938455,0.0304582834270521,55,28.77953948974609,8.723224135304823,7.452850567210804,0.3880983569309771,0.0,55,31.610377398404207,-2.520623843802848,2.403610060664602,1.2855367462086784,8.138962653769607,-1.819348579129385,0.5842614815352167,0.2237571027011372,2.520623843802848,772.2983514287255,3.277821312999021,0.0650519127038071,2.961310756695689,-0.0184122556743053,3.071588154932882,0.039091517960641,3.071612957285062,-0.0444760778373938,4,ok,0.2092213128100742,0.1790019043467261,0.1781337026167999,0.1820770301602103,0.0159779059616002,19.379475798896642,1.4599799014586607,ok,1.1857771861998463,floor,1.3889114997116474,floor,1.7425553735202106,ambiguous
702,22,0.2801620640821437,0,7.581561615698973,5.73002031326294,0.4423277811238009,0.0421020690485818,75,35.321396331787106,8.445453989358935,6.991098143259684,0.4686558338713817,0.02979977540867,75,28.859655787150064,6.062566258691422,4.038839786847433,0.4663493179987026,0.0322613303421297,75,28.784889221191406,9.980305003824224,9.954753268559774,0.5161090364435593,0.0834129323102852,75,31.615551122029625,-2.3828877306675125,3.9177387451328016,2.3987433881252507,8.013507802528954,-1.950941543837532,1.96679720129527,0.3237340503375414,3.9177387451328016,811.3333236726126,3.286010318479528,0.0497255472878812,3.0209300700683777,0.0106319782640964,3.056624398801097,-0.0002179408823681,3.257465003940584,0.1180506614050576,4,ok,0.2211695062120755,0.2005465701222419,0.1969770139455795,0.1818091591695944,0.0138810242215792,19.523096498273137,1.4600651339881379,ok,1.1858379884531078,floor,1.388982743101185,floor,2.9618255156127966,ok
703,22,0.3428586849446337,0,8.799653690266316,7.58517087886208,0.4989719528917641,0.0885737040890901,95,35.322996802079054,9.37416290554999,8.657974264496252,1.980612626234962,3.1565811228951883,95,28.86143790797184,8.676234220017045,7.372646685650474,0.6048927323880828,0.1580961178137916,95,28.78666819522256,10.613807766430376,11.518098193720768,0.5351982304094965,0.1005821758278882,95,31.617282184801603,-0.6979286855329452,1.9375735464133288,1.8141540761640584,9.086908297908153,-0.4106740778911071,1.526899468522222,0.1881138273391601,1.9375735464133288,1121.1601764170746,3.51814686495697,0.263939535441537,3.142116889575896,0.1085155869981666,3.2959161759152984,0.2205184292728197,3.21103722484705,0.0538451834450182,4,ok,0.2160884338774179,0.1863929339145359,0.1860344562091325,0.2000649572987305,0.0152062276868443,20.741102607484997,1.4600940355427416,ok,1.1858583166512577,floor,1.3890064383385208,floor,2.3876808371194698,ok
704,22,1.8944393029421955,0,7.617386247415359,5.777482314644573,0.5062792825687683,0.0949760347838957,642,35.33011397840078,8.604918846889047,7.252569256727569,0.5371679095586342,0.0879847368561832,642,28.86937238568457,5.824461743736712,3.823368646227682,0.4776464933425267,0.0413033856271682,642,28.794623241246303,8.793415568753124,7.574283507939811,0.4628273982985605,0.0387891925012846,642,31.624978873588585,-2.780457103152336,2.9689538250164125,1.176029321337765,8.111152547152203,-2.286690803415492,0.6822630216009209,0.2427237302456484,2.9689538250164125,736.7511611216908,3.390325455282764,-0.0087484664775434,3.226328361770471,0.0043690875167237,3.0639181699432294,-0.161461433379928,3.176226179358017,-0.1246615669885691,4,ok,0.2026019623079496,0.1871302900690805,0.1948471213531364,0.1858528532679671,1.900483537869979e-05,19.558452821225465,1.4602225863342382,ok,1.1859488456034741,floor,1.3891124227112364,floor,1.5568931882034065,ambiguous
705,22,0.2229181417682573,0,9.420625609056671,8.75109827301719,0.3992714520911591,0.0105195245907814,55,35.32623318758878,7.855987257124556,6.103777946125377,0.4217383226762167,0.0,55,28.86499654596502,9.859101568660233,9.680775679241528,0.4313152078977373,0.0055968960156245,55,28.790206423672764,11.818992746292496,15.201949119567873,0.5396160314173731,0.1046444896794021,55,31.620734682950108,2.0031143115356764,1.959891177632264,2.398367137235825,8.638306433090614,1.2207951355696185,3.180686313201882,0.3334169886827338,3.96300548916794,1285.005940898982,3.340368589329011,0.1275991890337975,3.013433574411878,0.0337105620418838,3.1847851891764827,0.1522885522042418,3.234631459504168,0.1185424243817121,4,ok,0.2177569887854836,0.2092002609913999,0.17685834413225,0.1738391510464928,0.0366202807561917,21.361900676172112,1.46015248569939,ok,1.1858989146465773,floor,1.3890535725391566,floor,2.961598409583421,ok
706,22,0.2453023069452371,0,8.368375531133932,6.868114916483561,0.4051008209282477,0.0146063248535412,60,35.32236836751302,7.782511385997532,6.001380165417989,0.4802306014543095,0.0390733732796904,60,28.86064268747965,6.880150312396061,4.875453641017278,0.4629473988935781,0.0295808933286769,60,28.785840129852296,8.118725863527345,6.484441645940145,0.4403205107739521,0.0213988464303311,60,31.616520754496257,-0.9023610736014716,1.2385755511312846,-0.2496496676065867,8.075443458565733,-1.1952931461696723,0.0432824049616122,0.1235344596157222,1.4882252187378713,728.9999232212701,3.273683280401307,0.054316839029525,3.0129635896381908,0.0246629938723961,2.9772006588600126,-0.0621259618505765,3.1079460334386706,-0.0146867220361164,4,ok,0.2050495057056347,0.1803805319592356,0.1657686308026313,0.1957353902359803,0.0269463880298038,20.309858203788483,1.4600826868961927,ok,1.1858492455458582,floor,1.3889954085649552,floor,1.0404613020095264,floor
707,22,1.4115818472587105,0,6.611635791246055,4.583144805820312,0.4548546768743035,0.0518976234862411,472,35.31292377892187,8.23583526101871,6.661676303057347,0.4963647776460727,0.0523774028805159,472,28.850116907540013,7.572866936482531,5.718560151376967,0.4594673755240563,0.0268592222888626,472,28.77533764354253,9.566730191620978,9.050509303808212,0.4658981787736526,0.0412290815625431,472,31.60629586446084,-0.6629683245361795,1.993863255138448,2.955094400374924,7.423735526132383,0.1491314103501482,2.142994665488596,0.2528491246763946,2.955094400374924,862.810041587421,3.248332481232428,-0.1274190730711293,3.1071961572871087,-0.0844389838399988,3.171847395789394,-0.0293863232470696,3.1989103288544354,-0.0788435535643743,4,ok,0.2024357647919175,0.1931437335482214,0.1942247069456567,0.1897329618223011,0.0035650422244127,18.553625671525225,1.4599121732718487,ambiguous,1.5774636677227463,ambiguous,1.3888555565414704,floor,3.4767687248898023,ok
708,22,0.9871610624684668,0,6.5487461533235685,4.517255083872722,0.4026945552840363,0.0129121832053866,312,35.32422158656976,9.891212942580855,9.752619809447191,0.4568731920201486,0.0205920054101478,312,28.86303702990214,6.387680076458411,4.3527929314818135,0.5285959249072038,0.0847713382875396,312,28.78835198206779,11.288809395955203,13.454914414347746,0.4995770346403839,0.0690474952446165,312,31.61880625822605,-3.5035328661224447,4.901129319496794,4.740063242631637,8.219979547952212,-1.8322994714938008,3.068829848002993,0.4758891026945663,4.901129319496794,1021.9369639274782,3.209136495144492,-0.1352281826709553,3.04055630634491,-0.1102690918253617,3.063268771393399,-0.1054697951158578,3.199667459480713,-0.046953231544025,4,ok,0.2121415547787761,0.1891586757384431,0.1782974321156358,0.176871195435524,0.0223526831429738,18.490129280794335,1.4601161544438934,ok,3.700988208262452,ok,1.3890288676980964,floor,5.218574088565196,ok
709,22,0.8481016978266469,0,7.306931026836525,5.378895446713529,0.4102068263208512,0.0182346614626081,269,35.31779484234778,7.6018181315277955,5.756808900921762,0.4932922995446019,0.0498099926165167,269,28.85583001175777,6.4818380495161065,4.448194870496772,0.5005314917765531,0.0602833762141339,269,28.7811330064965,9.410927912469806,8.731579071527078,0.5055362431686858,0.0741718300376321,269,31.61181346368613,-1.119980082011689,2.929089862953699,2.103996885633281,7.45437457918216,-0.9725365296660532,1.956553333287646,0.2638442146455684,2.929089862953699,753.5154021200638,3.290092226653088,-0.0430292415510349,3.0594809627554573,-0.0767258258051,3.0874964237463747,-0.0696019334749729,3.227037155370446,-0.0084311995227994,4,ok,0.2094312858071912,0.185424574107264,0.189979123166281,0.1870897274921374,0.0074488067909465,19.248659336011205,1.460000106051299,ok,1.1857943550366263,floor,1.3889327188463276,floor,2.68005592046259,ok
710,22,0.3834866554124757,0,10.473146725768798,11.151021998338026,0.4534312931189184,0.0507708168484839,99,35.32484890716245,10.301814921914822,10.719671880355987,0.4149970318059729,0.0,99,28.86379357540246,10.282990115498691,10.673307250244449,0.4767673404132512,0.0405919618527701,99,28.78912738838581,8.877518761378038,7.7223925843383325,0.6293652317355314,0.1944022569664296,99,31.619534791117967,-0.0188248064161289,-1.405471354120655,-1.5956279643907596,10.387480823841807,-0.1044907083431159,-1.5099620624637708,0.1357149364410189,1.5956279643907596,1293.0339209058068,3.302723196479624,0.0453889024110298,3.1792241501245067,0.141557115816576,3.251382436442128,0.1727473115871141,3.2218349101966384,0.0615411779986803,4,ok,0.2187580359403533,0.1973305008176601,0.1866890081778319,0.2084982675133329,0.0213552602011747,22.414496155329452,1.4601274840096774,ok,1.185885189979556,floor,1.389039197364606,floor,1.040494998464842,floor
711,22,0.2435224128519745,0,8.990849031662261,7.926562770720451,0.5114958596568423,0.0996034903253622,62,35.33107911386797,7.930860158981964,6.209920150618399,0.6154791284808703,0.1642000195142812,62,28.870697882867628,8.27029375173665,6.7147426912861485,0.4827259534988267,0.0454394231581591,62,28.79603662798481,10.92776442063279,12.38159066246402,0.4351758921778901,0.0175454698590098,62,31.626233070127427,0.3394335927546867,2.6574706688961403,1.9369153889705293,8.460854595322113,-0.1905608435854624,2.466909825310678,0.2928559770928649,2.996904261650827,1026.6676991745348,3.301532513740656,0.0796800088730345,3.149377999593062,0.1578449823953986,3.136429995131303,0.0945295275927171,3.2039947198138243,0.0788959945040614,4,ok,0.1983744679920135,0.177050054133419,0.1819621979469253,0.1777153246465229,0.0057500631157909,20.931863749463872,1.4602400221364615,ok,1.1859639725164979,floor,1.3891312576311516,floor,2.5144120738522826,ok
712,22,0.1901934856010554,0,6.352117199007328,4.317294949955411,0.3711661632775583,0.0,45,35.337038336859806,8.4872518700554,7.058707518047757,0.464162933115278,0.0262610583256714,45,28.87737892998589,7.232906630923722,5.287990461455451,0.5006479802698919,0.06038225933978,45,28.802742597791884,10.013776601096795,10.031772163179186,0.4818120072937604,0.0541318863206634,45,31.632713487413195,-1.2543452391316787,2.780869970173073,3.661659402089468,7.419684534531364,-0.1867779036076422,2.5940920665654312,0.3256808852418864,3.661659402089468,879.2444382071496,3.248855378523235,0.0513004578354996,3.0987566551961403,0.1388157642563694,3.080499991995161,0.0637550605376242,3.145387459471295,0.0443899326026242,4,ok,0.2063412010669708,0.181198333369361,0.1783916266428099,0.1918913576338026,0.0153781405753559,18.29281169119291,1.460347697789986,ok,2.407641026372663,ok,1.3892206404756167,floor,4.136356628456173,ok
713,22,0.1895580570161833,0,9.666421161521582,9.26066376442133,0.3940636777233828,0.0069186032782633,43,35.33938802674759,9.135520634505742,8.195058600847112,0.4378360177873723,0.0062104408670646,43,28.88002941220305,9.065567323678454,8.064115369042685,0.4692119294971217,0.0345320413065595,43,28.805407989856807,10.639268570833975,11.585822138675423,0.4737314871458111,0.047526112785601,43,31.63528296004894,-0.0699533108272874,1.5737012471555225,0.9728474093123952,9.40097089801366,-0.3354035743352064,1.238297672820316,0.1521914087086447,1.5737012471555225,1158.2171917627024,3.141490062496572,-0.0526179853844221,2.870619570539048,-0.0848396385965042,3.1025420322808204,0.0893656833051808,3.0693090503597564,-0.0282694631246438,4,ok,0.1973101763531219,0.1966539733978205,0.1872980648348498,0.2139363262888997,0.0096840100406214,21.60698937104687,1.4603901624338251,ok,1.186070495205136,floor,1.3892561755583368,floor,1.040671142855451,floor
714,22,0.155343746258268,0,6.528819585916695,4.496576211669228,0.3831520142564893,0.0,33,35.33494868422999,9.181833470355803,8.282917716286399,0.4105052500527977,0.0,33,28.87501965147076,6.0010932487432855,3.982073986169064,0.4821578412550654,0.0449746549822658,33,28.800369436090644,9.491322593606448,8.894719550103853,0.4228232560107318,0.008478119232204,33,31.63042415272106,-3.18074022161252,3.4902293448631623,2.9625030076897527,7.85532652813625,-1.8542332793929648,1.6359960654701975,0.3419098711706221,3.4902293448631623,812.790284288652,3.165592031087334,-0.008447518703968,3.0160057121048904,0.0866399005994065,3.069571050744539,0.0771718219982262,3.0096370380412973,-0.0680351814143032,4,ok,0.2131823231325005,0.1795881203178203,0.1980281338998765,0.1660087359222498,-0.0016429121747161,18.469626375996686,1.460309936792994,ok,2.993895537706218,ok,1.3891890054761349,floor,3.4841828261380225,ok
715,22,0.1700582679178164,0,7.422204432594035,5.523577390490352,0.5193690518190406,0.1066773655424726,37,35.332921620961784,9.475108965354956,8.861574572485846,0.4118983742297044,0.0,37,28.87273190472577,10.165251949055245,10.387838640728512,0.4571965973117718,0.0250943548007522,37,28.798068433194548,9.69076485187035,9.31271870716198,0.4281959598878958,0.0123898249449312,37,31.62820393330342,0.690142983700289,-0.4744870971848947,2.268560419276315,8.448656698974496,1.7165952500807489,1.2421081528958542,0.2132795102694423,2.7430475164612096,1223.503778166062,3.308593369223971,0.1258794389962565,2.8854204103286536,-0.0552239760313213,3.0294838925263523,0.0281039894696464,3.0896539016403795,0.0033774126119805,4,ok,0.198359135034922,0.1800714392919798,0.2034068119687003,0.2030508483986596,-0.0141915248052493,19.36312014872305,1.4602733105364505,ok,2.3029448241725827,ambiguous,2.7110511622018083,ambiguous,2.8390258894032336,ok
716,22,0.1936965349530155,0,7.417897833651978,5.518102754486931,0.3760164124497295,0.0,45,35.33732799953884,7.14499259811744,5.182022088103825,0.540796934410133,0.0912877954795321,45,28.877665752834744,6.67204464599748,4.647340191735162,0.6212687234125446,0.1751209356202736,45,28.80301712883844,9.42902606648805,8.768041700787014,0.4224922880044624,0.0082387662890586,45,31.632989925808378,-0.4729479521199602,2.756981420490569,2.011128232836072,7.281445215884709,-0.6094005698872289,2.1475808506033403,0.2673225170574561,2.756981420490569,747.2344120879968,3.225830100715113,0.0282751800273777,3.137772332590393,0.1778314416506226,3.087974945460805,0.0712300140032682,3.244207942622486,0.1432104157538152,4,ok,0.1745976123544905,0.2020187480582131,0.2111999015013377,0.207057947334316,-0.0228917212949858,19.3585767586854,1.4603529324369866,ok,1.1860435084175043,floor,1.3892243003084712,floor,2.58905174435488,ok
717,22,0.4645281499649691,0,7.599380215198304,5.75357821746306,0.639330132615271,0.2278252562115517,110,35.34242942116477,9.022272757259348,7.984124044938521,0.4606632817491567,0.0235282658322562,110,28.88338799910112,7.542031218625766,5.678101111542095,0.4675550952287877,0.0332160958636404,110,28.80880921103737,9.9853582080832,9.966342795978893,0.465286189551831,0.0407415380816966,110,31.638587778264824,-1.4802415386335817,2.443326989457434,2.3859779928848965,8.310826486228827,-0.7687952676030605,1.6745317218543736,0.2415339440920462,2.443326989457434,941.1706863126972,3.4250287061178506,0.1597061733419673,3.007154313284245,-0.0408991628999841,3.155070781020726,0.0681653513676088,3.135502903429562,-0.0327145023671304,4,ok,0.210440134731206,0.1968125780875032,0.1979238061742349,0.1958860511129552,0.0057025502351197,19.539784950523334,1.4604451351844034,ok,1.1861088470388297,floor,1.389301527742125,floor,2.9503643855768003,ok
718,22,0.2041704412449317,0,8.13717916079248,6.512052843570709,0.4340156457604695,0.0357532678752845,50,35.34722114562988,8.428608868291086,6.964034065008163,0.5201318517110612,0.0727761457965749,50,28.88877487182617,6.909950655120087,4.909022984504699,0.4754589230740017,0.039535597669513,50,28.81427719116211,9.168211901168569,8.256979191303254,0.4607584370999533,0.0371543967027219,50,31.643872680664064,-1.5186582131709985,2.2582612460484794,1.0310327403760873,8.282894014541782,-1.3729433594216944,0.885317886626785,0.1797054613418444,2.2582612460484794,815.0202275663614,3.346965579434688,0.141422420039663,3.0594318728600407,0.0891045400439711,3.0046353043285747,-0.0203799319270658,3.1082101380659823,-0.000711062401423,4,ok,0.2129887394607067,0.2029833257943391,0.178617925196886,0.2171044262498617,0.0293681074306368,20.077326304794703,1.4605317616351947,ok,1.1861703736379567,floor,1.3893744547422944,floor,1.148116622613072,ambiguous
719,22,0.5814242488531355,0,10.174522844654884,10.410037272198256,0.4512624922767227,0.0490606988965418,172,35.348111418790594,10.428269847865195,11.036388621773831,0.5124918150976291,0.0661148417566253,172,28.88993094688238,9.579840173559818,9.077871217284091,0.5126867851349632,0.0707256645557097,172,28.81544147535812,8.481915459961298,7.050039430690366,0.401490013955374,0.0,172,31.64492882129758,-0.848429674305379,-1.0979247135985195,-1.6926073846935843,10.30139634626004,-0.7215561727002218,-1.8194808862987413,0.1625311268729888,1.9463543879038987,1186.438363243674,3.4163263151842127,0.1171120023418801,3.329298706384693,0.2371785696206712,3.282223939439511,0.1602300051021181,3.094131284042246,-0.1077039707906277,4,ok,0.1959758996963501,0.1904331362308111,0.1968314360913842,0.197677410965742,-0.0036269181278036,22.114622124732254,1.460547858558204,ok,1.186183580040544,floor,1.389389985540345,floor,1.0407791007887999,floor
720,22,0.2270188182349037,1,10.35596457118234,10.854165946736057,0.4127208088033717,0.0200377982743749,17,35.341148376464844,10.39045414604927,10.940707683563232,0.3888647604797528,0.0,17,28.882069307215072,9.708313702029235,9.350425411673154,0.4587208473350094,0.0262780496622772,17,28.807480419383328,7.78628644418203,6.006599068641663,0.3839228058190697,0.0,17,31.637262232163373,-0.6821404440200336,-1.9220272578472064,-2.5696781270003104,10.373209358615808,-0.6648956565865696,-2.586922914433776,0.2150346182117893,2.60416770186724,1170.5291396730088,3.064287622298914,-0.059462191259076,2.74242661657884,-0.1215516368551679,3.0630262264227115,0.1226924731968295,2.6455222987131823,-0.3822666523674272,4,ok,0.1838142985806745,0.2290435727028285,0.1771157778361264,0.1393501052961629,0.0293131578056251,22.296438164585975,1.4604219794864834,ok,1.186093788063494,floor,1.389283808581641,floor,1.0406932909358306,floor
721,22,0.4610461902529916,0,10.04546792358884,10.105243719825449,0.484855653971589,0.0764692659030297,129,35.3426724219507,10.322355373833886,10.770491873571116,0.4661150681963813,0.0277944191360339,129,28.883776982625324,9.776520933375757,9.498435836429744,0.5659378124104866,0.1194252799632091,129,28.809200272079583,8.426912175575362,6.961313901945602,0.4538538034473879,0.031751687989072,129,31.63892339366351,-0.5458344404581297,-1.3496087578003948,-1.6185557480134776,10.183911648711362,-0.4073907153356053,-1.756999473136,0.1544683225392154,1.8954431982585245,1197.014749388362,3.3657527645755625,0.0883499724172764,3.1833219083137827,0.1195614763757841,3.224373678265844,0.1249614331815029,3.0232812312117137,-0.1569187950150441,4,ok,0.2219312504626983,0.1939073125290316,0.1910803577638873,0.178921000006818,0.0168389237319776,21.98585959688813,1.4604495277434186,ok,1.1861132892803525,floor,1.3893067426882326,floor,1.0407118810405773,floor
722,22,1.1017437941646242,0,10.055808758237555,10.129333632136628,0.4295627812971423,0.0324017152208955,347,35.34244083327587,10.340116069987149,10.814628541984888,0.4895210533876084,0.0466804730504311,347,28.88355958702241,10.884637801823413,12.25924657263742,0.5018524794775235,0.061406066872089,347,28.80899278712204,9.501249965282009,8.915074905675839,0.5229272403930765,0.0894737971882837,347,31.63870923594714,0.5445217318362641,-1.3833878365414058,-0.5545587929555502,10.197962414112354,0.686675387711059,-0.6967124488303469,0.1147517115502495,1.3833878365414058,1417.4339016906124,3.3827301574329303,0.0303043738756438,3.128882591167609,-0.0324239918187734,3.245532759630732,0.0684484483412251,3.175569221230573,-0.0790474214780987,4,ok,0.2229509267322611,0.1957551513178548,0.1994587917643081,0.1873944811200889,0.0098942472607498,21.996212880129796,1.4604453414721519,ok,1.1861108065839638,floor,1.389303975785337,floor,1.0407094843091793,floor
723,22,1.154694399908888,0,10.131287093358202,10.306915352525918,0.45106670119354,0.0489067194680614,368,35.34003081529037,10.46164716636524,11.121534582713377,0.4747082219151034,0.0346206721728172,368,28.88087949545487,10.891847168115785,12.27961404232875,0.5133202196187402,0.071276699637877,368,28.80630469322205,10.77288229437113,11.947807849101398,0.5725748181369025,0.1360050950057134,368,31.63610583802928,0.4302000017505456,-0.1189648737446553,0.6415952010129278,10.29646712986172,0.5953800382540635,0.4764151645094081,0.0670876882664967,0.7605600747575831,1521.3397428231392,3.370632600474405,0.0137518824385995,3.0964920051483,-0.0706069583263659,3.2322993374296427,0.0506027871544239,3.4607992373415337,0.2017636672566283,4,ok,0.1911858063920036,0.1848688295171798,0.1912184236368731,0.2008657653249152,-0.0031911056822813,22.071820754690414,1.4604017800531073,ambiguous,1.1860802017190144,floor,1.3892681315176318,floor,1.0406803506052964,floor
724,22,0.7672931522856246,0,10.096460521962696,10.22459353425286,0.4211912074876688,0.0261942271967556,220,35.33727942380038,10.235848479614058,10.558077558604154,0.4807388488533264,0.0394857617250952,220,28.87780903035944,9.001151199897972,7.945388180559331,0.6940031744749701,0.256232528062521,220,28.80322834361684,9.437221454769132,8.784603124315089,0.5436185650723452,0.1083537850513536,220,31.633127342570912,-1.2346972797160856,0.4360702548711597,-0.659239067193564,10.166154500788377,-1.1650033008904046,-0.7289330460192449,0.1132721814300996,1.2346972797160856,1155.084141946381,3.337442668601576,0.0195670033450232,3.136952902790714,0.0205689627922494,3.340117572474536,0.1988033501405413,3.230258182193032,0.0099124057221025,4,ok,0.2117883595214648,0.1880387747660279,0.2008709803731604,0.1865236643024466,-0.0009574132294139,22.037142057581942,1.4603520545939823,ok,1.1860451441784365,floor,1.3892271160932719,floor,1.0406470239533188,floor
725,22,1.111107436481167,0,6.403191399701456,4.368367224509588,0.4623197817428316,0.0578651265520433,353,35.356455005937526,9.818703223767663,9.59114203236934,0.4434050160980317,0.0103541908087858,353,28.89920666400164,6.455219737112556,4.421014850267945,0.4563668848173516,0.0244516765801676,353,28.824980776303214,9.963404018953517,9.91608867699296,0.4241699221668505,0.0094539483242095,353,31.6540855645458,-3.363483486655108,3.5081842818409594,3.56021261925206,8.11094731173456,-1.655727574622004,1.8524567072189555,0.3791250347012119,3.56021261925206,913.1903087013842,3.187193617345801,-0.1665319376480414,3.0794580155293296,-0.0835385520672948,3.073115570829468,-0.1053144070508955,3.194468767484785,-0.0614371412302752,4,ok,0.2106518852221054,0.1996634467465343,0.1844840422378214,0.1845203005094028,0.0206736237464984,18.342842025314113,1.4606987523492223,ok,3.775836980916653,ok,1.3895172683326251,floor,4.040753660672134,ok
726,22,0.3541569000242758,0,7.715396769117707,5.9093495061000185,0.4343098073313103,0.0359758925271864,96,35.358376701672874,8.766745723528793,7.527912671367328,0.5818653308542012,0.1302172764366767,96,28.901321748892467,7.6351593777708,5.801174613336722,0.504514139490988,0.0636771656538515,96,28.82720047235489,8.797789489083515,7.581915656725566,0.4720950149227444,0.0462019114544043,96,31.65623025099437,-1.1315863457579924,1.1626301113127149,1.0823927199658074,8.24107124632325,-0.6059118685524494,0.5567182427602653,0.126903694821096,1.1626301113127149,862.0493562271198,3.1293497051296724,-0.1256515389029142,3.1032442456963025,0.0686106821547594,3.164523441020936,0.0883037466023459,3.211661359312088,0.0536818202238036,4,ok,0.218749669380486,0.1906404461090763,0.1854466727624336,0.2024098072045793,0.0192483849823475,19.65494404097757,1.460733515026494,ok,1.1863137442125133,floor,1.3895468945827545,floor,1.344524241749505,ambiguous
727,22,1.2313378230403542,0,6.495414751999219,4.462122358937762,0.4218915445616877,0.0267088418018979,402,35.36248828641218,9.400916572078833,8.711474249315499,0.460653678463996,0.023520795315689,402,28.90588792639585,6.021815989914888,4.00112020480099,0.4268622499489046,0.002356837021836,402,28.83189920169204,13.373366035689097,21.743858018324744,0.4787231094871126,0.0515935410775905,402,31.660750166100648,-3.379100582163943,7.351550045774207,6.877951283689876,7.948165662039025,-1.9263496721241369,5.42520037365007,0.7374698012631264,7.351550045774207,1213.9303693626798,3.2182017772312914,-0.1453789257443016,3.0759893758415284,-0.0998210203655722,3.0435600548663486,-0.1450730579760581,3.2815500697076576,0.0158686674531569,4,ok,0.1979287458277905,0.189351391584719,0.1807214782309176,0.2019058829961131,0.0129185904753371,18.434740867557192,1.4608079029618124,ambiguous,3.2580593552928505,ok,1.3896096195015581,floor,7.948611775343583,ok
728,22,0.902977754585911,0,6.657531876595507,4.631836147044357,0.3951435635456934,0.0076614063424074,289,35.372879120717826,8.444536001703382,6.989620559768281,0.4319815877562484,0.0019107764991799,289,28.91737694393805,6.216168750358325,4.184242776314693,0.5152566940494927,0.0729654900731544,289,28.84381562203272,8.247222150992645,6.6791656586538135,0.4446372816582983,0.0246670978594183,289,31.67231499035053,-2.2283672513450563,2.0310534006343195,1.589690274397138,7.551033939149445,-1.3348651887911194,0.6961882118432001,0.2185235487059572,2.2283672513450563,714.3098950536605,3.167341269004387,-0.1712175207596451,3.057664842632702,-0.0856116425673931,3.039819958816097,-0.1229077127301616,3.1834262293075666,-0.0574354998789097,4,ok,0.2050456817690476,0.1954531474715698,0.1934436518299332,0.1836597054010856,0.0068057627903755,18.5962989340501,1.4609959641298527,ok,1.9151122598057917,ambiguous,1.3897687631146187,floor,2.142228946826071,ok
729,22,1.0388574481235149,0,8.305188111573095,6.768911113429562,0.5981683254664907,0.1834292518070257,339,35.36639692368409,8.629265053427593,7.293340762807908,0.5783831731300761,0.1268059663542509,339,28.91022410434959,8.022929436601622,6.342974181723806,0.6317377954661111,0.1862430854326164,339,28.83637247676343,8.414609559551911,6.9416219217587365,0.517481625708153,0.0846266650812896,339,31.66506394805458,-0.6063356168259713,0.3916801229502891,0.109421447978816,8.467226582500345,-0.444297145898723,-0.0526170229484339,0.0500258596253213,0.6063356168259713,871.7593387469078,3.50788284081668,0.1572254906337602,3.3013262533114727,0.142319017043186,3.3150106163423363,0.1397571821156056,3.1714764287366504,-0.0813860739978604,4,ok,0.2013439630710445,0.1884585888204673,0.1839574044652744,0.1895716960451244,0.0109438714804814,20.244303955905938,1.46087863311427,ok,1.1864155251200443,floor,1.3896693487020653,floor,1.0410046234501387,floor
730,22,1.4641090342420395,0,9.813978842678114,9.5807141833177,0.4568118692380075,0.0534527807633062,483,35.3574289673357,10.076194725055874,10.17699292283621,0.4697252909441586,0.0306471283916907,483,28.90027962757687,9.95297255734868,9.892299479826145,0.546249489920727,0.1008594713929849,483,28.82603456169429,8.634318716963636,7.301832591524776,0.4610882906383391,0.0374145406758228,483,31.655099813488945,-0.123222167707194,-1.3186538403850443,-1.179660125714479,9.945086783866994,0.0078857734816857,-1.3107680669033588,0.1231378610849093,1.4418760080922386,1206.189245605074,3.410953988835501,0.0334557613059289,3.1755632376112573,-0.018342957324287,3.338709457217865,0.1356673896215809,3.138444122816339,-0.1410423153051385,4,ok,0.2214795683373699,0.1895487806827261,0.2037790598999516,0.1881287378137526,0.0017351146100964,21.75357708705285,1.460716370494066,ok,1.186301832621222,floor,1.3895313327730046,floor,1.0408929922883492,floor
731,22,0.2058149877665178,0,8.446854406685993,6.993352842330933,0.4979756148902543,0.0877079714343402,45,35.338907114664714,6.856388064045456,4.848850637012058,0.4913500221190773,0.048195219526737,45,28.879345194498697,7.386169306950396,5.477935706244574,0.4406332807846057,0.0124857051769236,45,28.80470593770345,9.77885195704513,9.503535376654732,0.4415683879114094,0.022340344875013,45,31.634649785359706,0.5297812429049404,2.3926826500947342,1.3319975503591373,7.651621235365725,-0.2654519284153283,2.127230721679406,0.2674435772145713,2.9224638929996747,815.5684727138944,3.2516381042990363,0.0540831836113011,2.829925830905572,-0.1300150600341996,2.985027157715989,-0.0317177737415481,3.185840478332924,0.0848429514642523,4,ok,0.221484760608938,0.176704769829909,0.1921004323495758,0.2084009382459852,0.0069943328698476,20.387448463433326,1.460381470775265,ok,1.186062682900493,floor,1.3892468153110775,floor,1.8122935709861319,ambiguous
732,22,0.2718581929545149,0,9.811520205874125,9.57529186479973,0.4521434044562357,0.0497543168428586,66,35.34119958588571,8.983787370294369,7.913684592102513,0.5063033459995521,0.0607914081449365,66,28.88192546728885,9.175273177213048,8.270415289835496,0.4573148031077187,0.0251860095802243,66,28.807327761794586,11.601970010945768,14.460955879905008,0.4455858463640644,0.0253895344554548,66,31.63718431646173,0.1914858069186777,2.42669683373272,1.7904498050716438,9.397653788084243,-0.2223806108711983,2.2043162228615216,0.260350745508703,2.6181826406513977,1248.774278756344,3.4759737437643885,0.249381061492417,3.181773905597008,0.1840776302772884,3.3239583779471715,0.2771503565199822,3.2155737625372858,0.0857731724074484,4,ok,0.2278472209970156,0.1918017880031556,0.1924060210021156,0.1864171879309596,0.01741848349797,21.751991046757002,1.4604229051012476,ok,1.1860921455256819,floor,1.3892817730012286,floor,2.363155030469341,ok
733,22,2.0441827894040534,0,10.3590072420487,10.861773049171047,0.4492683477015509,0.0474955342933072,686,35.3503309811517,10.06256311136342,10.145099507476427,0.5149788441219284,0.0682724471779072,686,28.892434548358526,10.520565896856354,11.273443424666937,0.5035399392459626,0.0628445217879418,686,28.81808498649486,9.131501438348549,8.187477958445646,0.5151767337618497,0.0825903680004829,686,31.647444157836738,0.4580027854929351,-1.3890644585078071,-1.2275058037001545,10.21078517670606,0.3097807201502931,-1.079283738357514,0.1171196820152082,1.3890644585078071,1320.0915152116004,3.4047452609891966,0.0006454057391218,3.230730700724595,0.0022366234963229,3.2966969747492194,0.0661139713552252,3.1696429418158534,-0.1362301158066117,4,ok,0.2115229311515916,0.1927334034744834,0.1933716217560948,0.1871339121871456,0.0087565455569426,22.298987184510803,1.4605879932812948,ok,1.1862121825503453,floor,1.3894252516883414,floor,1.0408072613461148,floor
734,22,0.1343507531623019,0,8.206001716247219,6.616071220101981,0.5229523017312722,0.1099326093372461,29,35.356042533085265,8.705860722760455,7.423113009025311,0.4369338316393505,0.005544076596577,29,28.8987339282858,9.258134395018528,8.429725630529996,0.4709883101321873,0.0359481076768128,29,28.82452655660695,7.728039789188154,5.926577650267502,0.3298322354891013,0.0,29,31.653653966969458,0.5522736722580728,-1.5300946058303744,-0.4779619270590647,8.455931219503837,0.8022031755146912,-0.7278914303156832,0.1314617580287844,1.5300946058303744,965.823277820801,3.229848095984466,0.0656051398070052,2.927023152441361,0.0103950361756339,3.0070412909083863,0.024784575191346,2.7509702504129074,-0.3169845566042433,4,ok,0.2032678481833688,0.1756871201354881,0.147708520421694,0.1655370441490206,0.0417689637377344,20.145674524756195,1.4606912913165664,ok,1.1862841662269963,floor,1.38951120628185,floor,1.0408767986442127,floor
735,22,0.15095782865775,0,8.248832193386393,6.681642257806026,0.463254428887594,0.058619113303268,33,35.358048063336,7.543647733433677,5.680214986656651,0.4709456635894514,0.0316164143936261,33,28.90094872676965,9.485611215396698,8.883029851046475,0.4804090041245859,0.0435473805517729,33,28.826836036913324,9.404462758784092,8.71859041849772,0.5360651977189214,0.1013767471821855,33,31.65588107253566,1.941963481963021,-0.0811484566126061,1.1556305653976988,7.896239963410036,1.5893712519866623,1.5082227953740563,0.1813128226068488,1.941963481963021,1016.1715356310208,3.4081972214013545,0.2341576716100526,3.221701365368583,0.2923355538630989,3.25530585546122,0.2629066267149071,3.2182156246723066,0.140543405216706,4,ok,0.2301458501906106,0.196542505513538,0.2282791047385244,0.2018584027660615,-0.0149349268864501,20.188397140784243,1.4607275698618063,ok,1.186309480445287,floor,1.3895420302385695,floor,1.5177280132551678,ambiguous
736,22,0.1226928559678582,0,7.631006487369454,5.795629959106446,0.295549666368655,0.0,25,35.35391555786133,8.96800908183207,7.884985666275025,0.4305972997621941,0.0009025757435832,25,28.896385803222657,8.682659564347988,7.383562517166138,0.37209451796157,0.0,25,28.822077713012696,10.598197641646744,11.476772270202638,0.4101942152994584,0.0,25,31.65129364013672,-0.2853495174840823,1.9155380772987567,2.967191154277291,8.299507784600763,0.3831517797472248,2.298689857045982,0.2553944576275811,2.967191154277291,1082.2533943223953,2.9505540869750875,-0.2024359399392676,2.956191179571132,0.0541943105692976,2.9916342666970226,0.0210278231222584,3.0737728128842448,0.0169799830910761,4,ok,0.1810682027041912,0.1684854504466056,0.2025540629029274,0.2261735165119171,-0.0277772363275289,19.57079367978295,1.4606528198464135,ok,1.1862573312574056,floor,1.3894785262438725,floor,3.4890084562187105,ok
737,22,0.1667354735492448,0,7.823560312030832,6.0583733191361295,0.4933373435883847,0.083700488174377,37,35.35848627863704,8.224925932071741,6.644963399783985,0.3948487053513305,0.0,37,28.90142296456002,8.427796502445165,6.962731535370286,0.3901123447621175,0.0,37,28.827353657902897,9.3489460541023,8.607848315625578,0.3821820306735736,0.0,37,31.656386246552337,0.2028705703734239,0.9211495516571356,1.5253857420714692,8.024243122051287,0.4035533803938786,1.3247029320510144,0.133849587480863,1.5253857420714692,930.7045423871762,3.346392128387079,0.1636781981593644,2.849162787631979,-0.091481598727996,3.0406430282231547,0.0392631251664488,3.0969831855690653,0.0107066965406663,4,ok,0.2068068737516532,0.1972584098174765,0.1917470484166532,0.1678140072806461,0.0102855933679116,19.7631016903376,1.4607354973276152,ok,1.1863149011552976,floor,1.3895489392715128,floor,2.0658184845504257,ambiguous
738,22,0.4379255015595223,0,6.846796376376743,4.838153439183389,0.4547114658233925,0.0517840921881675,124,35.37102397795646,7.116018154175276,5.147564716877476,0.5088803053045458,0.0630002972729466,124,28.915280080610707,7.103468068496319,5.132710941856908,0.5374015907830411,0.0927301020952975,124,28.84177895515196,9.899641023286444,9.771564483642578,0.4371559135649388,0.019023167200199,124,31.670294530930057,-0.0125500856789564,2.7961729547901246,3.0528446469097004,6.98140726527601,0.1220608032203092,2.918233758010434,0.3298942491580551,3.0528446469097004,799.8831492239428,3.2697306687917704,-0.0046749685565208,3.072353240367632,0.0124897593557329,3.144270590440768,0.0479613302213057,3.153929686716244,-0.0232974092677555,4,ok,0.1812993642844019,0.1971300297206448,0.1755671809397397,0.1868008918639633,0.0136475160627836,18.785663261837474,1.460962381281199,ambiguous,1.186473350784809,floor,1.3897415566174476,floor,3.5684335812316856,ok
739,22,1.0873402446401723,0,6.521379370479576,4.488879393963587,0.517765180640384,0.1052275617276323,357,35.364262364491694,7.598881247807591,5.752917218275097,0.4461010148052821,0.0123790289773335,357,28.907806888014,7.8270003409353155,6.063174033031411,0.4467772632573514,0.0171084697248551,357,28.83399875224137,10.87561693657648,12.233808939530402,0.4453160027560164,0.0251838621109687,357,31.6627925477442,0.2281190931277246,3.0486165956411657,4.354237566096906,7.060130309143583,0.7668700317917327,3.8154866274328985,0.4208235676298237,4.354237566096906,946.331722192988,3.317870323747459,-0.0367095292269752,3.033219000996812,-0.1308883391550148,3.1383261583809343,-0.0409882828895193,3.229227075629561,-0.0275262261845679,4,ok,0.2171150576062396,0.1903834794687122,0.1971750620449958,0.1871998143859771,0.00657420649248,18.460610050512877,1.4608400047389087,ok,1.1863878844504423,floor,1.3896376519598699,floor,4.81754067722668,ok
740,22,0.2318923795238772,0,7.918140811944202,6.19175952902207,0.443188531043759,0.0427663906012274,52,35.42765712738037,6.667423965994496,4.642398279446822,1.453359346552802,1.6278265178292504,52,28.977144241333008,7.179116841060492,5.222899679954235,0.558473665419862,0.1123093334541684,52,28.9039012835576,9.849157220997638,9.65863428207544,0.4463678367808929,0.0259862641327666,52,31.73099191372211,0.5116928750659957,2.670040379937146,1.931016409053436,7.292782388969349,-0.113665547908857,2.556374832028289,0.302552450891985,3.1817332550031416,793.0963874791678,3.388920467182966,0.1804036661254797,3.28394181048903,0.3097480989354406,3.0949453354467766,0.0668514577270977,3.276363051686831,0.1644922440786875,4,ok,0.2157486071093724,0.2286281478949464,0.1687685903878166,0.1854176343633578,0.0534197871143428,19.85395709526443,1.4619889740483591,ok,1.187182102480601,floor,1.3905726784925774,floor,2.510946659856675,ok
741,22,0.271422116324136,0,7.314002372307764,5.387660699830929,0.3654535431573013,0.0,71,35.425750624965616,23.34827027882956,216.18573211784093,5.680770715165876,27.092450979686333,71,28.97505628558952,6.67374620492025,4.649161369028226,0.4214488456015764,0.0,71,28.90174306950099,9.859027729226344,9.680611086563326,0.3878062020041389,0.0,71,31.728904267431982,-16.674524073909303,3.185281524306093,2.545025356918579,15.331136325568655,-8.657390120648408,-5.472108596342315,1.5393694468740184,16.674524073909303,8053.49724461495,3.2770711841229025,0.0449418716770106,3.279453513490055,0.274558418806123,3.0181873341473864,-0.0343528168230675,3.090242477339308,-0.0450499930337953,4,ok,0.2117799430246084,0.2302777819650274,0.1770609708529123,0.1843148158784483,0.0439678916419056,19.249921455209712,1.461954368056181,ok,15.0,sat,1.3905437601079282,floor,3.1011279379804337,ok
742,22,0.4649353581810703,0,7.333100610128937,5.411405279436185,0.4352242943301182,0.0366689495047209,131,35.431366549193406,36.50963617099367,4476.75798688616,1.0141738867174883,0.7128020523862753,21,28.97883046468099,20.03413110668605,100.78899405707776,2.4848074946627734,5.082818170814629,71,28.90677291627914,13.9238833495788,24.68245392347637,1.7162919930909657,2.3756185500395537,95,31.73420531174232,-16.475505064307615,-6.110247757107249,6.590782739449865,21.9213683905613,-1.8872372838752511,-7.9974850409825,1.666738392999836,29.17653556086473,161069.55995490367,3.24970816289161,-0.0288610852527226,0.0,-2.8848091083857392,3.3423540400966534,0.2898138891261994,3.436475341855842,0.2792833004538102,4,ok,0.2187441976755175,0.3962703325918743,0.275974050479036,0.1346014883565275,0.0315332146546598,19.268716858781332,1.46205631517274,ok,15.0,sat,15.0,sat,7.522162071284433,ok
743,22,0.2658589181971164,0,7.693825967112594,5.880071360617876,0.3763602607250497,0.0,64,35.4238994717598,6.349640058521223,4.314833141863346,0.4505380364408598,0.0157381908963936,64,28.97300374507904,6.99737967675812,5.008849326521158,0.455875782419994,0.0240718287441374,64,28.899649649858475,9.085319212611097,8.10087482072413,0.499650713720531,0.069110481035107,64,31.726877093315125,0.6477396182368969,2.0879395358529766,1.391493245498503,7.021733012816909,-0.0243533360587884,2.063586199794188,0.2446895604371888,2.735679154089873,720.6217127982527,3.24696891874294,0.0227092865069762,2.9302278463430795,-0.0644349582102519,3.014865296737394,-0.0295272942533708,3.1309315553462973,0.0034451583261336,4,ok,0.1862480560084805,0.16552822367521,0.1882750991499051,0.1707651482429355,-0.0123869593080598,19.629844858209328,1.4619207698545877,ok,1.1871345968938851,floor,1.3905157129519756,floor,1.8976405007377677,ambiguous
744,22,0.7113912405889645,0,7.582783077261498,5.731632119120516,0.386826209224095,0.0019927522804852,221,35.42074507286106,6.280163463064543,4.24635546401615,0.4610399867203755,0.0238214322505672,221,28.96952138011812,6.105254496439735,4.078734624439774,0.4421318593615191,0.0136073411148323,221,28.89608729263237,8.83839173769578,7.653131466645461,1.9800804942219488,3.209809535598705,221,31.72342756970436,-0.174908966624808,2.7331372412560446,1.255608660434282,6.93147327016302,-0.8262187737232853,1.9069184675327595,0.2647697949562484,2.7331372412560446,649.9154244997112,3.236561651466112,-0.0816578608360774,2.962539723833077,-0.1542912918581294,2.987665937931156,-0.1540042727471466,3.210291972940952,-0.0103948714245851,4,ok,0.2193543073885581,0.1737490783011482,0.1888469456952082,0.2106064138807592,0.0077047471496449,19.518972027618272,1.4618635249774683,ok,1.1870946500562176,floor,1.3904679921749172,floor,1.698984332106917,ambiguous
745,22,0.1747802257475218,0,7.475572569274441,5.591872453689575,0.4708629754358261,0.0648136374692318,33,35.42916477087772,34.91642033544424,3102.001714706421,0.4123195282183191,0.0,22,28.97792329788208,7.186161585674558,5.23137868534435,0.8474566515270607,0.4567887617239903,33,28.90559035539627,12.230304044008395,16.71207609321132,1.08803027516482,0.8683091021988898,33,31.73268179460005,-27.73025874976968,5.0441424583338375,4.754731474733955,21.19599645235934,-14.00983486668478,-8.965692408350943,1.711741635667247,27.73025874976968,107860.1885748668,3.349698112192266,0.1756585624009643,0.5241722431186878,-2.3652228093985848,3.123938179962418,0.1315389512161053,3.4533136463519107,0.3756414268963102,4,ok,0.2016903891256361,0.1920983693139119,0.2806097884295565,0.1691255929569403,-0.0837154092097824,19.411307554561176,1.4620163424352095,ok,15.0,sat,1.3905953129529174,floor,5.238109035508542,ok
746,22,0.3915603846145015,0,6.780059824350451,4.764375497187887,0.4238962899653558,0.0281866750952466,112,35.42972666876657,35.35613709178343,3432.525001382071,0.3286033738567668,0.0,63,28.978356552124023,8.02674145951343,6.348544176010525,0.9370234133012786,0.5923032703880489,102,28.90598257792365,15.02935924360023,31.8372776110967,2.416282134355544,4.850454858918449,111,31.73323909514541,-27.32939563227,7.0026177840868,8.249299419249779,21.06809845806694,-13.041356998553512,-6.0387392144667125,1.7035559230111388,28.57607726743298,119776.41487895467,3.211550144100941,-0.0551385183128365,0.2528604091508928,-2.740249922037293,3.343274053860477,0.2622956118450172,3.383470516576486,0.2145725148057291,4,ok,0.216346781734111,0.1498702795850852,0.1926061669912408,0.1609488926106342,-0.0094976363316426,18.71576450874703,1.4620265431387105,ok,15.0,sat,1.3906005692215606,floor,10.41141911133828,ok
747,22,0.1920327852826328,0,7.787826186947115,6.008729019063584,0.5261126837250015,0.1128222694043357,47,35.42658233642578,27.966207299515467,626.0668806826815,2.333848846146741,4.443388570870627,47,28.97603639643243,6.770868928834658,4.754303397016322,0.476660723707937,0.0405057751214266,47,28.90274737743621,8.822123627696469,7.62451745094137,0.4367009210298332,0.0186830109448399,47,31.72985247348217,-21.19533837068081,2.0512546988618103,1.034297440749354,17.87701674323129,-11.106147814396632,-9.054893115534822,1.6661710296672676,21.19533837068081,22142.84924273161,3.144504529014202,-0.0563473521356088,3.192519620139828,0.2282919659393938,2.967556237985524,-0.0526020701784188,2.98582971516686,-0.1184381244111185,4,ok,0.2140743096775197,0.1077766299564787,0.200071578488705,0.1977506723809749,-0.0391461086717057,19.723700424433822,1.461969464515836,ok,15.0,sat,1.39055721665569,floor,1.1731241056165327,ambiguous
748,22,0.186767860375407,0,7.2199828140086435,5.272277750620028,0.3745957912480027,0.0,41,35.41532097793207,6.7568641032514085,4.738996744155884,0.4590226834184727,0.0222542830268552,41,28.9634612013654,6.607474123357596,4.578755067615974,0.351686379387254,0.0,41,28.889891182504048,9.359441438141316,8.628675641083136,0.4674901929224315,0.0425003674105175,41,31.717456305899272,-0.1493899798938125,2.7519673147837214,2.139458624132674,6.988423458630026,-0.3809493352724296,2.371017979511292,0.2843446103988489,2.7519673147837214,722.1932562066288,3.341205996269962,0.1507090186472446,2.95320710314056,0.0024430680882003,2.86907364965654,-0.1403641215452458,3.2460213399825246,0.1520247102045497,4,ok,0.2012177349590673,0.1917042341537592,0.1915502918929588,0.2075707089246773,0.0049106926634544,19.15646414063301,1.4617651113258148,ok,1.187025149515241,floor,1.390385010664635,floor,2.717092715724541,ok
749,22,0.193599475804038,0,7.189179484505211,5.235015217463175,0.4663615828300191,0.061136622999153,45,35.416772800021704,7.861600460050448,6.111672104729546,0.4438859843485656,0.0107145239665573,45,28.965063858032227,6.007393989034401,3.9878553681903415,0.5028467377790573,0.0622530261133451,45,28.89153086344401,10.397345175272832,10.958081282509696,0.4838377131697596,0.0558054024798397,45,31.719045215182835,-1.854206471016047,4.389951186238432,3.208165690767621,7.525389972277829,-1.5179959832434289,2.871955202995003,0.4018966564504122,4.389951186238432,804.9183363570107,3.261804309821472,0.0642493891337365,3.100963750451148,0.1410228595113767,3.082259956513715,0.065515025056178,3.014170540621176,-0.086826986247495,4,ok,0.2191034040517277,0.1681199404928419,0.165324431988928,0.1948171600699424,0.0282872402833567,19.125582558965046,1.4617914503017753,ambiguous,1.1870435273364144,floor,1.3904069675736386,floor,3.7133349077018534,ok
750,22,0.1837497208873704,0,7.851768799315217,6.097852006554604,0.4206567800926183,0.0258020998091745,40,35.41813192367554,7.493142848147439,5.6145413517951965,0.5172417459193605,0.07024468810748,40,28.966558170318603,6.721512172043918,4.7005774974823,0.408916091568002,0.0,40,28.893059635162352,10.05036284478587,10.116639733314514,0.419903258913768,0.0063728725996798,40,31.720525789260865,-0.7716306761035208,3.328850672741951,2.198594045470652,7.672455823731328,-0.9509436516874096,2.3779070210545417,0.3125957480191194,3.328850672741951,809.470401532948,3.1871033349240627,-0.0015214946510968,2.8398732246848413,-0.1084566120927417,2.8775501075359786,-0.1299494097467861,3.0632789773874727,-0.0288606360191936,4,ok,0.2423210641369223,0.1662175737321377,0.1661377415060997,0.1703227430582046,0.0381315774284303,19.788098614184463,1.4618161092521549,ok,1.1870606641113381,floor,1.3904274409517459,floor,2.7742804595011523,ok
751,22,0.193199249959713,0,7.81330214522018,6.04408014550501,0.4851321356273109,0.0767030082361488,49,35.420007511061065,7.704446541986969,5.894468541048011,0.5174990902527496,0.0704695251897542,49,28.968632094714103,7.060519262190858,5.082202040419286,0.3631353841508022,0.0,49,28.89518111092704,10.958449254987732,12.469381877354213,0.5147492264940119,0.0822136785907046,49,31.722577854078644,-0.6439272797961113,3.8979299927968745,3.145147109767552,7.7588743436035745,-0.6983550814127168,3.1995749113841576,0.4022144253060178,3.8979299927968745,911.494860276884,3.1927662408089126,-0.0112451868213399,2.926191516761147,-0.0421442327375176,2.944257911783488,-0.0791715069937595,3.1234049552336773,0.0160031062766106,4,ok,0.1899861661451203,0.1928026001064144,0.1840292823557951,0.1990635364639515,0.0073651007699722,19.749530855987302,1.4618501412614473,ok,1.1870844500364799,floor,1.3904558544874388,floor,3.6550669543800556,ok
752,22,0.1591541202333353,0,8.211466269616556,6.624401196837425,0.4324912514014036,0.0346020059476952,32,35.42160677909851,6.833361415200622,4.823209669440985,0.4275171702060402,0.0,32,28.97039818763733,8.215481341888557,6.630528317764401,0.4612929709518124,0.0282844306723926,32,28.896987855434418,10.401168721674628,10.967733070254326,0.3554489222228901,0.0,32,31.72432744503021,1.3821199266879347,2.1856873797860707,2.1897024520580715,7.522413842408589,0.6930674994799677,2.8787548792660385,0.3116508082216762,3.567807306474005,923.0619759131224,3.1709993297403454,-0.000707170014949,3.0076565251268272,0.0813241843877308,3.1190382887623023,0.1290544904524138,3.210857951210452,0.1354999248645247,4,ok,0.223944938275963,0.1664998249616474,0.2052627424709499,0.1852967815939337,-0.0100403608521446,20.147608765823964,1.461879162022122,ok,1.1871047074073953,floor,1.3904800551555416,floor,2.7658147540409566,ok
753,22,0.1573579060004123,0,7.979590902821712,6.279991996915717,0.4785288469356302,0.0711568871664201,38,35.42320422122353,7.103731795978934,5.133022637743699,0.4652519160416556,0.0271156377256809,38,28.972166462948447,7.610602367331633,5.76846466566387,0.3520708802551087,0.0,38,28.89879638270328,10.23882407652662,10.565313972924884,0.4826071411862381,0.0547879409335736,38,31.72607878634804,0.5068705713526986,2.628221709194988,2.259233173704909,7.541661349400323,0.0689410179313094,2.697162727126297,0.3076417425991548,3.135092280547686,869.4395987783607,3.162254825994697,-0.022481041220201,3.0339158605431544,0.0906425178181478,3.0137685826972334,0.0102953477085074,3.0670572240718,-0.0212248595952559,4,ok,0.2104334101865166,0.1883011093657267,0.1701101628377249,0.1994600864617448,0.0292570969383967,19.915647277815577,1.4619081519364288,ok,1.1871249916333533,floor,1.3905042819314961,floor,2.8324669258821173,ok
754,22,0.2625498992608947,0,8.674115467315021,7.369050737287178,0.3917514292056566,0.0053349515862111,61,35.41592951289943,7.105490087870115,5.135101222601093,0.4773420178532206,0.0367378811777312,61,28.964064269769388,8.697504853498486,7.408844596049825,0.3749901207138246,0.0,61,28.8905116534624,9.465932737055198,8.842870677103761,0.5345802631448165,0.1000165968796396,61,31.7180844916672,1.5920147656283712,0.7684278835567113,0.7918172697401769,7.889802777592568,0.8077020759059188,1.57612995946263,0.1844681216521393,2.3604426491850825,920.0589288561072,3.2287450955276844,0.0081254331667421,2.916834055745634,-0.0730959989583608,3.119603600984295,0.078979507834596,3.1977237462652224,0.073847898986465,4,ok,0.1913862464125039,0.1791720378105757,0.2000732213014462,0.171970075149028,-0.0147940791899063,20.610563994854203,1.461776151145636,ok,1.1870320647840087,floor,1.3903933191536364,floor,1.0415995612886657,floor
755,22,0.3314774007741577,0,8.909707889529988,7.779842213444088,0.3445103888346992,0.0,92,35.393010885819145,9.830393015565935,9.61699303595916,0.5616156812716314,0.1106663108275862,92,28.93868170613828,11.737049613905944,14.917806218499722,1.3611297640295064,1.4186854991453983,92,28.864834640337072,13.124067500678771,20.530841493088268,0.6734532510505719,0.2435426247612684,92,31.693191196607508,1.9066565983400103,1.387017886772826,4.214359611148783,9.37005045254796,2.3669991613579846,3.7540170481308106,0.376389081177785,4.214359611148783,1863.513239593609,3.202325968018286,-0.0494484850561804,3.267097066870808,0.2366590310246117,3.247633160940893,0.1747541960274277,3.2844951558864435,0.1297163271500117,4,ok,0.2078320338674213,0.2085925454030866,0.1880499655380845,0.2193074593239504,0.0201623240971694,20.84739118616946,1.4613605986143583,ok,1.186741191157463,floor,2.8250057171490686,ok,4.677171505349792,ok
756,22,0.3479509361392837,0,7.826734148678868,6.062802414099376,0.4364149702816047,0.0375735048690488,96,35.38827180862427,7.579315174267255,5.727057156463464,0.5136081315004961,0.0670820026179896,96,28.933352609475453,9.020261119627357,7.980426681538423,0.4763890771200685,0.0402862687804104,96,28.85952246189117,10.147867745190505,10.34634067863226,0.5325868131373178,0.0981965956974582,96,31.68804780642192,1.4409459453600997,1.1276066255631498,2.321133596511636,7.703024661473062,1.3172364581542926,2.4448430837174424,0.2443429222965856,2.568552570923249,1010.2466554778316,3.3235958256055027,0.068594581572916,3.172749664149274,0.1381161006077307,3.2033334379429874,0.1271137435243976,3.290021649744099,0.1320421106558145,4,ok,0.2061170619757225,0.1972088291464994,0.2071879178596039,0.2155551651570325,-0.0055249722984929,19.764672638421633,1.461274729963432,ok,1.1866801696084595,floor,1.3899786752852514,floor,2.890371651376493,ok
757,22,0.2645903261324129,0,6.982807752883727,4.99207125050681,0.3664319080785682,0.0,70,35.3950685773577,6.760464554096752,4.742927164690835,0.3896533735417286,0.0,70,28.941052382332938,6.797369336702443,4.783402582577296,0.4775244786501179,0.0412045711752047,70,28.86732033320836,10.512868738026784,11.253480786936624,0.4710486392818657,0.0453576064350329,70,31.69555674961635,0.0369047826056903,3.715499401324341,3.5300609851430567,6.87163615349024,-0.0742668167877971,3.641232584536544,0.4313162772353169,3.752404183930032,811.12122370771,3.1556342100359163,-0.0754196497170571,2.9468000871650464,-0.0566966858994382,2.9798340205463303,-0.0715927033105519,3.29403323592908,0.1598075258797258,4,ok,0.1962052404880523,0.1792552255094051,0.206277153960296,0.1948616913386753,-0.0185469209615673,18.920380231606927,1.461397888751472,ok,1.1867683422253932,floor,1.39008295136443,floor,4.013435839419648,ok
758,22,0.1315961008697458,0,8.883603136394388,7.733219077189763,0.286500585734476,0.0,24,35.38942686716715,8.389556775748186,6.901693642139435,0.4047323631427494,0.0,24,28.934690316518147,8.978527580754577,7.904106040795644,0.3778667106162032,0.0,24,28.860939900080364,10.79270084075552,12.002454936504364,0.6066069471872897,0.1703374644572368,24,31.689392566680908,0.5889708050063902,1.814173260000944,1.909097704361132,8.636579956071287,0.3419476246832893,2.156120884684233,0.2293620766235078,2.403144065007334,1106.8861531168222,3.234321656001362,0.0844266769301147,3.0203673260437083,0.1223946901306356,2.931506005064592,-0.0358961039922443,3.0364598066688746,-0.0172629910709365,4,ok,0.1746691148728132,0.1919723078608513,0.1948867123574018,0.1805213947469989,-0.0115660009905695,20.82147943186692,1.4612956569375124,ok,1.1866954856506484,floor,1.3899976267257852,floor,2.487658386629083,ok
759,22,0.218144531998689,0,8.000639575142392,6.310502709082837,0.4820337229148831,0.0740911776170565,53,35.386977429659865,7.227070288446984,5.280888875700393,0.5864918049280667,0.1347812959264278,53,28.93192226481888,7.028312646197223,5.044652608205688,0.4034973536644298,0.0,53,28.85817920037036,9.73817988779925,9.414949367631156,0.4704261130021888,0.0448561880302709,53,31.6867192466304,-0.1987576422497605,2.7098672416020264,1.7375403126568578,7.613854931794687,-0.5855422855974641,2.1243249560045623,0.2674555801669552,2.7098672416020264,798.2472661255665,3.3133146511509715,0.1033536513116279,3.054554645414921,0.0784831623956527,3.0590705846589152,0.0294815132485282,3.1224607981329524,0.0091574645101961,4,ok,0.2213570375768643,0.1962579872529461,0.2318848440388463,0.1790907718944099,-0.0230773316239411,19.938647757725306,1.4612512802450468,ok,1.1866637940672526,floor,1.3899607168640185,floor,2.3077914037048,ok
760,22,0.1202864730341352,0,8.517358439743164,7.107810554504394,0.4359016757624519,0.0371832524778914,25,35.38558258056641,7.5134670075486145,5.640877919197083,0.4496537799070066,0.0150660890629106,25,28.930314025878907,7.145789099716705,5.182972564697265,0.4123962135267134,0.0,25,28.85661445617676,9.441818441019578,8.793906507492066,0.4218677694790067,0.0077876308862747,25,31.68518981933594,-0.3676779078319097,2.296029341302873,0.9244600012764136,8.01541272364589,-0.8696236239291846,1.4264057173736884,0.2113001458563964,2.296029341302873,805.2406607937812,3.247413108186322,0.0944230812719668,2.830325910224911,-0.0716709587769233,3.12168885264728,0.151082409072516,3.275832276836188,0.219039447043019,4,ok,0.1907615652680397,0.2067659583687782,0.1513731856644153,0.210784917473793,0.0473905761539936,20.45544172101472,1.4612260120288183,ok,1.1866453832963952,floor,1.3899397989303042,floor,1.0412302686651587,floor
761,22,0.1546037054153339,0,7.383693559304415,5.474813833381191,0.4630688128149028,0.0584692542702134,33,35.38409412268436,7.413084749201177,5.511990684451479,0.4576559226264158,0.0211964153447328,33,28.928600080085523,7.656935581381949,5.83033565680186,0.4333393750918635,0.0070808357062386,33,28.854879437070903,9.217403586571551,8.35103605371533,0.4792055368379024,0.0519889067743397,33,31.683518091837566,0.2438508321807724,1.5604680051896036,1.8337100272671376,7.398389154252796,0.2585464271291533,1.819014432318757,0.190202652266286,1.8337100272671376,814.4405182365215,3.2519491459969334,0.0779095962056315,3.1252293071609354,0.1958634956554514,2.816828267011702,-0.1755709617346101,3.056544875362168,-0.0211273440934331,4,ok,0.16925164650787,0.1843322260361729,0.1654567719634735,0.1754607177819266,0.0113351643085479,19.32185697489169,1.4611990499728986,ok,1.1866257640742992,floor,1.3899166066624675,floor,2.4097608668789605,ok
762,22,0.2630388674465399,0,6.556945226778085,4.525791294044918,0.3924489546119865,0.0058117028654678,72,35.402156035105385,8.452880998356033,7.003064072794384,0.4327454609876138,0.0024685040228495,72,28.94909903738234,6.003090730693071,3.9839059114456177,0.4039172943997336,0.0,72,28.875355429119534,8.28103191888359,6.73136579990387,0.4118608301221999,0.0006499049163835,72,31.70331226454841,-2.449790267662962,2.2779411881905194,1.7240866921055051,7.504913112567059,-1.5018223818739882,0.7761188063165312,0.238022214430899,2.449790267662962,704.0308707836601,3.191657785994309,-0.0415319373542306,3.029255972919928,0.0229821142044088,2.9985955945267024,-0.0550424106388351,3.046954358136254,-0.0893899523459147,4,ok,0.2095926063549187,0.2095530992373824,0.1769573363578981,0.1889163708935181,0.0326155164382523,18.49413594271046,1.4615263588974479,ambiguous,2.0884634580660753,ambiguous,1.390190443007716,floor,2.293620919136107,ok
763,22,0.3570899188674475,0,7.540423080653698,5.6759989711703085,0.6126860321083629,0.1987505198728842,98,35.40381162993762,6.8946231634809045,4.89172817857898,0.456578270471947,0.0203645408598494,98,28.950968703445124,8.231599520933145,6.655182236311387,0.4720602515370806,0.0368052093139879,98,28.877261648372727,8.824889582000287,7.629374934702503,0.4074012359522013,0.0,98,31.70512205240678,1.3369763574522402,0.5932900610671421,1.2844665013465892,7.217523122067301,1.0140763988658437,1.6073664599329858,0.1656265631573001,1.9302664185193823,820.5404332207174,3.2524897313877905,-0.0040748287231315,2.9417783703290112,-0.0948878429838888,3.0411809291130547,-0.036657282345069,3.206829917501098,0.0472996978697946,4,ok,0.2088225408248147,0.1909415642825924,0.1805258159126554,0.170534980806465,0.0193562366410481,19.47752460428895,1.461556375359994,ok,1.1868819481480444,floor,1.3902159504178124,floor,1.7437414180443773,ambiguous
764,22,0.1885797174670458,0,7.987865524034117,6.291968683863795,0.3477246106134795,0.0,43,35.39769514216933,7.936506841330784,6.217999519303787,0.3810346704894346,0.0,43,28.94411978610726,6.414736622425721,4.379995479140171,0.5033892918371118,0.0627159079091559,43,28.87049515302791,9.63676813026562,9.197648597318071,0.366500806540839,0.0,43,31.6985908330873,-1.521770218905063,3.2220315078399,1.6489026062315038,7.96218618268245,-1.5474495602567293,1.67458194758317,0.2643834361946031,3.2220315078399,785.3879755707674,3.200471970636515,0.0063639227555212,3.0142633130221856,0.0588041038866338,3.0018166669544386,-0.0113596820212009,3.2400145669901894,0.1424360535057891,4,ok,0.184712536026572,0.2220981625276942,0.1586094431059305,0.1737826993299085,0.0447959061712026,19.92529653566432,1.461445493693377,ok,1.1868034776891478,floor,1.390125418111633,floor,2.210484412094652,ok
765,22,0.2219111016544424,0,7.030614844691824,5.047327491472352,0.3317742094310548,0.0,53,35.39063471668172,7.64475027713983,5.814000003742722,0.4180538297180795,0.0,53,28.936112385875774,6.516946933657523,4.484300352492422,0.4495052862974288,0.0191815694597512,53,28.86264084869961,9.285573810301686,8.483154584776681,0.4076843675151685,0.0,53,31.69094438372917,-1.1278033434823076,2.768626876644164,2.2549589656098625,7.337682560915827,-0.820735627258304,1.94789124938586,0.2573070800534755,2.768626876644164,747.9746868115551,3.125217640311387,-0.0847433595279563,2.917715926518616,-0.0583555565006528,2.9942680701807025,-0.0353210012296845,2.932867768525518,-0.1804355650972384,4,ok,0.1850469506714704,0.1975591077275996,0.2197814866338136,0.1883550771283653,-0.0284784574342785,18.968426100517156,1.461317541637447,ok,1.1867117687398958,floor,1.390020370564323,floor,2.827544656401158,ok
766,22,0.2154535132991453,0,8.005326638670901,6.317316908836364,0.443742594381033,0.0431946965391272,50,35.39228950500488,7.225811380329046,5.279358303546905,0.4550441810989846,0.0191837107567933,50,28.938017387390136,7.2916816084411264,5.360041606426239,0.4602748755463454,0.0274889254910986,50,28.86454540252685,9.805089225438309,9.56112338066101,0.6487137569689634,0.2155585447811396,50,31.69280006408692,0.0658702281120806,2.513407616997182,1.7997625867674074,7.615569009499973,-0.3238874010588466,2.189520215938336,0.2626368511606536,2.579277845109263,820.9165359723567,3.2664524778027886,0.0609093184077638,3.1325346976894988,0.1622073648734292,3.185434692211987,0.1604194559563465,3.2588312986074524,0.1499100981400469,4,ok,0.2459941151738166,0.2083097225427627,0.1982462159544229,0.241769450455904,0.0289057029038667,19.943048783607626,1.4613475264196485,ambiguous,1.1867335833823973,floor,1.3900458391996398,floor,2.3743436193962557,ok
767,22,0.2871848561492959,0,7.709308262984703,5.901070814132691,0.4505307976816346,0.0484856011945311,75,35.356410064697265,7.311917447350371,5.385074857076009,0.4371389629294662,0.0056954680145242,75,28.897821248372395,6.480517502299119,4.446842525800069,0.6437271019569369,0.1992086011064915,75,28.82378908793132,9.968334272768663,9.92735213915507,0.5731883700581043,0.1366065180829274,75,31.653251419067384,-0.8313999450512526,3.4878167704695464,2.2590260097839616,7.510612855167537,-1.0300953528684182,2.457721417601128,0.326378906531246,3.4878167704695464,779.879473532041,3.2874857916826143,0.0512010204909674,3.0892473503495403,0.0789492585452591,3.1138925288280066,0.0570501891445416,3.134448836868831,-0.004965505666695,4,ok,0.2131787323951721,0.1834885098040103,0.183718491345644,0.2069276386499405,0.0146151297539472,19.648961305565273,1.4606979394203201,ok,1.1862737355081983,floor,1.3895013642671947,floor,2.8305548548194697,ok
768,22,0.2440177351191787,0,8.030545854515442,6.3541079012014094,0.5042517224600988,0.0931902539115316,59,35.358276625811044,7.451935777073492,5.561520952289388,0.5049811731407092,0.0596624357079542,59,28.899942430399232,6.639938866829512,4.613110809002892,0.416608996457727,0.0,59,28.826007261114604,9.205453568073542,8.328088982630584,0.4800479877178127,0.0526802789463314,59,31.655318534980385,-0.8119969102439804,2.5655147012440302,1.1749077135581008,7.741240815794467,-1.101301948964955,1.464212752279075,0.2200213045786959,2.5655147012440302,750.5772706128782,3.209659588724106,-0.0084325681374433,3.0542133097195263,0.0675695600351242,2.989004051987012,-0.0490032890068214,3.005810027366264,-0.1155587430298354,4,ok,0.2202903076501216,0.1663528742679094,0.1866171167437303,0.1761031049793049,0.0067044742152852,19.970098508894548,1.4607317046143504,ok,1.1862979785459336,floor,1.389530968393868,floor,1.5558255944890145,ambiguous
769,22,0.1765142880428612,0,6.603448738192284,4.57451308104727,0.4050312254719231,0.0145571841370433,36,35.35419623057047,7.005566923443273,5.018300831317902,0.4259812423213088,0.0,36,28.89537074830797,7.130518495803548,5.164780269066493,0.5137668119858881,0.0716656066405312,36,28.8212317360772,9.433001916214852,8.776072283585867,0.6221120487171202,0.1866364693494402,36,31.650844203101265,0.1249515723602749,2.3024834204113045,2.829553178022569,6.804507830817778,0.3260106649857697,2.628494085397074,0.2862550490323755,2.829553178022569,765.7051378207075,3.2380916455177924,0.0574550546499224,3.051893051541088,0.1139496566398037,3.108152295041396,0.1089230825567342,3.1442505810309385,0.0600346412230066,4,ok,0.2145618357592159,0.171485810023215,0.1814929054429133,0.1942999727196163,0.0115309174483021,18.543220837179234,1.460657896257085,ok,1.1862457319446669,floor,1.389467237552712,floor,3.362252286264878,ok
770,22,0.2219246708934913,0,8.52861738801394,7.1262612365759335,0.4321390515753289,0.0343365916127629,52,35.36030299846943,7.334979624211564,5.413747079097307,0.429957098569994,0.0004374005474969,52,28.902183239276592,7.395418250216511,5.489614211595976,0.5390102790148881,0.0941982762826385,52,28.828342034266544,10.420998996426338,11.01792722940445,0.6301820757118206,0.1952824693976513,52,31.65752179806049,0.0604386260049469,3.025580746209827,1.892381608412398,7.931798506112752,-0.5363802558962414,2.4892004903135856,0.3131303802642514,3.086019372214774,882.0304134213009,3.257433282520865,0.0489164814633791,2.9912962844071256,0.0171025728535361,3.208166743047325,0.180072865327646,3.312309046482941,0.2004382388747974,4,ok,0.1999215839000848,0.1970639535440848,0.1887469078915623,0.1875750302838591,0.0097458608305225,20.46806105129238,1.4607683642445475,ok,1.186323591644114,floor,1.389562132296618,floor,2.4698118114471774,ok
771,22,0.1772280492169337,0,7.304075465865831,5.375359892845154,0.3268019486268313,0.0,38,35.361918800755554,9.066354088168216,8.065576390216226,0.4838972287857582,0.0420582275528953,38,28.90396856006824,7.11329156638857,5.144333986859572,0.6406899555321457,0.1959011074788137,38,28.830158283835964,10.235538514401604,10.557324033034476,0.5566346154934629,0.1206057503526847,38,31.65927897001568,-1.9530625217796445,3.122246948013034,2.9314630485357727,8.185214777017023,-1.0719232106284533,2.0503237373845806,0.3034150798215424,3.122246948013034,928.2933169948428,3.2614898681560045,0.0767540009411065,3.061859044415564,0.1185857016905571,3.089143491000776,0.0856702560120501,3.303099096210339,0.2148170125432829,4,ok,0.2166292239960871,0.2104077396032057,0.190786685402456,0.1651743399469476,0.0227317963971903,19.243432215254444,1.4607975987680843,ok,1.871734609898432,ambiguous,1.389586377653162,floor,3.4563243507761565,ok
772,22,0.1670032164235432,0,7.371192421351544,5.459077277604272,0.3465569715933941,0.0,34,35.360667060403266,8.07640588852896,6.421560652115765,0.4835702459901632,0.0417911219376088,34,28.902546097250543,7.941375081673787,6.224973517305711,0.6111213567450745,0.1645179354405943,34,28.82867740182316,10.398805307756962,10.961766095722425,0.5511242667777788,0.1153834935087885,34,31.6578904320212,-0.1350308068551733,2.457430226083176,3.027612886405418,7.723799154940252,0.2175759267335344,2.67500615281671,0.297702507947067,3.027612886405418,946.9292916778256,3.1578351577280177,-0.0184677883106414,3.094422851096044,0.1621141338478007,3.109029929915166,0.1142873840084073,3.0992603427172583,0.0193430209624119,4,ok,0.1931047882227336,0.2061391321613508,0.2027845279697109,0.1842009602662395,-0.0031625677776687,19.310616502217744,1.4607749509714383,ok,1.1863277394912102,floor,1.3895666089938403,floor,3.5449006908867364,ok
773,22,0.1415697472055743,0,8.555812898700255,7.171025880177816,0.3987417576979966,0.0101511070984741,30,35.359490331013994,8.248830992621352,6.681640410423279,0.3999782254201465,0.0,30,28.90122534434001,7.098042775727681,5.126303060849508,0.5736385392256372,0.1268657841689633,30,28.827318255106608,9.45037763067894,8.811254858970642,0.3975512747392506,0.0,30,31.656599044799805,-1.1507882168936714,2.352334854951259,0.8945647319786847,8.402321945660804,-1.3042791699331229,1.0480556850181362,0.1891942524632305,2.352334854951259,838.7914856791497,3.3201989297803003,0.1533856208891877,2.872153755454076,-0.0478163764974839,3.188747900034397,0.2038300720046848,3.1536183521596617,0.0831139673591114,4,ok,0.1953431494534015,0.1676964223384857,0.1653413521746794,0.1679235652089118,0.0161784337212642,20.495300273340398,1.4607536616276864,ok,1.186312642268583,floor,1.3895484667209517,floor,1.0409097850803217,floor
774,22,0.1543313422773751,0,5.469550748355967,3.5233442227045697,0.5323549778577261,0.1185809979619325,30,35.35997937520345,8.24047322919077,6.668794318040212,0.578596988881877,0.1270148417814467,30,28.901720492045083,7.652270626740748,5.824076390266418,0.5530740706606851,0.107220520279728,30,28.82777112325033,9.095211747027928,8.119348351160685,0.3643328603867283,0.0,30,31.657099469502768,-0.5882026024500213,1.4429411202871805,3.625660998671961,6.855011988773368,0.7972586379673796,2.24019975825456,0.2760682584813232,3.625660998671961,834.3520225902398,3.094045766918393,-0.0727675419727194,3.0930258206668606,0.1730556887153014,3.0709739736903714,0.0860561456606587,3.078453280920275,0.0079488961197249,4,ok,0.1850886883834998,0.1909790873527526,0.205034606407086,0.2161807348330815,-0.0170007185389598,17.409011818682586,1.4607625092465584,ok,3.1187027147488924,ok,1.6736708982134127,ambiguous,4.102839076868752,ok
775,22,0.1158006612651432,0,6.852045860109904,4.844005036354065,0.426275126302556,0.0299493647229545,25,35.3639128112793,8.081466089548794,6.429047122001648,0.4558651888985343,0.0198151683566352,25,28.906100158691405,5.823854253770701,3.822833871841431,0.4101161339000223,0.0,25,28.83222213745117,9.360186904138615,8.63015687942505,0.3830244653532102,0.0,25,31.661395645141603,-2.2576118357780928,3.536332650367916,2.5081410440287133,7.466755974829349,-1.6429017210586476,1.893430929309268,0.30578984726477,3.536332650367916,733.9172293949127,3.299557123926477,0.146567097012122,2.875386502423966,-0.0266103665778683,2.842229764742219,-0.1283766788325451,3.130969141308759,0.0741763115155902,4,ok,0.1943732714653015,0.2013971742987632,0.1884344819188118,0.1788427555561065,0.0094507409632206,18.791295344655403,1.4608336793838075,ambiguous,1.1863683701887804,floor,1.3896139310308673,floor,3.0652017440266395,ok
776,22,0.2341469614871554,0,7.980737273047431,6.2816498918192725,0.4517240080358776,0.0494239212588689,56,35.3466967855181,8.265600249995922,6.707489863038063,0.5334295159291943,0.0846053884847184,56,28.88710962023054,6.352638655843062,4.317813358136585,0.4946450195911817,0.0553165103151798,56,28.81263259478978,9.75038981108873,9.441456164632523,0.4898263117013494,0.0607938823791172,56,31.64268340383257,-1.9129615941528595,3.3977511552456683,1.7696525380412993,8.123168761521676,-1.7705301056786134,1.627221049567055,0.273346369669995,3.3977511552456683,805.9159842825361,3.3312847189286043,0.117149188995496,3.0242658825884554,0.0427666055624573,3.0956802563158057,0.0617692514317997,3.302501019617546,0.185056896628931,4,ok,0.2057831290710185,0.2011800186176385,0.1899236185210091,0.2124314145185053,0.0135579553233193,19.92091260758433,1.4605222810734606,ok,1.186151352031972,floor,1.389352518459624,floor,2.3412054898479284,ok
777,22,0.2263347944121557,0,7.900140858824467,6.1661500079291205,0.4495507156360894,0.047716738019168,56,35.343874318259104,7.960007284334227,6.251737413661821,0.412393291980564,0.0,56,28.883921725409373,6.424247740864849,4.389598250389099,0.5178318000741957,0.0752210785171283,56,28.8093923841204,8.67442989107126,7.369584266628538,0.5312378277710946,0.0969688421796499,56,31.63955909865243,-1.5357595434693785,2.2501821502064105,0.7742890322467924,7.930074071579347,-1.5058263307144983,0.7443558194919122,0.1764986868053283,2.2501821502064105,731.449142344296,3.14430121588656,-0.0698343140465485,3.203111042857042,0.2216117658310441,3.0214642903820885,-0.0124467145019173,3.119238956891851,0.0017948339032356,4,ok,0.2022853191675884,0.2133665800626789,0.1688097305595874,0.1730707822633641,0.0390162190555462,19.840467924842816,1.4604712543757712,ok,1.1861149422838821,floor,1.389309304612614,floor,1.0407189956400291,floor
778,22,0.3480382868425286,0,6.539810616742848,4.507970461580489,0.4637597489892415,0.0590273929562239,90,35.34797821044922,7.3926098987669375,5.486065517531501,0.4167263445923565,0.0,90,28.88850137922499,6.560827334458748,4.529838654730055,0.459453855167648,0.0268486882807863,90,28.81406898498535,8.445280670381534,6.990819146898057,0.4352403209401771,0.0175934476958916,90,31.644077873229985,-0.83178256430819,1.8844533359227864,1.9054700536386853,6.966210257754893,-0.4053829232961456,1.4790704126266403,0.1879808136623481,1.9054700536386853,691.0262847363949,3.294254823170314,0.0441467700019093,3.088564646844822,0.0602932920908161,3.058273854154885,-0.0128798699835286,3.2196746354248726,0.0665487378819649,4,ok,0.2031740895575947,0.1810478082133664,0.2107096955594089,0.1823713284399774,-0.0185987466739283,18.479917058625816,1.4605454499890418,ambiguous,1.1861672495137991,floor,1.3893716775036435,floor,2.482884441835066,ok
779,22,0.3548921999555734,0,7.324745858113628,5.401005080590646,0.373135306896407,0.0,96,35.35091996192932,7.606006575317426,5.762363588437438,0.5610462050585995,0.1101264941357396,96,28.89172575871149,6.108752036231655,4.0820207086702185,0.5624879599246687,0.1161246203206356,96,28.81742397944133,8.526377562132552,7.122586893538634,0.4689249669989536,0.0436498062305119,96,31.6472761631012,-1.4972545390857714,2.417625525900897,1.201631704018924,7.465376216715527,-1.3566241804838723,1.0610013454170248,0.1936012061429493,2.417625525900897,684.3428847339625,3.2418322067943315,-0.0131690372382551,3.149798988206496,0.1151654246649527,3.048951207380628,-0.0272684870379618,3.246572796893942,0.0885932578056576,4,ok,0.2039951865250865,0.1859384630806744,0.1928957088772828,0.1872831665483924,0.0020711159255976,19.264694131624548,1.4605986441282455,ok,1.1862040845807238,floor,1.3894164329816272,floor,1.6050996417718553,ambiguous
780,22,0.2658093017686072,0,7.003635597576741,5.016069667926733,0.4425121979445691,0.0422442921200068,69,35.338377579398774,8.981047479085797,7.908693555472554,0.4898610460592781,0.0469616265284564,69,28.87771717016248,6.440318617948321,4.40587185776752,0.5040719100360012,0.0632989949831397,69,28.80310567220052,8.020304264062553,6.339141213375589,0.5017439163440321,0.0709037706431126,69,31.633493810460187,-2.540728861137476,1.5799856461142312,1.0166686664858116,7.992341538331269,-1.5520229203829476,0.0279627257312835,0.2273589235497432,2.540728861137476,751.1691846571107,3.272290860825662,0.0423279284352422,3.118380999904148,0.1163026688839763,3.0567615110084136,0.0064642353480004,3.1747863264356537,0.0416427263053376,4,ok,0.1902435323682384,0.1849194437913272,0.1759327518335287,0.1903235587844814,0.0116487362462541,18.944258114328104,1.4603719005749871,ok,2.2021815914965344,ambiguous,1.3892254807101274,floor,1.0406511241284209,floor
781,22,0.4003466553310766,0,6.813770468452308,4.801501256448251,0.5069481102486493,0.0955666789879912,108,35.342150158352325,8.608404117113796,7.258391874807852,0.583596357772842,0.1319207035888832,108,28.88194887726395,6.197658988236045,4.166447356343269,0.6162306157931092,0.1698347837368545,108,28.80739019535206,10.729621628826717,11.829384898697889,0.5570755306792603,0.1210258585311654,108,31.63763650258382,-2.4107451288777515,4.531962640590672,3.915851160374409,7.711087292783052,-1.5134283045470074,3.0185343360436647,0.4292108389524277,4.531962640590672,878.1597714766308,3.283656157393649,0.0197248222484867,3.131625378373143,0.0853807606694121,3.1099097247041216,0.0244446161107596,3.233798899915252,0.0669614473649624,4,ok,0.1877743890164075,0.1875470107145331,0.1980270718879721,0.2018881824419454,-0.0103663720225018,18.754190214851477,1.4604400872066012,ambiguous,1.9267832213766067,ambiguous,1.3892826055064167,floor,4.380929826677413,ok
782,22,0.4575363878219974,0,7.047657307355398,5.067172986030578,0.4467719706570613,0.0455459477533368,125,35.33687533569336,8.795424955104195,7.577788775444031,0.5680440180316819,0.1167978286886479,125,28.875982299804686,6.930206467706267,4.931972504615784,0.5098676015493618,0.068281463116119,125,28.801353393554688,9.014564389981947,7.969965455055237,0.53203861447824,0.0976972874878125,125,31.63182125854492,-1.8652184873979287,2.0843579222756823,1.966907082626551,7.921541131229796,-0.9913346635235296,1.093023258752153,0.2184036457481117,2.0843579222756823,819.5237060813904,3.257429729813695,-0.0175848918818641,3.096634842731216,0.0359795500624238,3.1606370458776265,0.063697297968233,3.306794670059644,0.1289635118572629,4,ok,0.2166509091258049,0.1817986565232277,0.1748258317112922,0.1960535265803337,0.024398951113224,18.98836055953286,1.4603447521428714,ok,1.844519705774022,ambiguous,1.3892021214776862,floor,2.5448397724319607,ok
783,22,0.1956508385449216,0,6.824998938780716,4.813931363694211,0.4437970654695811,0.0432368330536727,47,35.334288170997134,7.733126571108025,5.933523368328176,0.4936334788343055,0.0500943004957086,47,28.87309979377909,7.2293291136819136,5.283636252930823,0.3939917905084187,0.0,47,28.7984416231196,10.461366166359554,11.120815013317351,0.3968019228024568,0.0,47,31.62900007531998,-0.5037974574261117,3.23203705267764,3.6363672275788375,7.279062754944371,-0.0497336412624571,3.182303411415183,0.3731533912102084,3.6363672275788375,876.0724631408427,3.162860112926584,-0.0379917682232275,3.116370883865301,0.1521432296648672,3.0682415634128355,0.0480832552488927,3.2014514383744497,0.0971835987964717,4,ok,0.2327734151102126,0.1831067233009541,0.1847617867145132,0.1889154918967409,0.0231782824910701,18.76584122302433,1.460298001821141,ok,1.185991386338901,floor,1.3891633099315683,floor,4.11224754377774,ok
784,22,0.632636127373582,0,7.762675892379179,5.974032614304095,0.4537493697993847,0.051022312453792,196,35.338790484837126,7.783056979616379,6.002134151604711,0.4518672734847169,0.0167509958579199,196,28.878089350097035,7.462056647974597,5.574496726904597,0.5809486345129273,0.1340218938438393,196,28.803483252622645,8.57595991673574,7.2043697110244205,0.4632423070534058,0.0391179155675831,196,31.63389889074832,-0.3210003316417822,1.1139032687611437,0.8132840243565616,7.772866435997779,-0.3108097880231817,0.8030934807379619,0.0986094951637121,1.1139032687611437,785.3567417145384,3.298855601946221,-0.0102620906453703,3.026660895423142,-0.0783357817039931,3.1129032511211427,-0.0193437530178575,3.1930208556949093,-0.0186377346106305,4,ok,0.2050674027402182,0.1750425255990454,0.1949295844616634,0.1941733783187002,-0.0048746202920316,19.703276217473352,1.4603793629228616,ok,1.186048344547924,floor,1.3892305144228319,floor,1.0406556564001204,floor
785,22,0.7169532565048772,0,6.579506989486081,4.54936412897977,0.4722851773819213,0.0659827221584006,220,35.34321873404763,8.252728603459323,6.687639594078064,0.418625509472137,0.0,220,28.88309039202604,6.132120472049463,4.104044368050316,0.5550387314605234,0.1090663803428997,220,28.808541948145088,8.811904866801967,7.606598381562667,0.4756738329090582,0.0491037680349433,220,31.63877469843084,-2.12060813140986,2.679784394752504,2.2323978773158863,7.416117796472702,-1.2839973244232388,1.3957870703292654,0.2537411028021465,2.679784394752504,726.52695762786,3.1962945114396373,-0.1215811538169155,3.062112084169828,-0.0542718558286368,3.121045558538034,-0.0202686637959601,3.2034908288986723,-0.016854947572257,4,ok,0.2102020744572986,0.1945851950482888,0.1864068009128624,0.1945992275225845,0.0159868338399312,18.519869296432432,1.4604594032459448,ok,1.696676985480508,ambiguous,1.3892979637506684,floor,2.804783945778133,ok
786,22,0.6570106428248202,0,7.042205782337039,5.060816356791785,0.4541198658495874,0.0513154771485284,201,35.342032247514865,8.126268920094246,6.495713953948139,0.5058550269624996,0.0604082682330207,201,28.881695609780685,6.164864747500558,4.1351043617547445,0.5550190509132387,0.1090478574004019,201,28.80712822302064,9.706779599866795,9.347123049978,0.5252538153954501,0.0915601476727103,201,31.637436074403983,-1.961404172593688,3.541914852366239,2.6645738175297584,7.584237351215642,-1.4193726037150842,2.122542248651155,0.3148693011907975,3.541914852366239,777.2471822114726,3.2677263491763044,-0.043301221318619,3.039925664286223,-0.0675542681066421,3.063399592804081,-0.0708247273574493,3.206096835226248,-0.0074561963540169,4,ok,0.2132018500040123,0.1931671148064124,0.181720215882828,0.1933905783466142,0.0214642665223843,18.982631866691865,1.4604379558614,ok,1.1860895207603046,floor,1.3892791123174062,floor,3.209745716385435,ok
787,22,0.2807751401590921,0,7.283654128057094,5.350143279578234,0.3807032929140529,0.0,74,35.40358130996292,7.397387241823595,5.49210364109761,0.4861344895993366,0.0438906444727302,74,28.950464197107262,6.021251133552092,4.000599841008315,0.4153573904658816,0.0,74,28.876600832552523,8.881814454160109,7.730034734751727,0.4905969328405138,0.0614402631386943,74,31.70461618578112,-1.376136108271503,2.8605633206080165,1.5981603261030148,7.340520684940344,-1.3192695513882515,1.5412937692197648,0.2371110917830304,2.8605633206080165,688.18933975616,3.277569819261215,0.0423027565528308,3.126906113532318,0.1179312633581077,2.894303069272961,-0.1614856264646209,3.035011158971602,-0.1033937007310337,4,ok,0.2057449177310273,0.1841073414763888,0.1547940119698241,0.1899557191173772,0.040132117633884,19.22076806010793,1.4615521994384733,ambiguous,1.1868761669085295,floor,1.3902071076604388,floor,2.15290232722662,ok
788,22,0.123385311733817,0,7.39631292685179,5.490745226542155,0.3550498178198471,0.0,27,35.40472624037001,6.994109658824907,5.005079335636562,0.4884741584637205,0.0458159798838313,27,28.95175962094908,5.6994681784571535,3.714897350028709,0.4065822472408188,0.0,27,28.87792368288393,9.764510247718404,9.472203607912418,0.4956661424222883,0.0657175356844137,27,31.70588775917336,-1.294641480367754,4.065042069261252,2.3681973208666154,7.195211292838349,-1.4957431143811952,2.5692989548800567,0.3632482912568192,4.065042069261252,707.995235591023,3.202099380738135,0.0432743105543114,3.094434362519981,0.1848506724447203,2.9692583041771465,-0.0073892190544624,3.1141656313659887,0.0515849201641724,4,ok,0.1910595786240365,0.1868566564387745,0.1908029833877528,0.1730863973498344,-0.0018448658563472,19.333365175097498,1.4615729585908663,ok,1.186891011729245,floor,1.3902248097814385,floor,2.9352437147147334,ok
789,22,0.1396939485543957,0,8.071301660886759,6.414017877578735,0.4746273284288753,0.0679157118484357,25,35.406609802246095,7.465827772678154,5.579339351654053,0.4657538665095294,0.0275102176489059,25,28.95382179260254,7.55336516909688,5.692938823699951,0.5964843354773479,0.1495312677804661,25,28.88003273010254,10.601690219536351,11.48600555419922,0.3920966242405756,0.0,25,31.70792846679688,0.0875373964187256,3.048325050439473,2.5303885586495944,7.768564716782457,-0.215199547685577,2.833125502753896,0.3348190597573148,3.135862446858199,908.9489422369004,3.218673518871113,0.0656834919567583,2.847803976397794,-0.0541928926040404,2.930080320785742,-0.0405261227890219,3.0044929429854355,-0.0522998868077331,4,ok,0.1872810477018356,0.1879375506937503,0.1744282042980194,0.1749949803948402,0.0131810948997735,20.008252425439018,1.4616071126936283,ok,1.1869146450617574,floor,1.3902530350984041,floor,3.0870209043367858,ok
790,22,0.1914082893579437,0,7.21247608474047,5.263172551643017,0.4621119252278177,0.0576976541458666,43,35.40051402602085,8.46110725100991,7.016341600307198,0.5763928257120384,0.1248653111522528,43,28.94707706362702,6.656294075956586,4.630516196406165,0.5305464081904856,0.0865228932940418,43,28.87318952693496,10.049150409260264,10.11381582881129,0.4388209802114981,0.0202710051092673,43,31.70129492116529,-1.804813175053324,3.392856333303678,2.8366743245197936,7.83679166787519,-1.1804975919186038,2.2123587413850743,0.3147669713797995,3.392856333303678,848.2588210521742,3.060886013381439,-0.1332220344995547,3.1261370855860253,0.1706778764504735,2.9706637691013675,-0.042512579874272,3.204711836325429,0.1071333228410282,4,ok,0.223268324899119,0.2198492179429808,0.1641835060923598,0.1820403041188107,0.05737526532869,19.14975525567058,1.461496591171661,ok,1.1868373569063009,floor,1.3901614637441262,floor,3.3700446247607485,ok
791,22,0.083947166842118,0,6.734641496741208,4.714809497197469,0.4293524962675436,0.0322442939300313,18,35.40705977545844,6.643021554360679,4.616386426819696,0.2362393218384793,0.0,18,28.95436414082845,7.040508878397311,5.058839347627428,0.2930863700708218,0.0,18,28.88058524661594,8.85636913224532,7.684876865810818,0.317383602646372,0.0,18,31.7084436416626,0.3974873240366321,1.815860253848008,2.1217276355041115,6.688831525550944,0.3516773528463677,2.167537606694376,0.2285614853546114,2.2133475778846403,713.8705815937784,3.095475644144813,-0.0326078142423873,2.6927089067026992,-0.1769040243843496,2.7226058907008754,-0.2222145291029087,2.903608267577952,-0.128479301555743,4,ok,0.2306283865537908,0.1955176620847649,0.183057550754812,0.1707368697971105,0.0300154735644658,18.67156801631729,1.461615272402461,ok,1.186920861006432,floor,1.390260429911517,floor,2.699648087504171,ok
792,22,0.0942932942934957,0,9.298699910851171,8.508832825554741,0.6289631984227547,0.2163655143141065,18,35.409235848320854,8.790716250877017,7.569577243593004,0.4135000239342912,0.0,18,28.956753306918674,7.416241244844125,5.515998310512966,0.4151672076768615,0.0,18,28.88302887810601,9.119083176445406,8.164100037680733,0.4961945205134725,0.0661658982766093,18,31.710808753967285,-1.374475006032892,1.7028419316012808,-0.1796167344057657,9.044708080864094,-1.6284668360199692,0.0743750955813116,0.1559637444246782,1.8824586660070464,881.3087314102385,3.197097186955688,0.0690137285684868,3.152056784290603,0.2824438532035542,2.86543473177108,-0.0793856880327044,3.211474935409898,0.1793873662762029,4,ok,0.1979766674339771,0.2300495468080043,0.1619726092451148,0.1992317576789193,0.0520404978758758,21.235509175902713,1.4616547353556757,ambiguous,1.1869482456841154,floor,1.3902931376688088,floor,1.0415178279591808,floor
793,22,0.3246256692770097,0,8.362310940294778,6.858530811702504,0.4403614724476306,0.0405893289447603,85,35.40992310467888,7.799951801035783,6.025528987716226,0.5291519076738745,0.0807675652256567,85,28.95754659316119,6.733740594419699,4.7138315565445845,0.4996502787003289,0.0595360897960826,85,28.883839124791763,9.144477281586768,8.21197707232307,0.4454074530956148,0.0252535507711129,85,31.71158151065602,-1.0662112066160834,2.4107366871670672,0.7821663412919886,8.08113137066528,-1.3473907762455817,1.0633459109214858,0.1970418400964078,2.4107366871670672,772.222742801554,3.4098548570705765,0.1640804487313825,3.1102757732325834,0.0876390961316184,3.046330177281737,-0.0203368802787742,3.043530579680449,-0.1052966998093731,4,ok,0.1983441687682095,0.1832937866011086,0.199434809518211,0.1712622218272265,-0.0086158318335519,20.299083171576505,1.4616671995900596,ok,1.1869573390854637,floor,1.390303983635772,floor,1.0415265074567148,floor
794,22,0.1129063263213495,0,6.407265024186652,4.372466617160374,0.4150524101531879,0.0217199704894981,18,35.41092872619629,8.62246546991975,7.281930791007148,0.3628014349585119,0.0,18,28.958699438307026,6.601973654125582,4.572959608501858,0.4358556894007179,0.0089352610761177,18,28.8850293689304,8.832036437338637,7.641940355300903,0.3265699816593954,0.0,18,31.712711970011394,-2.020491815794167,2.230062783213054,2.4247714131519853,7.5148652470532,-0.9128915929276182,1.3171711902854364,0.2516530099394207,2.4247714131519853,774.137513253424,3.00081508750469,-0.1272683708825108,2.991154963557044,0.1215420324699954,3.05793708569534,0.1131166658915554,3.018698163853012,-0.0133894052806833,4,ok,0.1946021243929863,0.1483624743090735,0.1703520773185624,0.1797054654194249,0.0011302220324675,18.343983064451578,1.4616854385279217,ok,2.507695050784517,ok,1.3903199170620033,floor,2.98856770874461,ok
795,22,0.2239105267904143,0,6.886571159964642,4.882667109884065,0.4536992985753262,0.050982710641414,58,35.41266368997508,8.975387756127857,7.8983936638667664,0.4054164447268437,0.0,58,28.96062393846183,9.063155409692046,8.059638095313105,0.4393050508940964,0.011494752974045,58,28.88699061295081,9.15490181398949,8.231712263205957,0.4686444833536459,0.0434248257219176,58,31.71461026421909,0.0877676535641889,0.091746404297444,2.268330654024848,7.93097945804625,1.132175951645796,1.2239223559432402,0.1901825574401173,2.268330654024848,1018.6422950419884,3.291368606380669,0.0745725177225393,2.9283087925466704,-0.056649787533292,3.003375375583034,-0.0332901328148826,3.1809610759648423,0.0608778982734548,4,ok,0.1859512499951083,0.181122781002316,0.1570329619892712,0.1927896017401383,0.0265040535094409,18.823195701620815,1.4617169076606664,ok,2.3520229406729176,ambiguous,1.6554029560697108,ambiguous,2.8408653164106523,ok
796,22,0.1142518769337623,0,8.732992918750192,7.469633471398127,0.3920226929694818,0.0055202567362229,21,35.4145747593471,6.980478790616356,4.989394903182983,0.3561176460677483,0.0,21,28.96273503984724,7.765987994339825,5.978590386254447,0.3744538299571753,0.0,21,28.889143989199685,10.932051451246725,12.393818877992176,0.3378034110238074,0.0,21,31.71669869195848,0.7855092037234686,3.1660634569068984,2.199058532496532,7.856735854683274,-0.0907478603434492,3.075315596563449,0.3692137064577978,3.951572660630367,939.259550466424,3.2222810544458635,0.0825101776774714,3.038654811512934,0.1538457031271947,2.87132524207496,-0.0855952808751174,3.0624160986000617,0.018735574891799,4,ok,0.215055634578069,0.1896730083085241,0.1708888986280986,0.1863562436330886,0.031475422815198,20.669514464385074,1.461751574152573,ok,1.1870168230429616,floor,1.3903750056334165,floor,2.7746344376643672,ok
797,22,0.1208214046674961,0,9.55008826799199,9.015894617353169,0.3941216403480002,0.0069584214365931,21,35.41592625209263,8.89230704733428,7.748733145850045,0.5293769583650934,0.0809687081681338,21,28.96422849382673,9.46029333330364,8.831395478475661,0.5361099394102727,0.0915544488567117,21,28.89067168462844,12.32513365687887,17.081002871195476,0.3512922743621693,0.0,21,31.71817715962728,0.5679862859693614,2.8648403235752298,2.7750453888868805,9.221197657663136,0.239095675640506,3.103935999215736,0.3499155922662219,3.432826609544591,1350.5856324320748,3.3022118389874864,0.1624409622190943,3.014163685908476,0.1293545775227365,3.214258524735364,0.2573380017852869,3.048263763675107,0.0045832399668443,4,ok,0.1669849043800717,0.1825122088193893,0.195005738664241,0.1680022130409876,-0.0202571820645105,21.48653697128554,1.4617760919883827,ok,1.1870339479462564,floor,1.3903954621122576,floor,3.3136548736985567,ok
798,22,0.1127391158777546,0,7.588560364816219,5.739261808849516,0.4200345939957487,0.0253462081155215,21,35.41848936535063,7.594807883125647,5.747523932229905,0.6749095417689943,0.2289516984766855,21,28.96710768200102,8.68882606212238,7.394053799765451,0.4168377114760312,0.0,21,28.8936151776995,9.759481888204943,9.461242823373704,0.4966203320529585,0.066527574197108,21,31.721006665910995,1.094018178996734,1.0706558260825627,2.170921523388724,7.591684123970933,1.0971419381514478,2.1677977642340105,0.2156829270136838,2.170921523388724,948.2871825070608,3.249777473544205,0.110006596775813,2.992854131088472,0.1080450227027327,2.8642917231679927,-0.0926287997820844,3.007578811926712,-0.0361017117815505,4,ok,0.1874260270879382,0.1850773032222475,0.1739770103068579,0.2039933772314162,0.0122746548482349,19.524870912224944,1.4618225946885117,ok,1.187066966239401,floor,1.3904348811964256,floor,2.747625833552432,ok
799,22,0.1107441011746814,0,7.402015022877944,5.497959068843296,0.3629434354910587,0.0,21,35.41712479364304,8.110847320415314,6.472688873608907,0.4276907250312414,0.0,21,28.96559333801269,7.092559068440573,5.119834315209162,0.6630734130979673,0.2206441538282695,21,28.89207095191592,11.02759011920362,12.669486465908232,0.5230837974499,0.0896138986991692,21,31.719512122018,-1.0182882519747407,3.935031050763048,3.6255750963256768,7.756431171646627,-0.6638721032060557,3.2711589475569927,0.4112002127516516,3.935031050763048,936.079484346367,3.2778494717906304,0.1380785950222383,2.8421799147803,-0.042629193605439,3.09349048878782,0.1365699658377428,3.407432953215883,0.3637524295076204,4,ok,0.2097301437031655,0.195821498121534,0.1819066117916788,0.1711643448188191,0.0208692091206709,19.33839912450286,1.4617978364591109,ok,1.1870495992644445,floor,1.3904142002802573,floor,4.104441578560395,ok
800,22,0.1360234059671712,0,6.707718546487273,4.68567167861121,0.4442963846812199,0.0436233261394758,28,35.421420097351074,7.240626204189848,5.297398209571838,0.5626024450979732,0.1116029785310364,28,28.970379420689174,7.526594033471087,5.657953883920397,0.5618263496444094,0.1154939284920455,28,28.89696305138724,8.05983906330059,6.397111292396273,0.467631349629076,0.0426132958904625,28,31.72423410415649,0.2859678292812386,0.5332450298295033,1.3521205168133168,6.9741723753385605,0.5524216581325261,1.0856666879620294,0.1123847360158269,1.3521205168133168,733.2917681804724,3.1901288708919946,0.0285464734395559,3.1415827991907155,0.2284139859789524,3.1551927570914025,0.175690544888273,3.1695089017016222,0.1041931493872438,4,ok,0.1850753389298916,0.2262695237462009,0.2074981206761939,0.1724669981215681,-0.0018256893381476,18.6438711067392,1.461875774325332,ambiguous,1.1871044921379073,floor,1.3904797228995267,floor,1.8434622726406245,ambiguous
801,22,0.1094261529535914,0,6.075188573914691,4.050595327427513,0.4816218503256912,0.0737452465925059,19,35.42317420557926,6.666644574647904,4.641565222489207,0.3399139307689963,0.0,19,28.972339931287262,6.058025853193402,4.034619519585057,0.5161829189977754,0.0737754947058348,19,28.89897205955104,8.774476339029158,7.541324590381823,0.4796182247827317,0.0523274346797875,19,31.726169786955182,-0.6086187214545022,2.7164504858357565,2.699287765114468,6.370916574281297,-0.3128907210878955,2.403559764747861,0.2860305730891294,2.7164504858357565,646.7105396515444,3.1371395260245203,0.0049567912902914,2.998232704746908,0.1232898258361365,2.7400774849214136,-0.2089869573864358,2.834766185620084,-0.2013875273727352,4,ok,0.1832429413732729,0.1709103247052744,0.1823055393209582,0.2216113350893321,-0.0052289062816845,18.01124656715721,1.4619076072001886,ok,1.1871269816202485,floor,1.3905066353925564,floor,3.243942269114452,ok
802,22,0.0797966917113752,0,6.539474477851268,4.507621563397921,0.2104179857939363,0.0,13,35.408729846660904,7.094479166163343,5.122098390872662,0.3590219792746302,0.0,13,28.95625627957857,7.599887176719598,5.754249884532048,0.395924376537813,0.0,13,28.882537841796875,8.080941574469621,6.428270706763635,0.2816379658891265,0.0,13,31.710303673377403,0.5054080105562546,0.4810543977500234,1.5414670966183532,6.816976822007305,0.7829103547122926,1.263964752462316,0.1311267545409441,1.5414670966183532,732.6065491529612,2.8904862663049533,-0.2129242697911939,3.094138279091933,0.2566054951668142,3.063262023281947,0.1439857309240211,3.008988838226752,0.0013747719670815,4,ok,0.2056127935647964,0.1446243931467716,0.2756056344279876,0.1772415385796473,-0.1004870410722035,18.47631100890854,1.4616455586671315,ok,1.1869425484709906,floor,1.3902865648715053,floor,2.0865453604236213,ok
803,22,0.1515646512014633,0,7.124484740858677,5.157609701156616,0.2955636928982643,0.0,29,35.40918468606883,7.141985373317309,5.17843509542531,0.3741950354872327,0.0,29,28.956773692163928,6.745323600629407,4.726420529957475,0.4039446901539807,0.0,29,28.883075253716832,9.588433419354375,9.095851092502988,0.430601087774584,0.0141569310196014,29,31.710815363916858,-0.396661772687902,2.843109818724969,2.463948678495698,7.133235057087993,-0.3879114564585864,2.4551983622663824,0.2936861285394462,2.843109818724969,759.1883973623144,3.033510776333717,-0.1307321798437439,3.043673907321637,0.1270457910559104,3.1509558359661543,0.1686991202491139,3.1481565514749508,0.0802017444578,4,ok,0.1943313314996916,0.1601334897608592,0.1900358272009882,0.1838272072631737,-0.0128034165707127,19.061296762822085,1.4616538074825887,ok,1.1869484793545908,floor,1.3902937584409443,floor,3.025189883452252,ok
804,22,0.0537714236416745,0,6.953229148565323,4.9581871430079145,0.5594642116124632,,6,35.40659968058268,7.234725735635558,5.290205876032512,0.3218649621458131,,6,28.95392640431722,6.222301244402839,4.1901553471883135,0.3308965825538598,,6,28.8801752726237,7.95488094044657,6.244362314542134,0.3344466480424147,,6,31.70800876617432,-1.0124244912327187,1.7325796960437303,1.0016517918812466,7.0939774421004405,-0.8716761976976013,0.8609034983461292,0.1425654668315799,1.7325796960437303,645.1001987258594,3.123100184035009,0.0783114699250999,2.6804172303670057,-0.0808944779175964,2.875138595239027,0.0165540715439438,2.563684803837797,-0.38578125255354,4,ok,0.1523251868784427,0.1987860600153605,0.1658240407705307,0.1456007622182369,0.0097315826763709,18.890180458477605,1.4616069291518394,ok,1.1869158440209526,floor,1.3902549428500854,floor,1.0414863816773632,floor
805,22,0.0635074404904297,0,6.234898148187521,4.202326721615261,0.3356118421754783,,9,35.40535227457682,7.761467680309816,5.972370862960815,0.444370463914474,,9,28.95254347059462,6.1127436274603655,4.085774209764269,0.2216618585288614,,9,28.87875662909613,8.542846882284818,7.14964845445421,0.5219693533492358,,9,31.70664405822754,-1.648724052849451,2.430103254824453,2.3079487340972973,6.998182914248669,-0.8854392867883032,1.5446639680361498,0.238917928383276,2.430103254824453,684.8262762626013,2.9952850820700974,-0.0802452438364338,2.863724017580884,0.0624415503080699,2.5890799575530803,-0.3013316695698274,2.91196218615039,-0.0679970123090685,4,ok,0.2459518603152699,0.1955867368314001,0.1788892646630605,0.2112398809856838,0.0418800339102744,18.17191666736496,1.4615843099424137,ok,1.1868999946754935,floor,1.390235956714121,floor,2.8783215930694066,ok
806,22,0.0431711042055543,0,6.909606782118417,4.908634305000305,0.2706515348147395,,4,35.40771484375,5.578767925984863,3.613073468208313,0.3544957836383403,,4,28.955162525177,5.183106419544616,3.298455595970154,0.2732146062323337,,4,28.881446361541748,7.262064807997236,5.3236130475997925,0.0166558933721153,,4,31.709227085113525,-0.3956615064402466,2.0789583884526195,0.3524580258788186,6.24418735405164,-1.0610809345070231,1.017877453945596,0.1984046309323048,2.0789583884526195,507.5759736299515,2.605229955568137,-0.4088171467451484,2.3994196596882285,-0.321921289608162,2.238081975807682,-0.5886754444595765,2.374050444348839,-0.5449224699743778,4,ok,0.1929971184581518,0.1816383004188537,0.2231219261884689,0.1334281824529171,-0.0358042167499661,18.84649800528348,1.4616271515813997,ok,1.1869300117363566,floor,1.3902719553824667,floor,1.0415000639125098,floor
807,22,0.0759200580353774,0,8.397465020496744,6.914272665977478,0.7399432605766576,,10,35.41212043762207,6.7165905753249335,4.69525363445282,0.4343307807960789,,10,28.96005706787109,7.295455918994622,5.364701867103577,0.3061456712445026,,10,28.88644371032715,12.22335897897728,16.685372161865235,0.4086929517804382,,10,31.71405429840088,0.5788653436696887,4.9279030599826585,3.825893958480537,7.557027797910839,-0.2615718789162171,4.666331181066441,0.5754453711814208,5.506768403652347,1018.6428958654404,3.1220320638291783,0.0385134992153575,2.8201433495266985,0.008474440377586,2.747863844670772,-0.1508180872502391,2.784208414679306,-0.2036744573788866,4,ok,0.2674635291099548,0.2138792909681797,0.1694702044129371,0.1564986079931259,0.0712012056261301,20.334118839108648,1.4617070537470298,ok,1.1869861189518036,floor,1.3903388516630948,floor,4.2959545650534325,ok
808,22,0.131258609600215,0,7.783958291720701,6.003379932471684,0.3464614065527303,0.0,28,35.41017886570522,7.623289231826028,5.785340479442051,0.4968244070443138,0.0527628470872267,28,28.957906314304896,7.390835846116277,5.483824968338013,0.3750585819227543,0.0,28,28.884255273001536,10.438666815248588,11.062841279166085,0.3945319530133858,0.0,28,31.711934566497803,-0.2324533857097517,3.047830969132312,2.654708523527887,7.703623761773365,-0.3127879156570881,2.7350430534752235,0.325341438129164,3.047830969132312,888.563302640404,3.257993829198087,0.0964114317456483,3.095131085019509,0.181962271807746,2.8840790061737422,-0.0954232060293871,3.1022084191048283,0.0368926667904498,4,ok,0.1976042227553469,0.2094330944653068,0.1763271769242627,0.1762470588354127,0.0271914816860641,19.720716740721734,1.4616718382369607,ok,1.1869614626722158,floor,1.3903095543720378,floor,3.202403077607277,ok
809,22,0.1159715025310717,0,6.59881475685589,4.5696346163749695,0.305243443793897,0.0,20,35.40907154083252,7.720007800473668,5.915626966953278,0.3708498672578273,0.0,20,28.956661987304688,6.904769702648686,4.903170216083526,0.5693533908994389,0.1227130297919756,20,28.882974243164064,7.490232933584825,5.61078068614006,0.3802536943054393,0.0,20,31.71070642471313,-0.8152380978249827,0.5854632309361394,0.8914181767289353,7.159411278664779,-0.2546415760160929,0.3308216549200464,0.1024195497136725,1.1211930436177786,686.4990484833718,3.1763198258290064,0.0402481287345164,2.76346321801642,-0.1165361549469277,3.0282876382187887,0.0751969136169008,3.004816060230011,-0.0351951825024183,4,ok,0.2249117527157068,0.1861842349171638,0.1620593532919883,0.1935351431369781,0.0434886405244469,18.535632875706856,1.4616517555010995,ambiguous,1.1869471989153992,floor,1.3902924063412458,floor,1.041516678636032,floor
810,22,0.1211496772019296,0,7.544640765038904,5.681513938903809,0.361710640488577,0.0,25,35.41112075805664,7.962762008708784,6.255704140663147,0.3499832719704279,0.0,25,28.95893508911133,7.765120793294965,5.977396697998047,0.4158584114834185,0.0,25,28.88528945922852,9.956134916777993,9.899505281448365,0.3859552962748958,0.0,25,31.712949752807617,-0.1976412154138183,2.1910141234830256,2.411494151739088,7.753701386873844,0.0114194064211217,2.202433529904148,0.2463404221411992,2.411494151739088,896.425800383091,3.0907368509044466,-0.0622531760099085,2.871565812870325,-0.0304310561315093,2.857742760956088,-0.1128636826186761,2.888080534447714,-0.1687122953454545,4,ok,0.1803294080495834,0.1569168809056282,0.1852643844485283,0.1952222749590873,-0.0166412399709224,19.481348456845787,1.4616889215089819,ok,1.1869732562295903,floor,1.3903233989380248,floor,2.976118782515941,ok
811,22,0.297742258464595,0,7.300370509746962,5.37077614130118,0.4789311818597506,0.0714926349626685,78,35.415062830998345,6.929700286268678,4.931397703977732,0.5320091075892858,0.0833275869888021,78,28.963313053815792,6.4037763237675085,4.368955612182617,0.4148126002826607,0.0,78,28.889753243862053,9.147322717662735,8.21735920661535,0.4611646976810136,0.0374748268001738,78,31.717265936044548,-0.5259239625011691,2.743546393895227,1.8469522079157727,7.115035398007819,-0.7112590742403109,2.032287319654916,0.2592991865498034,2.743546393895227,704.9634674107417,3.345133253647208,0.1058748407930991,3.0163073814355688,0.0021429108937676,3.0686143722953423,0.008693391147839,3.24376808194342,0.101404132267155,4,ok,0.2151986128435685,0.2167826816439628,0.1951904864265368,0.200573358971339,0.0208001608172288,19.236865749865427,1.4617604282183048,ok,1.1870234507683863,floor,1.3903831636167467,floor,2.424358102301297,ok
812,22,0.2442111402427939,0,7.962203066646349,6.254899076053074,0.3954905337946143,0.0079005024816392,56,35.41420568738665,7.968775866267047,6.264372676610947,0.3984358952977072,0.0,56,28.96239147867476,7.8355394731033154,6.075107221092496,0.3916401480329862,0.0,56,28.88884006227766,10.351489025055988,10.84298613667488,0.5103811980225339,0.0783827991329513,56,31.71635981968471,-0.1332363931637319,2.515949551952673,2.38928595840964,7.965489466456698,-0.1299499933533825,2.3859995585992904,0.2734886640939002,2.515949551952673,934.4235042610338,3.200423188006064,-0.0137123419270444,3.030139946908787,0.048640669882789,3.0038507968081536,-0.0300602080758523,3.158900603217744,0.0414564802291281,4,ok,0.2079271354845591,0.1998767894027488,0.1830109206161328,0.1860253111725407,0.0208910418275211,19.898744503776108,1.461744878991607,ok,1.1870128837337324,floor,1.390370936114866,floor,2.9553350595856673,ok
813,22,0.2298768091679858,0,8.22206360883757,6.640585318207741,0.3985345020864605,0.01000708805694,56,35.41615697315761,7.125099166410859,5.15833943443639,0.4327949106899148,0.0025046427417663,56,28.964577777045115,8.078067891566786,6.42401859164238,0.4779271833515234,0.0415308002326666,56,28.89108419418335,9.344954215857078,8.599940006222043,0.4571372913560989,0.0343107655939483,56,31.71851887021746,0.9529687251559268,1.266886324290292,1.1228906070195084,7.673581387624214,0.4044865039425716,1.6713728282328637,0.1836443959235055,2.2198550494462186,851.7177935583251,3.135707316664381,-0.0784282132687272,3.038338434716624,0.0568391576906259,3.0190281678771624,-0.0148828370068434,3.1629096031041173,0.0454654801155021,4,ok,0.1665232165583542,0.1848859785656844,0.1716154825740627,0.2017010503581592,0.0040891149879566,20.158499876434384,1.4617802777319684,ok,1.1870379532398145,floor,1.3904009860599211,floor,1.4498190979190673,ambiguous
814,22,0.0978368239047849,0,8.233726757169604,6.658442837851388,0.4631640071966596,0.0585461029248923,21,35.38813091459728,7.263636091530978,5.325539486748832,0.444303692342621,0.0110277805811334,21,28.93324107215518,9.467298312996704,8.845651626586914,0.3659942887191089,0.0,21,28.859637669154576,9.691624125425744,9.314561457861036,0.506586675566708,0.0750813982422107,21,31.68808283124651,2.203662221465727,0.2243258124290381,1.4578973682561394,7.748681424350291,1.7186168886464142,1.9429427010754523,0.2153463929234825,2.4279880338947653,1019.4956288167408,3.1684850038177896,0.0287141270493975,3.0795455946196526,0.1947364862339133,3.1551995835293165,0.1982790605792392,2.9680617427653555,-0.0756187809429072,4,ok,0.284778105361121,0.2051669139237631,0.2332350452031408,0.2206473212156977,0.0117374644393012,20.171672833186967,1.4612721773730357,ok,1.1866788926118677,floor,1.389980215579036,floor,1.983257779998515,ambiguous
815,22,0.0971503526011767,0,7.232294759304415,5.287245496114095,0.484970650000837,0.07656646933289,15,35.38657353719076,5.845887396357913,3.8422776063283286,0.3285758182738545,0.0,15,28.93144785563151,5.837544429864623,3.834903526306152,0.3429886022608563,0.0,15,28.857824071248373,7.0868681150717165,5.113129727045695,0.3276689674861777,0.0,15,31.686334482828777,-0.0083429664932896,1.2493236852070932,-0.1454266442326988,6.539091077831165,-0.7015466479665413,0.5477770372405519,0.1512551744578018,1.394750329439792,542.7439694801966,3.1795346378856806,0.0652744614752371,2.782648731195573,-0.0689909369417502,2.66886980605616,-0.2616392292926761,3.031509994700835,0.0131339805745214,4,ok,0.2251652364929517,0.1639440163969993,0.1987111886342366,0.1636529882748921,-0.0041565621892611,19.170324687860077,1.4612439634020304,ok,1.1866583629770628,floor,1.389955969253395,floor,1.0412431090895675,floor
816,22,0.1071625126011947,0,7.134673679792025,5.169724122337673,0.4524360849344276,0.049985068738747,23,35.3849283301312,7.22312663612004,5.276095690934555,0.4307709856180003,0.0010288966032443,23,28.929551829462465,5.934400019420249,3.921389683433201,0.4111529324199147,0.0,23,28.85590652797533,7.855129740639363,6.102572871291119,0.4887116469009831,0.0598607229103369,23,31.68448721844217,-1.2887266166997913,1.9207297212191143,0.7204560608473383,7.178900157956033,-1.244500138535784,0.6762295826833302,0.1522734284407937,1.9207297212191143,626.1462959102962,3.187005145674444,0.0403369575613155,2.730678984836493,-0.163098123381232,2.8291394293959176,-0.1349219501557947,3.0525549401199648,0.0020328527320061,4,ok,0.2039390718159468,0.1658225981113703,0.1791523725766202,0.180292643930601,0.0057284623870383,19.07279218457915,1.4612141606353604,ok,1.1866366583630652,floor,1.3899303356975103,floor,1.0412223875030715,floor
817,22,0.1094311560835911,0,6.2611362332119045,4.227792104085286,0.4965200239663447,0.0864462978577149,18,35.384582943386505,5.768921545565206,3.774784425894419,0.3736516912306301,0.0,18,28.929148991902668,6.344991578070065,4.310217221577962,0.6058495383404775,0.159078324293701,18,28.85554091135661,9.313711276108986,8.5382944477929,0.3587678884974709,0.0,18,31.684121555752224,0.5760700325048589,2.968719698038921,3.052575042897081,6.015028889388555,0.3299626886815101,3.298682386720431,0.3703947522779004,3.54478973054378,663.8521436552206,3.2219078589688874,0.0938244005816866,2.8949893887742486,0.0253764576871997,3.2068657458819207,0.2620453260781366,3.045024558493011,0.012936989359316,4,ok,0.2352144949966007,0.1815207658542527,0.2080153158555428,0.1966514227290948,0.0003523145698838,18.19927333257677,1.4612079042952828,ambiguous,1.1866320471806655,floor,1.3899254484495893,floor,3.5685735190051098,ok
818,22,0.103830948142288,0,7.690129115183964,5.875068187713623,0.3399413809290494,0.0,20,35.38621501922607,6.803605186481725,4.790275800228119,0.3811308902640645,0.0,20,28.931028842926025,6.41089313127865,4.376120913028717,0.5757758604590145,0.1289487092776051,20,28.857440280914307,9.714621375272092,9.364015793800354,0.4716605091918531,0.0458510877590292,20,31.68595247268677,-0.3927120552030754,3.303728243993442,2.0244922600881274,7.246867150832845,-0.8359740195541949,2.467754224439247,0.321501808612399,3.303728243993442,738.1879450976849,3.289202924324743,0.1531312272302529,2.709606950211324,-0.1703924227520241,3.048899580058059,0.0958088554561711,3.2332974365451,0.1932861938126704,4,ok,0.2044875260442495,0.2031228426843881,0.238988309726119,0.1893757749348878,-0.0351831253618002,19.62817834643185,1.4612374686775509,ok,1.1866535661810858,floor,1.3899508385764543,floor,2.6035934512020353,ok
819,22,0.1141998230352523,0,7.007337707112864,5.0203474005063375,0.4350621153636134,0.0365459335289095,30,35.38294766743978,5.491027343581395,3.5408109068870544,0.4503273913497458,0.0155779648910037,30,28.927265548706053,6.152749592836663,4.123585077126821,0.4025576439681123,0.0,30,28.85363521575928,7.341441493560977,5.421808191140493,0.464946534627587,0.040471227260592,30,31.682285753885903,0.6617222492552672,1.1886919007243142,0.3341037864481126,6.24918252534713,-0.0964329325104671,1.092258968213847,0.1630651912499543,1.8504141499795808,556.612414598465,3.2187651666074832,0.0519518577163706,2.809361354720392,-0.1106087772311674,3.0407491453604667,0.055831317330754,2.83270146826371,-0.23780291653684,4,ok,0.2150003544986248,0.2123689820369084,0.241191812356313,0.1818636202563842,-0.0275071440885464,18.945562841565756,1.4611782843330539,ok,1.1866104891236506,floor,1.389899976225624,floor,1.0411976951862278,floor
820,22,0.1003981066865996,0,7.627417010501167,5.790841805934906,0.511187285534485,0.0993284442916389,20,35.38047428131104,8.11398045301252,6.4773601531982425,0.49967652544466,0.0551626026224016,20,28.9244686126709,6.357643647740997,4.322792255878449,0.5111528846714548,0.069394118008625,20,28.850814723968504,10.03701228323462,10.085588121414183,0.4853316642200828,0.0570441133666324,20,31.679551887512208,-1.7563368052715225,3.6793686354936233,2.409595272733453,7.8706987317568435,-1.5130550840158463,2.166313551477777,0.3179529862237331,3.6793686354936233,814.3989915072918,3.177376458396836,0.0413047613023458,3.1017212643823786,0.2217218914190311,2.917255872696124,-0.0358348519057645,3.0089864729499745,-0.031024769782455,4,ok,0.2133995939046144,0.1954665396362543,0.2126940365880728,0.1802116114646196,-0.0082609698176384,19.56577528959494,1.4611334881167326,ok,1.1865784789580567,floor,1.3898622810365135,floor,2.9735455998588294,ok
821,22,0.1065405460617113,0,7.316208508838588,5.390398228168488,0.3952630750360624,0.0077437376527127,20,35.38219108581543,7.490233150424611,5.610780966281891,0.3862709025822283,0.0,20,28.92639398574829,6.615980370344321,4.587731969356537,0.4612050712745199,0.028215679524278,20,28.85279741287232,7.707249719328252,5.898274385929108,0.38279922900263,0.0,20,31.68146104812622,-0.8742527800802904,1.0912693489839311,0.3910412104896643,7.4032208296316,-0.787240459287279,0.3040288896966521,0.0906930700846638,1.0912693489839311,671.6462176203729,3.389496639165925,0.2534249420714349,2.825592000578029,-0.054407372385318,3.083599415143396,0.1305086905415078,3.103352445330473,0.0633412025980439,4,ok,0.2277850542217493,0.1434331707656383,0.1770073592662811,0.2175369638949632,0.0086017532274126,19.254474372065857,1.4611645810823584,ok,1.1866005138361928,floor,1.389888778628002,floor,1.0411884457251073,floor
822,22,0.0740734463765256,0,7.77722088354979,5.994073836008708,0.480360664579629,0.0726878180769663,15,35.38343251546224,6.774442363995846,4.758216913541158,0.413609411202399,0.0,15,28.927816772460936,4.749039899845904,2.984722709655762,0.3366787921651612,0.0,15,28.8542542775472,9.276290333990287,8.465040365854898,0.4902517848862676,0.0611506346784243,15,31.68286196390788,-2.025402464149942,4.527250434144383,1.4990694504404978,7.275831623772818,-2.526791723926914,2.000458710217469,0.3592244135959775,4.527250434144383,630.1850915869077,2.549275752192905,-0.5649844242175384,2.996765239603409,0.1451255714660853,2.5942140519946526,-0.3362949833541835,2.818811982870722,-0.1995640312555915,4,ok,0.1558918709556261,0.1502511565883954,0.2048043618599573,0.1622685194015503,-0.0517328480879465,19.715419916762258,1.4611870661979018,ok,1.186616798265588,floor,1.3899082505607754,floor,2.034504681842919,ambiguous
823,22,0.0583921157578373,0,6.818360805358163,4.806578954060872,0.2610031183916006,,6,35.38462893168131,7.743941029717394,5.9483169714609785,0.2122609910080986,,6,28.929198265075684,5.500026018037091,3.548155148824056,0.2087409138105639,,6,28.855627059936523,9.056976221958507,8.048178911209106,0.4823954358511563,,6,31.684191703796387,-2.243915011680304,3.5569502039214163,2.2386154166003447,7.281150917537778,-1.7811248995006874,1.7758253044207288,0.2961507532503433,3.5569502039214163,683.6980646848679,3.0653446706486696,0.0205559565387609,2.504391391777438,-0.256920316507164,2.3852152218758667,-0.4733693018192166,2.5983091137611534,-0.3511569426301841,4,ok,0.1653344246248404,0.1774848873416582,0.1362130412211021,0.1669924197097619,0.0351966147621472,18.756495428866028,1.4612087373217093,ok,1.1866326111934775,floor,1.3899266000013828,floor,2.811786086387189,ok
824,22,0.1387819923936704,0,,,,,0,,,,,,0,,,,,,0,,,,,,0,,,,,,,,,,,,,,,,,,,0,no_sar_data,,,,,,,,nan,,nan,,nan,,nan
825,22,0.1475317688724449,0,,,,,0,,,,,,0,,,,,,0,,,,,,0,,,,,,,,,,,,,,,,,,,0,no_sar_data,,,,,,,,nan,,nan,,nan,,nan
826,22,0.1827191352929136,0,7.282715365783256,5.348986928279583,0.5518863043878001,0.1370380554714718,39,35.43499363793267,,,,,0,,,,,,0,,,,,,0,,,,,7.282715365783256,,,0.0,0.0,,3.275838337348354,0.0891330569749149,,,,,,,1,partial,0.2327256481616925,,,,,19.218135993157702,1.462122173540288,ok,,nan,,nan,,nan
827,22,0.0996550657841638,0,7.846702320225097,6.090742400714329,0.4098374194563829,0.0179706352580262,14,35.432038170950754,,,,,0,,,,,,0,,,0.0,,,14,31.735610961914062,,,,7.846702320225097,,,1.0,0.0,,3.0317159756765664,-0.077313289295203,,,,,,,2,partial,0.1990271567233971,,,0.0491448055420603,,19.78228234800103,1.4620685091633887,ok,,nan,,nan,,nan
828,22,0.0949227479867554,0,8.462856618030303,7.019168398597024,0.4063802096876477,,11,35.43328510631215,,,,,0,,,,,,0,,,,,,0,,,,,8.462856618030303,,,0.0,0.0,,3.1058135823801,0.0150687768660899,,,,,,,1,partial,0.2041802406311035,,,,,20.39836939561365,1.4620911496421687,ok,,nan,,nan,,nan
829,22,0.1199940978419802,0,15.232597413334332,33.36258869171142,1.713117626767365,2.429449075913246,25,35.41168930053711,6.872440868580013,4.866806583404541,0.4352283170806645,0.0042881206462792,25,28.95962516784668,6.673899963241342,4.6493259716033934,0.4573404465772784,0.0252058962213943,25,28.886043243408203,11.308524714343957,13.516133460998535,0.4850146554942486,0.0567809460920725,25,31.713634414672853,-0.198540905338671,4.634624751102613,-3.924072698990378,11.052519140957171,-4.378619177715831,0.2560055733867816,0.82864604801899,8.558697450092989,1059.9065638065335,3.3820874027224983,0.2290973758081431,2.756065159833093,-0.1459317091687415,2.914311797584745,-0.0562946459900186,3.0434762930778843,-0.0133165367152843,4,ok,0.2534956628084183,0.1854277369379997,0.164911216199398,0.1640989422798156,0.0545504836738109,27.169274466367604,1.4616992336512487,ok,1.18698116742534,floor,1.3903334902439848,floor,1.0415495670169963,floor
830,22,0.2759170239354558,0,7.9107889830376354,6.181286854128683,0.6028429215126097,0.1883224853885521,62,35.398950084563225,7.548387888447455,5.686418104556299,0.5001478553389229,0.0555604994265082,62,28.94547643969136,7.553259703954006,5.692800576648405,0.4868105624001942,0.0487971230091777,62,28.871777134556925,10.183071999059344,10.43054977540047,0.4728844639954171,0.046840146135481,62,31.699866141042403,0.0048718155065508,2.6298122951053395,2.27228301602171,7.729588435742546,-0.1763287317885398,2.4534835633168,0.2846709258476795,2.6346841106118903,879.4587158666503,3.3076603244093907,0.085807819541769,3.014396956298997,0.0228639391013336,3.133677692855292,0.0917772253167061,3.2072938207288173,0.0821950954190544,4,ok,0.2371976899523888,0.2123605452718273,0.1978256087750196,0.1907594239399317,0.0269535088370884,19.848152398472315,1.4614682409649737,ok,1.1868190191762487,floor,1.390142567986004,floor,2.844271605615301,ok
831,22,0.1552055292175185,0,6.830106629865514,4.819596307618277,0.5048639154247692,0.0937286898708729,35,35.39985460553851,7.432336112534114,5.536478417260306,0.5531055266381802,0.1026564410140118,35,28.94661134992327,6.624102791601903,4.596320234026227,0.3830898445716008,0.0,35,28.87298093523298,8.330871468563123,6.809059776578631,0.443633526393036,0.0239043041033868,35,31.700955472673687,-0.808233320932211,1.7067686769612198,1.5007648386976085,7.131221371199814,-0.5071185795979112,1.1996500973633086,0.1586624442957041,1.7067686769612198,693.1942482658794,3.166609200305523,-0.0118915269667807,2.9509125521050183,0.0157462428547687,3.07182653893996,0.0748086077639547,3.171337561914896,0.0892402225397779,4,ok,0.1994229535971369,0.1569777871881212,0.1843742787837982,0.1921868136950901,-0.0061739083911691,18.767421322253433,1.4614846373199204,ok,1.1868320212503236,floor,1.3901586730046944,floor,2.0370437022036234,ambiguous
832,22,0.1907426589463837,0,6.55665399029865,4.525487806115832,0.4304916643396147,0.0330980077980274,42,35.4019342150007,8.227739974191216,6.649270446527572,0.5269795958202238,0.0788304211993677,42,28.94895830608549,7.226799956006419,5.280560169901166,0.6042710825672338,0.1574587968910312,42,28.875296638125462,10.139250757761944,10.325832497505914,0.3426283263210899,0.0,42,31.703184763590496,-1.0009400181847976,2.912450801755524,3.5825967674632926,7.392196982244933,-0.165397026238514,2.74705377551701,0.3330772659212292,3.5825967674632926,874.8629659243992,3.207195615721144,0.0148716064720826,2.9672166956879846,0.0140771234880099,3.1210395949659864,0.1097102793350321,3.0604428415484706,-0.0353660528340289,4,ok,0.2013077287092095,0.1818162209930874,0.1886386585732301,0.1684987859002181,0.0029233162779183,18.493856655989426,1.4615223374145208,ambiguous,1.6949835517707497,ambiguous,1.3901896563558123,floor,4.063256007628171,ok
833,22,0.1761717647857651,0,8.0768668299417,6.422242245008779,0.4580331385005769,0.054426567230873,43,35.39014745313068,7.451215904667747,5.560599169065786,0.4865903434564317,0.0442650457996658,43,28.93554319337357,7.365889858720442,5.452416029087333,0.5315855314328861,0.0874586711179234,43,28.86212721536326,10.195351779269874,10.460084138914596,0.5450164157610554,0.1096556830915986,43,31.69043066335279,-0.0853260459473048,2.829461920549432,2.118484949328174,7.764041367304724,-0.3981515085842817,2.43131041196515,0.2936071590190366,2.829461920549432,863.6278997798299,3.3009125974627223,0.1068045495817284,3.047842849684185,0.0923836405486331,3.253510443343367,0.2403340943677272,3.191050465321186,0.0934719518367863,4,ok,0.2129458143960597,0.2049391252356906,0.2227086814683537,0.2047443606479223,-0.0137662116524784,20.014704324028646,1.4613087128834323,ok,1.1867052511862264,floor,1.3900135024281697,floor,2.696046053012017,ok
834,22,0.2295308197255028,0,8.184139865486767,6.5828504151311416,0.5048423150532108,0.0937096807932724,58,35.38808270158439,7.485198540533561,5.604280371090462,0.4913989417070053,0.0482358121508172,58,28.933158775855755,7.232681816976001,5.287716733998265,0.5178687078039198,0.0752534884955677,58,28.859773241240404,9.29505970294448,8.501703804936902,0.4458637614162743,0.0256014890185438,58,31.688141428191088,-0.2525167235575596,2.0623778859684787,1.110919837457713,7.834669203010163,-0.6019873860341622,1.4603904999343165,0.1930269931640426,2.0623778859684787,797.8748852209799,3.279651839652993,0.0628557509948626,2.9313770692236307,-0.0535815108563317,3.094624314320177,0.0579588059222602,3.168022315212766,0.0479391375213782,4,ok,0.2149731277905661,0.1933456878338394,0.1814349426020836,0.1928205518373127,0.0227244652101192,20.12208853746852,1.461271303897403,ok,1.1866779504018923,floor,1.389982028157236,floor,1.4204964325869398,ambiguous
835,22,0.2177995484788423,0,7.633920257346325,5.7995196697758695,0.4934837021514208,0.0838263695052092,51,35.39878934972427,7.903522253938467,6.1709528109606575,0.5098383054585721,0.0638243244994005,51,28.94543157839308,7.3774762968577,5.466981820031708,0.5013944231680056,0.0610164354993134,51,28.871841729856005,8.577479116304737,7.206890302545884,0.5009181293338715,0.0701954065709409,51,31.699838301714728,-0.5260459570807674,1.200002819447037,0.9435588589584114,7.768721255642396,-0.3912449587846964,0.8087578606623405,0.1060088940618446,1.200002819447037,783.8864044699014,3.297821211125285,0.0907766532900034,3.156622088087602,0.1843426118511479,3.1209179857242395,0.0943483363896562,3.0870712078740623,-0.0233392559489051,4,ok,0.1847493508282829,0.1793764864697176,0.1962359879238932,0.1935347419451265,-0.0141730692748929,19.571292330774693,1.4614653273828078,ok,1.186818505239193,floor,1.3901434321476203,floor,1.0413946453732421,floor
836,22,0.2235762389395554,0,7.80733299192422,6.035778575930102,0.4211303421291844,0.0261495431104794,58,35.38610478105216,7.698159062737265,5.885941024484305,0.4688212584862101,0.0299307184846309,58,28.931171647433576,7.156357525330029,5.195600531224547,0.5605813263819217,0.11430910047426,58,28.857686536065465,9.069796730825692,8.071972489356995,0.6004774112660846,0.1640075313575679,58,31.68603203214448,-0.5418015374072356,1.9134392054956644,1.2624637389014737,7.752746027330742,-0.5963885020007131,1.3170507034949512,0.1703065510010157,1.9134392054956644,785.8015315799878,3.2290546551484,0.0122585664902699,2.980947067383549,-0.0040115126964135,3.047227258972524,0.0105617505746073,3.292508032152322,0.1724248544609343,4,ok,0.2001486423200574,0.1575293224947206,0.1823545892176957,0.1879673923269428,-0.0035156068103066,19.745388158370098,1.4612354716833873,ok,1.1866552009746514,floor,1.3899541306114285,floor,1.708775807099114,ambiguous
837,22,0.0835616443476218,0,7.421895942751907,5.523185051404512,0.2657475268077121,0.0,13,35.39463454026442,6.789470220159427,4.774710251734807,0.5558572142158376,0.1052329865382504,13,28.94078562809871,6.6476659436280965,4.621325877996592,0.3619257174733268,0.0,13,28.86735343933105,8.351114803276051,6.840872251070463,0.5455686408358816,0.1101709230880088,13,31.695334067711464,-0.1418042765313307,1.7034488596479544,0.929218860524144,7.105683081455667,-0.4580171378275706,1.245431721820384,0.1613614132560751,1.7034488596479544,673.8912749748964,3.2084586462610725,0.1050481101649252,2.9660432919869235,0.1285105080618045,2.869214363155131,-0.050061929202795,3.013554005925158,0.0059399396654882,4,ok,0.2513899728655815,0.1935460212138983,0.1761907413601875,0.2558052241802215,0.0462772556795523,19.3594917974422,1.4613900226787315,ok,1.1867652869579122,floor,1.390083394160245,floor,1.0413440887190857,floor
838,22,0.172346785243643,0,7.470853444699599,5.585799521207809,0.3536192271147238,0.0,40,35.39720392227173,7.323181942649254,5.399060502648354,0.7128652796842103,0.273426926676849,40,28.94366612434387,6.4920729174509,4.458690139651298,0.5485033991332483,0.1029515583887583,40,28.870261096954344,8.275918718425501,6.723445236682892,0.497510781230323,0.0672849068922505,40,31.698142766952515,-0.8311090251983533,1.7838458009746008,0.8050652737259023,7.397017693674426,-0.904944776223526,0.8789010247510749,0.1452504382580013,1.7838458009746008,682.882669429481,3.2829442885177347,0.0943194589425751,3.0305570377722955,0.0822272009947124,3.0917581412054345,0.0842586239226697,3.1989330187778027,0.1067934053711363,4,ok,0.2199457833543419,0.2286185344681143,0.2147095330059528,0.1787684455513954,0.0095726259052753,19.408310914536038,1.4614365901525208,ok,1.1867982808917286,floor,1.390122287116925,floor,1.0413756129335812,floor
839,22,0.2522914812459447,0,6.770036379081379,4.753392076492309,0.4307869542052875,0.0333196727310161,65,35.376905177189755,7.497034879160064,5.619575208884019,0.550874171473077,0.1005764975441403,65,28.921656447190504,7.115314755557886,5.146731066703796,0.4562534564194094,0.02436390798159,65,28.848015389075645,9.491582057312172,8.895250969666701,0.4649579900843512,0.040480340749611,65,31.676537997906024,-0.3817201236021779,2.376267301754286,2.721545678230793,7.133535629120722,-0.0182208735628357,2.35804642819145,0.26878590602213,2.721545678230793,790.14032416252,3.287100151175149,0.0616650202977981,3.069860239786585,0.0736690321945094,3.141231929239577,0.0956223325470224,3.1904739085947,0.0618215139258171,4,ok,0.2249231450832807,0.1847492541258151,0.18787377551198,0.1784371403547433,0.0169624240925678,18.708586764859763,1.4610688566721575,ok,1.186546299087316,floor,1.3898248739559105,floor,3.263256783898646,ok
840,22,0.377211274716872,0,6.914601840314858,4.914283241544451,0.4935055340186341,0.0838451500455506,105,35.38065298171271,7.758933144872396,5.96888641402835,0.5578733957471209,0.1071289568403301,105,28.92573776245117,7.309053800026213,5.381525221325102,0.5194001284790144,0.0766003193513329,105,28.85201032729376,9.4488908930352,8.808238983154297,0.5187026915843639,0.0857091204849733,105,31.680429930914016,-0.4498793448461828,2.139837093008987,2.534289052720342,7.336767492593626,-0.0277136925674135,2.1121234004415737,0.2414284498153054,2.534289052720342,814.2450546855018,3.266366927465056,0.0045714559154599,3.149154659810362,0.1056871277576658,3.2316084731674115,0.1483546458827049,3.3175765615221646,0.1528577094046892,4,ok,0.2315340573589007,0.202930476622922,0.1943961385105337,0.1969486082948389,0.0228361284803776,18.852950500210362,1.4611367244284434,ok,1.1865930034646412,floor,1.3898782593242287,floor,3.089957683815934,ok
841,22,0.1391359948060955,0,8.307006209050527,6.771745392254421,0.3510750430537249,0.0,28,35.36795793260847,7.221654923148355,5.274308059896741,0.5184003451005563,0.071257816886912,28,28.911980833326066,7.953122057748775,6.241833874157497,0.3747214017388006,0.0,28,28.83806950705392,10.92623237115358,12.37722361087799,0.4627735023367247,0.0387465135343516,28,31.666766507284983,0.73146713460042,2.9731103134048045,2.619226162103052,7.764330566099441,0.1887914916493338,3.1619018050541383,0.3616295698136579,3.704577448005225,959.3230461435658,3.254478335925482,0.0928959384730432,2.97879890270646,0.065630089494697,3.0791040469140785,0.099601834710949,2.8861305692620327,-0.1791851830523456,4,ok,0.1986375347312007,0.1600544190566454,0.171338234895042,0.2277677570070539,0.0080077419988811,20.246038067986035,1.4609068847265696,ok,1.1864356153043243,floor,1.3896920117811888,floor,3.1684434950208393,ok
842,22,0.110793449073212,0,8.559526295323883,7.177160024642944,0.4202390436016471,0.0254959391419935,19,35.368756344443874,7.405788947269355,5.502738751863179,0.4184216567523415,0.0,19,28.91283426786724,7.780805564086827,5.999023406129134,0.4778839778763832,0.0414957865247622,19,28.83894860117059,10.491700038799634,11.198761714132209,0.4773757157774355,0.0504914151906248,19,31.66762924194336,0.3750166168174722,2.7108944747128065,1.9321737434757509,7.982657621296619,-0.2018520572097921,2.5090424175030144,0.2995373396395416,3.0859110915302788,920.4022360789148,3.292140793470382,0.1599580587361533,3.0347386221321613,0.1597957432213901,3.009643092661592,0.0605786503537424,3.053153453049697,0.0169997400568777,4,ok,0.1724387909236707,0.2465839366379537,0.2170862759414472,0.1968032743193601,-0.0075749121606349,20.498515196234397,1.4609213354672512,ok,1.1864453759424105,floor,1.3897037524592022,floor,2.510572247371867,ok
843,22,0.1070242638186277,0,6.317861820166994,4.283375832769606,0.3850005222169199,0.0007646036551924,18,35.36952230665419,6.612916911262692,4.584496981567806,0.5209720375565926,0.0735147149611845,18,28.91365379757352,5.898174380743825,3.888816386461258,0.3855393362261347,0.0,18,28.83979246351454,7.495109953240712,5.617084993256463,0.3789603055481214,0.0,18,31.668459044562447,-0.7147425305188673,1.5969355724968874,1.1772481330737188,6.465389365714843,-0.5672149849710184,1.029720587525869,0.1394209743459502,1.5969355724968874,580.0709889895386,3.0388244350776628,-0.089259023309538,2.7961605244822088,-0.07345240660484,2.975047542408088,0.0302271226043031,2.7850160265963533,-0.2470715425373417,4,ok,0.1809866494602627,0.1836555049651199,0.1859246090882354,0.1799228609436088,-0.0036035318755441,18.256809507791328,1.4609351994258628,ok,1.1864547492135014,floor,1.3897150230961843,floor,1.5606715469248944,ambiguous
844,22,1.2317487681529955,0,6.412158948782664,4.377396586109469,0.4852167777345697,0.0767745927659526,397,35.29128983158909,8.785451380509775,7.560406347366064,0.4444932138588081,0.0111700078264058,397,28.825863677248247,6.244942534085498,4.212057133165355,0.4954214172973646,0.0559682524564928,397,28.7508928937936,9.02943156856957,7.997295746124662,0.4817768292991458,0.0541028864045765,397,31.58269128391064,-2.5405088464242773,2.784489034484073,2.617272619786907,7.598805164646219,-1.353862630560721,1.4306264039233518,0.2898682231995351,2.784489034484073,773.5052829011712,3.247387072062044,-0.1152447055903405,3.071482639899002,-0.1030939476957621,3.056579262872222,-0.1310714179296384,3.1773922972916626,-0.0873478493486539,4,ok,0.1958854842827812,0.1831050625338362,0.1830854478482185,0.1771447439807038,0.0064098255600902,18.355309980279685,1.4595218911043297,ok,2.6872161271078947,ok,1.3885303377856812,floor,3.164649143227295,ok
845,22,0.96710747267844,0,7.593939096761616,5.746374281195851,0.4271120304965461,0.0305718464863409,308,35.29953954126928,8.966577758001975,7.88238740431798,0.4402422357574341,0.0079944206548863,308,28.83504884893244,9.11029521647528,8.147596663275323,0.472659192888218,0.0372849586402086,308,28.76020015369762,10.216977448719016,10.512299965728412,0.4233010007822677,0.008823950288888,308,31.5916648406487,0.143717458473306,1.1066822322437346,2.6230383519573994,8.280258427381796,0.8300367890934854,1.93671902133722,0.2091860488588329,2.6230383519573994,1097.2234037185644,3.2900153155721896,-0.0533710500423119,3.074769568315564,-0.0747838119313168,3.1080784918183766,-0.0596472181168588,3.1907411114858952,-0.0549091745669829,4,ok,0.2121254465506448,0.1893709994271978,0.1984352307490907,0.1966870013479288,0.0023129922398305,19.536647454158228,1.4596706689028387,ambiguous,1.1855574918446323,floor,1.3886541160266277,floor,3.170202537100096,ok
846,22,1.099017665409186,0,6.924222989212685,4.925182173843171,0.4096522209462088,0.0178383578299239,359,35.29602732963881,8.181734245226277,6.57920508829664,0.448270263580205,0.0140171611767183,359,28.831185178836407,5.660182446228031,3.681444389906434,0.4412370541441766,0.0129371512728553,359,28.756281031871573,8.281961468274693,6.732806713136125,0.45214277249493,0.0304254595835107,359,31.58787086614328,-2.521551798998246,2.621779022046661,1.3577384790620073,7.552978617219481,-1.89279617099145,0.7289828510552114,0.2293975341447965,2.621779022046661,674.5042356848717,3.218458776763863,-0.1365446423603167,3.0127072268540687,-0.1519508411060148,2.997424482432886,-0.1823284811813423,3.0938116516309964,-0.1633617928505009,4,ok,0.2199934195716733,0.1902023408779858,0.18746437157263,0.1893184033422251,0.0176335086521996,18.86711982614212,1.459607321193386,ok,1.1855134814495558,floor,1.3886019880521494,floor,1.847494648395534,ambiguous
847,22,0.4381955625558037,0,7.132827516327246,5.16752696628413,0.4119262217473671,0.0194666953667588,121,35.29180318659002,9.835004433186418,9.627209956980934,0.4823970281910704,0.0408342302133657,121,28.826533940212787,7.516357119140413,5.64463301926605,0.610187162886013,0.1635505721204024,121,28.751563237718315,9.59584674592639,9.111390801500685,0.5349241936635171,0.1003312899767154,121,31.58330974105961,-2.3186473140460047,2.079489626785977,2.463019229599145,8.483915974756831,-0.967558855616418,1.1119307711695594,0.2703308786388446,2.7021769168591723,966.4581079591404,3.245615026183727,-0.0269337474923454,3.1579633359083177,0.1005141801701632,3.1565888844803145,0.0622020541105965,3.2413543633102937,0.0659691228585508,4,ok,0.2058815288642221,0.1888654484482836,0.1989313420677973,0.1955099879833292,-0.0015578534115444,19.07595100546946,1.4595311473385253,ok,3.044486521534175,ok,1.3885392507991208,floor,3.0212811637541983,ok
848,22,1.5358885159158298,0,7.096330840842574,5.124282734098978,0.4184466375310005,0.0241857306188122,509,35.29823639725421,9.966865591934384,9.923995511939342,0.4657117820646005,0.027477119005892,509,28.833740571627214,6.143135744356224,4.114466914844888,0.4873590419415445,0.0492501480715186,509,28.75886627826803,9.29719956464846,8.505893808216852,0.461088456332159,0.0374146713995375,509,31.5903352164098,-3.8237298475781607,3.154063820292235,2.2008687238058844,8.53159821638848,-2.388462472032256,0.7656013482599793,0.3438974228666905,3.8237298475781607,869.5015782410596,3.2563985272585514,-0.1250749488730451,3.0564353035386964,-0.1426395762674048,3.067768011208139,-0.139389671706072,3.1378466087696326,-0.1455829479228416,4,ok,0.2122653464188393,0.187898770691955,0.1844206591647242,0.1859957465137152,0.0156613993906729,19.039109133095398,1.4596471635740305,ok,3.2200117306128666,ok,1.388636373071027,floor,2.7733827124357164,ok
849,22,2.03901545558419,0,6.501257671139281,4.468129657526198,0.4994177257942874,0.0889616029762154,681,35.311504683305515,8.693968564430975,7.402814320880761,0.4889033111611721,0.0461701369508289,681,28.84858510357693,6.48471681686609,4.451144381416702,0.5075448379227713,0.0662777788813091,681,28.77382781467073,10.627563968145058,11.554639409467162,0.4837558413323603,0.0557376287468969,681,31.60480468738797,-2.2092517475648847,4.142847151278968,4.126306297005777,7.597613117785128,-1.1128963009190382,3.029950850359929,0.4171692445556288,4.142847151278968,889.2454932504902,3.2572480539007023,-0.1462971672475195,3.1247132548984715,-0.1030596777730847,3.041873314128385,-0.1881354709376617,3.231188415986047,-0.0741344903764416,4,ok,0.21170782252993,0.1842469561150333,0.1905899165299407,0.1915694167358847,0.0073874727925408,18.44332374652835,1.4598865596347304,ok,2.477311419431559,ok,1.3888354576801138,floor,4.586687306056335,ok
850,22,0.2160738294679637,0,8.751995507201537,7.502388517811613,0.414390444293649,0.0212414210108526,53,35.34240751446418,8.800500869359519,7.586650663951658,0.5324089192760469,0.0836869136548967,53,28.88316982197312,8.476459727167093,7.04118852795295,0.4156592204095685,0.0,53,28.80860181124705,10.336010476558698,10.804409787339983,0.4158765036719014,0.0034936119164372,53,31.6384610230068,-0.3240411421924261,1.8595507493916053,1.5840149693571617,8.776248188280528,-0.2997884611134349,1.5597622882781703,0.1820182448186377,1.8595507493916053,1043.0262015135784,3.2489277224692104,0.0389667226298668,3.1655895598078687,0.1895180767886,2.9808618282070576,-0.0487272432033294,3.198921573864331,0.0856182402415748,4,ok,0.1817375802487697,0.1953044679929625,0.1741511435862982,0.1879985454790997,0.0143698805345679,20.692401420072084,1.460444739194548,ok,1.1861063554666615,floor,1.3892987620300528,floor,2.1348234074169685,ok
851,22,0.1723727727382348,0,7.628535148627184,5.792332912746229,0.3623087160421668,0.0,38,35.3409309387207,7.304516006510741,5.375905187506425,0.4906762395113237,0.0476365375764424,38,28.881526344700863,6.807200018983497,4.7942425483151485,0.4693299612204052,0.0346259659663938,38,28.80693074276573,8.960864452984662,7.872024649067929,0.4667305402407544,0.041893213942715,38,31.636838812577096,-0.4973159875272435,2.153664434001165,1.3323293043574784,7.466525577568962,-0.6593255585854649,1.4943388754157,0.1947064857033985,2.153664434001165,737.3457001761386,3.2012549092386298,0.0165190420237317,3.03248156873612,0.0892082260111135,3.1227914402739274,0.1193182052852015,3.151660331368136,0.0633782477010802,4,ok,0.2085306740512973,0.2061042715060083,0.1753275589527268,0.2289804031974391,0.031989913825926,19.569020429312566,1.4604180493062837,ok,1.186087587925427,floor,1.3892764791088494,floor,1.812834746720295,ambiguous
852,22,0.2023717315828386,0,7.891418319755265,6.153778101007144,0.4771629316946477,0.0700191383649104,48,35.33933933575948,9.835969296701109,9.629349052906036,0.3858949112912117,0.0,48,28.87975486119588,5.714993662713016,3.728201409180959,0.5193930046806439,0.0765940450133371,48,28.805129090944927,10.358762544116573,10.86116107304891,0.5471751559084987,0.1116728093942003,48,31.635088602701824,-4.120975633988091,4.643768881403557,2.467344224361308,8.863693808228186,-3.1487001455151704,1.4950687358883863,0.3715405956683313,4.643768881403557,914.2826139057676,3.282910049622373,0.0804619380704561,2.9460226619971177,-0.0202804377301903,2.927538989583111,-0.094271912154602,3.162605813332438,0.0567546449183904,4,ok,0.1842162865990152,0.2178274458274245,0.1957136932760477,0.1798911171499639,0.0053081729371721,19.83198914625959,1.460389282418594,ok,2.1563606239532747,ambiguous,1.3892524570441267,floor,3.0265481838090933,ok
853,22,0.1769559924810128,0,8.394421270669728,6.909428500547642,0.4427204886415037,0.0424049981232925,41,35.337743991758764,10.131930851162878,10.308443267170976,0.4614278251299772,0.0241235135080351,41,28.87798448888267,6.092452121102991,4.066728807077175,0.427812732857191,0.0030456043291644,41,28.80332830475598,10.02709275283539,10.062578358301302,0.4555425196143289,0.0330655318564074,41,31.633339765595228,-4.039478730059886,3.934640631732399,1.6326714821656625,9.263176060916305,-3.170723939813312,0.7639166919190874,0.3261788393219628,4.039478730059886,938.3001995304736,3.3704495397919123,0.1799525621691948,3.0589048095988605,0.1081407745465008,2.967607450655722,-0.041830320546063,3.1378852820652745,0.0438886522872996,4,ok,0.1669432484522098,0.1868724495899386,0.1894188878558031,0.191312372593618,-0.0125110388347288,20.33507783901321,1.4603604501826564,ok,1.8255938724662626,ambiguous,1.3892284487239195,floor,2.190549276338058,ok
854,22,0.1548547591093758,0,6.446980750212608,4.412635707493984,0.340964075762347,0.0,33,35.34372526226622,7.779960119447705,5.997855684973977,0.4505038948585735,0.0157122162054601,33,28.88468719251228,6.23138565471605,4.198929331519387,0.3866654820980844,0.0,33,28.810140667539656,11.875779313130757,15.402028806281812,0.3888575043976507,0.0,33,31.6399325168494,-1.5485744647316553,5.644393658414705,5.428798562918146,7.113470434830157,-0.8820847801141074,4.762308878300598,0.614861896544223,5.644393658414705,941.206918646892,3.04704359255274,-0.1269959572385617,2.9131441654755914,-0.0162216460298925,2.966704495254249,-0.0256947334920636,3.0700021668730373,-0.0076700525825632,4,ok,0.1941640343178402,0.1686645064390066,0.199892009749557,0.1975511707591288,-0.0184777393711335,18.38731582881062,1.4604685598264278,ok,1.1861236843371668,floor,1.389319283640676,floor,5.993426777072374,ok
855,22,0.0850496792683054,0,9.150160751525236,8.222730853340842,0.3157128580158729,,11,35.34631312977184,7.37901938246575,5.468924630771983,0.3742771135547617,,11,28.88757792386141,6.420815003115487,4.386130007830533,0.3524893565668821,,11,28.81307810003108,8.846204608663326,7.666911688717929,0.5928577227786967,,11,31.64278186451305,-0.9582043793502636,2.4253896055478394,-0.3039561428619084,8.264590066995492,-1.8437750638800048,0.5816145416678342,0.243749989634867,2.729345748409748,726.5285414240577,3.2861677378345897,0.19542293232058,2.750134574783651,-0.0709300139193862,2.6403879770358434,-0.2657753556017681,2.997386250707688,0.002335543994445,4,ok,0.190385453402996,0.2091796642000025,0.1943292184309526,0.2050646956671368,0.0054533403705466,21.090356711732852,1.4605153446372339,ok,1.1861567011430967,floor,1.3893584606048572,floor,1.0407550672347825,floor
856,22,0.0958608547615176,0,8.002169890647492,6.312726721167564,0.4091291859141598,0.0174651046331679,16,35.34495782852173,6.071815866009615,4.047450877726078,0.4027211587618878,0.0,16,28.886048793792725,6.362028313063069,4.3271587789058685,0.469823984014295,0.0350193448069844,16,28.81152641773224,7.816180693909188,6.048087552189827,0.3032935005488315,0.0,16,31.64128398895264,0.2902124470534541,1.4541523808461188,-0.185989196738304,7.036992878328554,-0.6749645652654843,0.7791878155806344,0.1940268293317458,1.930354024637877,613.087614711374,3.165176966517352,0.0460235992427264,2.719945387571641,-0.1380564893532194,2.719879906997538,-0.2156950986314738,2.757033852093911,-0.2661958035777791,4,ok,0.1714020068757236,0.2127345679327845,0.2136930613778531,0.1947322385385632,-0.021624773973599,19.94243871070048,1.4604908420530354,ok,1.1861392354107623,floor,1.3893377648621457,floor,1.0407383011758384,floor
857,22,0.1381011761068543,0,7.461382844683236,5.573631916727338,0.5810377094152107,0.1658229776489252,28,35.35422529493059,8.186838615441886,6.586942336388996,0.6363448325957362,0.186254561692718,28,28.896223953792028,7.192777919870492,5.239354593413217,0.484424069797054,0.0468319016576621,28,28.82190588542393,9.009649088117946,7.960950229849134,0.4880779194003221,0.0593311357234787,28,31.651350225721085,-0.9940606955713936,1.816871168247454,1.5482662434347103,7.824110730062561,-0.6313328101920685,1.1855383580553855,0.1670526700429574,1.816871168247454,806.1891913775887,3.145592907492656,-0.0159894899597827,3.111218731312034,0.198049918100271,3.038803870047173,0.0593016578440437,2.9948045791585978,-0.0705111731557806,4,ok,0.2119861567126853,0.2307847791484424,0.2239588097270046,0.1709995780672346,-0.0025733417964407,19.401153380699217,1.4606584219361076,ok,1.1862554817191286,floor,1.3894762333422601,floor,2.0931138879385047,ok
858,22,0.1427771999474367,0,7.327738682916253,5.404728322193541,0.3838739224331879,9.633340397385837e-06,29,35.35752487182617,7.266052923805275,5.328503953999486,0.3380272584791124,0.0,29,28.90001139147528,6.49418997082242,4.460864145180275,0.4590324616914209,0.0265205267114487,29,28.825765675511853,8.914118660922522,7.787747572208273,0.4174544908739627,0.0046186181139535,29,31.6550560655265,-0.7718629529828549,2.419928690100102,1.5863799780062688,7.296895803360764,-0.8027058325383436,1.6172228575617584,0.2151314709057354,2.419928690100102,711.3266680939444,3.170793646598053,0.006550690420592,3.1446675950945515,0.2280394788288244,2.995856210114382,0.0135994943973418,3.0597021891565177,-0.008252617860633,4,ok,0.1915514605312512,0.166558316812433,0.1903042926870543,0.1885315805416682,-0.0112494040152122,19.267331769288504,1.4607181053716725,ambiguous,1.1862987667475642,floor,1.3895277439879514,floor,2.137983335904688,ok
859,22,0.3577326280991809,0,7.889327325016201,6.1508159587257785,0.4607804866192448,0.0566266848814895,95,35.35655561748304,7.087834613109073,5.114267752045079,0.4736171526351436,0.0337470343228418,95,28.898871351543225,6.931231299867024,4.933136470694291,0.4558188796286035,0.0240278431761162,95,28.82460616262336,9.245136240341276,8.404533721271314,0.5455133760563834,0.1101193361509589,95,31.653965156956723,-0.1566033132420488,2.313904940474252,1.355808915325075,7.488580969062637,-0.557349669195613,1.7565552712786392,0.2246421018384035,2.313904940474252,754.680468115681,3.167964407638774,-0.0862429218766589,3.0580844021682743,0.0244830995905456,3.115966549024002,0.0405688023815233,3.233633278816693,0.0764412374146616,4,ok,0.1897818259894848,0.1928441965266278,0.1922293741844202,0.1998500237339421,-0.0009163629263639,19.828972539662672,1.4607005722884696,ok,1.1862857368342075,floor,1.389512268699694,floor,1.8466329136714859,ambiguous
860,22,0.1652701677622877,0,8.08938685029013,6.440783262252808,0.4668483161629337,0.0615325136189046,38,35.36234554491545,7.722082231485662,5.918453273020293,0.3643571769032069,0.0,38,28.905001238772744,5.307875600701656,3.394591817730352,0.3752729423824571,0.0,38,28.830967100043047,8.29167471560069,6.747881876794915,0.4444450510730074,0.0245208806901588,38,31.660132859882555,-2.4142066307840064,2.9837991148990346,0.2022878653105611,7.905734540887895,-2.5978589401862395,0.385940174712795,0.2349449312446683,2.9837991148990346,645.3745108560512,3.4345226380435623,0.2497867708286643,2.914366127164341,-0.0289072155606651,2.833840546757436,-0.1696326882312897,3.064276891646717,-0.024005192020339,4,ok,0.210016035131718,0.1778605872471081,0.1819057901831049,0.1775558831072167,0.0120325210063081,20.028720644273868,1.4608053201899562,ok,1.1863558063452375,floor,1.3895971753697098,floor,1.0409493720760126,floor
861,22,0.2813159238431733,0,8.641579079546712,7.314049714320415,0.4046258030527419,0.0142710869176843,74,35.37209727313068,7.047352475997645,5.066817333569398,0.4715209019057028,0.0320741719276611,74,28.91590721542771,7.987745525527918,6.291794834910212,0.4101178891649752,0.0,74,28.842076920174264,10.223645048829928,10.528451597368395,0.4705333691315049,0.0449425309929012,74,31.670833871171283,0.9403930495302736,2.2358995233020096,1.5820659692832155,7.844465777772179,0.1432797477557397,2.3791792710577493,0.2775910582633755,3.176292572832283,903.1241694970712,3.2881129052759253,0.0528458425675411,2.9699252599461934,-0.039049590228017,2.948109555911457,-0.1076791398261254,3.284811099091025,0.1464062393883898,4,ok,0.1930372127004571,0.1963581543516468,0.1762692885020294,0.1866955054370132,0.0184283950240225,20.580388210223962,1.46098181030554,ok,1.1864805244203362,floor,1.3897455367605887,floor,2.133368746865936,ok
862,22,0.0445838206628545,0,8.42127704399346,6.952287197113037,0.3244252205367109,,3,35.36377207438151,4.268690055579313,2.6722002824147544,0.0998001595768771,,3,28.906522115071613,9.372415758628703,8.654491901397705,0.3210752659705398,,3,28.832569122314453,11.22126370674951,13.24726947148641,0.4675398230594573,,3,31.66164461771648,5.103725703049392,1.848847948120804,2.7999866627560497,6.344983549786386,3.0274322088423187,4.876280156963123,0.480588005235764,6.952573651170196,1036.7593909502032,2.2873694035171663,-0.7048661781120731,2.2550904906969724,-0.4378907537733942,1.803250939472211,-1.000924791541996,2.4383522890460783,-0.4589853966710224,4,ok,0.2842775185902913,0.2211635261774063,0.2536909530560176,0.1713945940136909,-0.0009704306721687,20.360534099531375,1.460831132704073,ok,1.1863731945613165,floor,1.389618563719824,floor,3.3352568272020062,ok
863,22,0.0540851186411419,0,9.472748775761158,8.856760025024414,0.1048003466616282,,2,35.36392784118652,7.581313570417524,5.729693055152893,0.40152671940658,,2,28.90670585632324,8.459762685085682,7.014169692993164,0.1055032300057029,,2,28.83274936676025,11.018682577625132,12.643527507781982,0.3187742025946837,,2,31.661821365356445,0.8784491146681583,2.55891989253945,1.545933801863974,8.527031173089341,-0.0672684880036591,2.4916514045357907,0.3043941965921096,3.437369007207608,1041.3710179924965,2.718272904392325,-0.2432210654402919,2.626169438932286,-0.0268410465498694,2.6494826944793743,-0.1228659331070076,2.804310873925285,-0.0625336697236949,4,ok,0.3878905028104782,0.1658087782561779,0.1661818921566009,0.1135417893528938,0.1106677483767271,21.41199745176502,1.4608339513558926,ok,1.1863752953706648,floor,1.389620970244577,floor,2.090611897355112,ok
864,22,0.2108669190976667,0,7.268446354085352,5.331441342830658,0.3824421064056755,0.0,48,35.36941011746725,7.509024965384876,5.635111277302106,0.3452235289632699,0.0,48,28.912736773490906,5.632166776415314,3.65777239203453,0.4179408050271775,0.0,48,28.83896108468373,9.87583213663066,9.718141396840414,0.3608567411478965,0.0,48,31.66776394844055,-1.876858188969562,4.243665360215347,2.6073857825453093,7.388735659735114,-1.7565688833198,2.4870964768955472,0.3661595259975131,4.243665360215347,732.7607484385371,3.1577711922757064,-0.0446769192762106,3.006815984658957,0.0405128849316493,3.02400670957774,0.0021958078400263,3.028755001167674,-0.0770961672463736,4,ok,0.2020308615950246,0.1838966763267914,0.1637065717950463,0.1823030606222649,0.0292571971658617,19.207400078222836,1.4609331687625733,ok,1.186444260888382,floor,1.3897039191856448,floor,3.1575262235173334,ok
865,22,0.1791520649677305,0,7.415798736019907,5.51543630623236,0.4312167642438726,0.0336425894116767,41,35.37125043171208,6.039717129658709,4.017646417385194,0.427253142421824,0.0,41,28.914804598180257,5.865544318529019,3.859707838151513,0.4018448783643706,0.0,41,28.841043890976323,7.75015356277542,5.956832059999791,0.4579813183859508,0.0349715619592392,41,31.669791663565288,-0.17417281112969,1.884609244246401,0.3343548267555132,6.7277579328393085,-0.8622136143102894,1.0223956299361117,0.1889203699495442,1.884609244246401,577.0271538030811,3.2095802521155656,0.0190832744928481,2.822800356757738,-0.1279636782946216,3.088180975741899,0.0787432045401135,2.964767930117956,-0.1292286996600196,4,ok,0.2206227899324603,0.1743759304830213,0.1796818984354414,0.1924117887165488,0.0178174617722993,19.354653436032333,1.4609664805110085,ok,1.1864679120148847,floor,1.3897317380700431,floor,1.0410576088428096,floor
866,22,0.1765165936370752,0,7.728523463862725,5.927237731218338,0.50987284730396,0.0981586855822227,40,35.37324857711792,8.75007211161756,7.499066609144211,0.4137705181186955,0.0,40,28.91704607009888,9.545061044772025,9.005464208126067,0.5498810823528484,0.1042345711567533,40,28.84327988624573,10.611835459677652,11.512868547439576,0.4292326173014845,0.0131502687303721,40,31.67198791503906,0.794988933154464,1.0667744149056286,2.8833119958149283,8.239297787740142,1.305763257031883,2.372537671937512,0.2425957041604676,2.8833119958149283,1164.9478237628937,3.187677920001891,-0.0009469095732685,2.9905606736851573,0.0422308369075743,3.098405848715786,0.0909063314330214,3.2692789345560684,0.1771393211494021,4,ok,0.2085323740728199,0.1740404466167092,0.1766405407339334,0.203594764880836,0.0146458696108311,19.667270639498284,1.4610026526068058,ok,1.186493552074265,floor,1.3897616062981322,floor,3.412269361258576,ok
867,22,0.3015272102139709,0,7.124047302469624,5.157090232696063,0.4735493078284445,0.0670248279788583,81,35.37910555615837,6.439729264625113,4.405274005583775,0.5386224677952759,0.0893059731997023,81,28.9234049997212,7.161487083984184,5.201740807957119,0.4180514772897573,0.0,81,28.84978579297477,9.636104797878154,9.196243874820665,0.5162818108901003,0.0835655333734364,81,31.678367379270952,0.7217578193590715,2.47461771389397,2.51205749540853,6.781888283547368,0.379598800436816,2.854216514330786,0.3135058761934046,3.196375533253041,763.0913228112975,3.205502932603927,-0.0366168818571885,2.899917015774508,-0.1179678971031994,3.060611864329069,-0.0022715550112413,3.18908685054444,0.0438846266002661,4,ok,0.2130935713648796,0.203938378320064,0.1842758551607897,0.2003704827784756,0.0242401196816821,19.06247925605924,1.461108701087552,ambiguous,1.1865663073949544,floor,1.3898485309706192,floor,3.0692342725235973,ok
868,22,0.1845603474599867,0,9.101556139933804,8.131218172783075,0.4107006086906747,0.0185879540737288,43,35.392821378486104,6.451162632746427,4.4168867427249285,0.3781893860838375,0.0,43,28.93860528635424,7.012624410492205,5.026462432950042,0.3310898157205392,0.0,43,28.86524683930153,9.436210841493793,8.782559164734774,0.3739071102598295,0.0,43,31.69337157315986,0.5614617777457784,2.4235864310015858,0.3346547015599874,7.776359386340115,-0.7637349758479095,1.6598514551536765,0.2874444455055108,2.985048208747364,760.2471068002457,3.3024108922748443,0.1083028443938505,2.9661802493449305,0.0107210402093786,2.856146293626197,-0.1570300553494426,3.0064250914257378,-0.0911534220586625,4,ok,0.2191559195865032,0.2068116626767225,0.2097659386521162,0.1894494846116664,0.0032178524794966,21.03924964215323,1.4613571644929804,ok,1.1867403159853829,floor,1.3900552197811276,floor,1.0413220647351695,floor
869,22,0.2184641327689296,0,8.204179782810975,6.613296256615565,0.5224208550548531,0.1094483970283681,52,35.39072777674748,6.62408217524732,4.596298414927262,0.4516315305693453,0.0165711551620948,52,28.93628230461708,6.281323883019429,4.247490227222443,0.3954413779606691,0.0,52,28.86288965665377,9.062115068167692,8.05770766047331,0.4878211368600157,0.0591167458380552,52,31.69108423819909,-0.3427582922278915,2.780791185148264,0.8579352853567173,7.414130979029148,-1.132807096009719,1.6479840891385449,0.2634319503002048,2.780791185148264,689.6443839760927,3.2586137658957925,0.0500969648383065,2.9769639242547896,0.0027702127012001,2.8756667773312814,-0.1524271003883974,2.969373920957258,-0.1424968866508855,4,ok,0.1847178266885188,0.1845421384160335,0.2126263041908924,0.1807793481991841,-0.0279963216386162,20.141986027466196,1.4613192278218434,ok,1.1867137144354736,floor,1.3900236976070726,floor,1.041296397965463,floor
870,22,0.3066656538975378,0,8.28076193001461,6.730947342514992,0.4264765073652066,0.0300990385881461,80,35.39423546791077,7.207056218636953,5.256608365476131,0.4911100564189288,0.0479961586905803,80,28.94022841453552,8.609949090296139,7.260974457859993,0.4358407894664497,0.0089242488057483,80,28.866853880882264,9.933343842084003,9.847690349817276,0.422195187498497,0.0080240656439254,80,31.694911193847656,1.4028928716591862,1.323394751787866,1.6525819120693956,7.743909074325781,0.8660400159703574,2.1894347677582235,0.227860518665685,2.7262876234470523,941.6713753856718,3.1748593464147388,-0.0663186156410899,3.047069034176754,0.0304087335849359,3.045047178135799,-0.0168611318278424,3.228054033524405,0.0837860494435025,4,ok,0.2017659859731793,0.1855765799060464,0.1803402959834784,0.1730735260061919,0.0133309869561344,20.21837927724254,1.4613827904221666,ok,1.1867589050505765,floor,1.3900767126238274,floor,2.2145182484946333,ok
871,22,0.1029649260945853,0,7.062273484942992,5.084255282084147,0.42186725020165,0.026690975751211,15,35.39977188110352,8.401382944100854,6.920513089497884,0.4206628992481389,0.0,15,28.946607462565105,7.592294570458434,5.744198735555013,0.4838939397216187,0.0463966627877772,15,28.87305386861165,8.64924692507915,7.326974709828694,0.4263960571280164,0.0110738677050703,15,31.700958251953125,-0.8090883736424201,1.056952354620717,1.586973440136159,7.731828214521923,-0.1395336440634889,0.9174187105572278,0.1431826880955063,1.586973440136159,824.7781288782755,3.207931171125037,0.0936709947145937,3.158385872557349,0.3067462044200253,2.9657224955128387,0.0352134601640026,2.837124165241878,-0.1812518488844352,4,ok,0.1975999707976977,0.2711929708719253,0.2036877398689588,0.1478511492411295,0.0307087309658527,18.999592633443967,1.4614831377342317,ambiguous,1.1868319767136097,floor,1.39015964877387,floor,2.1398356458843657,ok
872,22,0.1095806230143543,0,7.065602870471103,5.088154464960098,0.414099632043487,0.0210314280227827,16,35.40074968338013,8.792443133397127,7.572587728500366,0.4935800589635487,0.0500497722405726,16,28.94771134853363,7.214888822167963,5.266097337007523,0.3753724007814009,0.0,16,28.87413120269776,10.134474036279858,10.314481556415558,0.4717848045836952,0.0459514119491741,16,31.70200407505036,-1.5775543112291637,2.919585214111895,3.068871165808755,7.929023001934115,-0.7141341797661518,2.205451034345743,0.3001277158633819,3.068871165808755,909.1953728944064,3.047556732703904,-0.0715966345707208,2.9693916685142483,0.1113897915893873,2.890444622733237,-0.0451303828957745,3.111712145692944,0.0884824900212541,4,ok,0.2246532631106674,0.1574190859682858,0.1681299349293112,0.1565259790513664,0.0229062396101653,19.002869346873762,1.46150086321877,ok,1.8084160193157348,ambiguous,1.3901740627525774,floor,3.5840486900398503,ok
873,22,0.0843428088528327,0,7.964614646851249,6.25837330384688,0.3440611562872751,,11,35.40163456309926,8.198836099893654,6.605164072730324,0.4065009773241214,,11,28.94869821721857,8.061352777947123,6.39934136650779,0.4311404118477876,,11,28.8750979683616,10.71496989161481,11.789543498646127,0.6578746651706936,,11,31.702943801879883,-0.1374833219465312,2.653617113667688,2.7503552447635613,8.081725373372452,-0.0203725954253286,2.6332445182423587,0.2998714587432794,2.7503552447635613,993.4056912010368,3.0376747331643097,-0.0530700723496999,2.6429585346799094,-0.1781060540231278,2.775624580858844,-0.1305387517787672,3.053422580474577,0.0583718737613341,4,ok,0.2515241557901556,0.1863220022483305,0.1906367831609466,0.2468752623959021,0.0282862958582964,19.901833455052287,1.4615169049515884,ok,1.1868559313584937,floor,1.3901869980758073,floor,3.2905009797570446,ok
874,22,1.5232166940498553,0,9.099176541419764,8.126764113252813,0.4258558190786223,0.0296379468977354,506,35.36676007297199,9.386491086598657,8.68258630027884,0.4916931192572534,0.0484800007919925,506,28.91029678691517,7.97659664183907,6.275663723116336,0.4523788499753564,0.0213789172168266,506,28.83625276663557,8.455699507385217,7.0076104362491565,0.4749088889296471,0.0484816777055405,506,31.66517860427676,-1.4098944447595851,0.4791028655461478,-0.6434770340345466,9.24283381400921,-1.2662371721701398,-0.787134306623992,0.1248811791375876,1.4098944447595851,926.5900031239854,3.3555107852234025,-0.0255145035324573,3.15652864079702,-0.0419634982700576,3.0694027359555576,-0.1372909340091372,3.1082367901171186,-0.1747482016835762,4,ok,0.2130906049441914,0.1942603210642521,0.186849085452116,0.1767949592837467,0.0168263775521057,21.03827284802844,1.4608852053057662,ok,1.1864163562918402,floor,1.3896677501008896,floor,1.0410059083004586,floor
875,22,0.1411224451019989,0,9.15779020268238,8.237188799040657,0.3952537843080024,0.0077373363897137,28,35.38969693865095,7.659648976275299,5.833979485290391,0.4620343761318528,0.0245964558421041,28,28.93566424506051,8.935590894364614,7.82634681888989,0.4777567190531013,0.0413926743941528,28,28.861857414245605,11.011086838818716,12.62143351350512,0.377837872362976,0.0,28,31.69002171925136,1.2759419180893152,2.0754959444541026,1.8532966361363368,8.408719589478839,0.5268713048857752,2.6023672493398777,0.2870735313130901,3.351437862543418,1087.38514033705,3.312416802665303,0.1508344052128643,2.8313822475191417,-0.0817865656926213,3.030155094014737,0.0506528818116081,3.1980960816559447,0.1327803293415663,4,ok,0.203726502135396,0.1920901957367147,0.1899255711053099,0.1870181061593549,0.0079827778307454,21.095651955739363,1.4613005501767085,ok,1.1867066372759425,floor,1.3900098948082409,floor,2.430270107151488,ok
876,22,0.1752761834009421,0,6.995784148130997,5.00700949318707,0.4506280204356452,0.0485619626225801,32,35.378148436546326,6.909913092531675,4.908980526030064,0.4439198337338182,0.0107398980588215,32,28.92289799451828,6.736564244470356,4.716897342354059,0.410652258710056,0.0,32,28.849123656749725,9.744110974108867,9.42781598865986,0.3891171872604653,0.0,32,31.677679896354675,-0.1733488480613196,3.007546729638512,2.7483268259778706,6.952848620331336,-0.2162843758609804,2.7912623537775314,0.3280120457845633,3.007546729638512,758.3199153700843,3.1060277372125125,-0.0656787625427819,3.1023575467355515,0.1760252059964551,2.89472083536134,-0.0952629629485488,3.2333358856008685,0.1579778592549416,4,ok,0.2170469162520021,0.2003044518642127,0.2027581247966736,0.1932229795493185,0.0059175592614337,18.93426761847178,1.4610913690542382,ambiguous,1.186560505661079,floor,1.389839682928461,floor,3.2880030833634617,ok
877,22,0.1609711485552293,0,6.26218499196891,4.2288131783990295,0.4455482928978308,0.0445942641040499,34,35.37584013097427,8.336621702822404,6.818081217653611,0.4362737040056838,0.0050573701145404,34,28.920401348787195,5.525483119814315,3.569014496663037,0.40045524314064,0.0,34,28.84667738746194,11.699508316188355,14.789409413057214,0.4115914704745051,0.0004601448228285,34,31.67525319492116,-2.8111385830080886,6.174025196374042,5.437323324219447,7.299403347395657,-1.7739202275813415,4.4001049687927,0.6070702988298584,6.174025196374042,913.396210866816,3.204492481686934,0.0281895356482748,2.9258162252074915,-0.0064924920407514,2.8110619731123108,-0.1836805727944477,3.106691781490888,0.0267744597360417,4,ok,0.2025420198984006,0.1501396999639623,0.1130124490488978,0.18067092821002,0.0633284108822836,18.20079269884613,1.4610495723922656,ok,2.3323175472447897,ambiguous,1.3898069963296233,floor,6.004886701055078,ok
878,22,0.3386949417892075,0,7.372683534368084,5.460951926973131,0.4730871802974393,0.0666435428488525,90,35.3796194712321,7.609395363280223,5.766861699687111,0.4963597649914655,0.0523732012459046,90,28.92448245154487,7.732331072050544,5.932436621851391,0.4764127128517456,0.0403053628647571,90,28.85066081153022,9.929783478290265,9.839620481597052,0.4090093456862133,0.0,90,31.67918497721354,0.1229357087703206,2.1974524062397194,2.5570999439221787,7.491039448824154,0.2412916232263899,2.4387440294661094,0.265454998463571,2.5570999439221787,873.7228546798228,3.251041948404456,0.0009338952360504,2.96767058848761,-0.0606007662663961,3.0929264529662346,0.0217727288278211,3.166963926844112,0.0138380293012043,4,ok,0.2067154177361064,0.1937779066463311,0.1724268509282006,0.2115179157091511,0.0278198112630181,19.311087825840442,1.461118007674166,ok,1.1865786373289606,floor,1.3898602241898246,floor,3.1111359840031243,ok
879,22,0.2128233059311567,0,7.450846257007576,5.560125901482322,0.3985177784873824,0.0099954703252578,55,35.398067543723364,6.654674668052589,4.628789880058982,0.445457459703073,0.011894569660483,55,28.945016063343395,6.021034535765643,4.000400322133845,0.4213599261269971,0.0,55,28.87131295637651,9.639826480952904,9.204127966273914,0.402530805182535,0.0,55,31.69915781888095,-0.6336401322869465,3.618791945187263,2.188980223945329,7.052760462530083,-1.03172592676444,2.5870660184228225,0.3446010454771882,3.618791945187263,703.9811268936504,3.241599595269582,0.0288301949743683,2.947151740320003,-0.0325712720499913,2.998854260550456,-0.0336423764217852,3.2127590335217064,0.0966699983992507,4,ok,0.1867256443608891,0.1844555993649092,0.2149364602836695,0.1884344770149751,-0.0293458384207703,19.388257209934057,1.4614522437520392,ambiguous,1.1868137450987348,floor,1.3901363582528783,floor,2.764503041268915,ok
880,22,0.1798301668974448,0,7.022031283696951,5.037361613539762,0.3443805336457318,0.0,43,35.4002106245174,6.807863919554641,4.794975494229516,0.5400051081503836,0.0905651957422666,43,28.94739936118902,5.816016608493991,3.8159410842629367,0.3871037470453266,0.0,43,28.873741549114847,9.1808267785633,8.280997963838798,0.3802777217499171,0.0,43,31.701506060223245,-0.99184731106065,3.36481017006931,2.15879549486635,6.914947601625796,-1.0989309931318054,2.2658791769375046,0.3063072755737635,3.36481017006931,667.9240268413411,3.208478706541734,0.0143706586607401,3.024352294776793,0.0688930856412413,2.9018462138301246,-0.1113301351455149,3.0920368175285624,-0.0055416959558378,4,ok,0.2140877293639405,0.1759963326675947,0.2078013789168624,0.2048774020269859,-0.0127593479010947,18.959326798272585,1.4614910911173622,ok,1.1868410495255255,floor,1.390168849368154,floor,2.7354270885211847,ok
881,22,0.1944991369526784,0,6.497133746898241,4.463888875462792,0.4474338170978882,0.0460617693245459,44,35.40178125554865,6.670301214156141,4.645474937829104,0.4382285319071746,0.0065007850524956,44,28.94920453158292,6.661879946787964,4.636475771665573,0.3899607315989444,0.0,44,28.875533364035867,9.916332239556136,9.809191744435918,0.4902802715799096,0.0611745313681546,44,31.70323879068548,-0.0084212673681767,3.254452292768173,3.4191984926578964,6.583717480527191,0.0781624662607729,3.332614759028946,0.3845666842643702,3.4191984926578964,752.475510135293,3.303793443376275,0.1079423729009265,2.8886636277370537,-0.069061888594454,2.808088262563844,-0.2068926554355208,3.11197491503099,0.0126674669692739,4,ok,0.2034544629806822,0.1668474874035878,0.1899716950614344,0.2001860246739604,-0.0048207198692993,18.434344652670948,1.4615195643649996,ok,1.1868617327957107,floor,1.3901928238772048,floor,3.909461001297096,ok
882,22,0.2305598226740441,0,6.68839431270913,4.664868774237456,0.4086874310569502,0.0171502268278478,54,35.377767421581126,7.121649313656343,5.154243493521655,0.4895508027947282,0.0467050662267805,54,28.922654787699383,6.283791180859457,4.249903981332426,0.5200930152000302,0.0772109956838436,54,28.84905264112685,9.0726534504626,8.077283850422612,0.5964038565770321,0.1598363552668715,54,31.677521175808376,-0.8378581327968861,2.788862269603144,2.384259137753471,6.905021813182737,-0.6212306323232797,2.1676316372798645,0.2711779546224336,2.788862269603144,696.9559939889996,3.184915447078025,-0.0264627555864676,2.9759092215894904,-0.002004932300005,2.958554196111789,-0.0725021198006965,3.264810102652763,0.1501010207767099,4,ok,0.2112389630465596,0.1979801296084015,0.1585114410629979,0.2108949505620532,0.0460981052644826,18.62689829058874,1.461084469659542,ok,1.18655772266338,floor,1.3898387339734357,floor,2.9496476091809276,ok
883,22,0.3264672261626599,0,7.173932254019645,5.216668327170682,0.4358216845495271,0.037122477368082,83,35.38121446356716,7.464859459649476,5.578095507909016,0.5842833565881849,0.1325981514022196,83,28.926403321415545,6.937980727982575,4.940809083990304,0.5082420843591577,0.0668782832092527,83,28.85270146289504,9.511270893579146,8.935669335974268,0.4461508886587225,0.0258206081462439,83,31.681081496089337,-0.5268787316669012,2.573290165596571,2.3373386395595013,7.319395856834561,-0.3814151288519856,2.1918750367445856,0.261668960897282,2.573290165596571,780.9896461001363,3.345197002047733,0.101227872890719,3.0136028105767707,-0.0066866122691235,3.0750953261093423,0.0102972924512685,3.1903500474937667,0.0433134559788959,4,ok,0.181037813155766,0.201847545174231,0.1827965435987136,0.2146349893995078,0.0086461355662848,19.112250689701156,1.4611468931996388,ok,1.186600620683233,floor,1.3898874962455743,floor,2.9054994437830994,ok
884,22,0.2097962149432962,0,8.195316342978785,6.599813059884674,0.5235906479684631,0.1105148709310139,49,35.37831652894312,8.39067774506619,6.903475287009258,0.416208978101599,0.0,49,28.923220070040955,8.113532085713972,6.47669146255571,0.6430805634233736,0.1985032014003134,49,28.84957624941456,10.61592253309179,11.523708216998042,0.5654285248672075,0.1290475139289482,49,31.678047219101263,-0.2771456593522181,2.5023904473778185,2.4206061901130056,8.292997044022488,-0.1794649583085164,2.322925489069302,0.26812992889925,2.5023904473778185,1002.4280336292422,3.306535258774294,0.1025238311440417,2.773754648517503,-0.1945811009811615,3.2476740650777147,0.2242446463004679,3.211555606857867,0.1041537579008,4,ok,0.2000372501052155,0.1673284503726326,0.1936684668976433,0.1846318147620376,-0.0099856166587192,20.1337907659155,1.4610944129018941,ok,1.186564191200536,floor,1.3898457308344152,floor,2.9838006087809608,ok
885,22,0.1019735320460361,0,5.770916131049314,3.776518470362613,0.3523235308700901,0.0,19,35.385683963173314,7.119845767607853,5.152103474265651,0.3468708340005586,0.0,19,28.93145872417249,5.528466879438968,3.5714673807746484,0.382099858367289,0.0,19,28.8577554602372,10.603841042767906,11.491695353859347,0.4328982594693034,0.0158539604465532,19,31.685950429816,-1.5913788881688848,5.075374163328938,4.832924911718592,6.445380949328584,-0.916914069889616,4.158460093439322,0.5384381116063035,5.075374163328938,754.190908620232,3.2329257253662966,0.1007429906320678,2.821883122476406,-0.0530597564343651,2.8491188988391403,-0.0999455434687091,2.884402519020209,-0.1517511939726099,4,ok,0.2058838307857513,0.2012255058476799,0.2270170291395563,0.174048101431445,-0.0234623608228407,17.70899395401084,1.461227848554264,ok,1.1866584873998856,floor,1.3899550520240493,floor,5.320755047118247,ok
886,22,0.1144058863614181,0,6.466287764904917,4.432296209335327,0.4353049262845239,0.036730127511859,25,35.38415115356445,7.308659414493616,5.381036543846131,0.5141166225724059,0.0675232497456654,25,28.929755859375,5.145353411506507,3.269906549453735,0.3684673186533588,0.0,25,28.856093673706056,10.268296031754556,10.637255802154542,0.5082449743043572,0.0765211601416013,25,31.68432975769043,-2.1633060029871087,5.122942620248049,3.802008266849639,6.887473589699266,-1.742120178192759,3.380822442055289,0.4753080944512833,5.122942620248049,723.2279400563241,3.143811396783758,-0.0091786301305969,2.9690382874020047,0.0670414184001702,2.802550832970826,-0.1680556106039379,2.936452231500108,-0.1203405982930609,4,ok,0.2150914403796196,0.1307952079176902,0.1931651857495308,0.2105217403173446,-0.0202218616008758,18.404448110193947,1.4612000829987388,ok,1.1866389938793085,floor,1.3899328373355806,floor,4.272069126869721,ok
887,22,0.1179508966583617,0,6.279478721293607,4.245686004036351,0.2936105257571875,0.0,19,35.405522195916426,4.809387442272618,3.026486522273013,0.567954048939581,0.1167115322898981,19,28.954100458245527,5.04601972996264,3.1959646940231323,0.3630157315821863,0.0,19,28.880289780466185,7.521378563458799,5.651163289421483,0.3911178024109256,0.0,19,31.70753418771844,0.2366322876900222,2.475358833496159,1.241899842165192,5.544433081783112,-0.4984133518204725,1.9769454816756864,0.2595907354763139,2.7119911211861814,486.91159498064144,2.8499020107513937,-0.2822807239828351,2.900627160476168,0.0256842815653968,2.7661768732505028,-0.1828875690573466,2.8696113160355647,-0.1665423969572543,4,ok,0.2059488837656221,0.2145599032703199,0.1740225745659125,0.1745586085476373,0.0362318189520584,18.216488085423762,1.461587391043626,ok,1.1869178388743709,floor,1.3902564754030124,floor,1.6761221120945085,ambiguous
888,22,0.314468620786398,0,7.066835873236244,5.089599244816359,0.3721993582109121,0.0,86,35.40212622354197,7.04646447020151,5.065781422825747,0.3888808708562034,0.0,86,28.9499709994294,6.8633958772491415,4.856681100157804,0.4312722025690721,0.0055654437012673,86,28.87615718397983,8.560176342731708,7.178234374800394,0.4919882560934965,0.0626098491361715,86,31.703786317692245,-0.1830685929523685,1.696780465482567,1.4933404694954635,7.056650171718877,-0.1932542944697353,1.5035261710128314,0.1704913350388804,1.696780465482567,704.886389231959,3.276523208328822,0.0298620279671584,2.981547576428445,-0.0422420965213423,3.07769915962065,0.0101140179641339,3.012172329857157,-0.1375345543014798,4,ok,0.1889756030381419,0.1714559566922659,0.1815882952407349,0.1904065774450468,-0.0013725153755309,19.004028195164818,1.4615258184267745,ok,1.1868705154006134,floor,1.3902011711100397,floor,2.027961509639879,ambiguous
889,22,0.1055282470738449,0,6.396381868442336,4.361523199081421,0.2627857192932118,0.0,15,35.3998156229655,6.332258463381404,4.2975985685984295,0.4503273192824339,0.0155779100862298,15,28.94720878601074,5.210945084680475,3.3196669022242227,0.4543258200263485,0.022875677825398,15,28.87345288594564,9.243113900501871,8.400620969136556,0.4027871498161588,0.0,15,31.70120506286621,-1.121313378700929,4.032168815821398,2.846732032059537,6.36432016591187,-1.1533750812313954,2.878793734590003,0.3832770589747989,4.032168815821398,621.1763608137767,2.940642352281692,-0.1736178241287511,2.8653267265714693,0.0136870584341455,2.762145024468193,-0.168364010880643,2.9673397031107225,-0.0510363110155909,4,ok,0.1779393921295801,0.1718104886511961,0.1524507214625676,0.1628082873920599,0.0224242189278205,18.33369866070429,1.4614839306632745,ambiguous,1.1868388660652476,floor,1.3901649872553528,floor,3.3792776543206076,ok
890,22,0.2696928758258272,0,6.912031136070116,4.911375207687492,0.4328463602161735,0.0348698313828195,67,35.397843716749506,6.381610135090826,4.346713475326993,0.4280630526317672,0.0,67,28.94500780817288,5.671892621728825,3.691384311932236,0.4639236032338909,0.0303480556254167,67,28.87120343678033,8.54584143668095,7.154579991724954,0.5579339347165965,0.1218447082588825,67,31.69902943853122,-0.7097175133620013,2.8739488149521257,1.6338103006108344,6.646820635580471,-0.9749280138516464,1.89902080110048,0.2591631014976895,2.8739488149521257,610.6232435925683,3.259131362014788,0.0313985357971566,2.960949437896048,-0.0382292716943704,3.1121679201923325,0.0641794961395034,3.165292375573943,0.0343608567360367,4,ok,0.2025920589690777,0.1791224113818424,0.2046448061826513,0.2182761405163736,-0.0137875710071912,18.849454145045325,1.4614481867046738,ok,1.1868136505285194,floor,1.3901348931311572,floor,2.1934599799037393,ok
891,22,0.3149322307546805,0,7.43718123532929,5.542658529562108,0.4558862785916615,0.0527164873555701,85,35.40005636776195,6.403581670615654,4.368759797601139,0.5519400264521833,0.1015689785619287,85,28.947558975219728,6.08017351602396,4.055247372739455,0.5463078523482535,0.10091353497402,85,28.8737678752226,8.902066179506981,7.766165082594927,0.5636943248375064,0.127372284519259,85,31.701505346859204,-0.3234081545916938,2.821892663483021,1.4648849441776912,6.920381452972472,-0.840207936948512,1.9816847265345088,0.2680882884474801,2.821892663483021,654.9387935561292,3.3401676690623714,0.0943932607231774,3.123551653816436,0.1009149767154706,3.093252641116424,0.0265855835559123,3.124345269732069,-0.0244820097577527,4,ok,0.1821026397540288,0.1852690641056089,0.1780460582059972,0.1816076285698834,0.0056397937238216,19.374485059344327,1.4614882947866326,ok,1.1868428782736489,floor,1.3901692015960228,floor,1.992420248746736,ambiguous
892,22,0.1271827683605767,0,6.911779911861407,4.911091109980708,0.3807921714168476,0.0,23,35.38181537130605,9.358127694307774,8.626065855440887,0.468846842910627,0.0299509741509957,23,28.927110423212465,6.201362809975263,4.170002170231031,0.3942839995156699,0.0,23,28.853436926136848,10.293793403805209,10.69989067575206,0.3795984296427027,0.0,23,31.68177165155825,-3.1567648843325102,4.092430593829944,3.3820134919438,8.13495380308459,-1.933590993109327,2.1588396007206168,0.3769419158356565,4.092430593829944,892.3782103735468,3.10482389781215,-0.0418442903009776,2.79907090341657,-0.0947062048011551,2.9325751275253347,-0.0314862520263776,3.0734769808219764,0.0229548934340177,4,ok,0.2599829260421836,0.1494085545773091,0.1828112506672092,0.188112784339034,0.0218844896425371,18.850066000363384,1.4611577763093264,ok,2.771809490192504,ok,1.389897325955991,floor,3.874102715759795,ok
893,22,0.1298502627666687,0,7.345656738008421,5.427073130607605,0.4212641189279266,0.0262477633723066,25,35.38020385742188,8.323608386086649,6.797681913375855,0.4762460740692558,0.0358554703286859,25,28.925337677001952,9.614377436021224,9.150350790023804,0.5467462648474181,0.1013198396431616,25,28.85171211242676,10.85985669413101,12.189493761062622,0.4381626875921544,0.0197770990039771,25,31.68008804321289,1.2907690499345748,1.2454792581097855,3.514199956122588,7.834632562047535,1.779744873973689,3.0252241320834745,0.3057476857824237,3.514199956122588,1166.2011600136757,3.117198942973104,-0.0357910839412509,3.047937846850257,0.1459409778484226,3.065075002514959,0.094468558940195,3.07574415869399,0.0189513289008216,4,ok,0.2043978136777877,0.2075269377231597,0.2067731818556785,0.1768650278449058,-0.0008108061552047,19.28402957352951,1.461128590722602,ok,1.1865884246731608,floor,1.9211415196978343,ambiguous,3.99804338201159,ok
894,22,0.0792063962143296,0,6.808735344443607,4.795937716960907,0.400259859771179,0.0112082980019105,12,35.377818743387856,6.88457706445278,4.880425711472829,0.3988111505336999,0.0,12,28.92274602254232,5.269276200402024,3.364554906884829,0.5613746817331795,0.115063794314481,12,28.849176565806072,8.731267307947894,7.466666102409363,0.3495206501604837,0.0,12,31.677623589833576,-1.6153008640507558,3.4619911075458694,1.9225319635042872,6.846656204448193,-1.5773800040461683,1.8846111034997008,0.2884932625421004,3.4619911075458694,618.6924498776594,3.076675832848237,-0.0206660137423413,2.9817738105961533,0.1521316384973161,2.8459067508285223,-0.0670865655474375,3.0677016520137483,0.066107224948174,4,ok,0.2109859200815359,0.2418799630055824,0.1976740633447965,0.1797636604557434,0.0287588781987627,18.747236560023502,1.4610853989839836,ok,1.1865587666529263,floor,1.3898403899344867,floor,2.501015010158607,ok
895,22,0.0572175419787768,0,5.615038111368208,3.6433744728565216,0.2876063309655425,,8,35.37906646728516,7.333390164046865,5.411766082048416,0.3942416796520656,,8,28.924089670181274,8.092725475368912,6.44573649764061,0.5257240272862914,,8,28.85048031806945,9.689508822443164,9.310025751590729,0.4381596791582886,,8,31.67889928817749,0.7593353113220473,1.5967833470742523,4.074470711074956,6.474214137707536,1.618511337661376,3.2152946847356283,0.3312879526970143,4.074470711074956,863.541353315115,2.6371712521578856,-0.42942898263607,2.606552240019528,-0.1831191730910979,3.03491073087898,0.1537445179308445,2.8913351331506627,-0.0797661518467904,4,ok,0.1725607216358184,0.1935896947979927,0.1879086624830961,0.1479722457006573,-0.0048334542661905,17.553472168943475,1.4611079932293134,ok,1.7910926932353195,ambiguous,2.322595893873674,ambiguous,4.537506149468219,ok
896,22,0.2586774676009768,0,7.564848421227046,5.708011535497812,0.4641523796766439,0.0593449310823124,65,35.37848804180439,7.216797687944284,5.268412467149588,0.4115776562829851,0.0,65,28.92354161189153,6.803663858677204,4.790340516200432,0.4548139278749588,0.0232519253557978,65,28.850023651123045,8.906955845083722,7.774913831857535,0.4670404583764654,0.0421407972017719,65,31.67840922429012,-0.4131338292670801,2.103291986406518,1.3421074238566764,7.390823054585665,-0.5871591959084608,1.516132790498057,0.1933849885469407,2.103291986406518,729.9494699927477,3.339536671690004,0.1141015408126531,2.999078426159957,0.0028872185678809,3.161107877773711,0.1154982810811562,3.0734066080409708,-0.0552457866279119,4,ok,0.2289999851240561,0.2043559174125011,0.1850361276131409,0.1821131718846468,0.0316418236551376,19.503313612598685,1.4610975187139739,ok,1.1865678706933738,floor,1.3898517095116214,floor,1.8279568804448632,ambiguous
897,22,0.1810302913238106,0,7.785943396393302,6.0061246280868845,0.4823498974007444,0.0743569326097079,48,35.332955280939736,7.013755125476413,5.0277712767322855,0.5539428085650352,0.1034390774128262,48,28.873161951700848,7.092633895640805,5.119922528664271,0.4028451847849625,0.0,48,28.79859725634257,10.992866909939664,12.568593810002008,0.5725344174441994,0.1359655155669068,48,31.628594040870667,0.0788787701643922,3.900233014298857,3.2069235135463607,7.399849260934857,-0.3072153652940521,3.593017649004805,0.4364708601497807,3.9791117844632495,886.5112400924165,3.303839045896345,0.1013909343444279,3.0202737430709456,0.0539706433436375,3.0427782288936567,0.0209673271559434,3.303679080810759,0.1978279123967112,4,ok,0.1925847278907895,0.1698625057470053,0.1602286670046548,0.1975601172695557,0.0209949498142426,19.726857303840127,1.4602739186962235,ok,1.1859920958127959,floor,1.3891653842510063,floor,3.7098391936976145,ok
898,22,0.1162428115362525,0,8.62674482610758,7.28910963733991,0.5920113576121477,0.1770424387529146,24,35.33513593673706,9.257670058948303,8.42882439494133,0.7278202310873124,0.2916187377327219,24,28.87559223175049,8.210151931380105,6.62239670753479,0.513119489375798,0.0711020074530786,24,28.80103572209676,10.214685468123063,10.506753583749136,0.3591253012024149,0.0,24,31.630956093470257,-1.047518127568198,2.004533536742958,1.587940642015484,8.942207442527941,-0.732055511147836,1.272478025595122,0.1795063576078154,2.004533536742958,1037.4752708176773,3.389320269148328,0.2394252900770803,3.120413963487117,0.2224413275740442,3.174851384342727,0.2074492752858905,3.171254892812667,0.117532095072856,4,ok,0.1906030606478452,0.1797563234965006,0.2049265385915835,0.2244882425293326,-0.0197468465194106,20.567541553595312,1.4603133203742025,ok,1.186019836920891,floor,1.3891978868941892,floor,2.139172941017107,ok
899,22,0.1171610808001504,0,6.139775022658362,4.111284228888425,0.352143913675689,0.0,22,35.33695116910067,6.636768410417362,4.609744353727861,0.415536697799755,0.0,22,28.87764765999534,7.449431347241263,5.558314735239202,0.4316757856639272,0.0058607310281131,22,28.80310197310014,10.214777271541395,10.506975683298975,0.4420957052065601,0.0227389961221946,22,31.632945580915973,0.8126629368239007,2.765345924300134,4.075002248883036,6.3882717165378615,1.0611596307034017,3.826505555003536,0.4102766378828868,4.075002248883036,823.351052834229,3.229699539246604,0.0864016012519246,2.9365753814009827,0.04718032888371,2.880058237160707,-0.0805138881577809,3.0830344942695835,0.0358554168821037,4,ok,0.1778454314917326,0.2002395875751972,0.1835229152982885,0.1832723648033359,0.0055195942351763,18.080474199411235,1.460346122550101,ok,1.1860433018572754,floor,1.3892254313960561,floor,4.536691246373179,ok
900,22,0.1358093396786282,0,7.080933492702845,5.1061474208174085,0.352596733961482,0.0,29,35.33902753632644,8.601739212063805,7.247261318667181,0.3390457725397165,0.0,29,28.87999495144548,7.655829734863041,5.828851264098595,0.6175093069429871,0.1711723536735661,29,28.80546050236143,7.894162140803704,6.157667213472827,0.4150446915564042,0.0029022967992928,29,31.63521753508469,-0.9459094772007636,0.238332405940663,0.8132286481008597,7.841336352383324,-0.185506617520283,0.0528257884203799,0.1267621948607504,1.5208057193609603,806.0238634512343,3.1257681636522583,-0.0384747925252026,2.9545217535508206,0.0378936372850935,3.0099211419357546,0.0276644262187142,3.20512341540388,0.1371686083867289,4,ok,0.2088719305807146,0.1931643688987041,0.1579745409303698,0.1861693484002146,0.0430436088093395,19.02152107728034,1.4603836471702694,ok,1.1860701017303894,floor,1.389256875705001,floor,1.0406704107865599,floor
901,22,0.075706859002092,0,7.466993576602605,5.580837249755859,0.4324401740288909,,11,35.36246733231978,8.114364224779735,6.477932561527599,0.436575958368644,,11,28.90585119074041,9.304249380896174,8.519712469794534,0.7623601505731021,,11,28.832067142833363,11.024756037302488,12.66122141751376,0.5197620713388562,,11,31.6609035838734,1.1898851561164392,1.7205066564063145,3.557762460699883,7.790678900691169,1.5135704802050045,3.234077136611319,0.3283591383502834,3.557762460699883,1133.744081269611,3.11097611910356,0.0202313135895502,2.9248720307298743,0.1038074420268371,2.8614217894003806,-0.0447415432372308,3.120789107048028,0.1257384003347845,4,ok,0.1563912474296309,0.2228302772749554,0.20684853060679,0.2557807937264442,-0.0172377682544968,19.40632081933669,1.4608075238162672,ok,1.1863655237010873,floor,1.3896118616821627,floor,4.038609485811296,ok
902,22,0.0952646321428098,0,6.5724226139143616,4.541949083930568,0.3905763482380278,0.0045337139729233,19,35.360780214008535,7.879305166707752,6.136638164520264,0.3914511340763462,0.0,19,28.90396539788497,7.995360668555191,6.302836869892321,0.5245965503875263,0.0812000324454598,19,28.830114264237253,10.228300371117836,10.539743385816877,0.385053117064025,0.0,19,31.65902208027087,0.1160555018474394,2.2329397025626445,3.6558777572034735,7.225863890311057,0.7694967782441342,3.0024364808067787,0.3229250169764729,3.6558777572034735,922.9935257497586,3.141648140291241,0.009465405557012,2.7582538378353307,-0.1166890410754404,3.020664530943552,0.071600088635702,3.007281728038828,-0.0288719849539917,4,ok,0.2013653312858782,0.2239914246295627,0.1847653298785811,0.1638083120709971,0.0279130480791393,18.511840608343363,1.4607769982073724,ok,1.1863439643212446,floor,1.3895857900031812,floor,4.131550898096682,ok
903,22,0.0892527853089992,0,7.14198522201259,5.178434915012783,0.5204777169873016,0.1076821537642906,18,35.3589113023546,8.339318144219313,6.8223157326380415,0.4220312340296214,0.0,18,28.901875178019207,6.618703965964078,4.590609980954064,0.3786482981309952,0.0,18,28.82794973585341,10.334123145904684,10.799715492460464,0.4759071033336977,0.0492936743103145,18,31.6569381290012,-1.7206141782552349,3.715419179940606,3.192137923892094,7.740651683115951,-1.1219477171518737,2.5934714627887328,0.3539603157979731,3.715419179940606,859.2765633927452,2.913258184112226,-0.214825274274975,2.87788561487604,0.008272683788991,3.0152456231706264,0.0704252033668422,3.1710875819280995,0.1390000127944044,4,ok,0.2134147741728358,0.1775388481716314,0.165028727095988,0.1725506294104788,0.0304480840762456,19.08150374036311,1.4607431863169469,ok,1.1863200702410521,floor,1.389556895747512,floor,3.696857548680321,ok
904,22,0.0723672564810679,0,8.739568250116736,7.480951256222195,0.3850332875665151,,9,35.357237074110245,8.991414757312167,7.927595376968384,0.3018785744167481,,9,28.90002102322049,5.812754636601927,3.813076019287109,0.4970125814106365,,9,28.82601081000434,10.143495172361629,10.335928996404013,0.4747783447077765,,9,31.65507549709744,-3.1786601207102407,4.3307405357597,1.4039269222448905,8.865491503714452,-3.052736867112525,1.278003668647175,0.31571293184171,4.3307405357597,853.3645026816262,2.886801984511476,-0.1887283413950551,2.9750660126603425,0.1737835453875287,2.897654837964106,0.0072432108411981,3.160254560837572,0.1802953623781129,4,ok,0.2127428568071789,0.2365350723266601,0.2716874173945851,0.191977574593491,-0.0470484528276655,20.679176814972426,1.460712899239555,ok,1.186298876835354,floor,1.3895310157606493,floor,1.9122660760234587,ambiguous
905,22,0.1458658579830193,0,9.472487909055216,8.856228043956142,0.4609681612686341,0.0567774576495452,31,35.36530463926254,8.207453046981039,6.6182825565338135,0.3700652571349384,0.0,31,28.90903282165528,8.581672508458837,7.213852378629869,0.5041189575358996,0.0633392116923057,31,28.83509297524729,10.454457846168976,11.103139200518209,0.4412309674914088,0.02208550506522,31,31.663820389778383,0.3742194614777983,1.87278533771014,0.9819699371137602,8.839970478018127,-0.2582979695592904,1.614487368150849,0.2057732673985021,2.2470047991879376,1037.3938444622102,3.350551533737224,0.1812521613502715,2.957553775951544,0.034351222568115,3.150063028576891,0.1625713537191822,2.975530781790092,-0.0974395728454338,4,ok,0.1839336284225987,0.203720529473597,0.2098185033086807,0.181885372727148,-0.0159914243605828,21.41166251758831,1.460858865914484,ok,1.1864019024757462,floor,1.3896522628274626,floor,1.0409906884699525,floor
906,22,0.1279777800665164,0,9.677735216144832,9.28482070335975,0.4575170130910183,0.0540147142959801,26,35.36673487149752,7.776931172447315,5.993673993990972,0.3417343579251566,0.0,26,28.910619222200832,8.201047922515547,6.608528879972605,0.4372269286035964,0.0099503305893673,26,28.83672941648043,10.545864670309344,11.339305785986094,0.4387408910799248,0.020210875935912,26,31.665419285113995,0.4241167500682321,2.3448167477937965,0.8681294541645119,8.727333194296074,-0.5262852717805266,1.8185314760132696,0.2581110043123552,2.7689334978620286,990.6069359825208,3.391898689652064,0.2359350210752473,2.9841364028380344,0.0782731550986803,3.032650701828975,0.0589656167901724,2.7626495938659565,-0.2970928430679502,4,ok,0.1962069881936678,0.2003749182017949,0.1787967633169431,0.167415125725361,0.0194941898807883,21.616832878621608,1.4608847492115284,ok,1.186420043583383,floor,1.389674115309419,floor,1.0410086054204446,floor
907,22,0.2555723780231709,0,7.780837827257065,5.999067972256587,0.4513951126196531,0.0491650358082458,65,35.36889583881085,7.936190501477477,6.217546617067777,0.5446778098137081,0.0948446914641376,65,28.9130129300631,6.918692978645131,4.918914772914007,0.5690065878137329,0.1223783035257191,65,28.839201501699595,8.813965871048985,7.610209054213303,0.49672635772292,0.0666176785511332,65,31.667844742995044,-1.017497522832346,1.8952728924038544,1.0331280437919208,7.858514164367271,-0.93982118572214,0.955451706681714,0.1548287577483504,1.8952728924038544,767.1026285639176,3.303649052718421,0.07821392184107,3.1164385249690327,0.1202473173769567,3.073683201998031,0.0280736053054764,3.2093969522484733,0.0807445575795906,4,ok,0.2292320021069966,0.1758811041712761,0.2249187104977094,0.2031830065525495,-0.022362157358573,19.719819222634534,1.4609238602840144,ok,1.1864474193361767,floor,1.3897071301513007,floor,1.1618196394342064,ambiguous
908,22,0.2628129174717634,0,7.401939862539114,5.49786392029594,0.3500559527490959,0.0,68,35.37887214211857,8.624423553012736,7.285214701119592,0.5725682424026178,0.1211549927468496,68,28.92340794731589,8.160223507366332,6.546698654399199,0.4589298066956919,0.0264406294045036,68,28.849709763246423,9.003641147646515,7.9499448292395645,0.5381830674208907,0.1033231727539094,68,31.678278923034668,-0.4642000456464039,0.8434176402801832,1.601701285107401,8.013181707775924,0.1470417995904078,0.990459439870591,0.13350367440556,1.601701285107401,905.28288950289,3.2528492198031334,0.0239931412838045,3.1043954294404728,0.1037562483779943,3.1307492546833915,0.081597916095756,3.079029771854879,-0.0530159205742042,4,ok,0.220777877003831,0.1884112776640583,0.1815826237092123,0.1842201650690506,0.0230119536247323,19.340384379755818,1.461104474225913,ok,1.1865663411251444,floor,1.389847514979871,floor,2.1562894107908326,ok
909,22,0.3282170765911494,0,7.581615863162376,5.730091887050205,0.4762648404299167,0.069272839027175,90,35.38246303134494,8.52343047927347,7.117755210399627,0.4361234858853851,0.004946718355218,90,28.927256266276043,8.931010465593856,7.818096857600742,0.5770570492214536,0.1302010044538761,90,28.8536460240682,10.508164230851676,11.241297022501628,0.5195124769435903,0.0864283892374668,90,31.68207202487521,0.4075799863203855,1.5771537652578207,2.9265483676893007,8.052523171217922,0.8784872943759332,2.455641059633754,0.2543655594255537,2.9265483676893007,1073.496680440505,3.260686364483173,0.0105783113147683,3.0575494132065306,0.0292780584525247,3.1030524547743,0.0318987306358864,3.183910503836843,0.0307846062939352,4,ok,0.2096903785235352,0.1697099652555253,0.1952704983866877,0.2009664251986477,-0.0055703264971574,19.51986708697926,1.461169506516803,ok,1.1866103828812526,floor,1.3899001206864638,floor,3.452340155733346,ok
910,22,0.1143935455680247,0,7.515754038500145,5.64384923483196,0.5254920796678598,0.1122534532251295,19,35.40314282869038,7.256961257097848,5.31736075250726,0.3973667785677276,0.0,19,28.950423391241777,8.232019535891222,6.655825903541164,0.5152358616108673,0.072947288363137,19,28.876963464837324,10.395866852826018,10.954351826717978,0.3888037172671647,0.0,19,31.70462457757247,0.975058278793374,2.163847316934796,2.880112814325873,7.386357647798997,0.8456618880922253,3.0095092050270207,0.3157319028044218,3.1389055957281693,934.802423194835,3.402522954590516,0.2703402198562865,2.967616327970385,0.0926734490596143,2.982940188508147,0.0338757462002976,2.826012075425398,-0.2101416375674212,4,ok,0.2073443210438678,0.2032492911737216,0.1761638961340251,0.1518748802574057,0.0291329099747695,19.45289159329848,1.4615442494846755,ok,1.1868756993124008,floor,1.3902119602152336,floor,3.410120401669156,ok
911,22,0.1301020646859798,0,7.447473067365968,5.555808997154236,0.5168515922586174,0.1044037369145425,25,35.40169067382813,7.07045676564641,5.093844423294067,0.3539227119117064,0.0,25,28.948781509399414,6.972872145229676,4.980663652420044,0.3994539547632338,0.0,25,28.87531753540039,9.509368666485829,8.93175633430481,0.4248357121116645,0.0099375432190047,25,31.70303939819336,-0.0975846204167343,2.5364965212561525,2.06189559911986,7.258964916506189,-0.2860927712765129,2.25040374997964,0.2647757024728043,2.5364965212561525,768.6815729546547,3.2364389201650177,0.0834488932506625,3.000627986647196,0.0986311176453611,3.184798982645421,0.2141925390706567,2.992241504976201,-0.0645513248169677,4,ok,0.2202093452215194,0.1919588042795658,0.1807666400074958,0.1792525002360344,0.0253174347430467,19.384688852846526,1.461517922190662,ok,1.186856885724385,floor,1.390189935971177,floor,2.6409419832254337,ok
912,22,0.0945117623795066,0,8.224915870942166,6.6449480056762695,0.3902822432290629,0.0043335529093959,12,35.376219749450684,6.654816713966099,4.628941277662913,0.5904093256296089,0.1386741939052966,12,28.92032289505005,7.994052631137299,6.300938824812572,0.3166424538575699,0.0,12,28.846604029337566,11.045909374777864,12.723041315873465,0.5347056387129129,0.1001312908687452,12,31.675257682800293,1.3392359171711998,3.051856743640565,2.820993503835698,7.439866292454132,0.5541863386831665,3.606043082323732,0.4051489072804308,4.391092660811765,950.0363274315994,3.158809093824122,0.0614672472335438,2.8635714677143373,0.0339292956155001,3.232279551248508,0.319286234872548,3.083082698605831,0.0814882715402567,4,ok,0.1675384150197108,0.2405283488333225,0.2484348242481549,0.1990248200794061,-0.0444014423216382,20.163503146900837,1.461056445845269,ok,1.186531040735518,floor,1.3898060161947707,floor,3.354942384939225,ok
913,22,0.3779617053493314,0,7.340970493764075,5.421220218648716,0.3769967395594593,0.0,98,35.38182239143216,7.552513222810933,5.691822161479872,0.4392998307083145,0.0072945529364756,98,28.926343022560587,6.447955256674735,4.413625962880193,0.5057629188526633,0.0647468445433643,98,28.852819637376435,8.785706621925208,7.5608506969043185,0.5370143886628101,0.1022481509279147,98,31.681316395195164,-1.1045579661361984,2.3377513652504724,1.4447361281611322,7.446741858287504,-0.9987866016127692,1.3389647636377031,0.1970574561153317,2.3377513652504724,714.4216227464531,3.1805314149192703,-0.0760331451916518,2.99214384523784,-0.0445223680750599,3.0873839019218434,0.0095456904637196,3.1649374905922287,0.0054072709609251,4,ok,0.2164365068382146,0.1791824058686592,0.184047219818648,0.1850240225238459,0.0137622365347889,19.279256204364728,1.461157903453553,ok,1.186599930561613,floor,1.3898890756619369,floor,1.9662910424807112,ambiguous
914,22,1.1399690165045444,0,6.86278533112704,4.855998379212839,0.4432821313694203,0.0428387086188559,378,35.348176925901384,8.381581949327684,6.889031886581391,0.5217033789568787,0.0741585743534054,378,28.88878825858788,6.297065459688395,4.2629137515391,0.5688002008123302,0.1221792003976722,378,28.814389687997323,9.859604012878448,9.68189573287964,0.5379303893423304,0.1030905460692817,378,31.64433754310406,-2.084516489639289,3.562538553190053,2.9968186817514075,7.622183640227362,-1.3251181805389676,2.2374203726510853,0.3299212674752264,3.562538553190053,806.9414591275984,3.250557103680693,-0.1083563941229521,3.117653662174673,-0.0520883556301949,3.121503287697183,-0.0622978201511732,3.243692445617094,-0.0173594742501204,4,ok,0.2171307335849161,0.1996534995281349,0.189349791813622,0.1849009283281192,0.0190423247429034,18.802881089270933,1.4605490430124133,ok,1.1861705265569418,floor,1.3893759553371148,floor,3.516171049443651,ok
915,22,0.1066133551049159,0,7.603560994681154,5.759119624183292,0.3411126081543498,0.0,21,35.37066523234049,7.925139901965577,6.20174621400379,0.30409866397943,0.0,21,28.914248330252512,5.982503288537052,3.9650651613871255,0.3838253988556038,0.0,21,28.840419042678107,9.191591655422537,8.301549570901054,0.4320675118060892,0.0152392056112902,21,31.66921633765811,-1.942636613428524,3.2090883668854824,1.5880306607413806,7.764350448323365,-1.781847159786313,1.4272412070991694,0.2547584861077996,3.2090883668854824,730.414788427807,3.1818725106417767,0.0421016338733846,2.674742410497244,-0.2100666978884953,2.9011687536713624,-0.0557517692787148,3.203964546440224,0.160284022731961,4,ok,0.204599542986779,0.182833018047469,0.1853838140765825,0.2126553005405835,0.0083324664405414,19.542447183989825,1.460955887419,ok,1.1864615493531439,floor,1.38972339200933,floor,2.1402652356992555,ok
916,22,0.2145564857986854,0,8.049843536660818,6.382404918764152,0.5928587907661862,0.1779175857252006,51,35.363110934986786,7.671157750703605,5.849459994073007,0.374885795008665,0.0,51,28.90608679079542,6.961297010266256,4.96740649728214,0.4815319687837108,0.0444632672118272,51,28.831986819996555,9.71788429622158,9.371053765801822,0.4185831857927375,0.0054259206612363,51,31.66112361234777,-0.7098607404373496,2.756587285955325,1.6680407595607625,7.860500643682212,-0.8992036334159561,1.8573836525393688,0.2490523922147472,2.756587285955325,812.5331915839046,3.300299674718848,0.093255116883566,2.9773369868253967,0.0050575105889425,3.106694042049956,0.0801243927153723,3.166298606271584,0.0558881424486163,4,ok,0.214883196587656,0.1968405766814362,0.163426982421501,0.1623142786762293,0.0424349042130451,19.98913615790475,1.4608191694094195,ok,1.186368217350717,floor,1.3896107892903284,floor,2.2309508632806825,ok
917,22,0.3287995156658739,0,7.0869561666091565,5.113233394837112,0.5000760475872169,0.089535089359763,89,35.39361675133866,6.702374602316008,4.679909558778398,0.4590241687266576,0.0222554343657126,89,28.939731940794527,7.215971781033312,5.267410657379065,0.4712476165763148,0.0361552649522838,89,28.86625932843497,8.790056565062073,7.568427525209577,0.5038780042865347,0.0727398056051837,89,31.69426577278737,0.5135971787173048,1.574084784028761,1.703100398452917,6.894665384462583,0.3213063965707299,1.895391180599491,0.1987268807568563,2.087681962746066,727.255540728569,3.197228457498385,-0.0520324567606396,3.04262808314272,0.0154581925995169,3.027677149773206,-0.0425995228343718,3.066568581187812,-0.0857170244638942,4,ok,0.1966677559225746,0.19110379543867,0.1703245016965973,0.1997838041671876,0.023561273984025,19.024606834960306,1.4613715779075762,ok,1.1867532189641077,floor,1.3900687607751132,floor,2.2704922793155435,ok
918,22,0.1680511670318878,0,7.134622377276306,5.169663053570372,0.3467631983668724,0.0,33,35.39157925230084,6.772912524400969,4.756541085965706,0.4901536883536823,0.0472037804132181,33,28.93741607666016,6.8225018164499565,4.811164227398959,0.5093959469560816,0.0678738597306247,33,28.86392911275228,9.966847594207614,9.923954385699648,0.6825739236053406,0.2541236843518706,33,31.692016196973395,0.0495892920489877,3.144345777757658,2.832225216931308,6.953767450838638,-0.1312656343886811,3.0130801433689767,0.3529148383256669,3.193935069806645,774.4696340741533,3.205318950039838,0.0312794002485361,3.030336335059624,0.1009705235541398,3.0038495475110416,0.0114503187647287,3.467917838299208,0.3902456188436072,4,ok,0.1918310504971128,0.1666733180031632,0.1933209336165225,0.2104313283255606,-0.0140687493663845,19.07238277021953,1.4613346563329985,ok,1.1867266973965065,floor,1.3900375975978752,floor,3.3656982247982046,ok
919,22,0.1895262229941397,0,,,,,0,,,,,,0,,,,,,0,,,,,,0,,,,,,,,,,,,,,,,,,,0,no_sar_data,,,,,,,,nan,,nan,,nan,,nan
920,22,0.1831528089789255,0,,,,,0,,,,,,0,,,,,,0,,,,,,0,,,,,,,,,,,,,,,,,,,0,no_sar_data,,,,,,,,nan,,nan,,nan,,nan
921,22,0.1540439114371215,0,6.91265313206584,4.912078664583318,0.3320960274257653,0.0,34,35.35082480486702,7.773229403816546,5.988567380344167,0.5356775871377634,0.0866347200969372,34,28.89292060627657,6.657161307370327,4.631440944531384,0.5037063940774806,0.0629866758656207,34,28.818492833305807,7.55956762639106,5.701075108612285,0.3453652703512353,0.0,34,31.647867932039148,-1.1160680964462193,0.9024063190207334,0.6469144943252205,7.342941267941192,-0.6857799605708657,0.2166263584498677,0.1045562134245629,1.1160680964462193,678.1899139828541,3.186154497048066,0.0098515510094068,2.9839211656726383,0.0516124484243953,3.061801483344153,0.0670589374373946,2.7534065861003145,-0.3265107356545318,4,ok,0.2097885207656551,0.177010532687692,0.1761744936161181,0.2116701545960763,0.0172250331105554,18.852606522130635,1.4605969233324263,ok,1.1862177359637467,floor,1.389430693051311,floor,1.0408120060756856,floor
922,22,0.0640930030766061,0,5.821263512377333,3.820554077625274,0.289168269833137,,4,35.351226806640625,10.229291430630465,10.54214882850647,0.1241851253682931,,4,28.89335823059082,8.983991355405017,7.914056301116943,0.2827776420903225,,4,28.818939685821533,11.3829054006276,13.74961507320404,0.3324491648585146,,4,31.64829730987549,-1.2453000752254455,2.3989140452225826,5.561641888250267,8.025277471503898,0.9587138839011188,3.357627929123701,0.4039364085091645,5.561641888250267,1260.0414537489414,2.3133009509806937,-0.7007461513325923,2.785151345374783,0.0638103960783924,2.4319650510260424,-0.3947923692412161,2.5584807895377515,-0.3604921247854653,4,ok,0.1859579682350158,0.1900569126009941,0.1734136473387479,0.1838612668216228,0.014593793079257,17.76119528685886,1.4606041930840667,ok,4.800538718807087,ok,3.2368577377919445,ok,6.152746567321536,ok
923,22,0.0494887662557629,0,7.049932080633309,5.069827795028687,0.3656780468262326,,6,35.35376294453939,6.706210584349906,4.68404499689738,0.4447853556066503,,6,28.896212259928387,7.153667502045179,5.192383368810018,0.2512229747764475,,6,28.821913083394367,7.8133897664726435,6.044202089309692,0.2991284595623658,,6,31.65113417307536,0.4474569176952734,0.6597222644274643,0.7634576858393345,6.878071332491608,0.2755961695535713,0.9353184339810356,0.0946514472745376,1.1071791821227377,677.0377311309178,2.741829896104336,-0.3029588180055729,2.447277777573807,-0.3140339307107953,2.791389061709535,-0.0671954619855483,2.71728588841324,-0.2321801679780977,4,ok,0.2249689226349195,0.155261264493068,0.1169026978313922,0.2067773429056008,0.0732123957326014,18.989727479899244,1.4606500596221879,ok,1.1862553480878097,floor,1.3894763293930104,floor,1.0408485794566302,floor
924,22,0.0496604856604014,0,5.91713706412183,3.9058333237965903,0.4403069208532501,,6,35.35212071736654,8.623412450264304,7.28351879119873,0.3712640586944404,,6,28.89441458384196,9.041123311751988,8.018854459126791,0.2052533838605509,,6,28.82003847757976,8.668556755491409,7.359624822934468,0.470523989322476,,6,31.649327596028645,0.4177108614876825,-0.372566556260578,2.7514196913695788,7.270274757193067,1.7708485545589197,1.3982819982983417,0.2417015185341804,3.1239862476301568,962.551618218422,2.4479087420291883,-0.5968799720807203,2.9721377786591336,0.2108260703745315,2.277019282434707,-0.5815652412603765,2.665084062820289,-0.2843819935710483,4,ok,0.2212878540158271,0.1895527678231398,0.1463027670979499,0.1295060366392135,0.0591175438215335,17.8570207719876,1.4606203589749747,ok,3.050695309998315,ok,3.1908984566570657,ok,3.2901691495892136,ok
925,22,0.1072210698309332,0,7.528593959896053,5.660559972127278,0.3184985865234246,0.0,18,35.35213194953071,8.34512563878092,6.831444806522793,0.4300171804902862,0.0004810271114497,18,28.894424120585125,8.07729236708647,6.422871549924214,0.4934980241292296,0.0543555427298634,18,28.820057445102268,7.977068566670862,6.276345703336927,0.3577299137556347,0.0,18,31.649347093370224,-0.2678332716944496,-0.1002238004156073,0.4484746067748091,7.936859799338486,0.1404325677479834,0.0402087673323761,0.066753891327705,0.816531678884866,833.295406639576,3.1163217408863995,-0.0117617175008013,2.91254445487694,0.0429315237898912,3.1063168341909155,0.1614964143871313,2.8007134828754627,-0.2313740862582323,4,ok,0.2221926889485783,0.1650685220956802,0.2117890711459848,0.184098797953791,-0.0181584656238555,19.468477063785226,1.4606205621071129,ok,1.1862349151082596,floor,1.3894515686548061,floor,1.040828568087327,floor
926,22,0.1939525270225895,0,8.19856070401013,6.604745237723641,0.4376021829879453,0.038477889717718,46,35.36039568030316,7.718553213046771,5.913645971080531,0.5380149197041317,0.0887536772478674,46,28.90354086005169,9.57185423526414,9.061193891193556,0.4534777827206905,0.0222229470631936,46,28.82953971365224,9.67215693735295,9.27290250684904,0.467534374298141,0.042535709820439,46,31.65849084439485,1.8533010222173687,0.1003027020888094,1.4735962333428194,7.958556958528451,1.6132972767356897,1.713599978824499,0.1913898929740802,1.9536037243061788,1050.6879509421794,3.202024773447513,0.0028034528537159,3.058366663083105,0.0962590910511451,2.996943329694324,-0.021526842538265,3.32009818869445,0.2174477306322546,4,ok,0.1854089132469633,0.1955020615588063,0.1913502469010975,0.2324974431615808,-0.0008947594982126,20.137999382079737,1.4607700410631894,ok,1.1863391110658095,floor,1.3895781200258825,floor,2.002225208236911,ambiguous
927,22,0.2237883747382338,0,7.396679770668061,5.491209043396844,0.4292340153274199,0.0321556319677889,54,35.40184324759024,6.933178274448522,4.935348528402823,0.4951658270840412,0.0513736445988417,54,28.948712101689093,6.517240322851135,4.4846033012425455,0.4482981105281514,0.0182626467700333,54,28.87494253229212,9.103762583235474,8.135350306828817,0.4560758186366792,0.033481459459822,54,31.702939139472115,-0.4159379515973871,2.5865222603843385,1.7070828125674131,7.164929022558292,-0.6476886997071567,1.9388335606771816,0.2457790451563006,2.5865222603843385,710.1298836889091,3.290734815198703,0.0793566125342097,3.043928636953888,0.0660144830643925,2.948054962116096,-0.0830013537963894,3.077645644370063,-0.0370634375059899,4,ok,0.1849459070298406,0.1757043606981083,0.1986234653741121,0.1881720861075101,-0.0182983315101376,19.333887336871772,1.4615206882354967,ok,1.1868560904471568,floor,1.3901849182984725,floor,2.275080432193359,ok
928,22,0.242754563762465,0,8.181970513953656,6.579563025770517,0.4111363105891325,0.0189000440966824,58,35.403530252390894,7.915361364605657,6.187798123935173,0.4479613891628126,0.0137834260637006,58,28.95057671645592,6.794045379367397,4.779742912999515,0.411857365531395,0.0,58,28.87679885995799,9.565613026971231,9.04818148037483,0.4581700911034976,0.0351195206178021,58,31.70473289489746,-1.12131598523826,2.7715676476038364,1.383642513017577,8.048665939279656,-1.2546205599122595,1.5169470876915767,0.2313918696747651,2.7715676476038364,804.9167283084885,3.36232429509334,0.1455282064352094,3.1071263228945214,0.1221677428145588,3.0225418370687764,-0.0141236713291403,3.114504510227312,-0.0055786674640758,4,ok,0.1926046024108755,0.198637491156315,0.1845521597384379,0.2029169610348241,0.0110688870451573,20.119087196700683,1.4615512737222682,ok,1.1868774562775055,floor,1.390209757548082,floor,1.8864195446213794,ambiguous
929,22,0.106818048212991,0,8.350662287680933,6.8401594996452335,0.3937202455849874,0.006682798373895,20,35.40935573577881,9.185929380083072,8.290733170509338,0.4357540620311247,0.0046747601469043,20,28.957038021087648,8.863679141890664,7.697822880744934,0.4738647585741077,0.0382524558195322,20,28.88340892791748,10.793252771437484,12.003980386257172,0.4448378790202361,0.0248197465014228,20,31.71108474731445,-0.3222502381924084,1.9295736295468195,2.4425904837565504,8.768295833882004,0.0953833080086603,2.02495693755548,0.2263938306688253,2.4425904837565504,1137.0844698011874,3.1789353535250644,0.0428636564305744,2.579814255794055,-0.3001851171692924,2.9818061996850536,0.0287154750831657,3.103542647478447,0.0635314047460173,4,ok,0.2437228266149759,0.2199723858386278,0.2041576586663723,0.21896240003407,0.0276899475604295,20.287465092496898,1.4616569096308696,ok,1.1869515093064844,floor,1.3902982249621563,floor,3.005216646182063,ok
930,22,0.171696067060587,0,7.242000807577149,5.299075176318486,0.4822734493940092,0.0742926595875721,36,35.40737438201904,7.977441943532176,6.276885324054295,0.4336372002474037,0.0031208370720248,36,28.95483525594076,6.4107828579380985,4.3760097987122,0.5137385005235823,0.0716409420676678,36,28.88115167617798,9.577315586862172,9.072595715522766,0.4631006932152116,0.0390056849323285,36,31.7089098294576,-1.5666590855940772,3.166532728924073,2.335314779285022,7.609721375554662,-1.198938517616564,1.967594211307509,0.2812476677498293,3.166532728924073,776.982972116934,3.266773611703073,0.0861370208352032,3.032522646135105,0.0945792512338208,2.9960335147544224,-0.0031956977302387,3.0587651286485373,-0.0254508111593945,4,ok,0.215113572569357,0.1672377643278903,0.2019458907759851,0.1898525822907686,-0.0107702223273614,19.178910375618944,1.4616209775117948,ok,1.1869262606755095,floor,1.390268011151035,floor,2.904275635785246,ok
931,22,0.2475881094052968,0,7.30401194669207,5.375281274318695,0.3975167904004413,0.0093009809235014,64,35.42691111564636,30.44103443822148,1106.8874001018703,1.4023227877048885,1.5047676285190317,64,28.976517379283905,8.369386339972383,6.869713637977839,0.4293326966759844,0.0041502296271633,64,28.90325367450714,10.44723037462875,11.08467686921358,0.4895624782326415,0.0605728179233935,64,31.7302907705307,-22.071648098249096,2.077844034656368,3.143218427936681,18.87252319245677,-10.503136852484392,-8.425292817828025,1.6843969969057058,23.137022491529407,38953.53832887672,3.217968574600649,-0.0062910576353152,2.762499074082988,-0.2321637304703432,2.9278430335472176,-0.1165495574435473,3.2731826242925863,0.1456962272724227,4,ok,0.1869975888403132,0.1443956220173277,0.1863767415634356,0.1659575503435917,-0.0206801361346151,19.2398684562076,1.4619754323840697,ok,15.0,sat,1.390564000703022,floor,3.6534694424418257,ok
932,22,0.1692190018351312,0,8.937641677350868,7.83004337265378,0.4677047245233161,0.0622300865808336,42,35.395752679734,8.846010804144331,7.666569559347062,0.5132924882510254,0.0668083203477001,42,28.94188622065953,8.129417733860695,6.500425321715219,0.4967580155149039,0.0570926459377494,42,28.86826928456624,10.681001473229676,11.697691060247877,0.5305743549953257,0.0963661372906996,42,31.6964472816104,-0.7165930702836363,2.551583739368981,1.743359795878808,8.8918262407476,-0.7624085068869046,1.7891752324820764,0.2325052462479735,2.551583739368981,1043.3473321866422,3.323502091937452,0.1311780826883906,3.176934367116732,0.2237947949167571,3.183331436984252,0.1720021213532971,3.14426105709278,0.04845216271028,4,ok,0.2359249357666288,0.2142796227264972,0.2046602515592461,0.195425538257474,0.0204420276873168,20.87517731156154,1.4614102871101424,ok,1.1867778928533033,floor,1.390095643925514,floor,2.314298123952443,ok
933,22,0.092900275003397,0,8.236767018621922,6.663105686505635,0.3145359696541441,0.0,12,35.39255460103353,7.862122156283112,6.112406313419342,0.4359186360317029,0.0047958858781913,12,28.938285032908123,7.893807212797946,6.1571639974912005,0.4232547499822401,0.0,12,28.86468807856242,8.891487891636618,7.747271736462911,0.3775685089038139,0.0,12,31.69296582539876,0.0316850565148341,0.9976806788386724,0.6547208730146963,8.049444587452516,-0.15563737465457,0.8420433041841022,0.0987253868941671,1.0293657353535064,843.7218687236309,3.1557551623979387,0.0584133158073605,2.83074172366878,0.0010995515699421,3.0283381955100137,0.1153448791340538,2.8951383839631486,-0.1064560431024257,4,ok,0.1940837713579336,0.1946930587291717,0.2121639686326185,0.2354379954437414,-0.0177755535890658,20.174474887544832,1.4613523301901536,ok,1.186736648426642,floor,1.3900477472335389,floor,1.041317511522524,floor
934,22,0.1529436955651186,0,6.761221727335212,4.743754145171907,0.4576708405356458,0.0541374155097773,36,35.39421855078803,8.094575568130317,6.448482963773939,0.3598022308497705,0.0,36,28.940169281429714,7.873361037856706,6.128244777520497,0.4245652682123916,0.0006986540695197,36,28.86658991707696,9.315656206276676,8.542119065920511,0.3914208666294573,0.0,36,31.694803131951225,-0.2212145302736106,1.4422951684199683,2.554434478941463,7.427898647732764,0.445462390123942,1.8877575585439104,0.2102340775550178,2.554434478941463,865.0088332676225,3.0847161615554954,-0.0959204293123745,2.806745058366163,-0.1311983365351214,3.043672812239663,0.0444435997550018,3.243292997988232,0.1590770581803,4,ok,0.2049021259364154,0.1864960482344031,0.176513098180294,0.206188328564167,0.0191859889051152,18.698839985648814,1.4613824838418814,ambiguous,1.1867582277948328,floor,1.3900731822070975,floor,3.1090458505097773,ok
935,22,0.1428861233922938,0,7.240577284882087,5.297338539554227,0.390330627395907,0.0043664716915887,31,35.391575474892896,9.325399563671525,8.561304746135589,0.4773927962427903,0.0367788151060377,31,28.93716110721711,6.8366544204503175,4.826868218760336,0.5483512268064971,0.1028100402938192,31,28.8635191763601,9.003538583684014,7.949757083769767,0.4791494564270484,0.0519429265061701,31,31.691849124047064,-2.4887451432212053,2.1668841632336964,1.762961298801927,8.282988424276805,-1.4463340038264878,0.7205501594072086,0.2432638071833424,2.4887451432212053,848.2487834499727,3.375694273862901,0.2063949014759489,3.263189017396078,0.3399864640126497,3.159653500876093,0.1721618260183843,3.135487541294861,0.0625171866593348,4,ok,0.2010533807258452,0.2027641306481053,0.1830403874478032,0.1987864997598432,0.018868368239172,19.178337881240818,1.4613345878859367,ok,2.3461941147560044,ambiguous,1.3900321156892221,floor,2.3352330892056328,ok
936,22,0.1377366889078163,0,7.538682604796572,5.673724717107312,0.4172082147043819,0.0232837427982581,29,35.38912319314891,7.261508588367461,5.322931273230191,0.4788484378895668,0.0379541014275657,29,28.934382274233062,7.953511309539615,6.242393345668398,0.4864590224875148,0.0485070315026179,29,28.86070876285948,8.420314745539336,6.950746897993417,0.5530133347931409,0.1171679448012656,29,31.68914301642056,0.6920027211721536,0.4668034359997213,0.8816321407427647,7.400095596582016,0.553415712957599,1.0202191489573202,0.101885360278435,1.1588061571718749,791.1015605762088,3.441612563329854,0.277369607152393,2.96531500974848,0.0486868934827531,2.9032655872478994,-0.0789911284691409,2.9478645092796585,-0.1200902977374922,4,ok,0.1760061262496586,0.1769482723340906,0.1672558753654874,0.1771974833361033,0.0092213239263871,19.47657525189153,1.461290154955051,ok,1.1866919586361053,floor,1.3899945362802213,floor,1.0412746173145293,floor
937,22,0.3464536140290312,0,7.899761989150686,6.165612109005451,0.4310445148568801,0.0335131396203245,96,35.388346672058105,7.860967209685303,6.11078101893266,0.4197032446490639,0.0,96,28.93349236249924,7.35018386252213,5.4327333097656565,0.4686080672956005,0.034051882878715,96,28.8598495721817,11.134028298497244,12.983830278118452,0.3860101950354349,0.0,96,31.688300569852192,-0.5107833471631729,3.783844435975115,3.23426630934656,7.880364599417994,-0.530180736895864,3.253663699079251,0.4013466717366837,3.783844435975115,955.5118641716738,3.255798230635332,0.0007969866027455,2.935097793622851,-0.0995357699186922,3.040726398512065,-0.0354932959065248,3.096691661201445,-0.0612878778868393,4,ok,0.2230102786173423,0.1835979865087817,0.1836877859507998,0.1882777341719096,0.0196163466122622,19.83769644794307,1.4612760862785574,ok,1.1866817696583374,floor,1.3899830486958342,floor,3.7367466912272005,ok
938,22,0.1336748175705457,0,8.133471182149774,6.506495267152786,0.3340580610039259,0.0,24,35.38805389404297,6.612466758940211,4.584021816651027,0.3699601929330765,0.0,24,28.93303314844768,6.2481560394143,4.215174943208695,0.5177352953174706,0.0751363452047548,24,28.85910979906718,8.839697176025421,7.655432254076004,0.5932055031820946,0.1565812523503633,24,31.68768612543742,-0.3643107195259105,2.591541136611121,0.7062259938756466,7.372968970544992,-1.124812931130692,1.466728205480429,0.2450972020601062,2.591541136611121,674.5840862393379,3.2331836870449404,0.083288707973693,2.8984597030869343,0.0004870671738617,2.994653214531664,0.0272511054748272,3.24619759836879,0.1924748006289789,4,ok,0.1862991321831941,0.1966215604916215,0.1578075398380557,0.2108889690910776,0.033652806499352,20.071421405232375,1.4612707819918813,ok,1.1866765121018485,floor,1.3899731581553063,floor,1.0412582722743362,floor
939,22,0.1779265209567096,0,10.50260935446431,11.226927947998046,1.6182121309533288,2.1538906010387144,40,35.38971710205078,7.723075065067237,5.919806435704231,0.5463564101713404,0.0963910401364518,40,28.934924173355103,8.814634135214204,7.611380153894425,0.4500923435121867,0.0196293404500851,40,28.86101608276368,11.180060037000922,13.122180390357972,0.4119941334490756,0.0007438611619077,40,31.689522647857665,1.0915590701469666,2.3654259017867183,0.6774506825366124,9.112842209765772,-0.2982080745515691,2.067217827235149,0.3009181963501942,3.456984971933685,1112.333814330399,3.4582397603924924,0.2696149308173328,3.081750662628392,0.1334208258508087,3.0300869406200044,0.0225874233372396,3.1458549729143304,0.053715359507664,4,ok,0.2415570989251136,0.180176018923521,0.1842530006542801,0.2040150361135602,0.0266135582700371,22.44047002178611,1.4613009155060785,ok,1.1866981632954825,floor,1.3899986453426763,floor,1.0412788766414454,floor
940,22,0.219683468521454,0,6.72507010153856,4.70442999308964,0.4175936343527125,0.0235641712271943,53,35.394642452024065,6.762045698753159,4.744654246096341,0.4445250898239399,0.0111939352417222,53,28.94036958802421,6.011973137895237,3.992062332495204,0.5080989190334732,0.0667549146439949,53,28.86644712484108,9.671910290217513,9.272375889544216,0.4185969655459727,0.0054357901411323,53,31.694820691954416,-0.7500725608579222,3.659937152322274,2.9468401886789506,6.743557900145859,-0.7315847622506224,2.928352390071652,0.3692036696108736,3.659937152322274,703.9802584164547,3.265990022715961,0.0560290228766175,2.911207496578544,-0.064863986440725,3.0354906614021813,0.0059015899917942,3.228533363747313,0.1152300301245565,4,ok,0.1945119867066167,0.1757604817174515,0.186780294579155,0.1908209950153557,-0.0016440603671208,18.662665530128,1.461390166062381,ok,1.1867605219290043,floor,1.390071272434358,floor,3.47137237759072,ok
941,22,0.123144348245238,0,7.27492947489198,5.339406028389931,0.4936943470611238,0.0840076083329006,24,35.35052299499512,7.424907148983171,5.527015912036101,0.5298323454591864,0.0813759798811901,24,28.89109841982524,9.384775742931993,8.679157594839731,0.4511620660222473,0.0204467613895116,24,28.81675251324972,10.492382528536552,11.200521727403006,0.4815221769443542,0.0538930201016272,24,31.64672017097473,1.9598685939488216,1.1076067856045595,3.217453053644572,7.349918311937575,2.0348574309944176,3.1424642165989773,0.3153760786374758,3.217453053644572,1064.7949804725745,3.2407764495024747,0.0908814704312273,3.157322711796596,0.259350075883523,3.025348413466711,0.0579463044098744,3.1028489015454364,0.0491261038056252,4,ok,0.2290371190756559,0.1759936058272918,0.2339133334656556,0.2092442469050487,-0.0313979710141817,19.214899093023263,1.460591465533871,ok,1.186196917435222,floor,1.389407475040155,floor,3.720107179720676,ok
942,22,0.0647328678826952,0,7.386636039153,5.478524446487427,0.4586430213643543,,10,35.35167846679688,6.404429017756646,4.3696122646331785,0.5727477280011926,,10,28.89235210418701,6.11600853026295,4.0888469338417055,0.4937943874123801,,10,28.818058586120607,10.01050231644995,10.024211740493774,0.4770678324551641,,10,31.647955322265624,-0.2884204874936964,3.894493786187,2.623866277296949,6.895532528454823,-0.7795239981918733,3.1149697879951264,0.3983502652476818,3.894493786187,724.2415064096451,2.903832617326544,-0.1796859472872771,2.6939657099569905,-0.117703199192122,2.944942907404002,0.0462609754829905,2.9472646982685564,-0.0406181737896362,4,ok,0.1957184679806232,0.1825315497815609,0.1702616393566131,0.1631635896861553,0.0188633695244789,19.32654352754308,1.4606123610240027,ambiguous,1.1862112406051017,floor,1.3894248994668053,floor,3.172338710901508,ok
943,22,0.1824430019990338,0,7.42066818071442,5.521623853005861,0.4287342221409232,0.0317818947680335,38,35.38399887084961,6.793321706515725,4.778946522035096,0.4388374354447872,0.0069517081679142,38,28.92892400841964,6.5390557922932935,4.507187022974617,0.5313239398386952,0.0872229235164914,38,28.855345625626413,9.308533227002718,8.528120392247251,0.580097665392525,0.1434236970186151,38,31.683723098353337,-0.2542659142224313,2.769477434709424,1.887865046288297,7.106994943615073,-0.5679391513217791,2.201538283387645,0.2741142779662508,2.769477434709424,718.0246691546943,3.129838671284923,-0.0548971959299748,2.9492600961814808,0.0059867534564741,3.014963253281831,0.011490018293105,3.283349429208765,0.1950673455417089,4,ok,0.189428525143548,0.1821543813536041,0.2001888504938075,0.1596735404118111,-0.0143973972452314,19.35883672423796,1.4611973246402947,ok,1.1866294718912338,floor,1.3899228380754878,floor,2.4657845177062017,ok
944,22,0.1608983748175893,0,7.409618781341438,5.507593492666881,0.3736521314448029,0.0,30,35.38510958353678,7.179063623375777,5.2228356798489886,0.4552266347850161,0.0193239420705981,30,28.930149777730307,7.378506039341376,5.4682782332102455,0.3884477699145205,0.0,30,28.8565944035848,9.273696141199846,8.459985411167144,0.6214293811115097,0.1859101903996138,30,31.684936904907225,0.1994424159655992,1.8951901018584696,1.864077359858408,7.294341202358607,0.0841648369827687,1.9793549388412384,0.2156941219260913,2.094632517824069,786.9468885183334,3.15267062056717,-0.0141426883239419,2.971593384044887,0.0516232520933277,2.9827545882195574,-0.0021632398101552,3.326460512878438,0.2559561280778877,4,ok,0.2192535842458407,0.1734739171961943,0.2229797872404257,0.1691099772850672,-0.0266160365194082,19.347727527898392,1.4612174439046293,ok,1.1866435031039533,floor,1.3899395308725153,floor,2.441313823219019,ok
945,22,0.228613453307838,0,9.05983116314034,8.053471318158236,0.4135624441452812,0.0206439169985654,55,35.378558072176844,8.29225084770491,6.748777105591514,0.5790960161775647,0.1275026391493874,55,28.92294061834162,7.61473483884965,5.773956183953719,0.5164152190649096,0.0739788745425023,55,28.849293864857067,11.25853108264554,13.3614351532676,0.474403396743575,0.0480711358402059,55,31.6778622713956,-0.6775160088552603,3.64379624379589,2.1986999195051986,8.676041005422626,-1.061306166572976,2.5824900772229142,0.3452913241224846,3.64379624379589,1020.9128869782794,3.2120069365288586,-0.000762463766355,3.1787584063613856,0.1990353939913913,3.1198307466918505,0.0873341097196096,3.257997830176143,0.1419087950536872,4,ok,0.2044037427414547,0.2047233423048799,0.2222656358372081,0.1962508499622345,-0.0177020933140408,20.998292585157174,1.461098786854868,ok,1.1865609934058936,floor,1.3898419573692684,floor,2.7733549719498254,ok
946,22,0.2019408294766841,0,7.164845811419903,5.205765263239543,0.4129922586254404,0.0202331528126291,45,35.377395968967015,6.977284028670354,4.985725948545668,0.491576951855965,0.048383555987612,45,28.92150315178765,6.951372898639118,4.956068380673727,0.5340366769843947,0.0896732929917478,45,28.847807184855142,11.073571113023304,12.804337453842162,0.410452744011578,0.0,45,31.676474550035262,-0.0259111300312362,4.122198214384186,3.908725301603401,7.071064920045129,-0.1196920214060108,4.002506192978175,0.4807493169094947,4.122198214384186,877.4271091302236,3.3119731034714115,0.1144181827836763,3.062285315864427,0.1023444249246563,3.0909597994055296,0.0742148679479925,3.169292034495615,0.0682945076269438,4,ok,0.2018726958168877,0.1812201188670264,0.166195794277721,0.1964697702063454,0.0253506130642361,19.103369781881536,1.4610777435442017,ok,1.1865445450461054,floor,1.3898220919680107,floor,4.375084648055992,ok
947,22,0.3391261218718195,0,7.2562470286146254,5.316486346224944,0.4630261368744828,0.0584348079050063,96,35.37944837411245,7.220522716161596,5.272933225457867,0.5251299584246085,0.0771873011159751,96,28.923707207043964,6.89410364378992,4.891143046319485,0.5174233225808239,0.0748625342838138,96,28.85008680820465,9.494707051246849,8.901653908193111,0.4868370286140309,0.0582961503974377,96,31.67869007587433,-0.3264190723716762,2.600603407456929,2.238460022632223,7.23838487238811,-0.3442812285981906,2.2563221788587384,0.2671670261920751,2.600603407456929,767.2092714610819,3.2508219909002896,-0.004179253132297,3.064265466529563,0.02963190298802,3.026740274858687,-0.0494794195599026,3.2738788333704125,0.1158992942821282,4,ok,0.2001381538963566,0.1842363586959739,0.1790598662337288,0.191506586697263,0.0131273900624364,19.19466052966036,1.4611149092174034,ok,1.186569765668247,floor,1.3898525534974726,floor,2.8115011385468804,ok
948,22,0.2396940611079569,0,8.700592771414467,7.414114301321937,0.4573268968024288,0.0538631240999429,61,35.366626676965936,8.471926366505713,7.033842454191114,0.3878244293309984,0.0,61,28.90973297494357,5.936731964560132,3.923495839853756,0.3873335419486456,0.0,61,28.83582309035004,8.070414584024942,6.412707903346077,0.4796231708042854,0.0523314936682799,61,31.6647876676966,-2.5351944019455805,2.133682619464809,-0.6301781873895251,8.58625956896009,-2.6495276043999576,-0.5158449849351481,0.2194745545414451,2.7638608068543347,710.8033034400862,3.2547496147236936,0.0341299523627514,3.026096345360141,0.0361662906561459,2.977512310151941,-0.0631117829977578,3.120891317056856,-0.0029845302219011,4,ok,0.2301652078501513,0.1973711007931193,0.1737046049388705,0.2003457888227994,0.0400635493827647,20.63969625486619,1.4608827911221312,ok,1.1864099088205649,floor,1.3896620123122807,floor,1.0410015274520124,floor
949,22,0.2458454973487787,0,8.52243822985352,7.116129175065056,0.4354241538928147,0.0368206100275698,63,35.36467779250372,7.23432728919223,5.289720544739375,0.5092051705429059,0.0632795575900644,63,28.907582055954705,8.699985981837656,7.413078485027192,0.4839833528594354,0.0464700379134879,63,28.83361223008897,10.74703359019603,11.876907087507702,0.5901412272132183,0.15347902377672,63,31.662669499715168,1.4656586926454267,2.0470476083583744,2.2245953603425104,7.878382759522875,0.8216032223147813,2.868650830673156,0.3057481804389586,3.512706301003801,1015.0159631882397,3.3276120729350733,0.1045464518893894,3.1662307158114,0.1731203846232141,3.0585499029487533,0.0153934838899747,3.2205061044662555,0.0942040680156353,4,ok,0.2088337615132331,0.200864498813947,0.1992514672733488,0.2088069069007086,0.0055976628902412,20.461646561267685,1.4608475222761943,ok,1.1863853136871758,floor,1.3896324910273563,floor,2.797851725009449,ok
950,22,0.1190642979792507,0,7.830657760020051,6.06828229702436,0.410992245948432,0.0187968150492472,26,35.3281932243934,8.466165174627758,7.024517802091745,0.3675391954009311,0.0,26,28.86699155660776,6.592354821953849,4.562842543308552,0.4375491286193416,0.0101893040465179,26,28.792252467228817,10.781219359261732,11.970765847426197,0.3977382559293327,0.0,26,31.622796058654785,-1.8738103526739085,4.188864537307882,2.9505615992416807,8.148411467323903,-1.5560566453700542,2.632807891937828,0.3749888209069171,4.188864537307882,905.5575420375056,3.165849589658419,0.0098859210816026,2.996298022308076,0.0904347745687217,2.919146239909207,-0.0545388451295951,3.0660350241039773,0.0062925871700705,4,ok,0.1988434848877099,0.2119124571864421,0.1282082483745538,0.1772076172324327,0.0771697226625222,19.77182752900101,1.4601878891306823,ok,1.1859216775356975,floor,1.3890808326064725,floor,3.4730061041406026,ok
951,22,0.1117156758446639,0,7.850732051661983,6.0963965012477,0.3255398678066803,0.0,13,35.3289313683143,8.12632725816578,6.495801210403442,0.3355644925114127,0.0,13,28.867798291719875,6.891483457779945,4.8881930112838745,0.4033005232696475,0.0,13,28.793078936063328,8.257213045281846,6.694548689402067,0.3766946781391313,0.0,13,31.623593403742863,-1.2348438003858355,1.365729587501901,0.406480993619863,7.988529654913881,-1.0970461971339365,0.2686833903679648,0.115998763013624,1.365729587501901,748.0833743535555,3.005812599291912,-0.0975979368042359,3.144224865905546,0.3066920819804268,2.8702603438914904,-0.0490159484664354,2.836562373901076,-0.1710516923585938,4,ok,0.2568886956343284,0.2010924535302015,0.2242470956765688,0.1686631664633751,0.0047434789056961,19.791862163705378,1.4602012228435102,ok,1.1859308829660051,floor,1.3890918447105085,floor,1.0405403811134792,floor
952,22,0.1426694677978951,0,7.49539228148123,5.617450163282197,0.3715403768369748,0.0,29,35.331276466106544,6.98764780456502,4.9976378309315646,0.3138418651630498,0.0,29,28.870398948932515,5.711506077991614,3.7252086935372186,0.3982822207879754,0.0,29,28.79571822593952,9.760479640442744,9.463416707926784,0.383516019289107,0.0,29,31.626146974234747,-1.276141726573406,4.04897356245113,2.265087358961514,7.241520043023125,-1.530013965031511,2.51895959741962,0.3595387774363025,4.04897356245113,708.8965366914354,3.303725888529465,0.1394829323520041,2.820923726248383,-0.0957043900173442,3.0303761364741675,0.0481194207571271,3.250350798912104,0.1823959918949529,4,ok,0.1926220598919638,0.1891625937202881,0.2007803937484478,0.1576956033963581,-0.0098880669423218,19.436396395466314,1.4602435875357689,ok,1.1859605609168065,floor,1.389127014458271,floor,2.835681501180732,ok
953,22,0.1112147414359093,0,7.943272024949881,6.227693100770314,0.4477170661501781,0.0462827577338045,24,35.32629934946696,7.014601435895154,5.0287511348724365,0.529470280869016,0.0810521418546952,24,28.864863793055218,6.450728851451185,4.4164455980062485,0.3884990913879456,0.0,24,28.79010073343913,8.620352048527472,7.278388023376465,0.5073982031868218,0.0757853918037405,24,31.62071418762207,-0.5638725844439687,2.169623197076288,0.6770800235775916,7.478936730422517,-1.0282078789713325,1.1414153181049551,0.1921483268495891,2.169623197076288,688.4774046937624,3.2311040629903043,0.0812090839190569,2.9638190251641348,0.0658463892510621,2.7838755288308903,-0.183526580225946,2.958060964354116,-0.0956618333856953,4,ok,0.234125915604333,0.1805633570378025,0.1501047927886247,0.1787617585311333,0.057239843532443,19.884543537806408,1.4601536807014515,ok,1.1858974000300357,floor,1.3890521644728562,floor,1.0405081853101696,floor
954,22,0.1189156378709653,0,7.631962065369673,5.79690531167117,0.3632371180359657,0.0,22,35.341601458462804,6.755875909797791,4.737918555736542,0.5020979235260663,0.0572107343562722,22,28.881898619911887,7.028711167347974,5.045115541328084,0.4913647920394901,0.0525742263140824,22,28.80737928910689,9.399660268279233,8.708954605189236,0.5751525029443644,0.1385361549740886,22,31.637433832341973,0.2728352575501835,2.3709491009312584,1.7676982029095596,7.193918987583732,-0.165207820235758,2.2057412806955004,0.2586051397517307,2.643784358481442,755.0234142514793,3.1076337690529554,-0.0356641689417238,3.035931372903791,0.1465363203865184,2.974360866224361,0.0137887409058725,3.040928240396576,-0.0062508369909042,4,ok,0.1617507897317409,0.1905850090763785,0.1723204001106999,0.1939244504002007,0.0038474992933598,19.572411305307654,1.4604301690644832,ok,1.1860918389512736,floor,1.3892824600795346,floor,2.3389764826716406,ok
955,22,0.1598716600319468,0,7.478683720793597,5.5958797335624695,0.3925298457665083,0.0058670459993184,36,35.33913294474284,6.585118129117903,4.555245763725704,0.4586302565357746,0.0219502232636117,36,28.879166179233128,5.994349791421928,3.975895664758153,0.4567348669198165,0.0247365638830716,36,28.80460913976033,9.239337899292476,8.393320169713762,0.3599730347302303,0.0,36,31.634746551513672,-0.5907683376959749,3.2449881078705483,1.7606541784988785,7.03190092495575,-1.037551133533822,2.2074369743367264,0.3015344346004932,3.2449881078705483,675.9307507640785,3.080843939983512,-0.0997926508843578,2.899504028242191,-0.0384393666590932,2.7580768764368826,-0.2411523360477785,3.0236064648998378,-0.060609474908094,4,ok,0.191556187139617,0.2025976992315716,0.1935028998802105,0.1775255685465203,0.0035740433053838,19.419265640077878,1.4603855522397255,ok,1.1860606389734514,floor,1.389245524759878,floor,2.33137919381349,ok
956,22,0.2369409254204545,0,6.942688530507485,4.946167882283529,0.3982116604084271,0.0097828990247699,60,35.33696269989014,7.279052566451191,5.344477544228236,0.4035825345750894,0.0,60,28.87672675450643,5.581484629573296,3.615334312121073,0.4777666499977476,0.0414007200063493,60,28.802134609222414,9.462616687747165,8.836121292908986,0.4721396326163891,0.0462379544561357,60,31.63235960006714,-1.6975679368778946,3.881132058173869,2.51992815723968,7.110870548479338,-1.5293859189060417,2.351746139267827,0.3391771346447313,3.881132058173869,691.3075954010089,3.17778632231357,-0.0415801190582123,3.0575531728290937,0.069252577063299,2.9882546892787114,-0.0510719314318777,3.25402909720347,0.1313963417286827,4,ok,0.1873808161045114,0.1790953372294704,0.212296196569999,0.1669999745984872,-0.0290581199030081,18.88338708757386,1.4603463309267493,ok,1.1860327884216089,floor,1.3892125354304576,floor,3.075472890604803,ok
957,22,0.1368249967058088,0,7.7613360200176595,5.972189807891846,0.3071685422304167,0.0,30,35.33949089050293,7.904491589799266,6.17233030796051,0.4181404669008555,0.0,30,28.879527473449706,7.966356622496988,6.260884070396424,0.3593361291330252,0.0,30,28.80497404734293,9.675366920216264,9.279758882522582,0.419196450895345,0.0058654743767525,30,31.635113779703776,0.0618650326977228,1.709010297719276,1.914030900198605,7.832913804908463,0.1334428175885254,1.8424531153078008,0.1973146830230771,1.914030900198605,893.2886719346046,3.2690789203819426,0.10226561149083,3.04818083013814,0.1282106981865807,2.8345543359462075,-0.150363492083505,2.919416835629658,-0.1510875491708923,4,ok,0.183868558704853,0.2253012605011463,0.2111578822135925,0.1948293027778466,-0.0065729726105928,19.701898700941925,1.4603920215460273,ok,1.1860647641101674,floor,1.389250389895632,floor,2.4913902574829576,ok
958,22,0.2280371225756999,0,8.804027119992936,7.592813140467594,0.3559336663512427,0.0,57,35.42486779731617,6.835710713999747,4.825819471426177,0.5541458458083343,0.1036290416983733,57,28.974263910661666,5.678149125299914,3.696706001172986,0.4482383110658424,0.0182171906422028,57,28.90097025821084,8.634768037920601,7.302588078013637,0.4660806060698847,0.0413745369297504,57,31.728071614315635,-1.1575615886998332,2.956618912620687,-0.1692590820723349,7.819868916996342,-2.141719791696428,0.8148991209242595,0.2810961694200543,3.125877994693022,649.3306475856848,3.264926383574624,0.049448904563103,3.158413546450803,0.1751694447375849,2.955464551513981,-0.0798357869025694,3.0755878138722617,-0.0431874118629149,4,ok,0.2007617815806154,0.1795490397173061,0.1462544928255834,0.179665696006595,0.0439009178233774,20.73999380295852,1.4619383444606582,ok,1.1871490542240823,floor,1.3905334058117205,floor,1.0417118017054734,floor
959,22,0.1804921380158735,0,7.645078076619715,5.814438852998945,0.3748086206952622,0.0,36,35.42361683315701,7.181226228508949,5.225437081522411,0.5127255246202219,0.0663171502395119,36,28.97287919786241,7.689176569916558,5.873779740598467,0.552236762126508,0.1064358320008891,36,28.899562252892387,8.935935204467457,7.826967318852742,0.5038652044618636,0.0727287702121846,36,31.72670661078559,0.507950341407609,1.2467586345508987,1.290857127847742,7.413152152564332,0.2760244173522261,1.522783051903125,0.1586374158115368,1.7547089759585075,793.5596763773096,3.3215331314853493,0.1408965406174793,3.136028600615025,0.1980852057137405,3.335008195630777,0.3357789831461164,2.9808194543729454,-0.1033964854349864,4,ok,0.2112894203099939,0.2062725515829192,0.1820980213168594,0.1659044931746191,0.0266829646295971,19.581112206075176,1.4619156402690776,ok,1.1871331680682853,floor,1.3905145420924498,floor,1.7541445693808293,ambiguous
960,22,0.2464361085988086,0,6.505995970604454,4.473007198174795,0.4068219190086823,0.0158242626580265,60,35.43231646219889,,,,,0,,5.267767559630475,3.3633863396114774,2.1750631990732003,3.859035204826029,18,28.90727410997664,14.632097356495626,29.054254449647047,1.2916640100886887,1.2828857139012957,29,31.734675903320312,,9.36432979686515,8.126101385891172,6.505995970604454,-1.2382284109739787,8.126101385891172,0.964301894668744,9.36432979686515,,3.163445069842336,-0.0559213715294459,,,,,3.0674197323016843,-0.0005350747154664,3,partial,0.1817344214767217,,0.2109511693318685,0.0925300276099607,-0.0292167478551467,18.441560989739433,1.4620735619485328,ok,,nan,1.3906178780954046,floor,10.158896968841907,ok
961,22,0.3766997190558057,0,,,,,0,,,,,,0,,,,,,0,,,,,,0,,,,,,,,,,,,,,,,,,,0,no_sar_data,,,,,,,,nan,,nan,,nan,,nan
962,22,0.225381916555041,0,,,,,0,,,,,,0,,,,,,0,,,,,,0,,,,,,,,,,,,,,,,,,,0,no_sar_data,,,,,,,,nan,,nan,,nan,,nan
963,22,0.2290561819742954,0,,,,,0,,,,,,0,,,,,,0,,,,,,0,,,,,,,,,,,,,,,,,,,0,no_sar_data,,,,,,,,nan,,nan,,nan,,nan
964,22,0.1752785405928226,0,,,,,0,,,,,,0,,,,,,0,,,,,,0,,,,,,,,,,,,,,,,,,,0,no_sar_data,,,,,,,,nan,,nan,,nan,,nan
965,22,0.2092750658404556,0,,,,,0,,,,,,0,,,,,,0,,,,,,0,,,,,,,,,,,,,,,,,,,0,no_sar_data,,,,,,,,nan,,nan,,nan,,nan
966,22,0.7919911341656249,0,7.313033573752168,5.386458986249321,0.4220654199550203,0.0268367396426814,231,35.4318760897206,35.553712715349626,3592.289025648585,0.4262447209628718,0.0,53,28.978329119474992,7.0840422992879,5.109803858623709,0.9207677156528624,0.5666979792051221,93,28.90603471356769,10.860824489793332,12.192210409376356,1.2121765597721954,1.1126153195786204,117,31.733477443730067,-28.469670416061724,3.776782190505432,3.547790916041164,21.4333731445509,-14.349330845262998,-10.572548654757568,1.717559315649675,28.469670416061724,124631.11830436828,3.2515954084596324,-0.0699794364708221,0.0,-2.9760714830192687,3.3808603906289005,0.3071328196624905,3.380536918572182,0.2076798268277966,4,ok,0.2153886183128728,0.2014055633038844,0.1687320134332103,0.1550307350599358,0.0396650773751683,19.248622342727163,1.4620655663732864,ok,15.0,sat,1.3906012679117936,floor,4.031280593004959,ok
