farm_id,ndvi_jun,vv_jun,vh_jun,ndvi_jul,vv_jul,vh_jul,ndvi_aug,vv_aug,vh_aug,ndvi_sep,vv_sep,vh_sep,ndvi_oct,vv_oct,vh_oct,ndvi_nov,vv_nov,vh_nov
1,0.1608695652173913,-7.719730614965768,-15.911989084194573,,-6.332264678498372,-12.351828999547347,0.23917525773195877,-8.159199077727646,-17.310633469757864,0.132890365448505,-8.956344242766397,-17.953799574873063,0.07754442649434572,-6.4224377997684945,-18.244297755075905,0.2690487844672867,-6.4653825391324045,-15.29645150674067
2,0.1608695652173913,-7.098450929604864,-16.49589409676788,,-8.446161554120346,-16.29310831097323,0.23917525773195877,-8.16221339456744,-14.059427801425265,0.132890365448505,-9.672708259503462,-15.924530922555864,0.07754442649434572,-10.182640358829538,-19.325639447360164,0.2572223080488182,-9.221936490235471,-19.26457351194527
3,0.1608695652173913,-8.860489476814625,-18.153400132915888,,-10.331221502184945,-17.33935470504853,0.23917525773195877,-7.95131031810206,-17.477008481619166,0.132890365448505,-10.898902427937207,-17.435605739286995,0.07754442649434572,-8.313277051895412,-16.268497354166055,0.5192956713132796,-5.772840116313541,-12.984135991406212
4,0.1608695652173913,-9.676480323519204,-17.05308088546994,,-5.839068025393126,-14.310648566076988,0.23917525773195877,-8.108783982543857,-17.446523339418192,0.132890365448505,-9.819360769809641,-18.703679850489788,0.07754442649434572,-10.670035863499297,-16.600751327526297,,-8.781641513491788,-15.336153518786865
5,0.1608695652173913,-8.83813145778728,-16.570239755379394,,-7.646207657282965,-13.2600177443053,0.23917525773195877,-8.475653738562933,-15.620611194745084,0.132890365448505,-9.457216589566679,-16.23455204649279,0.07754442649434572,-6.590607353946526,-15.970190531447974,0.2758525090102578,-5.4121933793593975,-13.834380688173189
6,0.1608695652173913,-8.061501440184676,-15.192968262312018,,-8.080223599916703,-12.594181022724973,0.23917525773195877,-6.027038382043038,-13.809433635678857,0.132890365448505,-9.751324229631773,-15.260314192247106,0.07754442649434572,-8.187801966164717,-15.30930594460052,0.310426974528129,-7.577903041054521,-15.220770034998521
7,0.1608695652173913,-8.048360266535447,-16.479373116230946,,-7.510303510256464,-14.035581869942146,0.23917525773195877,-8.521733785422235,-16.93123320188188,0.132890365448505,-11.002504372443802,-17.948797366990277,0.07754442649434572,-9.492673610383072,-17.03940240782549,0.3843283582089552,-7.7382148706533105,-15.592415988596606
8,0.1608695652173913,-8.096651462581312,-14.723865718464207,,-7.561563215129768,-13.302749904340649,0.23917525773195877,-3.364754593412666,-16.580079811383637,0.132890365448505,-8.7856653251205,-17.21760476986186,0.07754442649434572,-8.25121836527942,-15.857451215197088,0.5046783625730994,-5.871691543355459,-13.557864342307619
9,0.1608695652173913,-9.72123870753761,-14.621750188163027,,-8.79708947847827,-13.546404059809845,0.23917525773195877,-7.345052723721776,-12.850423200495136,0.132890365448505,-8.172830147763172,-12.607724681442274,0.07754442649434572,-8.11221768303019,-13.73387874412838,0.42221427933160577,-8.1629126132823,-13.425118558126211
10,0.1608695652173913,-8.821129134904384,-14.086211843860113,,-7.412823101732972,-11.953432212555583,0.23917525773195877,-6.269277996747535,-14.490809175754595,0.132890365448505,-9.220555669452516,-16.59021133408986,0.07754442649434572,-8.328087239096103,-15.822303738745047,0.5292341912932952,-7.1953432728403,-14.723784702475719
11,0.1608695652173913,-8.763208080233847,-14.725774892534831,,-7.171253876476652,-12.509911740181142,0.23917525773195877,-6.814871201228558,-11.924057112999385,0.132890365448505,-8.003072566068672,-15.342319008518768,0.07754442649434572,-8.709078894515761,-15.328171392036182,0.3586647727272727,-8.765500162282443,-14.724895533363265
12,0.1608695652173913,-8.221492962684415,-14.458239829785892,,-7.9469299940690625,-13.064614571074602,0.23917525773195877,-6.990299603770438,-11.308381111835216,0.132890365448505,-8.072805061426862,-15.430620940369463,0.07754442649434572,-7.859384938927526,-16.036105037785454,0.3813273340832396,-8.102853654732291,-14.350266149195843
13,0.1608695652173913,-9.099867621790617,-16.117217336781827,,-8.996777556490452,-16.042546160349133,0.23917525773195877,-11.037706226384717,-16.517016425042534,0.132890365448505,-10.83564174359295,-16.405806440188297,0.07754442649434572,-8.32652235249026,-16.64706299427603,0.36462548331984534,-6.323623636035088,-13.947209842005442
14,0.1608695652173913,-2.7679865077574544,-10.012261614958522,,-2.577460544763481,-10.860922696720138,0.23917525773195877,-6.190757368081725,-11.796191097366389,0.132890365448505,-6.003180503654473,-12.60641849161911,0.07754442649434572,-8.132106818937551,-15.29308532575926,0.17233009708737865,-10.094862846534944,-17.33894483986806
15,0.1608695652173913,-5.452513656162205,-13.612070828221023,,-5.895598291523029,-12.89504062888198,0.23917525773195877,-6.778626833867757,-12.20934101396535,0.132890365448505,-7.528647379976653,-13.462410437115295,0.07754442649434572,-7.477810289041708,-15.57536227800712,0.33985861881457313,-10.262025512799335,-15.32219812930111
16,0.1608695652173913,-4.2662653532702,-10.740958411135297,,-3.806562889693121,-10.799252308775916,0.23917525773195877,-5.574169406371141,-10.57896870827889,0.132890365448505,-4.893784958240656,-12.85732792754748,0.07754442649434572,-7.368850330628824,-14.229065319916057,0.31799410029498526,-6.480350475389065,-14.27948947631026
17,0.1608695652173913,-6.101799074981993,-14.197504007035594,,-6.852452701028877,-13.161276570879792,0.23917525773195877,-8.50219415882181,-13.185388175284821,0.132890365448505,-7.968514725360613,-13.463089860638737,0.07754442649434572,-8.64397338254646,-14.528692416700755,0.3555432167314455,-7.725397047130339,-13.560041339082378
18,0.1608695652173913,-5.850440293286839,-14.132656279785587,,-5.8529559192851455,-14.185478105754193,0.23917525773195877,-10.428320057846229,-11.9632614095784,0.132890365448505,-7.59511968759511,-15.02305373743033,0.07754442649434572,-8.924000120745584,-14.645222461334594,0.3896636587366694,-9.344082318368784,-15.828859435894005
19,0.1608695652173913,-8.630875620970977,-14.109513571287549,,-7.575635398145097,-12.646027806869025,0.23917525773195877,-9.79079503254673,-16.34733663024471,0.132890365448505,-9.832479882857966,-18.217476561693644,0.07754442649434572,-9.523176031079428,-15.029782585199953,0.45120569671467875,-10.634644691830088,-14.00226479420618
20,0.1608695652173913,-8.487111264820323,-15.623199957199551,,-7.726117144679034,-14.534094028398084,0.23917525773195877,-8.885870316214318,-16.227466194788455,0.132890365448505,-10.494845150363401,-16.18170697422923,0.07754442649434572,-6.308509832015401,-13.866951041137764,0.458497375328084,-6.115534460544336,-13.250221715266226
21,0.1608695652173913,-7.69286413587765,-16.864590405024114,,-8.2061598799803,-16.479571095160104,0.23917525773195877,-10.211624173238096,-18.6568191989562,0.132890365448505,-10.052767905671649,-18.74064084954132,0.07754442649434572,-8.71361490253372,-15.438857529752664,0.4381365689487202,-5.9837647413606145,-12.882465719933014
22,0.1608695652173913,-8.054673487709048,-17.95971264451265,,-9.728907556201893,-16.81628599446136,0.23917525773195877,-9.147016182309343,-17.18594699021082,0.132890365448505,-9.846720291754261,-16.51846842218504,0.07754442649434572,-9.06779141184259,-16.763175781581122,0.25086973328179357,-6.787751689378979,-17.976743805602688
23,0.1608695652173913,-23.626720777850473,-28.36265749348877,,-22.871375196110478,-27.62457080361205,0.23917525773195877,-24.099745748117183,-27.46902292850909,0.132890365448505,-24.157304355239066,-27.85469627174819,0.07754442649434572,-23.882255243495095,-27.466467537125652,,-24.035025178760385,-29.261148808259687
24,0.1608695652173913,-8.963782439486197,-15.713515315840276,,-9.297684597652546,-14.88664613192542,0.23917525773195877,-8.965759560840365,-16.97374610793951,0.132890365448505,-9.709563324495146,-17.05397054966838,0.07754442649434572,-9.23727604097883,-15.587635150349694,0.31203007518796994,-9.347756884806316,-18.351102019906914
25,0.1608695652173913,-10.331902006703867,-17.608196780960697,,-9.25996690809945,-14.222185449991562,0.23917525773195877,-7.878852886592892,-17.78916346273941,0.132890365448505,-9.563704216459847,-18.30555012001701,0.07754442649434572,-7.7757867444167434,-14.797747383403541,0.460932577189666,-5.919990194244493,-12.242985361819002
26,0.1608695652173913,-7.337328025061435,-17.85499318839116,,-7.931007773670318,-13.047430773936329,0.23917525773195877,-4.530569528403864,-16.94853132286979,0.132890365448505,-8.390726969255205,-17.77719858252124,0.07754442649434572,-6.656893530388354,-15.603005739297034,0.427503504127083,-6.615145445248464,-12.919684123960899
27,0.1608695652173913,-9.080175056570406,-18.032149792381333,,-7.577858395364173,-13.53744562756316,0.23917525773195877,-8.07957582750105,-16.801090320339522,0.132890365448505,-9.461960032142745,-16.771394669731347,0.07754442649434572,-8.683939148842027,-15.415450293832208,0.44551381558522196,-6.897277978518204,-13.564330602328225
28,0.1608695652173913,-9.342791030026298,-15.66536471010642,,-8.272986577317473,-13.770165131644113,0.23917525773195877,-6.903897631967576,-14.105133502992164,0.132890365448505,-9.120573246579486,-14.463080565807614,0.07754442649434572,-8.884475920892891,-14.900608174603834,0.23512974051896207,-8.042980677385437,-13.834832921898908
29,0.1608695652173913,-10.672522856857638,-17.343296426057307,,-6.984072134342846,-11.721473349297769,0.23917525773195877,-7.670605375532968,-14.440777047021099,0.132890365448505,-9.237364265600501,-15.552004461091125,0.07754442649434572,-8.204761474386892,-16.766909877684345,0.16067498165810712,-8.809863429918753,-16.18298187117739
30,0.1608695652173913,-4.037128483610289,-11.232155913845611,,-2.7912773664597794,-10.271254839083234,0.23917525773195877,-1.6677033816792277,-8.351251795193484,0.132890365448505,-3.5693829167041295,-10.11550743689682,0.07754442649434572,-1.7641265517398277,-9.603659564948915,0.4923206751054852,-2.646814398693218,-10.62523219775537
31,0.1608695652173913,-11.100321528930074,-17.69625870242521,,-5.016919970129912,-10.977703288695693,0.23917525773195877,-11.735333068349616,-17.349654132839042,0.132890365448505,-9.348327052407152,-15.981241155779205,0.07754442649434572,-7.871629067457754,-15.55458475444521,0.21661538461538463,-8.701752196097791,-16.777105319184102
32,0.1608695652173913,-6.8590587282057145,-13.760202200721192,,-5.2901263754157215,-11.475299470159555,0.23917525773195877,-8.074180924318258,-12.815364658057963,0.132890365448505,-8.31764442974165,-15.400069767263368,0.07754442649434572,-8.666474786628264,-17.425842417277156,0.25066177967827324,-8.115449046389433,-17.43850434045044
33,0.1608695652173913,-7.635106918969256,-17.41794673729338,,-7.0951885235049525,-14.37203344902896,0.23917525773195877,-9.455253956695792,-18.06534303250039,0.132890365448505,-9.96730315546987,-17.551661994781234,0.07754442649434572,-8.340164412247718,-15.471202708557758,0.4563640528365274,-5.394186074592907,-12.015587558023352
34,0.1608695652173913,-6.401626767082056,-15.100035802513752,,-6.562506643141621,-13.731615059927746,0.23917525773195877,-7.031112763086585,-15.254163729602574,0.132890365448505,-8.480560886673878,-14.771581211390139,0.07754442649434572,-6.9183582108220385,-15.004685073033157,0.47632963179427235,-5.830116468302132,-12.942774976337068
35,0.1608695652173913,-8.401129783668711,-16.045975593382366,,-6.128091331618989,-12.666199079633362,0.23917525773195877,-8.623079714933743,-15.643422656172383,0.132890365448505,-9.537921977012598,-16.506280845391114,0.07754442649434572,-9.800654987919335,-17.447096050050753,0.3421470121628768,-8.964597399041057,-15.036241987885866
36,0.1608695652173913,-11.097572739000036,-17.662642763919475,,-7.1376407531822075,-14.058877828918416,0.23917525773195877,-10.91018636485289,-17.243831462124454,0.132890365448505,-10.053728166315231,-16.65642983680774,0.07754442649434572,-9.185730802003444,-17.363690996079587,0.31642469826832254,-8.363823311973405,-16.76829058446088
37,0.1608695652173913,-10.126629992009391,-17.2308525588774,,-9.043333337894182,-14.816134028471502,0.23917525773195877,-8.303814879268165,-16.666361104098804,0.132890365448505,-9.571652768969397,-18.50497901076543,0.07754442649434572,-8.430070110326962,-17.048765881370663,0.4172920065252855,-5.345214671779228,-12.823613226311428
38,0.1608695652173913,-9.622043268642184,-17.431878736034275,,-7.106586894033686,-14.033346114181374,0.23917525773195877,-7.755013026002847,-15.723765084553968,0.132890365448505,-9.234569366328099,-17.836435109407272,0.07754442649434572,-7.478464859726369,-16.152070412925983,0.38027732589666124,-5.088739917047284,-13.696523239872802
39,0.1608695652173913,-7.911790767550169,-16.058872789612103,,-7.26770335702583,-13.881380734911033,0.23917525773195877,-9.204803017157852,-15.676534309737205,0.132890365448505,-9.543257149115737,-16.329442964120872,0.07754442649434572,-8.905549410576993,-15.115317763203866,0.3937667560321716,-8.150974803210547,-14.725544349698376
40,0.1608695652173913,-8.868579009863268,-17.323608976161196,,-7.29775503632588,-11.875159811415267,0.23917525773195877,-10.45235753127695,-18.19749602141353,0.132890365448505,-8.900749264122354,-16.491365221977958,0.07754442649434572,-8.531996213447373,-15.588165866960786,0.31783793637772306,-8.257108852501853,-15.343878985732696
41,0.1608695652173913,-3.9767214887061324,-10.56140087675514,,-3.592425767104652,-9.746979250924712,0.23917525773195877,-3.4405413179515616,-9.429302702250883,0.132890365448505,-3.8833285640334134,-10.295473961737112,0.07754442649434572,-3.307821222078851,-10.32114777966662,0.42523540489642186,-4.427670160487668,-11.619723567449174
42,0.1608695652173913,-8.456044576112378,-14.688363377936076,,-6.5653809705219315,-13.546359031287158,0.23917525773195877,-4.26930926118231,-10.930074626486144,0.132890365448505,-4.112729522627742,-11.395205487554536,0.07754442649434572,-3.604231078159372,-10.057230174705953,0.6173794976238968,-3.0818649192462333,-10.806082870082644
43,0.1608695652173913,-8.744440201518294,-15.382533549863185,,-6.020509960471282,-13.238784265354406,0.23917525773195877,-5.75395919065644,-15.135590421210509,0.132890365448505,-8.164090454688315,-15.255182301474665,0.07754442649434572,-6.914223757007769,-13.255641976061295,0.31773261234383743,-6.721029283793614,-14.689460778642797
44,0.1608695652173913,-10.026275618659998,-17.143164377764105,,-7.70394614233855,-15.742006815557527,0.23917525773195877,-7.264408124021643,-16.653398580203365,0.132890365448505,-8.669476779015522,-15.214171499851076,0.07754442649434572,-6.728152628621775,-14.11731462947811,0.3827095413811281,-6.6981233096684445,-13.689802797272947
45,0.1608695652173913,-10.669298848044388,-17.019271460831945,,-7.869343254773556,-14.211124932858457,0.23917525773195877,-7.761795399131358,-13.263261994221178,0.132890365448505,-8.401953205177337,-14.876518026450473,0.07754442649434572,-6.100175631997844,-13.519744736842945,0.39084730403262347,-5.694261949760699,-12.208871363340467
46,0.1608695652173913,-8.799680718803932,-16.014750931089118,,-8.221884319109193,-16.83795551180014,0.23917525773195877,-8.92926488637607,-12.878124384401916,0.132890365448505,-8.200066315201036,-14.003637500604471,0.07754442649434572,-9.296071255229341,-15.112279615474408,0.4013676101445512,-9.957633734843018,-14.42656743396311
47,0.1608695652173913,-9.2851896887521,-16.290829679952918,,-6.8572564300542815,-14.216871886548523,0.23917525773195877,-7.611774688254212,-14.404770227392934,0.132890365448505,-7.9192321532542165,-14.234277326223928,0.07754442649434572,-6.944496946574112,-14.179354107338028,0.42072025942993685,-6.253603386308243,-14.351470933256468
48,0.1608695652173913,-8.48660340234794,-15.853396119989682,,-7.153710927680152,-13.610209464903434,0.23917525773195877,-7.345110490545269,-12.88126332791908,0.132890365448505,-8.288880668516612,-14.602072876691107,0.07754442649434572,-7.899597129412963,-14.868640328013097,0.3013142636258214,-9.492849520896083,-13.893621270456203
49,0.1608695652173913,-8.35025711621178,-15.456513224698025,,-8.565829475560342,-14.764410207304842,0.23917525773195877,-8.306277951472529,-16.16474328899312,0.132890365448505,-10.458239909519598,-17.665795044745778,0.07754442649434572,-8.559330233285966,-17.413541929204218,0.2739796796969175,-7.264920383093832,-15.463060201964485
50,0.1608695652173913,-10.267539693522023,-17.50770627860068,,-6.6154998838523005,-12.931066300403167,0.23917525773195877,-6.320941369552674,-14.494174402307038,0.132890365448505,-7.714062199916186,-14.860176046859399,0.07754442649434572,-7.286355583710456,-15.058629710033651,0.17374350086655113,-8.63787877960039,-14.691509160303518
51,0.1608695652173913,-9.834394679450726,-16.26057638475411,,-7.591283506973313,-12.935715194630326,0.23917525773195877,-7.7235859268783695,-13.71216217442174,0.132890365448505,-7.471777062967444,-14.345160597507075,0.07754442649434572,-6.41351760302488,-16.578290196719003,0.29267334511883714,-7.983532201419733,-13.311698381633672
52,0.1608695652173913,-8.330503425174925,-15.417471423717213,,-4.995745874521812,-10.188594755007554,0.23917525773195877,-6.836797049843565,-12.844174670839239,0.132890365448505,-7.608641444474693,-13.945396528445093,0.07754442649434572,-8.7104577620415,-14.033153642305777,0.3805092186128183,-8.25586740196296,-14.627295100891644
53,0.1608695652173913,-8.87777752824735,-16.300166975071978,,-6.765100376361877,-13.527347514357906,0.23917525773195877,-4.768377276775145,-14.29894125832217,0.132890365448505,-8.53519340011928,-13.26554341999584,0.07754442649434572,-7.818986168413572,-14.569762858286857,0.4329292139225655,-7.729576503668056,-13.89417073612556
54,0.1608695652173913,-9.369122336727623,-15.288344438357981,,-8.392352150038827,-14.759822720558866,0.23917525773195877,-8.203851350628593,-12.940617752848873,0.132890365448505,-11.442733953576834,-14.622747625828065,0.07754442649434572,-9.94303036892225,-17.736259652503804,0.18510072215887496,-10.224273483997251,-19.210671309912644
55,0.1608695652173913,-12.71001192980181,-19.79008170701517,,-11.739352801940587,-18.530356085815775,0.23917525773195877,-8.858225333938554,-13.887555595462967,0.132890365448505,-10.072697753665647,-17.499682668346782,0.07754442649434572,-10.102702032916026,-17.279705966099314,0.2,-10.10935634304552,-18.06624508174222
56,0.1608695652173913,-6.729284637197192,-13.86838640431493,,-6.002020839549371,-12.315199462177674,0.23917525773195877,-9.030022424238568,-14.91646386764721,0.132890365448505,-10.301536811608687,-15.605681001147662,0.07754442649434572,-8.111400268053977,-16.8108610135739,0.23848288621646624,-8.153271673799386,-15.417669406217016
57,0.1608695652173913,-7.828035071066343,-15.058178836808029,,-8.208916911717507,-14.208206021052565,0.23917525773195877,-5.392638110709356,-12.517258741665295,0.132890365448505,-8.782123049626623,-14.162953742317491,0.07754442649434572,-8.551783006556555,-16.45656499964734,0.36051272921488337,-8.928589264677232,-14.406894576311874
58,0.1608695652173913,-3.618092608449031,-9.120771710521437,,-2.761667118686926,-10.119445434560415,0.23917525773195877,-2.1610767479780764,-9.380617360564532,0.132890365448505,-4.647868538334562,-9.583977061506769,0.07754442649434572,-7.3582980799639595,-15.794402488331103,0.21721381187276748,-8.779565164380218,-17.156747162034566
59,0.1608695652173913,-7.259519797158474,-12.048981191012802,,-6.499724449623291,-12.98817723602058,0.23917525773195877,-6.4527992787696835,-12.652772798046204,0.132890365448505,-7.5986861816986675,-12.64211318469515,0.07754442649434572,-7.660029747482416,-13.905865682638325,0.39807897545357523,-7.244836098441203,-13.130317662890164
60,0.1608695652173913,-8.244623998108574,-13.96896329711154,,-7.243969551529798,-12.697972532183524,0.23917525773195877,-7.0452235149531965,-11.87795916313904,0.132890365448505,-7.508215628652424,-14.561630475401019,0.07754442649434572,-7.061289414183306,-14.75507614393109,0.2533920058672534,-10.010302140751701,-15.252098565900738
61,0.1608695652173913,-7.539860832769959,-13.586632632024395,,-7.9456918422790395,-13.078433410696803,0.23917525773195877,-6.462806908193361,-12.855961811174039,0.132890365448505,-7.520810291212823,-14.175930986173721,0.07754442649434572,-8.371844318276375,-15.270940753109052,0.29127811300054857,-7.283375754424313,-15.59394380140851
62,0.1608695652173913,-9.743042853908122,-14.385160611775902,,-7.591862016912644,-12.300981811731198,0.23917525773195877,-7.807790775633773,-14.240242709217267,0.132890365448505,-8.581257296801127,-13.984110140753309,0.07754442649434572,-8.644863347777163,-15.799984855120194,0.22224165063822346,-8.347738016498958,-16.719301977641045
63,0.1608695652173913,-11.002093387051348,-18.229595579090425,,-8.042674080220491,-15.917706472811709,0.23917525773195877,-7.451477886401938,-13.92965486454151,0.132890365448505,-8.069675175057567,-14.387654999562923,0.07754442649434572,-9.074687119471319,-16.344466655711617,0.1694219227124355,-8.226398155159591,-16.062301423174954
64,0.1608695652173913,-8.530700072227894,-14.099112688434905,,-6.130669408375691,-12.962881633719674,0.23917525773195877,-7.384675993828706,-13.258270881924666,0.132890365448505,-6.947672329304353,-12.903758423600667,0.07754442649434572,-7.177746025678321,-14.439905641559488,0.27335499593826157,-7.374349177684849,-15.265228632342495
65,0.1608695652173913,-10.00265260087042,-16.33644309888448,,-6.858015399533014,-15.371946411770598,0.23917525773195877,-7.486356707050499,-14.180652566741633,0.132890365448505,-8.52299512754817,-14.224728154171471,0.07754442649434572,-9.342683254575164,-16.96718482668628,0.22667757774140754,-9.584361799520245,-16.266878101037573
66,0.1608695652173913,-9.813127220122631,-17.189272854572863,,-8.098659953720254,-14.562931438738664,0.23917525773195877,-7.542635741671386,-14.602303026250121,0.132890365448505,-8.918817408333712,-16.12706966830933,0.07754442649434572,-9.166968403919785,-16.467894275255862,0.16869788325849905,-9.28020613250308,-16.88207181362235
67,0.1608695652173913,-2.8198529312669325,-9.516873268438712,,-3.6632877098975545,-10.027522202026628,0.23917525773195877,-2.7528133885736588,-11.253902758617333,0.132890365448505,-4.443544035479018,-11.696171958008188,0.07754442649434572,-5.607847054893723,-13.331385807070863,0.18210862619808307,-7.716088509857343,-14.830354114117306
68,0.1608695652173913,-7.753898224546952,-14.426807299001212,,-6.394803463128889,-13.338248075880879,0.23917525773195877,-5.197515560026083,-12.870283647229876,0.132890365448505,-7.418994237892758,-13.480470281520544,0.07754442649434572,-8.148551962736086,-14.426569563547682,0.36310884473360294,-7.708006116223405,-14.535583757668446
69,0.1608695652173913,-6.1767951353092885,-12.427678141055129,,-5.221146428117561,-12.105781124132998,0.23917525773195877,-5.366102869769385,-11.871065222445367,0.132890365448505,-6.654585816835694,-14.083722731160995,0.07754442649434572,-8.161097823818787,-15.927974650768133,0.3058124174372523,-7.467044814041835,-14.296919745752009
70,0.1608695652173913,-7.76566861699611,-13.668752943813997,,-6.540740276174586,-12.432320887548178,0.23917525773195877,-6.3408584355058375,-10.429448862179214,0.132890365448505,-7.601013386850543,-14.609298292840576,0.07754442649434572,-9.340070066704879,-17.06247187202126,0.3154823206316512,-7.5154248010821965,-15.868771329719426
71,0.1608695652173913,-8.833725852586866,-15.293530605346433,,-6.02503255808722,-13.339250040831917,0.23917525773195877,-7.132130978490759,-15.019484788645855,0.132890365448505,-8.407345243820934,-16.791842472853297,0.07754442649434572,-8.829817434347296,-16.438177897151903,0.4225670869705787,-7.801759483205304,-14.294034371660143
72,0.1608695652173913,-9.027992554723582,-14.585357131854588,,-7.311179172504728,-13.16491877141756,0.23917525773195877,-8.585212420107247,-15.797453242812036,0.132890365448505,-8.961495404687035,-14.347829845644934,0.07754442649434572,-9.050012315071788,-15.581272043197805,0.36902133922001473,-9.224342176377222,-16.106369213479876
73,0.1608695652173913,-9.28260831975109,-14.095679920996854,,-7.085017488592504,-12.906148392214597,0.23917525773195877,-7.960932948525638,-13.475680387111083,0.132890365448505,-9.768229598558714,-16.460061554266915,0.07754442649434572,-9.451768826337233,-16.217904646069428,0.2905506938919827,-7.886184799834949,-15.08042496796419
74,0.1608695652173913,-4.564973291320607,-11.993886868959208,,-4.058240524680063,-10.719696903138562,0.23917525773195877,-2.756109296964656,-10.83437758061474,0.132890365448505,-3.326040801480756,-10.960107697891196,0.07754442649434572,-3.3218016775680126,-11.564126714084539,0.52761842320931,-3.4996499056543593,-11.93805444775833
75,0.1608695652173913,-8.650750637757485,-14.807407770645744,,-7.124426748816478,-12.663793686909779,0.23917525773195877,-8.760367480199967,-15.077853059696778,0.132890365448505,-8.410625288233668,-14.582773501196701,0.07754442649434572,-8.461318056607237,-15.141322469436528,0.35026523067031023,-7.447191366855742,-14.419332205882274
76,0.1608695652173913,-7.7472887101363295,-14.986055963844437,,-6.0330747879448445,-13.236067257908374,0.23917525773195877,-6.720310756544562,-14.382670429731713,0.132890365448505,-8.725838015599424,-14.825490547259308,0.07754442649434572,-7.05238721751318,-14.734476620793837,0.40717227179135207,-6.699346292853368,-14.129168699334471
77,0.1608695652173913,-9.110263094768527,-14.223045259067025,,-7.951323844461977,-13.036169403974485,0.23917525773195877,-6.181734443037091,-15.938429249501198,0.132890365448505,-7.652583110878172,-18.042958666410502,0.07754442649434572,-6.319526816318702,-18.03474739173221,0.22312987608994952,-5.960231091445273,-16.376423880984202
78,0.1608695652173913,-8.732452995584023,-14.731482927484006,,-8.124853118126895,-14.019300891769053,0.23917525773195877,-6.586905051907774,-15.112091007634746,0.132890365448505,-9.286879923632878,-15.551499202097112,0.07754442649434572,-6.501592203205663,-15.259223203766272,0.5093199734767553,-5.347819211217407,-12.510186700518544
79,0.1608695652173913,-7.483173868049864,-15.991701336695709,,-6.919501704443858,-14.51367093636754,0.23917525773195877,-9.679317571529074,-17.010263782451457,0.132890365448505,-8.661840718498564,-15.88031729942937,0.07754442649434572,-8.149315333906358,-16.424093461472147,0.2968868640850418,-7.925106039121761,-13.869518276054645
80,0.1608695652173913,-8.714704456771443,-17.698315610349308,,-6.647332986869676,-14.639574048470994,0.23917525773195877,-11.48626395994268,-18.00120346385487,0.132890365448505,-9.905871243490713,-17.7138009974794,0.07754442649434572,-9.60789831414015,-17.463737258541457,0.2381321449331525,-8.440445238976784,-16.45572134513408
81,0.1608695652173913,-9.925281096126689,-15.890408210114694,,-8.229776980984576,-15.265653116442454,0.23917525773195877,-8.768353138486392,-12.992026010694499,0.132890365448505,-9.273974007391171,-15.180490171625236,0.07754442649434572,-10.170347869739714,-17.4542443763951,0.22556684910086006,-8.963915494066082,-16.111433150677467
82,0.1608695652173913,-9.503699268583109,-15.371768337558017,,-7.851334114088298,-13.67497193375627,0.23917525773195877,-8.284640855069963,-14.394953990099587,0.132890365448505,-10.670681621657167,-16.175442380335532,0.07754442649434572,-10.414515295684534,-16.598172973262987,0.3910171730515192,-10.440777783219716,-17.434742585589305
83,0.1608695652173913,-8.625645257663212,-15.266625561677024,,-6.675406740871994,-13.03712503719491,0.23917525773195877,-5.728949475707422,-14.767956277996943,0.132890365448505,-8.874718429667613,-15.16244021933371,0.07754442649434572,-8.62064133809141,-15.120379232611443,0.36909722222222224,-7.466829202276236,-16.32719085655601
84,0.1608695652173913,-8.561757421947465,-15.970858249872254,,-6.612959786114435,-14.963710352698612,0.23917525773195877,-7.396520703897076,-13.363939646865212,0.132890365448505,-9.396272548643626,-13.018475900338215,0.07754442649434572,-7.061155450290137,-14.494306916222834,0.25,-8.110361857589464,-14.789441889939354
85,0.1608695652173913,-4.652320847369032,-11.978571287687307,,-3.8966655618473593,-10.476560746374965,0.23917525773195877,-4.210908378109718,-11.394478746451245,0.132890365448505,-3.4897641430609623,-11.12112883783027,0.07754442649434572,-3.5575094515554735,-10.626219006886615,0.5176805765041059,-3.7404288145150213,-12.124907004701024
86,0.1608695652173913,-3.4379572978546746,-10.030649065894428,,-3.5160643279322112,-9.999302687997321,0.23917525773195877,-2.653633011423096,-10.079846030690149,0.132890365448505,-2.30665599559123,-9.703623629161914,0.07754442649434572,-1.8351814490796772,-9.802730962709044,0.6036655211912944,-2.392217489673631,-10.04707441697213
87,0.1608695652173913,-8.111760984246317,-14.603215691657002,,-7.097485807410439,-12.676949513421206,0.23917525773195877,-6.570331747523732,-14.234129352752731,0.132890365448505,-9.70065221918945,-16.071286045359813,0.07754442649434572,-8.075844543781907,-14.661477126576923,0.48606811145510836,-7.034789410997229,-13.61546833750323
88,0.1608695652173913,-8.120343160608192,-15.630011876040781,,-6.233138606271006,-14.347329498023331,0.23917525773195877,-8.867949912123844,-15.145801499962054,0.132890365448505,-9.455193017789352,-15.895982749537772,0.07754442649434572,-8.236185149414688,-14.625084592829754,0.2910746812386157,-8.764446603769064,-14.94233548868351
89,0.1608695652173913,-7.557526428866749,-13.845348397841303,,-7.21160887039086,-13.587526345841995,0.23917525773195877,-7.765042504050452,-15.743694130512093,0.132890365448505,-8.370971882340863,-16.4952457941676,0.07754442649434572,-8.397465693660777,-15.064815987126611,0.30378046440222606,-7.9729883039247245,-14.819947646308504
90,0.1608695652173913,-8.084262346649009,-16.2986925737429,,-7.013922733576248,-13.443454630521174,0.23917525773195877,-7.600320811044457,-14.756920840616354,0.132890365448505,-6.749638042610617,-13.849908347981792,0.07754442649434572,-6.0219613402917025,-12.466778295763238,0.43069653482674136,-6.4188920924632855,-12.338234607127985
91,0.1608695652173913,-8.276814949664892,-15.98784935713773,,-7.2824094114052595,-15.07959142210967,0.23917525773195877,-7.65848327202579,-13.958549218127537,0.132890365448505,-9.074248765666784,-15.724063363783108,0.07754442649434572,-7.415030214647679,-13.948367065529148,0.46299512114446373,-6.714557702826138,-12.974854155572952
92,0.1608695652173913,-8.07349252309555,-14.940214676813648,,-7.501603215371901,-13.774472287397465,0.23917525773195877,-6.288533177015506,-14.573328156810758,0.132890365448505,-8.375728484320456,-14.5150413427379,0.07754442649434572,-7.328961082762499,-13.077397746773258,0.44923435419440744,-6.948672274613217,-13.4374711533311
93,0.1608695652173913,-9.624389975499863,-18.21968904855471,,-6.996580415543708,-13.602555025601434,0.23917525773195877,-6.01777408508053,-13.762054494740974,0.132890365448505,-8.574295434143195,-16.265536915820977,0.07754442649434572,-7.818887766353363,-13.0621814925511,0.46805603006491286,-7.101049789173198,-13.619908410364301
94,0.1608695652173913,-9.128831296213317,-15.855922711789711,,-7.366950927630538,-13.384392833360012,0.23917525773195877,-6.64037110157746,-13.75958488081434,0.132890365448505,-9.031554057607345,-16.317118261781086,0.07754442649434572,-8.867636519314514,-14.303956555414977,0.353944163387671,-7.263055030311401,-15.00365112773963
95,0.1608695652173913,-8.245768364278582,-13.77196273120578,,-7.593421013701276,-12.681760039146216,0.23917525773195877,-7.142373200482844,-13.099123093286966,0.132890365448505,-9.106956411502676,-13.628491789773998,0.07754442649434572,-9.25580244275172,-14.668577206210387,0.2529154518950437,-7.665020427511141,-14.744776168967748
96,0.1608695652173913,-8.333487272386883,-14.306873173531427,,-8.723963997665948,-13.722989203410892,0.23917525773195877,-6.898594638367107,-12.385201446984823,0.132890365448505,-8.525898665482721,-14.49137434068354,0.07754442649434572,-8.97368434033266,-15.199194967224557,0.3670801206838753,-9.558155653628296,-15.300745321032645
97,0.1608695652173913,-8.506985591350096,-14.271370735961451,,-7.536296062997684,-13.067558819785777,0.23917525773195877,-5.715080094749096,-14.961359886723358,0.132890365448505,-8.387078895580274,-15.656668759191707,0.07754442649434572,-8.629760574052431,-15.74976952031918,0.43493516399694887,-7.4794197810907495,-15.31564185702748
98,0.1608695652173913,-9.183786457044986,-15.102333039259559,,-8.132860463326374,-14.031345846838544,0.23917525773195877,-1.791741342798817,-15.175005036981318,0.132890365448505,-8.098042837370354,-17.00155651156958,0.07754442649434572,-8.505002517774246,-17.258499936445332,0.4008997538409303,-7.250873268803829,-14.214283823596169
99,0.1608695652173913,-7.888821069036878,-16.56692621618849,,-5.141720688646407,-14.408558728341355,0.23917525773195877,-3.7582311699117525,-13.8890069960229,0.132890365448505,-8.739253305097995,-16.736577986731657,0.07754442649434572,-7.193474580550559,-15.92889442178487,0.5117199391171994,-7.0570364949496405,-13.781026629722653
100,0.1608695652173913,-9.046941744461252,-14.348405768027297,,-7.2556970832116585,-13.299258842474892,0.23917525773195877,-7.185784498116657,-12.457569641508371,0.132890365448505,-10.476122209522568,-17.7142824613075,0.07754442649434572,-9.753379885206613,-17.006067721121603,0.2238301071227213,-9.658315868309982,-17.107608983033572
101,0.1608695652173913,-10.098579085276425,-17.089996092530775,,-6.8372197214349795,-14.028297165773163,0.23917525773195877,-6.5286775895052385,-12.86391092148192,0.132890365448505,-9.019941163549788,-15.941141949153879,0.07754442649434572,-7.880333691681929,-14.357209422396018,0.42256482130343376,-9.209480239864135,-15.39229432431293
102,0.1608695652173913,-9.444127455422613,-14.948082669914374,,-7.6547634544814445,-13.497474548477879,0.23917525773195877,-6.995120322115405,-13.473461741243455,0.132890365448505,-9.172466162912906,-15.495581585258629,0.07754442649434572,-7.990782562667084,-14.941362969071745,0.34543033128017314,-8.967243439172309,-15.581295292500535
103,0.1608695652173913,-10.468014642082169,-18.54720255401561,,-8.484428515850922,-15.537443941428915,0.23917525773195877,-4.267998453392122,-10.718199559545305,0.132890365448505,-3.6939139922986532,-11.356748235848306,0.07754442649434572,-4.055185136221729,-9.607183070304442,0.6167873424510593,-2.251430179535897,-9.083132198642494
104,0.1608695652173913,-9.128284859426612,-17.652205441674052,,-7.285748300136983,-14.12276959511968,0.23917525773195877,-6.762549281914456,-13.626806573770367,0.132890365448505,-9.921479376659128,-16.806133096602768,0.07754442649434572,-8.439780986672504,-15.165905798385893,0.37355313924938616,-7.2416687487791584,-13.979717702986921
105,0.1608695652173913,-4.956399275382493,-10.457043653767943,,-4.121895554286671,-10.443376862762616,0.23917525773195877,-5.206596805374821,-10.889333721811877,0.132890365448505,-4.684545413219469,-11.932530078562344,0.07754442649434572,-5.0043409093785405,-12.36921717899463,0.554237932345116,-4.104030317615201,-11.83988606711447
106,0.1608695652173913,-3.195397000470976,-9.998452796268671,,-2.6631788804370444,-9.483345595991103,0.23917525773195877,-2.159998413820787,-10.068012004441542,0.132890365448505,-2.532124388438878,-9.491824963861296,0.07754442649434572,-1.5940584304244811,-9.78492110389113,0.5096582466567607,-2.763008901799716,-10.666519342374228
107,0.1608695652173913,-10.073099196866176,-15.541544859624182,,-7.590357828386592,-13.322989990053332,0.23917525773195877,-8.373520518615452,-13.855540902978076,0.132890365448505,-8.994342684211407,-14.055952816114994,0.07754442649434572,-9.197340143451372,-15.744843209312524,0.34586760673717193,-8.814944140719106,-15.550037782025592
108,0.1608695652173913,-3.030355789268912,-9.472121768809696,,-2.600786692512819,-9.50469047153529,0.23917525773195877,-2.335567975088919,-9.830082517365334,0.132890365448505,-1.9564234291308895,-9.413994128058212,0.07754442649434572,-3.0308630617659342,-10.418610287100655,0.4643304130162703,-3.5872599677362333,-11.187974974090746
109,0.1608695652173913,-6.065063540782159,-13.932697078759205,,-7.075174968174459,-13.745210873645187,0.23917525773195877,-4.747477962055096,-14.12329928843413,0.132890365448505,-6.314164076300047,-14.108284952710983,0.07754442649434572,-4.247622855196546,-12.833352079548044,0.5231053604436229,-6.222232510884687,-12.915320638340631
110,0.1608695652173913,-3.988406913294596,-11.163129838338929,,-4.561593198426383,-10.970937710669688,0.23917525773195877,-2.3323653267380475,-10.71128369705658,0.132890365448505,-3.244361789490995,-11.318579005280398,0.07754442649434572,-3.864459258033939,-11.975474190672703,0.4357207615593835,-3.6472451809820545,-12.382429775300885
111,0.1608695652173913,-9.999679284694786,-17.265290265847263,,-9.144589695561953,-17.28315150145178,0.23917525773195877,-4.633978246849727,-15.867079074781165,0.132890365448505,-7.877632798279918,-16.843865491199953,0.07754442649434572,-5.675154374375122,-12.806522843328509,0.5255139772223044,-5.984931478765474,-12.758506227755484
112,0.1608695652173913,-8.559043620040526,-15.0649952174187,,-8.882261153346368,-13.23048157897373,0.23917525773195877,-6.592610807061796,-12.571234708560826,0.132890365448505,-8.550554760906225,-16.489406049681595,0.07754442649434572,-8.653991275001557,-17.29214551684375,0.27364438839848676,-9.52233712934156,-16.22302895069247
113,0.1608695652173913,-7.49591888020801,-14.120737439018558,,-5.5027444902723595,-13.119039479452299,0.23917525773195877,-6.6695751573869435,-13.08708066987471,0.132890365448505,-7.934044698338724,-14.49307027688757,0.07754442649434572,-7.432308663350681,-13.898624349154751,0.24004802807795325,-8.049005257646414,-16.512178125857403
114,0.1608695652173913,-8.724683907997742,-18.190419481919896,,-8.601407614619767,-15.395109985066819,0.23917525773195877,-9.050729978184792,-16.018775271153707,0.132890365448505,-10.291866438353281,-18.087778787025993,0.07754442649434572,-8.599991907314209,-16.58789032283466,0.4958258307415289,-7.228213525330269,-14.147706693107953
115,0.1608695652173913,-8.141637346507654,-15.105540100421118,,-7.951259443215105,-14.040669039796159,0.23917525773195877,-6.153932418882881,-11.750222815434084,0.132890365448505,-7.738625084996151,-13.339362257152544,0.07754442649434572,-8.077472948823837,-14.075483565638399,0.2719508028698326,-8.408616634366963,-15.86986428889398
116,0.1608695652173913,-7.793011392185933,-16.30898570006361,,-7.842992566789164,-14.506443374255554,0.23917525773195877,-8.606776419043676,-15.473792839948645,0.132890365448505,-9.654270279346855,-16.36288142544379,0.07754442649434572,-8.029821336324105,-15.17254640440629,0.4971900826446281,-6.923303469600083,-13.42723677128089
117,0.1608695652173913,-4.39171322375198,-10.803603980553593,,-3.409832179753909,-10.20470882522606,0.23917525773195877,-3.465144290979519,-11.400331818421686,0.132890365448505,-5.008891809024164,-11.107772535337336,0.07754442649434572,-6.5824803941308705,-15.595580198159546,0.2186511240632806,-8.70506835167217,-15.991181617683424
118,0.1608695652173913,-7.498678123785082,-14.550814854033398,,-6.058499555575296,-12.1084255967542,0.23917525773195877,-6.905416229917298,-15.316923976935922,0.132890365448505,-8.361829304422194,-16.783585604923772,0.07754442649434572,-9.01428146281329,-16.521092463686394,0.3166936790923825,-10.00697759956324,-14.58823917581849
119,0.1608695652173913,-2.34512537268672,-9.06644307464208,,-3.1226320038686532,-8.434112316577394,0.23917525773195877,-3.0799337496763117,-9.51047014823462,0.132890365448505,-3.078284647711417,-10.33438377422301,0.07754442649434572,-7.0894640338613,-15.011510855305097,0.2760416666666667,-8.46857993329002,-15.515985525334148
120,0.1608695652173913,-7.549085902330285,-15.320358400938648,,-7.576656653970319,-16.234085538950925,0.23917525773195877,-9.182806066027156,-17.128375371758658,0.132890365448505,-8.009736425800899,-16.495194179578633,0.07754442649434572,-6.501997575887007,-14.756843075717743,0.3843447669305189,-4.988169985985617,-13.012800549076331
121,0.1608695652173913,-4.026431490124191,-10.273192513090464,,-3.929749272939167,-10.432530861290697,0.23917525773195877,-4.473081182316948,-10.778794651657897,0.132890365448505,-5.792277225918426,-11.949359501269939,0.07754442649434572,-4.972991438776148,-13.016058320325879,0.5205457718546723,-4.6194383316589,-12.245469183240111
122,0.1608695652173913,-10.169841606849644,-17.3311119622857,,-9.604630496546081,-17.22347919828309,0.23917525773195877,-7.790189016991872,-15.646494453739347,0.132890365448505,-10.244226174548617,-16.393484139473284,0.07754442649434572,-7.276867608334458,-16.61477159433364,0.30197772976566395,-5.82567952645012,-12.814799781662016
123,0.1608695652173913,-10.546692351100189,-16.999858198440712,,-9.033786855881448,-16.07119732814552,0.23917525773195877,-8.065193991531016,-14.789023717890386,0.132890365448505,-9.211308556246076,-15.182113655306576,0.07754442649434572,-7.95943411853539,-14.503293821393378,0.5525222551928783,-7.205973902956691,-13.672495555037683
124,0.1608695652173913,-9.181914810736155,-16.507771790222833,,-8.07128103284808,-15.810340646755744,0.23917525773195877,-8.858457441992773,-16.799130164982365,0.132890365448505,-8.989402675097152,-15.734319153327,0.07754442649434572,-7.431448134834982,-15.606383348543547,0.27995622834214845,-8.194848134260639,-14.778729798284614
125,0.1608695652173913,-8.227464042234615,-14.92627268391014,,-6.459162524157691,-13.213540499311518,0.23917525773195877,-6.779588138245646,-15.619371638439981,0.132890365448505,-9.522762684122938,-16.022431019642706,0.07754442649434572,-8.13969543267128,-15.86185355534317,0.24042198778456414,-8.11124652240721,-14.8546567595276
126,0.1608695652173913,-9.007861482268453,-14.97211514678002,,-7.432578464475883,-12.131807992129332,0.23917525773195877,-5.875590137900925,-13.986614200972307,0.132890365448505,-9.96489168511799,-15.970890558852538,0.07754442649434572,-8.065417516041855,-14.210591351365071,0.2766242464835901,-9.528799731643424,-15.44730357874198
127,0.1608695652173913,-7.977121128694664,-14.635071091086377,,-7.500787266980222,-12.937202403358924,0.23917525773195877,-9.445246612205443,-14.35419080151658,0.132890365448505,-8.06990608820229,-13.780433532595636,0.07754442649434572,-7.820712826413017,-13.186946553627008,0.4733390854184642,-8.982374341513289,-13.892989797978672
128,0.1608695652173913,-8.26561182781763,-15.879981857399201,,-7.852098093028149,-14.303010857271783,0.23917525773195877,-8.001729051595191,-17.046164552645642,0.132890365448505,-9.739954300200358,-16.746735373979124,0.07754442649434572,-7.122268878839013,-16.46717303514301,0.49831452440275537,-4.326880318445971,-14.101806065784576
129,0.1608695652173913,-10.254236229079051,-17.283695276491247,,-8.041933346669087,-15.904017681845408,0.23917525773195877,-6.517199693863058,-14.781601288415294,0.132890365448505,-8.23994630451088,-15.814394908556476,0.07754442649434572,-8.919144860022174,-16.502150892823543,0.30804471321238774,-8.003153472103333,-17.196370179035398
130,0.1608695652173913,-9.86045579450577,-17.0490616088201,,-8.142368385627194,-14.135103487824434,0.23917525773195877,-6.541842381357531,-12.594004914130121,0.132890365448505,-9.268156101246399,-16.778472223522627,0.07754442649434572,-8.393259960017382,-15.078621802330229,0.15373592630501534,-9.494188660901875,-17.48863350452611
131,0.1608695652173913,-8.147493754605351,-13.848296785350609,,-8.4267262499389,-13.938623021448892,0.23917525773195877,-5.513647752313053,-14.968200518147682,0.132890365448505,-8.697295436107561,-15.267107037332561,0.07754442649434572,-9.110883534822346,-13.917960670208995,0.39332079863909036,-9.251442606113123,-13.715688694968302
132,0.1608695652173913,-7.871975413079073,-14.805805141797585,,-6.514457709017888,-14.737550761194395,0.23917525773195877,-7.456633281828182,-15.41435319325127,0.132890365448505,-8.918318205544724,-15.359148696460574,0.07754442649434572,-8.092018084096534,-15.459103919326989,0.4423175525551188,-7.7252968141116005,-15.087665486327804
133,0.1608695652173913,-8.859361363595617,-17.279388920847843,,-6.474900155722645,-14.096591344832664,0.23917525773195877,-7.258345238056462,-15.051675940786073,0.132890365448505,-9.120705114419346,-16.840649005319854,0.07754442649434572,-9.003903989048565,-15.67994373577738,0.3271528242377903,-9.393258296330089,-15.497701464716545
134,0.1608695652173913,-8.326878164139737,-13.784929180224648,,-7.870892165220724,-13.088105056989491,0.23917525773195877,-8.471915902580566,-13.846469475085584,0.132890365448505,-8.661703764683114,-13.25418573490209,0.07754442649434572,-8.163577282747564,-13.889160699801108,0.492448132780083,-7.790181819276079,-13.496624326371906
135,0.1608695652173913,-8.538071310510132,-15.025255089310456,,-7.532326313319109,-13.262459320317976,0.23917525773195877,-6.963983650859965,-13.318939595999861,0.132890365448505,-9.15620679896482,-16.114841215689918,0.07754442649434572,-7.926339940884734,-14.580257246651303,0.3127793487184165,-8.16654107454913,-14.299995368611174
136,0.1608695652173913,-8.804027214033534,-15.614930170122685,,-6.769421455758435,-13.834392423747373,0.23917525773195877,-4.890172649354382,-12.093015608345565,0.132890365448505,-5.965017027203677,-12.99042907987065,0.07754442649434572,-4.698368967819901,-12.793750894430925,0.441151566469094,-3.8496379428772913,-12.628786531986629
137,0.1608695652173913,-9.55667882567319,-17.320301804267626,,-9.63187149399246,-17.711233773082242,0.23917525773195877,-6.553524685944688,-15.043230622252965,0.132890365448505,-5.323092520432645,-14.03085692354901,0.07754442649434572,-3.5862787817874953,-11.609443856283622,0.6129638327853453,-3.4432166774517077,-10.879470461992028
138,0.1608695652173913,-7.12291198995641,-17.701593609066226,,-8.578312325431664,-17.895525779403386,0.23917525773195877,-5.406244515218727,-13.99985369607526,0.132890365448505,-5.921316518205938,-13.743815737982521,0.07754442649434572,-4.632441788115363,-11.634832157571402,0.5736815813887105,-3.1785374751143705,-10.827187462388698
139,0.1608695652173913,-7.939240967373161,-14.410202442074795,,-7.054654411779163,-15.110766520972108,0.23917525773195877,-9.354150248573847,-18.144061264690535,0.132890365448505,-8.313391597482854,-15.730448639585111,0.07754442649434572,-7.136941104851024,-14.996689227778997,0.13969367041889647,-8.051295502125019,-16.128885752543457
140,0.1608695652173913,-8.991422086767088,-15.757063657070148,,-8.456146849005485,-16.505007641003317,0.23917525773195877,-11.731708265741885,-17.08871996466796,0.132890365448505,-6.035336530346899,-14.597234390906271,0.07754442649434572,-6.93017622164894,-12.840365204702533,0.17440620455647116,-9.715409025174877,-18.137045905610577
141,0.1608695652173913,-9.519157514393275,-17.090518488143275,,-7.639112129192437,-14.99077485155673,0.23917525773195877,-8.276618353858138,-17.37421253637769,0.132890365448505,-10.083497978506106,-16.61625850638837,0.07754442649434572,-8.180218547332942,-16.256833563903303,0.27449150961000185,-8.392122880931174,-15.72774261645701
142,0.1608695652173913,-10.896040280581056,-18.652542814149086,,-10.599301024699239,-18.210651500458923,0.23917525773195877,-10.533629690970782,-20.34313997537039,0.132890365448505,-10.469023498202134,-18.706313644098934,0.07754442649434572,-8.892356675680983,-16.906083005363136,0.29962925513987193,-8.595441724359022,-15.565150506852381
143,0.1608695652173913,-9.778598920259236,-14.519136266114216,,-7.670424078202175,-13.222829950661296,0.23917525773195877,-7.504633376131013,-13.730341151883591,0.132890365448505,-8.903247583885992,-16.24344191409914,0.07754442649434572,-8.800858062271011,-15.635641901347785,0.14154902708889736,-9.513027978461357,-16.34225361209604
144,0.1608695652173913,-11.551706775121641,-19.34205250892176,,-11.031435567493466,-18.712074891953087,0.23917525773195877,-9.087619290967968,-17.784985216425156,0.132890365448505,-8.66081485871116,-15.647175820024229,0.07754442649434572,-5.899896108548259,-12.57804239089146,0.429225836005497,-6.533885578566851,-13.95469086133184
145,0.1608695652173913,-9.560397680574983,-17.615134966217223,,-7.996068469083072,-14.291707632857824,0.23917525773195877,-7.200777621717702,-15.024375919555947,0.132890365448505,-10.478165059994694,-17.76266344050331,0.07754442649434572,-9.11380975521656,-16.244410890085884,0.3921852387843705,-8.068868423986148,-15.413069700975491
146,0.1608695652173913,-9.10914068800925,-15.781158571461763,,-6.867777367261753,-13.578531825075054,0.23917525773195877,-7.152210485683714,-14.945689613016066,0.132890365448505,-8.58712332168135,-16.29888489982402,0.07754442649434572,-8.529332938479062,-14.908346629816778,0.309147685525349,-8.263786976645068,-15.50889259921711
147,0.1608695652173913,-9.18185015158506,-16.52952724278603,,-7.38667517007228,-14.403745235974803,0.23917525773195877,-4.364495589039088,-14.681047280718628,0.132890365448505,-9.19090019661547,-15.853207443738187,0.07754442649434572,-8.349168299108648,-16.247354059827344,0.29222131667119444,-8.025562093411592,-16.484989977924805
148,0.1608695652173913,-8.249323168484263,-16.278491161169597,,-6.186715010811417,-13.629371957744056,0.23917525773195877,-8.126798600384117,-14.226799185457452,0.132890365448505,-8.298353622383326,-16.159894658023447,0.07754442649434572,-7.0557744080034945,-15.006603696183108,0.38901642239095885,-7.473489936555891,-14.531032517995579
149,0.1608695652173913,-7.77546073235092,-15.996580550774892,,-6.8894938957706024,-13.46579963424363,0.23917525773195877,-6.272916747788175,-12.903030088144652,0.132890365448505,-9.267869046333107,-15.667357031913902,0.07754442649434572,-9.329653391705605,-16.828472240705253,0.3379240846489755,-9.15042975180444,-15.781138973573
150,0.1608695652173913,-8.876975449315259,-15.71966695340084,,-6.707593582833208,-14.41883675511946,0.23917525773195877,-2.846597594950653,-14.364757597482464,0.132890365448505,-7.7184486948750965,-15.94562426691299,0.07754442649434572,-8.561121515582075,-15.618347449440392,0.3800957253672223,-8.421797175683576,-15.431550092573346
151,0.1608695652173913,-9.357120099140415,-15.472396903324245,,-7.183225710935978,-13.613102413664148,0.23917525773195877,-7.124236003538136,-13.479446018530734,0.132890365448505,-9.237141535812455,-13.912573415773279,0.07754442649434572,-9.553876388759724,-13.990416844484955,0.32270634077222815,-10.389715851293994,-16.649625478920072
152,0.1608695652173913,-10.170037358200856,-18.055999204550282,,-4.8004236080659926,-12.427771940543499,0.23917525773195877,-7.101226405100556,-14.402591183585688,0.132890365448505,-10.244675798671858,-17.189425524896084,0.07754442649434572,-8.619215227776149,-14.519068827289844,0.2117943185904351,-7.746057555862842,-13.881784499693996
153,0.1608695652173913,-9.603776009161663,-16.61651460202744,,-6.749391273422872,-12.76453247974275,0.23917525773195877,-8.055553290491144,-15.174131839052759,0.132890365448505,-9.45396000924043,-17.52293085314851,0.07754442649434572,-8.930745135800947,-14.099293085450313,0.40453179566312025,-7.586253923626366,-14.721733041313943
154,0.1608695652173913,-7.619264396097686,-14.876205873568455,,-3.960449862154726,-12.420437646535088,0.23917525773195877,-4.08191393526265,-10.436746645898424,0.132890365448505,-3.6876956730439368,-10.494664022451886,0.07754442649434572,-1.7615718267718918,-10.801130007241241,0.5801295896328293,-3.478576756228171,-10.675730925418572
155,0.1608695652173913,-8.464887147484502,-14.531024079313795,,-6.948022604458251,-13.458049145219492,0.23917525773195877,-6.411379099777047,-15.764660164363269,0.132890365448505,-7.280506605674172,-17.652375285100355,0.07754442649434572,-8.431637755118107,-17.73047761895415,0.266839378238342,-7.988125324521014,-16.294588141100235
156,0.1608695652173913,-9.120430482355056,-15.763815773467993,,-7.051838369651903,-13.556185574788799,0.23917525773195877,-7.402376556174528,-13.890066394889828,0.132890365448505,-9.472825856847148,-16.712199080184654,0.07754442649434572,-9.685046762422724,-16.70746430703758,0.3207125032269168,-10.631839552963054,-17.55288598655591
157,0.1608695652173913,-11.526637801879346,-18.61796079213174,,-10.574221344239675,-16.82871485319096,0.23917525773195877,-10.768881576282626,-18.683684997077165,0.132890365448505,-10.35783752355752,-18.66284612976712,0.07754442649434572,-8.91988159044106,-15.2410115893914,0.20218579234972678,-9.417761742327956,-15.881165770911508
158,0.1608695652173913,-9.411469011822058,-16.548140207521712,,-7.557088166338586,-12.198100703543195,0.23917525773195877,-7.846719359457973,-13.378433594382466,0.132890365448505,-10.189001986458987,-15.249083932313907,0.07754442649434572,-9.850025547039037,-16.468194184649604,0.2428864508072429,-9.616455634306698,-16.79654256633093
159,0.1608695652173913,-9.077985539180498,-15.990387053160095,,-6.0818954729695465,-13.140773847051438,0.23917525773195877,-7.431071304257674,-13.964430554097696,0.132890365448505,-8.852769269324753,-15.252510516932993,0.07754442649434572,-10.578617258756058,-15.917577270828096,0.25730084672541903,-9.637378327697576,-16.806322893860237
160,0.1608695652173913,-8.272677001095047,-14.497598862154913,,-6.6665220243716075,-12.859858907978008,0.23917525773195877,-7.700199773220408,-14.250969314898402,0.132890365448505,-8.674850077710781,-15.636530522585668,0.07754442649434572,-8.52568654750314,-16.930533906244886,0.19446640316205532,-6.457185620475024,-16.295764060137675
161,0.1608695652173913,-8.685254415731757,-15.513496148107428,,-6.888744896449879,-13.08035141728836,0.23917525773195877,-5.725123916874769,-16.802855701194396,0.132890365448505,-8.546088813363493,-15.790014070073726,0.07754442649434572,-7.662927591659012,-15.354127714399528,0.3758679846417776,-6.8649773923704025,-14.364374181241553
162,0.1608695652173913,-7.041838809280387,-13.77018536748524,,-6.237847713612323,-13.226680947869268,0.23917525773195877,-8.02876391792816,-15.439867352373433,0.132890365448505,-8.924328089743403,-15.749187679440869,0.07754442649434572,-8.511117742608498,-15.127590702916303,0.43661971830985913,-7.674093889344618,-14.263753581615257
163,0.1608695652173913,-2.892128442351982,-9.747167601493047,,-3.3151541987319892,-9.883680174907639,0.23917525773195877,-4.321111834775611,-9.624024375780548,0.132890365448505,-3.8159897709048125,-11.14624898098314,0.07754442649434572,-4.477328108113245,-10.819515066199958,0.49120710261225886,-4.392548099356267,-11.44803505206288
164,0.1608695652173913,-6.899671532614531,-14.38251109958438,,-9.406403634623103,-13.277236596066205,0.23917525773195877,-4.905212562989883,-11.531414027250227,0.132890365448505,-7.681122018976811,-14.864074914690892,0.07754442649434572,-8.702434472924807,-15.97428874204268,0.37371409760513535,-8.117948724750722,-16.082792234983806
165,0.1608695652173913,-7.846136627881366,-13.922030099272508,,-9.402170441741958,-14.654180513202924,0.23917525773195877,-6.253551492472967,-13.955093053517517,0.132890365448505,-9.084039832969156,-16.619977086627276,0.07754442649434572,-7.992776711642464,-15.634516910924889,0.4326439812144682,-7.335170112977593,-14.412663579497664
166,0.1608695652173913,-7.622815779120272,-14.533227189233358,,-8.87670862224693,-14.005244592093032,0.23917525773195877,-6.495635269480386,-13.577334846766076,0.132890365448505,-9.053086098930404,-16.10306144337693,0.07754442649434572,-8.005372284325624,-14.678472030061245,0.5026395776675732,-8.369247985731011,-13.68645091425477
167,0.24014125956444968,-9.082746432895297,-17.491532540766194,,-8.768963341820923,-14.583672425657019,,-3.525216531311494,-16.518547167540973,,-9.331682406571561,-18.48162412998102,0.2953919239904988,-7.162300732898428,-15.699315990247289,0.5106349945660612,-5.192174052381939,-12.87700085686746
168,0.28983688833124216,-9.112897197509678,-15.64297487334865,,-7.803217936715397,-15.167439027042466,,-6.3974285619869455,-14.746654622138015,,-9.40742361977369,-15.661172055818842,0.2460377358490566,-8.17601382058822,-16.551958455942454,0.313507703332139,-5.715842590873107,-14.383749279673504
169,0.42311427646487537,-4.97406703382156,-11.235119444793867,,-4.13138942013825,-11.349669466247953,,-4.406122176505382,-11.920044569079217,,-8.510971336542388,-14.459991659164837,0.1655110039192041,-9.194524574385085,-17.11889740920299,0.18037004056594438,-8.836689614023337,-15.843955402293506
170,0.13731047187190024,-11.321649387476004,-18.567520704805855,,-8.235681547842358,-14.711318344509344,,-9.739765652691323,-17.333157159945582,0.1969111969111969,-8.832054695126729,-16.740129167692576,0.2345034329368533,-8.629113570916795,-15.743483749487625,0.19118624750688573,-9.066876595546615,-16.04843375600418
171,0.19230769230769232,-10.756417208451918,-18.924500892767558,,-8.524403345202122,-16.66228902044868,,-10.332553973114202,-18.918078210076164,0.2213820078226858,-10.508053378957637,-18.483610247393433,0.2937207122774133,-9.779269766637718,-17.44551942444137,0.24965612104539203,-10.177701894511982,-16.995598865016916
172,0.14310051107325383,-10.913102073999655,-17.16313991684879,,-8.754015156173779,-15.42801506394628,,-9.302563290090962,-16.233834886195663,0.1931682775056269,-8.948859831705615,-17.056896130849072,0.288934217236104,-8.403355754876623,-14.968748115047621,0.18480614052351899,-8.542545267641339,-15.966481326095114
173,0.4166601971896592,-4.118258574749679,-11.013636392266061,,-3.271469986320633,-10.307360154678587,,-4.195729042255183,-10.062894487310516,0.36879107443068926,-4.947843911488301,-11.236704994590154,0.423296613627091,-4.352325124727341,-11.868265334333806,0.3927544565842438,-4.8451085542046854,-12.165267599061991
174,0.24163075903215114,-8.243644910637911,-15.166999710211758,,-8.645171254740573,-13.394650712915794,,-6.192766357486999,-12.230148414519899,0.2281524926686217,-8.497753829205951,-15.14026076524943,0.22130177514792898,-9.06288454091028,-15.44664109159709,0.22628475147430496,-8.733889467963648,-16.84254803519088
175,0.43596059113300495,-7.421968894336304,-12.960939778458815,,-7.999948212935559,-12.884263724556256,,-5.797615966895648,-11.950781549560347,0.3088538091969801,-9.194608776340184,-12.875864757711957,0.41245136186770426,-6.499149995589596,-13.983910323671138,0.3700317965023847,-7.938182175286582,-13.929524711475148
176,0.39143615005683974,-7.456110783986032,-14.953432140313161,,-7.472204449640839,-12.329122054104054,,-6.300897917858231,-14.507749834033403,0.25287967393230554,-7.839545600200047,-13.56220491448658,0.3779124834248911,-7.349792244750823,-14.596723936093731,0.4846819846819847,-8.373958639647709,-13.999979878165087
177,0.36862804416880957,-7.51131462446367,-14.282267783135262,,-7.9977962942541305,-13.314338892819997,,-7.811953346211827,-12.919449946240224,0.3071773314650475,-8.786666293798435,-13.310188727936993,0.37005102938588774,-8.169112795844066,-14.354285490928609,0.3602674839788242,-8.123891312225775,-13.765265438235756
178,0.3612883621999392,-8.98307617680687,-14.123572521726377,,-7.884944159603068,-12.066825768350437,,-8.148427106320566,-14.361420028245401,0.19192587690271343,-8.96178328820848,-16.50657577262432,0.30355258529722123,-9.530866759065406,-17.18663341713032,0.37724084177708495,-8.980094639510348,-14.426075864118282
179,0.42380021062133294,-8.08812421229497,-13.665295167411283,,-6.448721313353515,-12.668332742803756,,-8.069907747999794,-13.715636738053387,0.256957928802589,-7.588348473179392,-15.130016431302751,0.3395973154362416,-8.150838885488977,-14.898979972695779,0.3548387096774194,-9.333305912728308,-15.176010404008904
180,0.42928919757647405,-8.06428591846109,-14.824033042238497,,-7.83321289084992,-14.705021358076882,,-7.623204940696317,-15.085098418337765,0.268236074270557,-9.150302033761527,-16.432826147071065,0.2693819221150411,-10.255479050233289,-15.996160152537872,0.2897529653081245,-9.428987064502785,-17.163632559161563
181,0.2443679150523748,-8.680762663561403,-14.331750740159405,,-8.305949782416114,-12.954303996813577,,-9.138121173801556,-15.82633229063118,0.1792452830188679,-11.025940201795311,-16.48541652780785,0.2875033786827642,-9.430286078624174,-15.742722607471935,0.26110297706198143,-10.598984743505717,-15.513313110104463
182,0.30449151269340546,-8.183521263090105,-13.147482400375026,,-7.41514539527922,-13.557191766532162,,-6.59525869584764,-13.501170007385479,0.23419162725521106,-7.989157313752264,-14.683351865034817,0.4210726511981742,-8.490901011169797,-14.567072946474704,0.31980976414636514,-9.605618044674868,-14.018951893569419
183,0.1608695652173913,-6.741497622506838,-14.879449578905973,,-6.5292916134948245,-13.0704991602277,0.23917525773195877,-6.010988225150195,-14.855547945578174,0.132890365448505,-7.977880443541011,-14.849916408593666,0.07754442649434572,-7.268399379244892,-15.044284888674957,0.40444120859119037,-7.202654812118361,-13.996493034482182
184,0.1608695652173913,-7.728621740606508,-14.267166866249969,,-6.46414570734816,-12.722978292742473,0.23917525773195877,-7.236342446222128,-14.348156544533797,0.132890365448505,-9.076324964356779,-16.218493959052932,0.07754442649434572,-8.417389420068615,-15.208597322052466,0.32320835310868534,-7.56776377480307,-15.162681219389235
185,0.1608695652173913,-8.063754673922242,-15.719286484805588,,-7.388664625764517,-13.500798490530023,0.23917525773195877,-8.646418738157884,-15.918944099446888,0.132890365448505,-9.377157387490854,-16.657135998383797,0.07754442649434572,-8.692334392098259,-15.62658769997512,0.43973385652136826,-7.1708107397638345,-14.565154501499336
186,0.243988457839051,-8.324699398939096,-14.180237301313133,,-7.304976922618765,-13.87970557138133,,-7.814020969296045,-13.904237597972955,,-9.235291867666616,-16.101388970779656,0.3086765994741455,-8.593482220694797,-15.720171931458438,0.4511503834611537,-8.854964942459997,-14.590813256642557
187,0.1608695652173913,-8.92247653263175,-14.459786096273744,,-7.479343357922826,-12.95564756479732,0.23917525773195877,-6.260166670659032,-14.070924356274597,0.132890365448505,-8.141586829088524,-15.189024581420991,0.07754442649434572,-8.58579952745274,-14.925334556462822,0.2565543071161049,-8.751481292093525,-15.449355902937791
188,0.20364950938199347,-8.642327971918746,-16.33069508386654,,-8.102467966063573,-15.798293670384705,,-9.9525912789169,-16.41451125262323,,-9.834561473945111,-16.35645381695594,0.2961108971890643,-8.932765351185344,-15.945171565656436,0.4983537862915295,-5.400022392321004,-12.687480143707566
189,0.1608695652173913,-9.44887499874113,-14.257173056261408,,-7.360892723719067,-13.216162356685226,0.23917525773195877,-6.185854985204186,-14.766760922136866,0.132890365448505,-9.030806163725051,-15.366439801754009,0.07754442649434572,-8.923313953836464,-14.589794846071694,0.22795115332428764,-8.89910058745868,-15.01208452658538
190,0.1608695652173913,-8.950881631485395,-16.451220034791096,,-7.142506257843263,-14.737422653640122,0.23917525773195877,-6.625789123714501,-15.45312414142446,0.132890365448505,-8.860908643174714,-16.804701063575887,0.07754442649434572,-8.724066507347331,-15.336119798758322,0.2584866300018965,-7.946158830059699,-14.77774680757487
191,0.1608695652173913,-7.434192873893731,-13.017327467103456,,-7.458168803888775,-13.132904553146238,0.23917525773195877,-5.663283239827177,-10.393218038509875,0.132890365448505,-7.649790944281046,-15.684355198877245,0.07754442649434572,-6.988673802155305,-14.132204887238093,0.3368270605050024,-6.873262243707041,-13.753355549842077
192,0.1608695652173913,-9.5634120177398,-13.830832620493227,,-8.55348676123583,-13.371318495812517,0.23917525773195877,-7.5325263187601275,-14.935320712723257,0.132890365448505,-9.183370130794179,-17.218077091987503,0.07754442649434572,-8.843828558160183,-15.848560843032026,0.3562978427279054,-7.7879371030824185,-14.879769429725902
193,0.1608695652173913,-8.869536545347959,-14.562646060746792,,-8.170352833617436,-14.016453599855685,0.23917525773195877,-6.501645050611348,-15.720523714698489,0.132890365448505,-9.392939358646633,-16.568618002335768,0.07754442649434572,-8.6506664452129,-16.203089424495236,0.2759299166120116,-6.031939427101026,-14.66814420505541
194,0.1608695652173913,-7.480766099714523,-16.377516344006548,,-7.27408316237026,-14.397908112301739,0.23917525773195877,-6.374498316843892,-14.301394713160445,0.132890365448505,-8.879251140875615,-16.280414292553125,0.07754442649434572,-7.901856410418113,-16.347965229786922,0.2411408815903198,-8.888995407346176,-15.792630999509536
195,0.1608695652173913,-7.704909467891658,-15.752488242540482,,-8.39343474974955,-13.735312081327427,0.23917525773195877,-6.0106329653410375,-14.890817797793103,0.132890365448505,-9.179074736035025,-15.96978563221808,0.07754442649434572,-10.500996196334228,-16.04707224286654,0.22538461538461538,-7.598021149289017,-14.862238915565527
196,0.1608695652173913,-9.6052783973284,-16.324224070865665,,-9.178638975729548,-14.469121454343572,0.23917525773195877,-7.338514413481338,-14.526414475649716,0.132890365448505,-10.805107113124734,-17.652751979590796,0.07754442649434572,-8.352842559787232,-15.320335956602541,0.34800550206327374,-7.042119634737758,-14.318404682629115
197,0.1608695652173913,-8.8418188002357,-14.869594152113063,,-8.180050961050853,-12.914470876125776,0.23917525773195877,-5.094594132438855,-14.04111229951914,0.132890365448505,-8.12126686345131,-15.713950229988523,0.07754442649434572,-7.901979764837145,-15.424217910150835,0.4062448372707748,-6.472880455125023,-14.076571560306267
198,0.1608695652173913,-8.678992852490191,-16.364917257947937,,-7.636885356656719,-14.734315036168024,0.23917525773195877,-6.814544088613522,-13.94161719546224,0.132890365448505,-7.763708954208073,-16.03913210660773,0.07754442649434572,-7.9590117620062015,-15.909485971631373,0.32918314124674014,-5.6595431728508485,-13.729036881531036
199,0.1608695652173913,-7.832935484406878,-13.816620956383582,,-6.7972704519565275,-14.011229681943947,0.23917525773195877,-9.09532431586412,-15.285361779493867,0.132890365448505,-9.889741983241692,-16.621243950251575,0.07754442649434572,-8.074493077027725,-15.488700080776706,0.3583756345177665,-5.8626168965040755,-13.637515716990812
200,0.1608695652173913,-4.737147379664977,-10.733594128498707,,-3.2529215904921482,-11.88461086900788,0.23917525773195877,-3.213272568838142,-10.66821426881129,0.132890365448505,-3.675879149129922,-11.588039478940859,0.07754442649434572,-4.097805779689618,-11.895564824254631,0.47832024581768523,-5.146096844662203,-12.02474839416243
201,0.1608695652173913,-7.313113768546362,-14.331235465011762,,-6.090851376688845,-12.053534387360177,0.23917525773195877,-8.845123773768043,-16.65241046219329,0.132890365448505,-8.59125596788742,-15.205074257423174,0.07754442649434572,-8.137026652298683,-16.00968936284155,0.3594936708860759,-9.149607898664863,-16.618415749151765
202,0.1608695652173913,-7.9393871823908855,-14.242404948441871,,-6.964597107899815,-14.766420075661411,0.23917525773195877,-9.70544539702821,-17.952689971426793,0.132890365448505,-9.385529353608542,-16.919049857962303,0.07754442649434572,-8.615141995652785,-16.966834571816438,0.26358887477057746,-8.281200576530395,-15.32437284526294
203,0.1608695652173913,-7.296993081957604,-14.448567304715723,,-7.305790826337269,-14.512886538453198,0.23917525773195877,-10.3092099451679,-17.074689308905107,0.132890365448505,-9.280348832153905,-16.255275519031947,0.07754442649434572,-7.38425837436711,-16.311699014291097,0.24861156484808886,-7.75967173912249,-15.8947667360969
204,0.1608695652173913,-7.548494017812889,-13.157771487918769,,-6.69592075104592,-12.698987279433458,0.23917525773195877,-9.420767853023037,-16.62202561482814,0.132890365448505,-9.217501870616795,-16.70747373514297,0.07754442649434572,-7.286455275708273,-16.62102547349779,0.46264183258402913,-5.431569022337166,-13.339160339668663
205,0.1608695652173913,-4.413200295409677,-10.608042876012982,,-3.6497896032055106,-10.599181046855,0.23917525773195877,-3.678304248087943,-11.783424909248792,0.132890365448505,-4.819129788958925,-11.777668275240288,0.07754442649434572,-6.772816376220987,-13.700706162411189,0.16745283018867924,-8.009615292452855,-15.434522793642685
206,0.1608695652173913,-8.011732236207237,-14.137995057239543,,-7.001256275527895,-13.121371513735484,0.23917525773195877,-7.229135571832165,-12.872797112176901,0.132890365448505,-7.074011522644804,-13.358732852107762,0.07754442649434572,-7.275976069949397,-14.105954204897609,0.3031626769177005,-9.982808190019975,-17.44769130877231
207,0.1608695652173913,-6.765859235965425,-13.178532900685703,,-6.27981663794648,-12.867636993243606,0.23917525773195877,-7.825953509612101,-15.865511117718484,0.132890365448505,-8.057691612948057,-16.16325404109249,0.07754442649434572,-7.693968800649444,-15.193264251326914,0.39141061452513964,-7.202942833024969,-14.205928636687277
208,0.1608695652173913,-8.587282192422037,-13.575433948186134,,-6.7404842164009615,-13.65119899430532,0.23917525773195877,-4.656679774924772,-13.474285656829924,0.132890365448505,-7.689398151896842,-14.793972474272872,0.07754442649434572,-7.160252353028017,-13.486914146514575,0.44049328490581974,-6.855500605278404,-14.210365374887708
209,0.1608695652173913,-8.226790814302236,-12.458564504293335,,-7.313674687209928,-10.884648597487693,0.23917525773195877,-5.903613172420289,-12.105107779374759,0.132890365448505,-6.315602580312042,-12.427210022762686,0.07754442649434572,-8.006294700411118,-12.920353770801343,0.28746448863636365,-8.730276109665569,-16.703620246127983
210,0.1608695652173913,-7.5166605856922795,-12.697767849704638,,-6.073412199506701,-13.815243491253359,0.23917525773195877,-6.580738657709104,-14.008546273302189,0.132890365448505,-7.517221475609274,-14.500990905854325,0.07754442649434572,-7.576462893189157,-15.2043188679302,0.359780119102153,-7.454287262833073,-16.097968713757012
211,0.1608695652173913,-6.618336731579064,-13.336726899167404,,-5.562171268813511,-13.804942286937745,0.23917525773195877,-5.5044765544855325,-10.58408807523029,0.132890365448505,-7.265757156899687,-12.441482490770984,0.07754442649434572,-6.430253709427633,-12.962019955286044,0.3,-7.296780279611335,-13.793098963841965
212,0.1608695652173913,-8.41367936688924,-14.85787889543719,,-6.347299232878636,-12.831523167287864,0.23917525773195877,-7.7047595883794955,-13.953685141709498,0.132890365448505,-8.265090805294967,-15.781673353928374,0.07754442649434572,-7.167258256050449,-13.94978158974531,0.385439763488544,-6.226692556113196,-14.32690371623881
213,0.1608695652173913,-3.7096089326930093,-11.788142140972358,,-3.980488663390058,-10.168567125468273,0.23917525773195877,-4.181894045754445,-12.051093962876617,0.132890365448505,-4.199732680134794,-11.007529210167526,0.07754442649434572,-4.8542036162826365,-13.311930329116208,0.22351951193857159,-8.765810654095883,-16.716978572635043
214,0.1608695652173913,-7.080212956706252,-13.512186300247368,,-6.434424982427142,-12.989616503925294,0.23917525773195877,-7.592509006069776,-14.439523177886475,0.132890365448505,-8.151159133884144,-14.245835248497233,0.07754442649434572,-7.934051133051975,-14.992935955359785,0.5377099236641222,-6.642763579199565,-14.360381813595211
215,0.1608695652173913,-7.39606019452807,-13.2013163570903,,-6.322942680425716,-12.610349601835377,0.23917525773195877,-10.442059037142188,-15.94641720410495,0.132890365448505,-9.999936838696588,-16.21134852773472,0.07754442649434572,-8.327341874600915,-15.674307262867549,0.5104562737642585,-6.799856587333494,-13.765354376244833
216,0.1608695652173913,-3.3310870087412003,-9.769351101069972,,-3.874002289985457,-9.992122218513517,0.23917525773195877,-3.6355174315029277,-9.866070847749826,0.132890365448505,-3.368470446191284,-10.636391097206545,0.07754442649434572,-5.503163711921117,-13.008693236796097,0.15155468580126114,-8.185881016882597,-16.158263785065028
217,0.1608695652173913,-9.820292045621317,-15.978227880324953,,-7.390373235169263,-13.966565973730916,0.23917525773195877,-7.668913813597315,-13.284521343742819,0.132890365448505,-9.263030789584962,-15.12107360270126,0.07754442649434572,-9.052442577852277,-15.451496901210733,0.40478180906202976,-11.106227304013956,-15.745857426382253
218,0.1608695652173913,-3.2763701685511197,-9.585272986839971,,-3.618505004097057,-10.279910352657225,0.23917525773195877,-4.022171169544249,-9.177463149969679,0.132890365448505,-4.088753277422576,-11.14297097044515,0.07754442649434572,-5.666084500708195,-13.306096949992185,0.25577940766874013,-8.925635918228053,-16.073682095454057
219,0.1608695652173913,-2.5555575629453458,-9.465719292905776,,-3.5242758498960836,-9.606554834863873,0.23917525773195877,-2.7704375246520514,-9.232166144085328,0.132890365448505,-4.033774005625291,-11.748451603393741,0.07754442649434572,-5.509935568857389,-13.02538351842973,0.19892162526477952,-8.988493582813,-16.254858176806486
220,0.1608695652173913,-7.765279340918898,-15.990325518636311,,-6.3802114883512315,-12.318180164163856,0.23917525773195877,-8.371127764864697,-14.764640157174451,0.132890365448505,-8.688309970208147,-17.31896911396378,0.07754442649434572,-6.677264442372027,-15.711257628032298,0.2506429277942631,-6.596193552180578,-14.961916954882435
221,0.1608695652173913,-7.611445962933395,-15.759322857268877,,-6.29111119346307,-12.611255084252518,0.23917525773195877,-5.313373542243683,-16.59376145372933,0.132890365448505,-8.759046717062192,-16.8586608084175,0.07754442649434572,-7.950794732746234,-15.248008151964509,0.40843874692248916,-7.037921918657962,-13.861734415715494
222,0.1608695652173913,-7.618442496719695,-15.337772526375579,,-6.033468755357973,-13.301310307874296,0.23917525773195877,-6.620345590658314,-14.513184730181244,0.132890365448505,-8.707023126258102,-16.800480205805897,0.07754442649434572,-8.60363110214296,-15.801352890342903,0.42548523206751054,-5.905842001692967,-13.494803550641974
223,0.1608695652173913,-8.094300876695154,-15.844283179557406,,-7.603249974542687,-13.117221381512625,0.23917525773195877,-7.026438928478865,-16.426513814919034,0.132890365448505,-9.206945557368263,-18.093214398120292,0.07754442649434572,-8.493297678721431,-15.901284936227409,0.3913570887035633,-6.137970534953567,-14.403560156695786
224,0.1608695652173913,-7.676172217644769,-16.27320389298773,,-5.300972378373894,-13.391653751816513,0.23917525773195877,-7.416807334088461,-17.786608653999632,0.132890365448505,-9.931625761765265,-16.91019831512945,0.07754442649434572,-9.6387150759296,-17.858641823304566,0.3770521056388294,-7.155311051911756,-15.809988140324169
225,0.1608695652173913,-10.42977491462233,-18.2348518912423,,-7.327964694006526,-13.488780206416184,0.23917525773195877,-8.578535776452203,-16.188765755046933,0.132890365448505,-9.700532770836508,-17.781168412055354,0.07754442649434572,-10.063801496137142,-18.281775764000642,0.1713803292528493,-9.519735571592683,-18.705607760420378
226,0.1608695652173913,-9.444603641956135,-16.755750838031517,,-6.697396763832268,-12.70758924684018,0.23917525773195877,-8.612769430669678,-15.892515746398496,0.132890365448505,-9.420854079932807,-16.299360318146505,0.07754442649434572,-9.223848808753862,-16.953522009121937,0.15861937087675687,-7.5460080270689955,-16.0452085265137
227,0.1608695652173913,-7.871359403814325,-14.825071838403352,,-7.394893327508615,-13.892283093871463,0.23917525773195877,-8.186872210343617,-14.867934852630409,0.132890365448505,-9.619866361425096,-16.83775182911257,0.07754442649434572,-7.363586782143752,-13.146293336481198,0.2542340808023465,-7.811514643135085,-14.972996828291476
228,0.1608695652173913,-8.458810533971729,-16.850104978676818,,-8.13593301468282,-13.909535509238687,0.23917525773195877,-8.367664978063239,-15.532560391712412,0.132890365448505,-9.292075397688285,-16.481947546537967,0.07754442649434572,-7.261771514647607,-15.627277107270828,0.23467749551421285,-8.333117141485321,-15.758022478992242
229,0.1608695652173913,-9.412119035040538,-15.063693126112588,,-7.822688586748507,-13.456283192422788,0.23917525773195877,-8.083747593465171,-16.430943877873148,0.132890365448505,-9.52873615533051,-16.2859015876798,0.07754442649434572,-9.111909271197945,-15.82425549952308,0.24527112232030265,-9.032853923483705,-17.36499035352335
230,0.1608695652173913,-2.9078908741519935,-9.982078572609959,,-2.733596671438956,-9.473517017232147,0.23917525773195877,-3.023146860219103,-10.365470423254312,0.132890365448505,-3.3352817166942734,-10.893453478695356,0.07754442649434572,-5.770285603046671,-12.90262650966977,0.26181748022380863,-7.69153126435297,-14.723233833830648
231,0.1608695652173913,-6.903615610708558,-13.784403223561974,,-6.439999476646151,-12.89145469546378,0.23917525773195877,-4.84372841324083,-13.854001812152717,0.132890365448505,-6.891836261116881,-14.663565141507009,0.07754442649434572,-7.767745571359659,-15.533887648316789,0.2388966806919121,-8.18824567804933,-16.431015361809003
232,0.1608695652173913,-8.340310471146202,-14.326245646632161,,-6.754547560190266,-13.622908242008002,0.23917525773195877,-6.5110120120179795,-13.25130344777528,0.132890365448505,-8.697700102043148,-14.514196081895442,0.07754442649434572,-8.244352829141565,-14.138174402136851,0.3951340792044042,-8.496946609495845,-13.956617700077194
233,0.1608695652173913,-7.075562495084874,-15.593054466869628,,-7.4750332403778605,-13.523502446519842,0.23917525773195877,-7.383483838218414,-16.45448450802143,0.132890365448505,-10.816480201708163,-17.259978191179158,0.07754442649434572,-8.830309285666495,-15.20048776585283,0.3827433628318584,-8.444177559495126,-15.544563971066466
234,0.1608695652173913,-6.884271967835561,-13.766582561515357,,-7.1128475350562095,-12.7490569870557,0.23917525773195877,-4.963410107952556,-14.811319662148328,0.132890365448505,-8.566605870198448,-15.995550703668886,0.07754442649434572,-8.691721991874724,-15.830697685461494,0.3605496524726372,-5.492058533832226,-15.048156861865332
235,0.1608695652173913,-3.3479303539039917,-9.196099011117441,,-3.3910707853701494,-9.84370806184892,0.23917525773195877,-3.428584333624679,-11.293392044032501,0.132890365448505,-5.16676086279581,-12.696312164844962,0.07754442649434572,-8.821821423221095,-15.459302955870367,0.17768183327798073,-9.351003733031707,-17.848175643408503
236,0.1608695652173913,-9.394287300856085,-14.34342698235933,,-6.503762801531215,-12.470687838743855,0.23917525773195877,-7.5714737880250045,-15.40115218285149,0.132890365448505,-9.591924988240734,-16.9585704412372,0.07754442649434572,-8.703632856552343,-16.113138418959906,0.3646427373364643,-6.635362546799383,-13.556469941601954
237,0.1608695652173913,-8.786298886293071,-14.74093560202235,,-6.781967422180577,-12.873399525617636,0.23917525773195877,-8.421940943670764,-15.599744851858535,0.132890365448505,-10.173686829641749,-15.751230545934764,0.07754442649434572,-9.7188855747563,-15.997841265471413,0.38367146596858637,-7.808887457714061,-14.094197921851242
238,0.1608695652173913,-7.227735997919145,-12.91385909963334,,-5.963767480460081,-13.223017526062591,0.23917525773195877,-8.190894501584104,-12.69476707315533,0.132890365448505,-9.300940903624387,-13.719346462950961,0.07754442649434572,-8.112837131311137,-14.29362344990716,0.3686411149825784,-7.899078071901315,-14.578717641134716
239,0.1608695652173913,-8.832158675434131,-17.13965925504858,,-7.180412819023249,-14.39021467551736,0.23917525773195877,-8.585911210656036,-18.394380960398458,0.132890365448505,-9.943403394798487,-16.995268382904396,0.07754442649434572,-6.064918397645577,-14.623125579359028,0.4349225816342174,-5.5305634165885085,-13.556631580328979
240,0.1608695652173913,-8.979960576651564,-14.610448389774444,,-7.183845556441316,-12.90184234571406,0.23917525773195877,-6.453384650119681,-13.370973216541568,0.132890365448505,-7.57795657943776,-14.840787550378991,0.07754442649434572,-8.389712042501703,-14.3800728349701,0.2903348554033486,-7.882631656769712,-14.681473487901753
241,0.1608695652173913,-6.800145269814564,-14.23214527969359,,-6.209545527165999,-14.051085595014229,0.23917525773195877,-6.954136617751168,-16.193148752356432,0.132890365448505,-8.786506749724957,-16.601623079098246,0.07754442649434572,-8.264182705525444,-14.45639672826398,0.1669266770670827,-8.540659656595963,-16.097566711036738
242,0.1608695652173913,-8.050493810150364,-13.543187251254167,,-6.831748789875599,-14.221730803849992,0.23917525773195877,-7.01400294156593,-14.616959654309392,0.132890365448505,-8.428919297462723,-13.592424435149987,0.07754442649434572,-8.648880169272712,-15.53206013656464,0.24839774713536608,-7.443173787443974,-14.234533396576781
243,0.1608695652173913,-7.1643177416631705,-13.286795001248075,,-5.38164818734871,-11.953755413961993,0.23917525773195877,-7.431819624356486,-13.17791741488546,0.132890365448505,-8.22361990434456,-14.774787025637657,0.07754442649434572,-8.605093642269928,-15.681074422352271,0.34559884559884557,-6.88424824236037,-13.973745355874073
244,0.1608695652173913,-8.055785780491474,-13.079284146248078,,-7.928342867351635,-11.879561028359372,0.23917525773195877,-6.507906849250274,-14.365314771557639,0.132890365448505,-9.493060997220917,-16.98146065127021,0.07754442649434572,-7.8524577344919235,-14.495914253981779,0.33113063099363366,-7.34686949824583,-15.478892194608074
245,0.1608695652173913,-7.975570718912214,-15.698832961625007,,-6.89184290478114,-15.582929196704924,0.23917525773195877,-9.419448610729285,-17.995787907733554,0.132890365448505,-10.555148298610725,-17.13570695227395,0.07754442649434572,-8.190984530253397,-15.677650205113245,0.2611419366386254,-8.333527836595431,-14.978131599555315
246,0.1608695652173913,-4.172440292986811,-10.17650539329564,,-4.152073502624207,-10.73274043142237,0.23917525773195877,-3.806795953050825,-10.39069499659856,0.132890365448505,-3.9190896620230276,-11.483477838829465,0.07754442649434572,-3.0007407011722305,-10.619039537311437,0.5529699938763013,-2.9002721709861436,-10.15155087827779
247,0.1608695652173913,-8.52808842984673,-14.065978238168736,,-6.860221809615287,-13.635758609228795,0.23917525773195877,-10.08281621992267,-15.879938548654362,0.132890365448505,-8.280059793795566,-14.949135577741359,0.07754442649434572,-7.206192250223382,-13.632515564781514,0.44660194174757284,-6.826328992572053,-14.10827224485946
248,0.1608695652173913,-3.3978821351000024,-9.98012405019833,,-3.532313904232585,-10.268749495292578,0.23917525773195877,-2.477196730690729,-10.171306801533323,0.132890365448505,-4.518080745325799,-11.66967925626279,0.07754442649434572,-4.183675955229204,-12.387883697117434,0.32131676311545393,-7.048417840571974,-13.90225299328586
249,0.1608695652173913,-7.361507522740615,-13.21596205776321,,-6.784860830625231,-11.99082700265352,0.23917525773195877,-8.660122688864579,-15.798042201338685,0.132890365448505,-8.642617708365743,-17.45763580522336,0.07754442649434572,-7.9720946394634185,-14.523741814885344,0.21844167819271554,-9.209843171060974,-16.670294771031266
250,0.1608695652173913,-9.273694506243135,-16.190912280440553,,-7.5666073203289885,-12.748537531325148,0.23917525773195877,-8.260586239484077,-15.76101931488008,0.132890365448505,-9.586474864276015,-17.201154820881374,0.07754442649434572,-7.746466682141408,-14.357292981196855,0.46447998700982385,-7.604701783501194,-13.509330921052637
251,0.1608695652173913,-7.203004347930012,-14.621296861810723,,-6.378044066686708,-12.56407604935774,0.23917525773195877,-7.089316616923819,-16.40706945628289,0.132890365448505,-9.361347643861976,-17.08535172919283,0.07754442649434572,-7.866600480778222,-15.39061470393084,0.46348314606741575,-6.279871182240651,-12.825943511290895
252,0.1608695652173913,-6.660001457625672,-13.790387515848932,,-6.501505957042363,-12.441557144612933,0.23917525773195877,-5.803831954349795,-16.356833489006142,0.132890365448505,-8.783724235613409,-16.663376374583727,0.07754442649434572,-7.449489669879056,-15.189162051805623,0.4742629482071713,-6.576827166846725,-13.428068350382196
253,0.1608695652173913,-2.432328535421189,-10.470498908138573,,-3.24586133508969,-10.882466617462203,0.23917525773195877,-2.7448164808963127,-9.971151245141055,0.132890365448505,-3.027881783398368,-9.486478103364092,0.07754442649434572,-2.2902496802075216,-10.441806750315973,0.6045276690888765,-1.7215378003161872,-10.474183176193023
254,0.1608695652173913,-9.184213281479543,-17.353035577637808,,-7.860524187526144,-15.718398049485645,0.23917525773195877,-6.3573222170478925,-17.623155802210103,0.132890365448505,-9.278288709523702,-17.52669840718508,0.07754442649434572,-6.107477128227043,-13.667090428465688,0.5239593763410099,-5.717844538942667,-12.620533573352281
255,0.1608695652173913,-8.34883211656917,-16.668836203590168,,-9.218956867559072,-14.76934941603761,0.23917525773195877,-11.232687515469843,-17.477748376523643,0.132890365448505,-10.742062224033276,-19.134313300189405,0.07754442649434572,-7.770187545831763,-17.75710624636041,0.21068249258160238,-6.610730152689018,-16.71152431218901
256,0.1608695652173913,-7.1982873074576,-12.741879835176878,,-6.821580344033792,-13.72463874072314,0.23917525773195877,-8.259696420387348,-15.045984786203457,0.132890365448505,-8.611483157695133,-15.226868367608006,0.07754442649434572,-7.494669809533477,-16.38619846017158,0.3168058923919878,-8.517361298914896,-15.272036119300536
257,0.1608695652173913,-6.614030295211827,-13.550099453913614,,-5.959436968330155,-14.225614364470253,0.23917525773195877,-7.270041985386895,-12.342159224058616,0.132890365448505,-6.920592633473321,-13.930700029115377,0.07754442649434572,-8.18857285465893,-15.5734287825193,0.38878420816509646,-7.720896316608412,-14.175340461775663
258,0.1608695652173913,-7.562748602563936,-14.740102923697254,,-6.391856950919496,-14.385322204124076,0.23917525773195877,-8.785089707464211,-16.523810375223288,0.132890365448505,-9.204229696372172,-16.87196351469035,0.07754442649434572,-5.911102103042941,-16.953462243709883,0.3053236876275274,-6.365423711598234,-15.165865534504643
259,0.1608695652173913,-7.563054323307384,-15.065948748245582,,-7.765868829709039,-15.166665699649622,0.23917525773195877,-9.659103301590546,-16.601147791909607,0.132890365448505,-9.445518863901754,-15.93933075385599,0.07754442649434572,-8.370924851836438,-15.271427745085793,0.2752808988764045,-7.245005791006238,-15.869462854200936
260,0.1608695652173913,-9.80204535313713,-16.397432849779694,,-7.52480264675585,-13.220752721018574,0.23917525773195877,-9.001143356471088,-16.627948129796767,0.132890365448505,-10.67896387606231,-17.526428141650356,0.07754442649434572,-8.639017614149598,-15.38010280048935,0.39859245041586694,-6.967671971346336,-14.120174112185031
261,0.1608695652173913,-10.211086240449667,-18.317884545522652,,-8.033647314650535,-17.184535966144196,0.23917525773195877,-10.290782689534762,-17.407690117482453,0.132890365448505,-9.19049695102955,-17.131831483637264,0.07754442649434572,-6.694822082404066,-15.531060666350918,0.42729460295634236,-4.594687773017977,-12.596661707894388
262,0.1608695652173913,-9.011799905281558,-17.088326048609282,,-6.957406739595773,-13.292788920822286,0.23917525773195877,-7.789195067006265,-14.466350841175755,0.132890365448505,-9.194971945376286,-16.742020078137354,0.07754442649434572,-9.544828705315153,-17.428185466001864,0.16910410573069007,-8.324428463860608,-15.99010846778694
263,0.1608695652173913,-7.669348183186168,-16.822670339204144,,-7.291195061052756,-17.241988260412857,0.23917525773195877,-6.895046967762509,-12.154098127770602,0.132890365448505,-8.003206184421652,-17.571298246752395,0.07754442649434572,-7.825757176278748,-17.13089313608255,0.28904719501335707,-7.995122526619242,-16.24750764607061
264,0.1608695652173913,-7.48162458893638,-13.601889491029786,,-6.516314473978192,-13.515992456890231,0.23917525773195877,-8.233006998492606,-14.521072057912416,0.132890365448505,-8.539969264711894,-14.979495040511638,0.07754442649434572,-8.476466806814054,-13.834804460299647,0.4176543428268176,-7.333941204406772,-15.661766204846035
265,0.1608695652173913,-7.827736116324581,-13.076305288379684,,-5.490434055109742,-13.63439015743687,0.23917525773195877,-7.263146004544377,-13.701272156859725,0.132890365448505,-9.715624802653167,-16.27556233632012,0.07754442649434572,-6.9926616958856505,-15.298358811786265,0.5109061058556797,-6.944537615235058,-13.503014839154513
266,0.1608695652173913,-6.659536232563231,-13.285724561877611,,-6.111716654693323,-12.435818361746865,0.23917525773195877,-9.059906619967995,-14.991985488722381,0.132890365448505,-9.457068244119547,-16.47406988589119,0.07754442649434572,-9.054660311151574,-15.232484547286463,0.21945409429280396,-8.681559284046562,-15.923528696982096
267,0.1608695652173913,-7.922484710066855,-13.111213449409572,,-6.958444909315214,-13.3375458610168,0.23917525773195877,-6.167468165152971,-12.558971894299107,0.132890365448505,-5.342555225321664,-12.236744512680687,0.07754442649434572,-3.349608280557967,-10.949917972483242,0.6211336784813487,-3.047637817167394,-10.437683665166231
268,0.1608695652173913,-4.72366818613054,-11.651206275011688,,-3.73123479649726,-11.180033682457253,0.23917525773195877,-4.586941449480652,-10.509808005750088,0.132890365448505,-4.154021069309428,-10.543159577157759,0.07754442649434572,-5.199853197786978,-11.964120751484513,0.2206804789963885,-7.292773450773437,-14.323451495061459
269,0.1608695652173913,-9.989473796283285,-15.04798724855052,,-6.7145955149817365,-12.378692430936171,0.23917525773195877,-8.661476944425958,-14.69497662584308,0.132890365448505,-7.889089828993132,-15.56243355357283,0.07754442649434572,-8.33868615977456,-14.818490711982609,0.3376217607057526,-8.919324363469668,-16.671113316325645
270,0.1608695652173913,-9.32328599462992,-17.925241293611876,,-8.597154263111008,-15.716821152776461,0.23917525773195877,-7.418110630456804,-13.088306669018854,0.132890365448505,-9.032783870991972,-17.126288540540713,0.07754442649434572,-9.172648157417262,-16.459893014459183,0.2945902517407606,-7.571395727700004,-13.498270447831276
271,0.1608695652173913,-10.686413526802516,-17.15454246665969,,-9.030467078094532,-15.417064503675494,0.23917525773195877,-9.895497950882815,-14.996405570240054,0.132890365448505,-9.962733381492704,-17.27540453431771,0.07754442649434572,-9.588709192781733,-14.821922250206729,0.25062099620865474,-9.289515278845476,-16.09204915254236
272,0.1608695652173913,-9.080795467824586,-13.857484705809338,,-6.974573354050319,-13.405914196534948,0.23917525773195877,-7.31681807834396,-16.600294624707555,0.132890365448505,-9.115368590812041,-17.255095447149994,0.07754442649434572,-9.692087452439896,-16.985782004223292,0.2660143991139007,-8.200057977520515,-15.977672124861009
273,0.1608695652173913,-9.289883037345657,-16.063027403636298,,-7.292040382182328,-13.438227028709944,0.23917525773195877,-7.8161347833801775,-16.60479792583911,0.132890365448505,-9.356698819556893,-16.835686834728772,0.07754442649434572,-9.396592998416192,-16.610798912520597,0.23544013748329196,-8.047132075255103,-15.798616174616281
274,0.1608695652173913,-7.7183506311775805,-14.17762673046093,,-7.188781593235704,-12.116343537247712,0.23917525773195877,-7.658622739895495,-13.31638100347776,0.132890365448505,-9.476513221663614,-16.544979980233144,0.07754442649434572,-8.05597593833684,-15.675606384182693,0.20496388973654767,-8.599888182728732,-16.466961993744757
275,0.1608695652173913,-9.323932159199105,-14.061357169495869,,-8.083285137783676,-14.290961444994112,0.23917525773195877,-6.260482894592345,-12.657206525074223,0.132890365448505,-8.232308680515581,-14.315747990091182,0.07754442649434572,-8.493453211125713,-14.963374747610816,0.40213026017111925,-7.751160091739685,-14.381566999784495
276,0.1608695652173913,-8.996844333792847,-14.462939167979812,,-8.346471717518465,-13.484096260040975,0.23917525773195877,-6.837523083166197,-14.187367986682094,0.132890365448505,-9.047020210091794,-16.419106946569386,0.07754442649434572,-8.902381352017526,-16.02953435245697,0.3434273916035788,-7.7803791051906686,-15.368081974799804
277,0.1608695652173913,-8.60651183554372,-15.076028898693268,,-7.431978869469729,-13.280594805548798,0.23917525773195877,-6.918825345072984,-16.793771117161608,0.132890365448505,-9.490202547354432,-15.717224865885093,0.07754442649434572,-8.695051578976203,-16.034068472221293,0.37801081435359657,-7.622448550392774,-16.101529733693162
278,0.1608695652173913,-8.134093981769174,-12.912036465963707,,-7.290348517353424,-12.924923942870842,0.23917525773195877,-6.9016495844391486,-14.033198688150392,0.132890365448505,-8.031314328566651,-14.305502365398095,0.07754442649434572,-7.804015064851661,-13.450616122595132,0.4118608070576703,-7.4558367251805615,-12.817895748448954
279,0.1608695652173913,-7.974753045120584,-13.386017503908594,,-7.277959359125022,-12.797999108518326,0.23917525773195877,-4.553791688361631,-15.576112607962429,0.132890365448505,-9.56001242799346,-16.495110081597318,0.07754442649434572,-8.490341449490865,-16.224829486973565,0.32453567937438904,-6.652455521470725,-15.206189347302113
280,0.1608695652173913,-8.372823710190907,-16.017158702065785,,-8.595800477162555,-15.57703850511389,0.23917525773195877,-9.167157847584065,-16.85682199698418,0.132890365448505,-9.369996878201437,-17.98522523706309,0.07754442649434572,-9.090696852538535,-17.75036619604044,0.18699186991869918,-7.033921114557506,-15.845268524435296
281,0.1608695652173913,-8.409118318168034,-14.04387779704991,,-6.952716067574931,-13.12639227395772,0.23917525773195877,-6.686905135255178,-13.586379720567848,0.132890365448505,-9.747487846737176,-18.45731261268182,0.07754442649434572,-9.30319990171973,-14.146947110196535,0.22024539877300614,-8.5090004450143,-17.558640629756805
282,0.1608695652173913,-8.867670487808272,-14.905884493882702,,-7.395647696346708,-12.416359980640589,0.23917525773195877,-6.50519821800775,-14.302944404662322,0.132890365448505,-9.80564342015922,-16.642091896392046,0.07754442649434572,-8.722482580848705,-15.575841186181083,0.1406028727493425,-5.190366072179401,-16.814216029507747
283,0.1608695652173913,-8.546065661702627,-14.0349349472232,,-7.5743274674377,-13.55441704779788,0.23917525773195877,-7.17348120925878,-14.623746348230977,0.132890365448505,-10.495370083226295,-15.972792733798453,0.07754442649434572,-8.88512794304183,-17.157986993721018,0.19992136819343426,-8.090392242715584,-15.39836666966222
284,0.1608695652173913,-7.0337146091346465,-13.322357122248567,,-6.7419960856713015,-12.51135262769784,0.23917525773195877,-8.053473893483293,-15.123764283086448,0.132890365448505,-10.064382738026925,-17.27087659656555,0.07754442649434572,-10.267581247979328,-15.178367382980653,0.22754050073637702,-9.066393356919127,-17.02970392049307
285,0.1608695652173913,-7.410553830666963,-13.508270163445301,,-6.2963076791472705,-12.1960046038786,0.23917525773195877,-7.852319301069624,-13.768904142958247,0.132890365448505,-8.298324756671041,-15.616777121798961,0.07754442649434572,-11.29240402879688,-16.633666792291415,0.21083734884989544,-8.133362544528692,-15.574159946702697
286,0.1608695652173913,-9.362267417513392,-15.132024601143296,,-8.296684100055678,-13.604405226497008,0.23917525773195877,-7.17167866891881,-13.560457440582388,0.132890365448505,-9.65429806917073,-16.724592501815152,0.07754442649434572,-9.616056639137424,-16.007601267309088,0.3401408450704225,-9.644087576807559,-17.159304775113245
287,0.1608695652173913,-2.995818665789386,-10.676375356899205,,-3.6670253864545255,-10.158997720296334,0.23917525773195877,-3.506907282898644,-10.301851232676961,0.132890365448505,-4.801386135140796,-11.759677778926736,0.07754442649434572,-8.590941333216493,-15.17466814659211,0.2647352647352647,-9.21986792459837,-15.952835365536632
288,0.1608695652173913,-6.803357537334881,-13.200982472421003,,-6.923482085172068,-12.214195340628573,0.23917525773195877,-6.964343447221541,-13.610499248948907,0.132890365448505,-8.572986026669726,-14.140927174127167,0.07754442649434572,-8.769674541594368,-15.973246883269983,0.24034672970843185,-8.077840523146815,-16.28615956335507
289,0.1608695652173913,-6.544393193832445,-13.281144944362659,,-6.65713749699199,-11.249023510897413,0.23917525773195877,-5.605930809689399,-11.654928362402542,0.132890365448505,-6.878680880739713,-12.890043182313406,0.07754442649434572,-6.547166715988344,-12.891477364002863,0.35799782372143635,-7.947115142214552,-12.689380105924755
290,0.1608695652173913,-2.943712920808115,-9.10948801528367,,-2.4807291430873595,-9.375860713020733,0.23917525773195877,-2.0569363222054498,-10.049740781354142,0.132890365448505,-3.6044876655761326,-11.15647308195609,0.07754442649434572,-3.746716022864516,-11.890767341989255,0.5388942462230794,-3.6058895920832117,-10.799671817294367
291,0.1608695652173913,-7.9012141458031895,-13.767662203506802,,-7.2449989276798,-12.312543735936588,0.23917525773195877,-6.247269274365735,-11.918959210177016,0.132890365448505,-7.200880888568517,-12.622459656712108,0.07754442649434572,-7.779532161118085,-13.776362475164664,0.4036547855979736,-7.6096602285637935,-13.648186497437617
292,0.1608695652173913,-3.857308621891114,-10.878754972194143,,-3.296678185010402,-9.881825084913968,0.23917525773195877,-1.4046289709793336,-10.912001480386639,0.132890365448505,-2.398862092919292,-9.485612845668287,0.07754442649434572,-1.4017555679861795,-9.429956322646959,0.546123727486296,-1.7020776721064934,-11.008138491147381
293,0.1608695652173913,-9.311402344453388,-15.383400288030622,,-6.903974723080497,-13.312674292120848,0.23917525773195877,-8.01298250250722,-13.312700310151811,0.132890365448505,-9.899835590237135,-16.972993396903384,0.07754442649434572,-8.949856195225223,-16.452218274926675,0.22895019706198494,-9.872991687664879,-16.588787525257317
294,0.1608695652173913,-3.9759822353176446,-12.200794289313881,,-3.1876942345988057,-12.041698548373216,0.23917525773195877,-2.941732954247067,-10.19674952598468,0.132890365448505,-3.687192704885013,-11.28675272868193,0.07754442649434572,-3.6124903652086386,-11.485507016689658,0.5243122200895713,-3.8907419857446235,-12.004563324411752
295,0.1608695652173913,-6.861816322164539,-12.522934569421317,,-5.904114893198359,-12.442778186719307,0.23917525773195877,-7.3634430732885185,-13.90300662689872,0.132890365448505,-8.485339799076197,-15.71213850054477,0.07754442649434572,-7.524023130249704,-14.706014320267943,0.36948662328271875,-7.677276245565938,-14.094789975482167
296,0.1608695652173913,-8.292246021510936,-12.109640486062412,,-6.719448224656013,-12.907355798701406,0.23917525773195877,-7.461800576068288,-14.863038955850838,0.132890365448505,-8.721592719716538,-15.131761696104292,0.07754442649434572,-7.0053576321647775,-14.241037152250364,0.5163720215219062,-6.752911969609721,-14.350843275938994
297,0.1608695652173913,-7.541657175416399,-13.633675464590148,,-6.811257391899577,-12.048637016998722,0.23917525773195877,-6.045201465050983,-13.726220032104381,0.132890365448505,-7.829460564602531,-17.57670045390157,0.07754442649434572,-7.805521714609426,-16.48172607079098,0.32805613025096697,-7.1426797077523,-15.501247186106147
298,0.1608695652173913,-7.720959305375451,-13.58540880855231,,-7.412880171956081,-13.189727415561535,0.23917525773195877,-8.027040165765328,-15.148922232141626,0.132890365448505,-9.12502791835007,-15.666366199453883,0.07754442649434572,-8.010737337529715,-15.962018383588124,0.32971702377723533,-7.702627405650454,-15.60507830235078
299,0.1608695652173913,-8.205600078401204,-15.539701016539492,,-7.156122766449205,-15.908854742451524,0.23917525773195877,-7.188002701578466,-16.13060070971215,0.132890365448505,-9.920759830410622,-17.540234091289093,0.07754442649434572,-8.12090787599349,-15.318251411059876,0.3130832570905764,-8.762163593990607,-14.99261289594277
300,0.1608695652173913,-7.670962504207904,-14.903924146704274,,-7.02090442078436,-13.248865569870489,0.23917525773195877,-6.503309892343898,-12.73594171623984,0.132890365448505,-7.9457819694298815,-15.104147126714029,0.07754442649434572,-7.866766297216749,-15.002516004625587,0.1588993806477815,-7.642118345233451,-15.39939074775505
301,0.1608695652173913,-8.905286543375139,-15.522077789412371,,-9.223340344219732,-13.997692914229802,0.23917525773195877,-4.3290234482489565,-14.236767467976525,0.132890365448505,-8.49222099830135,-17.52326652920616,0.07754442649434572,-7.66620792794469,-17.21225828193758,0.32949489662392045,-7.637165917843207,-14.16542821930413
302,0.1608695652173913,-9.440614684372866,-15.418937003782956,,-8.014901034836614,-14.166590397410893,0.23917525773195877,-6.8888493818479795,-16.00710996375967,0.132890365448505,-9.369727080863536,-17.894182395102682,0.07754442649434572,-8.816058063524592,-17.896205289547968,0.24377343975382249,-8.713329894741976,-16.097106125231477
303,0.1608695652173913,-8.560605911972726,-14.897757004256558,,-5.289581635534989,-13.03122368909142,0.23917525773195877,-7.924370842103672,-13.021262834514353,0.132890365448505,-9.130921574795059,-14.597963516281833,0.07754442649434572,-7.529875299148774,-15.377183915251244,0.39607981635175704,-7.700963920348286,-15.471533180556678
304,0.1608695652173913,-8.841656969354815,-16.225749879811403,,-7.357576407547219,-13.814577946036081,0.23917525773195877,-10.269363645969849,-16.389523428511733,0.132890365448505,-9.570674525406456,-16.094296736957467,0.07754442649434572,-8.94296533713585,-15.63507337390984,0.28218369605311694,-9.492952306605066,-15.174723671786449
305,0.1608695652173913,-9.028008593313205,-14.517922813635476,,-6.77386029340415,-13.732694640916925,0.23917525773195877,-8.282785058477112,-13.43312501362364,0.132890365448505,-9.088344901056006,-15.067803561800403,0.07754442649434572,-8.388916449047837,-14.822263551966316,0.2552883222254419,-9.629215688648546,-16.491601435127244
306,0.1608695652173913,-9.855268445118734,-15.889524926603197,,-6.979350813574205,-14.31647746782754,0.23917525773195877,-8.280487933325643,-13.449374046396914,0.132890365448505,-9.065952316475341,-15.379664399425934,0.07754442649434572,-8.652607201679142,-14.881725124996807,0.3489493627282122,-9.777209891960537,-14.071359354003192
307,0.1608695652173913,-8.115431854154952,-12.892901232586615,,-7.097721490743375,-13.073581192331767,0.23917525773195877,-6.903704434326264,-13.255622118055596,0.132890365448505,-8.62751376421056,-15.14125547769035,0.07754442649434572,-8.841172318222828,-14.874202028433196,0.35229976209357655,-8.871079595509537,-15.331679749073558
308,0.1608695652173913,-9.241290820133907,-14.088623162300545,,-8.95520215007551,-13.720269054944046,0.23917525773195877,-8.183554274183054,-13.27784515631966,0.132890365448505,-8.956659776876414,-13.989356248268276,0.07754442649434572,-8.570816587816527,-13.464317455577026,0.3742602243618055,-8.37997130210331,-14.249014547334365
309,0.1608695652173913,-9.212188321633594,-17.021992111586897,,-9.120270414953088,-16.569206308894934,0.23917525773195877,-9.240323950545356,-17.03820731727471,0.132890365448505,-8.443443319968331,-16.057757165243554,0.07754442649434572,-8.176919298238353,-15.188786256293923,0.27837051406401553,-7.11458502274826,-15.005200345200029
310,0.1608695652173913,-8.499339401858808,-14.776935351598038,,-7.766732461614298,-13.089003488544911,0.23917525773195877,-7.219422383190573,-14.691929008458853,0.132890365448505,-8.568276356740904,-14.279835563564296,0.07754442649434572,-8.747390314718835,-14.990664961199938,0.3942595527381581,-7.902989087291927,-13.479695842877401
311,0.1608695652173913,-7.829605043867362,-14.495170518736067,,-7.436515238928459,-13.10658182460524,0.23917525773195877,-7.226743510499486,-15.836767303066386,0.132890365448505,-8.621842686021106,-14.86790730847095,0.07754442649434572,-9.28349544728291,-14.798046011429712,0.43411107459743675,-8.345946818126716,-14.759345917431943
312,0.1608695652173913,-10.141944464986693,-16.930298804602135,,-7.073567641104772,-13.570782390621472,0.23917525773195877,-7.964950113516741,-14.100767362164017,0.132890365448505,-8.23875288932963,-15.220101522384955,0.07754442649434572,-8.602129654158698,-16.030237201601263,0.3276535321263756,-8.505315689137703,-15.378676920239363
313,0.1608695652173913,-8.429859127678865,-14.553887691919108,,-6.142473289636079,-12.796856377439376,0.23917525773195877,-5.99409503246439,-14.18431489103556,0.132890365448505,-7.797083874153163,-15.740421779914715,0.07754442649434572,-7.985692120382641,-16.334868062875394,0.310604633640987,-7.915563778402986,-15.675331586498109
314,0.1608695652173913,-7.957408920347987,-14.354531318247654,,-6.556144890474842,-12.872472975275809,0.23917525773195877,-7.085448648893302,-14.247264569459015,0.132890365448505,-8.290271286340007,-14.578315559733603,0.07754442649434572,-7.855218345200603,-16.038668578315615,0.16628795703367072,-8.951824443496575,-16.181166364347643
315,0.1608695652173913,-7.969030898486736,-14.152780501713975,,-7.2018596677180575,-12.282782495613338,0.23917525773195877,-6.5636335000991854,-14.170730531240958,0.132890365448505,-9.139251892605724,-15.894567138707806,0.07754442649434572,-8.640821251649138,-15.178339263828029,0.39274577383883147,-8.417256197356128,-14.795452808204608
316,0.1608695652173913,-6.134347800354067,-13.565070647568218,,-6.332116999741122,-12.417267679636453,0.23917525773195877,-5.669722581487822,-11.798125323210147,0.132890365448505,-7.149897843797774,-12.862115848985285,0.07754442649434572,-6.5711271109600204,-13.711481056700787,0.3439024390243902,-7.9912381244266895,-13.905680865960825
317,0.1608695652173913,-8.57683720742991,-14.80932649156723,,-8.639100989847051,-13.278760307917771,0.23917525773195877,-9.283836767033279,-16.589860133724773,0.132890365448505,-10.315521138745972,-17.56711436312807,0.07754442649434572,-9.271039047798576,-16.7025596829583,0.36934408979305505,-7.802735242846602,-14.70688077799727
318,0.1608695652173913,-8.314742124627617,-14.049246379000671,,-7.533250888552498,-13.780248665131193,0.23917525773195877,-6.611842898338801,-12.96372395560715,0.132890365448505,-8.84713965255023,-14.894399735148863,0.07754442649434572,-9.072847650674186,-16.032099126061606,0.24721459712578717,-9.031874585999585,-16.243551081286398
319,0.1608695652173913,-8.651781773079444,-15.185254058953397,,-7.219385368463643,-12.632052191184913,0.23917525773195877,-5.763837718080163,-13.582589107079272,0.132890365448505,-8.248338805721618,-13.09171539467531,0.07754442649434572,-6.519431245658007,-14.670918044006502,0.4268781593167161,-6.27766371600417,-13.906580467312256
320,0.1608695652173913,-3.845244414036408,-10.89396725730209,,-4.241923302712115,-11.008056867839333,0.23917525773195877,-3.677095754775963,-10.138962975164,0.132890365448505,-4.264967126586305,-12.327260224612006,0.07754442649434572,-5.133658344390932,-11.891414823729807,0.4780772155106868,-5.081239777507021,-12.30215983448868
321,0.1608695652173913,-8.635720295080036,-15.343083424231832,,-7.5557303311291175,-12.706873009792881,0.23917525773195877,-6.235267795368326,-13.388253246101986,0.132890365448505,-7.975949158299019,-13.229924205841133,0.07754442649434572,-7.073779514240741,-12.76546105561322,0.36598738919857443,-7.622995474215845,-14.451050765027118
322,0.1608695652173913,-8.579327977289399,-14.800544376503291,,-7.3246403879440205,-11.55282926265084,0.23917525773195877,-7.4310492757250435,-12.643200002836677,0.132890365448505,-7.8686126825822145,-14.698049052857092,0.07754442649434572,-7.211924219831607,-13.661261783463859,0.35082150858849886,-7.8589544626003125,-14.513478597121418
323,0.1608695652173913,-7.674319377893336,-14.597397949636166,,-6.843737755944815,-13.081875182522793,0.23917525773195877,-7.313914206560646,-15.68352440527066,0.132890365448505,-10.253727811177516,-16.159221790255135,0.07754442649434572,-8.230424729910098,-14.897236772335864,0.1508828250401284,-9.42190536468894,-16.344320757734636
324,0.1608695652173913,-8.204906902144696,-15.751663474866115,,-5.725649211432197,-13.393884357089508,0.23917525773195877,-5.938153723092572,-11.549106022871559,0.132890365448505,-8.25900333319266,-15.871763207478027,0.07754442649434572,-8.810146478867827,-16.720820746578056,0.1562685680332739,-7.454488928171978,-16.818180619572743
325,0.1608695652173913,-10.382086897445461,-18.203051271214168,,-8.517763801553683,-15.773306902185727,0.23917525773195877,-8.631965569042709,-16.325004123400593,0.132890365448505,-6.9559001967433876,-15.427527835795022,0.07754442649434572,-5.75228072032262,-13.447551497865337,0.5843103198726299,-4.554963727896182,-12.09205822580129
326,0.1608695652173913,-10.654325447303671,-17.356638395046794,,-6.3648586227109565,-15.54800176140682,0.23917525773195877,-8.90034256253421,-16.21949904873364,0.132890365448505,-9.655822150115487,-17.270452863458402,0.07754442649434572,-10.675509300139577,-18.08517283693698,0.19081953894587184,-10.512438909205615,-17.59974173187316
327,0.1608695652173913,-7.966963636060268,-15.64606171547842,,-5.78856432673353,-13.334241828854658,0.23917525773195877,-8.16820544246992,-17.843576649075622,0.132890365448505,-9.815943147118492,-18.54266139605103,0.07754442649434572,-7.689518277983175,-16.451256837137205,0.4463750748951468,-6.975301506146573,-15.02451535021721
328,0.1608695652173913,-7.743082848525319,-15.129995871939737,,-6.928262660660678,-14.313701823086827,0.23917525773195877,-8.769347930938114,-16.547009865705494,0.132890365448505,-9.738513746785651,-18.79672774917284,0.07754442649434572,-8.55951415873692,-15.889085726246662,0.23593864134404674,-7.359375704792858,-15.432577222107096
329,0.1608695652173913,-8.086122721185724,-13.571378785621821,,-5.8276411466311915,-13.000945239805159,0.23917525773195877,-7.765342686574325,-14.199178308416975,0.132890365448505,-9.859248886620145,-17.77198609982037,0.07754442649434572,-9.691857996657594,-17.053334426328504,0.33351775011526047,-7.3455013586029425,-14.964545038649902
330,0.1608695652173913,-9.520737830782748,-17.5924117006233,,-8.628503236653746,-15.576640749749707,0.23917525773195877,-7.9615713575344484,-17.7773874473984,0.132890365448505,-9.600962506830333,-19.13203190643362,0.07754442649434572,-8.065064773290148,-16.08745519408758,0.5210680016687526,-5.414068437100025,-13.269267977625738
331,0.1608695652173913,-9.866809552730043,-15.870207545766007,,-7.229236095965568,-13.260199221160747,0.23917525773195877,-8.02389319122039,-14.378375886777189,0.132890365448505,-10.9126813462215,-18.381699628541906,0.07754442649434572,-8.804906422353962,-14.86093736818924,0.37872049264454327,-6.730255235923077,-14.146139115308847
332,0.1608695652173913,-9.046366156664828,-17.487431340987204,,-8.449106983736666,-15.888191138099895,0.23917525773195877,-10.270169678385102,-16.627359068198405,0.132890365448505,-7.743432900808617,-15.462980375052116,0.07754442649434572,-8.276275121305714,-15.892131610870386,0.14545070719864894,-6.840317756970288,-17.316104486240373
333,0.1608695652173913,-7.954332891321462,-16.18097582379861,,-7.337424424552336,-16.136433677152166,0.23917525773195877,-9.349338500857982,-15.862056802451265,0.132890365448505,-8.881293430740117,-14.16495668113746,0.07754442649434572,-9.396534144268927,-16.314100617751176,0.1537190082644628,-8.73110831956086,-16.74155400618143
334,0.1608695652173913,-9.73481490985003,-17.073726936739252,,-8.060511845035848,-15.806763734092888,0.23917525773195877,-11.191250958519428,-17.58782840819164,0.132890365448505,-8.925769830563853,-16.967281196996275,0.07754442649434572,-7.656585708499371,-15.291850987818695,0.1526288922919857,-9.410647173036654,-16.972683767520625
335,0.1608695652173913,-3.766424932358696,-10.912824079665771,,-4.84421486781489,-11.871618844545765,0.23917525773195877,-6.191457621963988,-14.406768719505932,0.132890365448505,-9.559365543700814,-16.287415263780368,0.07754442649434572,-9.946001412059756,-17.65329481635825,0.15488353085410708,-8.81775585497958,-17.88090047102446
336,0.1608695652173913,-7.290436163902733,-16.594545018929253,,-7.117854789009581,-14.397481232096238,0.23917525773195877,-9.248801667115842,-16.905926091476495,0.132890365448505,-9.276713167005878,-16.024793619919315,0.07754442649434572,-8.738266167967549,-14.86482687711196,0.157785395242547,-7.38771765886516,-16.12055999841106
337,0.1608695652173913,-9.80682105155885,-16.19232949622685,,-6.924139249757548,-12.54447132755889,0.23917525773195877,-9.093606412578579,-16.764185588293135,0.132890365448505,-9.61552603531494,-16.61775558071004,0.07754442649434572,-7.550861027465628,-13.547604901121238,0.27606112054329374,-8.74426366312175,-15.804702742896488
338,0.1608695652173913,-8.308789166910248,-16.231589767696935,,-7.665807332369504,-16.030224392029464,0.23917525773195877,-8.295192217877098,-15.920765309694263,0.132890365448505,-9.388060155605565,-16.962059158065447,0.07754442649434572,-8.43397638013041,-15.398566026287156,0.18971451710872647,-8.387185806773548,-16.65692170273602
339,0.1608695652173913,-7.826155049812868,-13.142597914079353,,-7.240252618799381,-12.99153175955347,0.23917525773195877,-4.743118323837859,-14.669629434352746,0.132890365448505,-8.631584690673819,-16.27629997724152,0.07754442649434572,-6.999667880344665,-14.862555146837167,0.5006425277798775,-6.402501633309367,-13.671174819170723
340,0.1608695652173913,-7.039922557980284,-14.617495741664992,,-6.202291200499401,-13.084036109415324,0.23917525773195877,-7.701751647130454,-14.748759860325752,0.132890365448505,-9.715445997521005,-15.763106178941676,0.07754442649434572,-8.290469920016491,-16.114803601814373,0.5611566414102366,-9.032856642734448,-14.230558930741985
341,0.1608695652173913,-8.393035615859088,-14.860711862456878,,-6.817872463196012,-13.559496941674707,0.23917525773195877,-8.697850902488469,-16.15610904573294,0.132890365448505,-9.439780699520051,-16.167488013161567,0.07754442649434572,-9.172670689963985,-16.870549752292437,0.3759824529336502,-8.501941370668524,-15.582898332274056
342,0.1608695652173913,-7.619986468136458,-14.761245211858622,,-6.477519205559336,-13.435571155912612,0.23917525773195877,-6.833229254398044,-13.694101773340112,0.132890365448505,-9.15510042558051,-16.86209941247302,0.07754442649434572,-8.008903088515638,-17.11298185466943,0.3762547594323295,-7.502176454823962,-15.315905403561521
343,0.1608695652173913,-7.719370984654976,-13.652236072064518,,-6.4635765132004375,-13.374164227326409,0.23917525773195877,-7.716812994983012,-13.547898502824982,0.132890365448505,-7.9204357218087775,-13.753166264300212,0.07754442649434572,-8.747760568839908,-15.245957688633693,0.17229233930143822,-9.395950010821025,-15.766075705215908
344,0.1608695652173913,-4.756362463909173,-12.532177516258521,,-5.837644721137011,-11.375750847736652,0.23917525773195877,-4.972349625832493,-12.280805700357199,0.132890365448505,-4.203872216918616,-11.887198953827259,0.07754442649434572,-4.294667223720193,-12.368123814283363,0.4699930216329379,-4.844946231608253,-13.501254966216553
345,0.1608695652173913,-7.4574582736606985,-14.193309072255943,,-6.16694204190947,-13.33306883690038,0.23917525773195877,-6.60572898820233,-14.814106663319373,0.132890365448505,-9.073401729483619,-16.658065984173444,0.07754442649434572,-8.670101594289024,-16.011139455064974,0.15734035549703754,-8.460950491138556,-15.812043931799987
346,0.1608695652173913,-8.427039458559534,-16.071017116653397,,-7.043626577536642,-14.881513037073397,0.23917525773195877,-7.360543462884252,-16.297994061864355,0.132890365448505,-9.246853710756943,-17.771001390638766,0.07754442649434572,-10.228043860101154,-18.381240512181925,0.14995563442768411,-9.507518754187089,-18.54110421514902
347,0.1608695652173913,-8.894633481903147,-16.662737190453434,,-7.916491947174354,-14.628830538076693,0.23917525773195877,-6.915109397151236,-16.391405095558433,0.132890365448505,-10.781419975110138,-17.557350251970853,0.07754442649434572,-8.797642708486372,-15.133621161470906,0.17795844625112917,-9.35830756151325,-18.193981128179203
348,0.1608695652173913,-9.95245989562218,-16.34632261979555,,-7.553204921033114,-15.564684065015086,0.23917525773195877,-9.597362937698637,-16.808290566156515,0.132890365448505,-10.148323722962724,-17.810260067907212,0.07754442649434572,-10.41303200113937,-18.443290642229524,0.18590156888029227,-10.027542716870864,-17.451058561785995
349,0.1608695652173913,-9.213349830905027,-16.236971891746084,,-8.384718592027523,-16.181026186126545,0.23917525773195877,-8.806487209015456,-17.065455047024727,0.132890365448505,-9.904406253260104,-18.32038506455771,0.07754442649434572,-8.270578377988935,-16.19713816382633,0.5620968848634554,-5.483997343638961,-13.841224975100934
350,0.1608695652173913,-8.306999605331434,-15.927239148361643,,-8.434388940643883,-14.236575851406531,0.23917525773195877,-6.904467281937627,-12.70927627299445,0.132890365448505,-6.253479251824192,-13.37456113527869,0.07754442649434572,-6.954808227718013,-12.700549767101347,0.3438218136821637,-7.700274466960718,-13.984434078554937
351,0.1608695652173913,-8.68607057025179,-15.37855606541747,,-7.36033765532273,-13.444977538559517,0.23917525773195877,-4.986859110597825,-14.424029039247216,0.132890365448505,-8.986286505994435,-15.18969420608682,0.07754442649434572,-7.599216903342895,-14.995390842677514,0.4987745098039216,-5.818035587172973,-13.155861987259401
352,0.1608695652173913,-7.770295113715527,-13.784476795652933,,-7.212870064929138,-14.084180144315056,0.23917525773195877,-5.818459074067082,-12.319555363550181,0.132890365448505,-7.600606841334576,-14.593274955446603,0.07754442649434572,-7.05604841497697,-14.239264942703429,0.36704058066644674,-8.857067715438973,-14.808056672911047
353,0.1608695652173913,-8.280856219354092,-12.611985392409363,,-6.606495755937659,-13.364696523323383,0.23917525773195877,-4.491120507915944,-14.293437786904637,0.132890365448505,-9.16015292976339,-16.027479637287914,0.07754442649434572,-7.975863072622557,-14.810007083589756,0.49788007268322226,-6.991811492550014,-13.740511120210561
354,0.1608695652173913,-8.66500529265568,-15.519200462576999,,-9.24246452246557,-15.12004129339645,0.23917525773195877,-7.184328095676954,-15.338783381738972,0.132890365448505,-11.33878794670171,-16.17698311090765,0.07754442649434572,-9.312595945261162,-15.030274568840419,0.2901290129012901,-9.747022445673549,-15.98573554197383
355,0.1608695652173913,-9.33301937569963,-15.679983225557566,,-9.260726671445628,-16.051534121471857,0.23917525773195877,-7.869597438720652,-15.725864656198477,0.132890365448505,-8.222940287236128,-15.554176916555143,0.07754442649434572,-7.173505007389837,-13.101618433334485,0.5791554865132044,-7.047461558722588,-12.462152347725382
356,0.2766217870257038,-8.938495543750776,-14.197405232358784,,-7.912174793721732,-13.283174948226241,,-7.640938728265706,-13.00951432385056,0.23148148148148148,-9.76894854790483,-15.179999272003448,0.35920256318974725,-9.886613873407686,-15.34351807871598,0.37698686938493436,-10.242947045713798,-15.855917727234148
357,0.28732747804265996,-9.310028811543958,-14.312952174576532,,-8.070000697672452,-13.362864238558299,,-7.291258879310558,-13.467989020867234,0.18758434547908232,-9.321642979367352,-15.106533707386799,0.3681260945709282,-10.459465179561217,-15.460072602276561,0.3941267387944359,-11.327844884315466,-16.663867714609225
358,0.3261372397841172,-8.431166325637253,-14.502083133022163,,-7.814006690267182,-13.401443359369637,,-7.876597004701161,-12.431899425591183,,-8.083186908714351,-14.3747903741605,0.416140350877193,-8.900780854798985,-15.422455343756212,0.3179554390563565,-9.37487613252653,-15.19231063315291
359,0.12453690510116842,-9.307478988552365,-17.645446250846298,,-9.107302180993152,-17.277805014146068,,-9.399686357085034,-15.819139605662912,,-7.679692421859652,-14.272303294623965,0.6077758719268154,-5.411543228781611,-13.216559249801673,0.6258015364103866,-5.97361106928449,-13.246373199505182
360,0.28034504004929145,-8.482884655956042,-14.954783164389479,,-6.865210536763641,-13.00877935752142,,-8.679274780163714,-14.268205942780185,,-8.397846384113683,-15.371621062603026,0.21536351165980797,-7.835012042365053,-14.6564886665406,0.24087000505816894,-7.9945533879942845,-14.456707883015964
361,0.17851693622215442,-8.293805867296731,-15.559856233016461,,-8.123694061191415,-13.002333354307822,,-8.181912116841529,-13.822878070686972,0.13046262205858813,-8.68658335272756,-17.57502724930649,0.22729794710560386,-9.130292769978253,-16.62160048481487,0.4106424206290058,-7.1013512357272965,-15.344524456951813
362,0.3819277108433735,-8.830361810770084,-13.851071050130484,,-7.697948702791914,-13.81596308802825,0.340460282108389,-4.3036886883921825,-15.257937032651798,,-8.413123210758972,-15.975412667619256,0.2587976539589443,-8.867853485953066,-15.900643330398246,0.3555045871559633,-5.9162178376220425,-15.109922278043065
363,0.38997321086873327,-8.929842737568299,-13.566128546681808,,-8.725095356148898,-13.106504742302166,,-7.071901057310247,-12.409870354018835,,-9.414473242619156,-15.008632997843723,0.250049029221416,-9.964771483750411,-16.0885170118945,0.3357867336863836,-7.678286234853754,-15.054311391556121
364,0.3143027059173357,-7.9317330413940565,-12.922738780319795,,-7.341740756789207,-12.546966815332377,,-6.958433504803444,-12.488522595868767,0.2283464566929134,-8.507960714745673,-14.15898688642773,0.4522207267833109,-8.22219545275553,-14.551906533750131,0.43814951391216894,-10.118590909375616,-14.82331905619493
365,0.3369238080152067,-7.646469248449076,-13.580715058034365,,-7.4797439606640905,-12.98915907413007,,-8.313297678655559,-13.78694890422503,0.19130559953936951,-9.088722114067732,-14.3878382913688,0.3664099814796764,-9.079933016791538,-14.677386248847473,0.37021798126586714,-9.529440481875001,-15.501750939187467
366,0.20168827253542357,-9.114633965680778,-14.716766056217098,,-7.10041907663021,-13.768191337634521,,-7.1375085143567985,-15.416341716203767,,-9.05547708088427,-16.38349229970984,0.31411893469536667,-8.821050083166288,-15.415692661529235,0.41735275490816975,-7.647849920403643,-13.733910183205257
367,0.22845087402049427,-8.150446586965332,-14.25172728768812,,-7.048839642214513,-13.30847771653694,,-8.423702319053792,-12.466052873874535,,-9.744456080085588,-13.64598454126443,0.24024728202941803,-8.587817978491948,-14.414616861921377,0.31279303415941057,-9.47707415547302,-15.920100347442547
368,0.19051851851851853,-7.202891514627192,-13.92941735312569,,-6.769742880224527,-12.052284093778997,,-7.8922523159658295,-13.859297772661318,0.18452563708934602,-9.022391209116382,-14.454034056494915,0.306439674315322,-7.92268802249736,-14.172134497135156,0.39252656839218375,-8.622041529377725,-14.853133111546528
369,0.2609933565327428,-7.848004276041633,-14.193537243565062,,-6.934700977260611,-12.988386978821573,,-7.827835700209732,-13.277453548252389,0.3058993730911429,-7.9949473520387535,-13.754968074951941,0.2630967367095962,-8.009803132431756,-15.395256867960166,0.26527836804079896,-8.597122638729399,-14.638997034535263
370,0.30468623317658505,-7.72825015427183,-14.678633807084791,,-7.1308594170116555,-13.67270886988523,,-7.680749068217153,-13.88855007632079,0.2167381974248927,-7.0989976536480786,-14.76007130822788,0.5022455724091178,-7.599818441461665,-13.601675547824662,0.40118804858586754,-7.5915583499826695,-13.224658136658347
371,0.43843568591506266,-7.486247331074248,-13.828511009581323,,-6.242702101970964,-13.046826736679433,,-6.661686656791352,-13.263700175127994,0.24756565358512836,-8.50724108257201,-15.135834686701408,0.3381526104417671,-8.62937351700371,-14.263966482445547,0.3977232301672003,-7.59614628017244,-14.084405968390357
372,0.34394904458598724,-7.607863383151102,-13.506832915035359,,-8.294484703746008,-13.296003670049066,,-6.372644346208539,-14.51866902473149,0.28439474963539135,-8.380645189042603,-14.660431366326954,0.46725452374391474,-7.808292101185646,-13.836850258270584,0.39777634843333637,-8.011469493671004,-13.490523646152257
373,0.1202768964522642,-9.341464257079426,-17.397284618420137,,-8.273376405171287,-17.452965911360543,,-8.222167733453027,-16.855772773600794,,-10.337126075595304,-18.292322425452227,0.27480843817992623,-8.676129137048898,-15.368006589384706,0.5,-7.034943244413414,-14.039157866270042
374,0.16213964339276787,-10.209992405833946,-17.194161180856742,,-9.961863271798792,-16.22487730799954,,-9.092041846958868,-17.79103969593233,,-9.668928825082897,-16.641947783203996,0.3121902874132805,-8.771194274434084,-15.708550658666562,0.5250875145857643,-5.9778478313824825,-12.820465792668767
375,0.1429397311750253,-7.8685030479307985,-13.932064700367885,,-6.4015360544856765,-12.744230118952709,,-7.135725524716815,-15.724638976699604,,-9.784003384775016,-16.973537971094654,0.22166573919495455,-9.307882552732721,-16.546844492321288,0.33432236669866483,-9.319008393474013,-16.471367121450463
376,0.1608695652173913,-7.933222440547678,-14.414281325213958,,-5.938643701027137,-13.342510556728797,0.23917525773195877,-7.527481883241731,-15.966473816265971,0.132890365448505,-9.171279708245102,-17.437040226600345,0.07754442649434572,-6.639077380358777,-15.891896795211798,0.2923302214900238,-7.776440005484535,-15.873025027418684
377,0.1608695652173913,-8.22971918555092,-14.090600299733334,,-6.466435421143099,-13.1972107672877,0.23917525773195877,-6.800313160511554,-14.646573059561142,0.132890365448505,-7.2792131668990825,-15.616241718277928,0.07754442649434572,-6.903772322173197,-14.883021027942128,0.5174836340411944,-7.08329244875187,-13.964793539662544
378,0.13813909177516673,-8.378508231045508,-15.537691187309301,,-8.34112619498084,-16.6588814780429,,-7.59508937155411,-14.099057391052,,-5.795656060582881,-13.596513609923495,0.4579964850615114,-5.041494069663656,-12.106831545476382,0.5767502536599507,-3.5310802740103133,-10.523036522383137
379,0.32809667673716014,-8.040621241065006,-13.570752754793144,,-6.838647049666392,-13.985272177271446,,-6.855243825789987,-11.948833892195953,,-8.40646497517351,-13.217256678614746,0.386184681460272,-7.755326217462074,-14.117521097365932,0.26490566037735847,-7.924362816622086,-13.994761519741807
380,0.3945221445221445,-7.002203004057797,-14.879690491190598,,-7.809605510579649,-13.239709813386476,,-5.325402146762314,-11.882087211088256,,-7.579686279857291,-14.190185244681759,0.24551472704595606,-8.611534629504202,-15.252781173357539,0.2281473336998351,-9.8435509037193,-14.902604045084995
381,0.29622142746073704,-6.5239591957590015,-13.470712916654241,,-6.490725599631457,-13.124883542653896,,-7.742392256368796,-14.269010706343819,,-9.713190654415197,-16.65016351791511,0.29832615973218557,-9.662080610926498,-15.467064528784354,0.3584182562494556,-8.948120201225434,-15.047638019883486
382,0.15595075239398085,-7.332236792076694,-14.594242225272298,,-7.652950634897055,-14.345236499536323,,-7.071013605988444,-13.105150566544845,,-8.613500886245443,-15.79843385993939,0.39582596391934916,-8.830897973929137,-14.634682337004705,0.4092526690391459,-7.006391900319409,-12.638576925132448
383,0.3934006328160313,-8.586756871875217,-12.07229496103478,,-8.994481812338792,-12.549467811837234,0.36470588235294116,-7.705859556307426,-13.326438416346544,,-8.141888887707253,-14.944979025455305,0.25482842677667356,-9.214972901054018,-14.282522416035011,0.3396258795263429,-7.9274031276386205,-14.587715702321278
384,0.2687636250389287,-10.396657687163325,-15.893315463610096,,-8.950655712329619,-14.66218966539929,0.30052321778940483,-8.408709945634303,-13.53331421483793,,-9.156309378556672,-17.727219276538847,0.29158170696184094,-10.324582445614002,-16.965752752348962,0.2941374663072776,-11.728685168824473,-16.983737317690984
385,0.26508226691042047,-7.007068229546039,-14.52397214893859,,-7.656057926808656,-14.186649692623288,0.2508108108108108,-6.9953597489731925,-16.567964075188392,,-7.410873890536442,-14.806738167961386,0.24583817266744096,-9.396588352007146,-14.254866408120145,0.2892235969159046,-9.169554753070933,-13.165993883103226
386,0.2658381327675053,-7.618101814069936,-14.137495028240163,,-7.222249739451868,-11.037688351904801,0.44561774023231254,-6.518087271298144,-12.277782465666938,,-6.849032413491143,-13.257871443261797,0.18755256518082422,-8.3830614785747,-14.600184990331574,0.2088271352676747,-10.596302943691535,-14.665598737431234
387,0.18520964014526245,-10.403145230628395,-17.152346973058425,,-8.908340644471647,-13.82599785951966,0.3684479672717975,-9.500534057994743,-13.86950999443766,,-10.93581538428995,-15.960687120565867,0.3605670583846297,-9.314763602972478,-16.24544193124057,0.3738591355260892,-11.203545629134169,-17.782126788948787
388,0.24448645242596093,-12.005783135250107,-15.476368388271935,,-8.281218002034242,-13.774747776007343,0.43002408348943,-6.971705789865061,-14.662852140294868,,-9.3630733747714,-15.044988133636753,0.21899736147757257,-10.441609462736345,-15.723126739135868,0.2875634933639194,-8.27486581324383,-14.464211914191583
389,0.2869674185463659,-10.394697060552698,-16.546305406028626,,-8.272935269620195,-15.546994554105096,,-6.465428710300557,-12.914537344359523,,-10.349318963896492,-14.718431875520022,0.2974459724950884,-9.673921675357676,-15.361322816805025,0.3183610492028116,-9.028931429334328,-18.151816404060938
390,0.1875442321302194,-7.2630123006476035,-13.541559216243025,,-8.882201868196036,-12.33116829070412,,-7.4668559274415465,-13.539943397285686,,-8.26823622919966,-13.44526437273595,0.33154875717017207,-8.468947349027715,-14.983777286231364,0.46938775510204084,-7.370655895319751,-14.371279308627258
391,0.25144717800289434,-10.159175109858381,-16.506767938444405,,-8.13698408987653,-13.703079128701352,,-10.804477369655931,-16.1600777602462,,-9.435576095444459,-17.239933748976146,0.26121696373693915,-9.882174546596481,-15.881727488812171,0.28737034777303233,-7.503052024331881,-13.475952687261888
392,0.23320727534665947,-8.409329641635981,-14.445149306099053,,-7.079034948931339,-13.759291897260331,,-7.385950007858252,-13.511659489707746,,-7.986088334004427,-15.443342636138112,0.3355213803450863,-9.441459499081386,-14.121627389433293,0.34934227950913743,-8.333746316647419,-14.777910623909767
393,0.36102742983986047,-8.275773321707518,-14.225248120045478,,-6.0577953489361045,-12.883532836938972,,-8.258331157279354,-14.071199891087886,,-10.183918386701427,-15.257635449469193,0.3411946646046781,-7.90541463603908,-13.531357055079825,0.4192546583850932,-8.946829197669162,-14.57967029547397
394,0.3099105071262844,-9.771429583895765,-13.531789937077068,,-7.745531496716658,-14.159706100387544,,-6.477124090737622,-14.390578370565969,,-7.4736993682727535,-13.866617127298879,0.4086565486228218,-6.87908714506526,-12.253273420943316,0.38894907908992415,-8.303267962795411,-11.303044115634233
395,0.31962736909733375,-7.330286311260017,-13.12282041492525,,-6.666454441636262,-13.884541860013657,,-6.026185035524985,-12.264288096090834,,-8.29374016850747,-14.298900117941109,0.4573779100297567,-6.946490479327789,-14.129998143677916,0.4571477253365139,-7.51430410525062,-13.55891149225798
396,0.4519934298939824,-5.7488177615917655,-12.94061735481851,,-6.53763201687815,-11.945937467853547,,-7.420618522972352,-13.926518481697041,,-6.9185157734886165,-12.817932894881451,0.35370662460567825,-6.7623621940853385,-13.300253494513472,0.3925390246053444,-6.759395430625672,-13.613903429722514
397,0.3284627092846271,-7.564060252137008,-12.620490682601567,,-6.928699433854751,-13.06055921512744,,-7.150138571128584,-10.795075188344265,,-7.691701083832164,-12.447519116985886,0.30705633532013077,-8.83457973404832,-13.353682524353715,0.35898825654923217,-7.972039666337282,-13.624094741726761
398,0.26188881446751505,-5.752375445592996,-14.109805319643357,,-6.593562372409242,-11.966695344910768,,-2.8134547064693183,-13.928164235655142,,-6.231756368266833,-13.02231642673297,0.3120646138313983,-6.3055756606883655,-12.229637444370558,0.3134765625,-7.057941638092849,-13.837269182655898
399,0.294620253164557,-7.213223660212824,-15.677632451686499,,-7.663150611925244,-14.396341531688785,,-6.387376213129379,-13.560398493506545,,-7.9381813701814465,-12.459226827729314,0.3797614467102732,-8.018357637390713,-14.47942264373282,0.4079395781523441,-6.9405027063945015,-14.49384290753972
400,0.3767795001581778,-7.3253560832314015,-14.424781528527557,,-8.083049142025553,-13.548583559098633,,-7.817929319627954,-14.092396922071973,,-8.397565589512885,-13.683131462020366,0.25806451612903225,-8.648372648600747,-13.60962651884673,0.36998191681735987,-7.385066540683947,-15.632548915621713
401,0.40869828761933624,-6.52118229502479,-13.262606520392053,,-6.962611487150388,-13.879872781947629,,-7.748785150387034,-12.151632015511357,,-8.526412584695104,-13.738810197632183,0.4185219831618335,-7.284045379872515,-13.686877982334867,0.4209134191500617,-6.823620226729869,-13.371909612951075
402,0.3743173662037759,-8.864875426661246,-13.607374131044095,,-8.584331323966731,-14.80514024980468,0.25621816002397363,-6.449078425336957,-15.287712865766256,,-10.467850666534371,-16.59313492484469,0.2861392028554432,-11.037160574269414,-17.30389960036709,0.39066096678724105,-10.205946542767236,-14.886671801434229
403,0.25210628645495786,-9.651620007219842,-12.710519398799772,,-8.723639841797068,-16.794864827749013,0.2675979183785264,-8.51294633949493,-15.093342166941612,,-9.087230635190329,-15.312748848564421,0.401440294757997,-10.3765706478334,-15.675256277933315,0.4468629961587708,-8.865281436573206,-15.721247602130264
404,0.2572224155934563,-8.385410172241967,-15.443666036712127,,-7.908824836891161,-12.772265913153984,0.47085683588503896,-7.246963997825194,-15.628292170722293,,-7.775048284117503,-13.864566716366525,0.434273916035788,-8.008884267128686,-13.457263630756465,0.41004973417938606,-7.131479020616647,-15.258403699930088
405,0.40789988267500976,-6.9023189134458836,-13.969359953189077,,-7.767981587982053,-11.76175333493078,0.5023599016153693,-4.542308098032882,-13.954672964645155,,-6.010957489056519,-13.424765415369073,0.4891958908962097,-9.001248379871605,-14.274989278061527,0.46774050800955835,-7.477341803378702,-15.799425768824689
406,0.22134195634599838,-7.385308612308805,-13.432287651798267,,-6.6701995095972775,-14.027039116716434,0.2606603617056579,-5.129065320010757,-9.398555072034304,,-7.6207950956383925,-14.178578859668269,0.2865808236671278,-8.209615388454711,-13.653883152890847,0.42876287796297846,-7.721329981185699,-14.0978605623552
407,0.18405703175631885,-8.5721717487043,-16.073455516021205,,-7.329254017135671,-15.758077305670117,0.262781748213304,-5.950682782391498,-16.103727809260437,,-9.330994729077101,-16.434538559172207,0.4638005159071367,-7.637998600207019,-14.774091349379843,0.49489997627895943,-9.479472028318373,-14.616304845024807
408,0.2937171154441349,-7.923654024458436,-14.148752479955515,,-7.592582985690427,-13.713154188503296,0.5299005413571698,-7.658563102206882,-14.364307224989457,,-8.608628250390332,-13.538554189592137,0.5284823284823285,-8.830926403053779,-14.031059321700084,0.4486439195100612,-8.46168043078224,-13.669871057154419
409,0.32350230414746545,-6.284805396373596,-12.679375548360511,,-6.307127180144842,-13.963074211929145,0.37162550258472143,-8.905750359737482,-13.422746253800987,0.17797443461160276,-9.688163130081838,-15.147538300706369,0.4369627507163324,-7.343437319710468,-13.82759970258113,,-8.855731141963833,-13.755062371859736
410,0.3174527552802922,-6.547255152238582,-15.261611731526267,,-7.545340163617855,-13.799803743626677,0.3882963390025944,-5.484346007197591,-13.175054702723791,,-7.854335359017726,-13.371365437629413,0.43208516886930987,-7.33827756566976,-14.19711296178589,0.383363802559415,-7.231149233309157,-13.283962506195493
411,0.4370168258299227,-7.094837944322958,-13.256170814463733,,-5.8688166988497965,-14.093307397604937,0.5084211967684513,-6.407173442052966,-12.331042378924327,,-7.627707636071081,-13.900879383935273,0.48746618575293055,-4.987879575828263,-13.245194495259508,0.4600570613409415,-7.36160824986873,-11.121056372580739
412,0.22536057692307693,-7.559191934807666,-15.258110771445262,,-7.639664537996862,-13.721397272395741,0.42224744608399545,-7.397387844809521,-12.63315384878005,,-9.802847998652451,-16.24395728907204,0.1675005003001801,-8.245331968225262,-14.489802117664377,0.2286198137171888,-9.866318402289023,-13.610999357663866
413,0.2653061224489796,-8.562327656120726,-16.476742166200168,,-8.784744813759783,-15.81222712714537,0.41543605461131233,-7.578205198848657,-14.862928408671973,,-9.04464218796388,-15.232032327554068,0.3059241263315268,-9.38926587820404,-14.771160872639788,0.37420859713428856,-10.321847092573703,-15.340668008666828
414,0.23633991192301418,-10.87964994719513,-15.925039718862928,,-9.36754636793815,-15.760877127547417,0.38055555555555554,-9.888335718518102,-16.883074920756197,,-11.027258307963251,-15.630702492683513,0.31401349741961093,-8.795597868742298,-15.558765393260256,0.360254433307633,-8.790415063535225,-14.08161320506881
415,0.20817324484806146,-4.913767031016382,-12.043773783850405,,-6.494998843764882,-13.934784520955743,0.3112916783412721,-5.618265335988911,-11.569938594596607,,-8.066873245640181,-13.193134366525799,0.43217845277645944,-7.810673821693166,-14.606599561313056,0.46138649425287354,-7.006080570897868,-12.456601639250328
416,0.23858823529411766,-8.16357102880541,-14.278004344820268,,-7.835223634853601,-13.061371423997937,0.2849028400597907,-7.242056075001697,-14.070805803195688,,-9.411559646109833,-15.340573384381429,0.3554959785522788,-8.999820947418806,-15.500021210002956,0.35188762071992974,-8.664388347402934,-14.052120708489662
417,0.32227185705169115,-9.530916860793855,-15.244035911395358,,-7.050060670731741,-13.95441819621566,0.3506054632497888,-9.40340462631376,-15.022100899612933,,-9.48760204589363,-16.094072946360967,0.3948756593820648,-9.380865108050026,-15.87061631703073,0.3932788374205268,-9.634225526686146,-14.128577173267132
418,0.4020683171419618,-8.864459178212275,-14.534674966626614,,-8.535886497756335,-13.396043260291918,0.4844491302055878,-5.581055903750482,-15.528790090132812,,-8.168527610804826,-15.878673935790928,0.46098120128381476,-6.853727379600403,-14.295459908378927,0.4384057971014493,-8.463040511823404,-16.48251739023804
419,0.2595950438198852,-9.079639746535026,-15.398524738246024,,-7.986208812904084,-15.421240413628365,0.24159192825112108,-9.301784601198351,-15.263742041427026,,-9.459765524537874,-15.837884346705103,0.3956172632987621,-8.997575612439691,-14.592829075136859,0.3928334439283344,-8.580317498194297,-14.515494122497255
420,0.1858355282411472,-8.342261927093436,-14.551525845037654,,-7.117985097638649,-12.789398580720468,0.2546003845097501,-6.840198645051775,-13.189707519450721,0.2912400455062571,-6.354664211641925,-15.452962582467894,0.23096966313046716,-7.553065113779013,-13.868548448330653,0.26481620405101275,-6.152578760035552,-14.176776182995619
421,0.17401960784313725,-10.031507074919688,-15.992706721130661,,-7.533691703204237,-13.658818190946608,0.24241548685351055,-8.044741916921183,-12.671271833628841,0.2552748885586924,-8.947856839877254,-19.244521788787548,0.4583046175051689,-6.725390137998481,-15.095677444131079,0.44986357435197816,-7.200218868354103,-12.425044235534997
422,0.18301610541727673,-10.108506122833628,-14.731947061336083,,-7.332231365080336,-13.47215265441883,0.2778259612604799,-6.745376050054644,-13.24432907467477,0.3406720741599073,-10.101925493666858,-15.972248393099367,0.2792168060371201,-10.590722054405465,-14.997926380386208,0.2912901365122092,-9.434039597283485,-14.880277059315034
423,0.29478315524827153,-8.003901515693842,-13.973196837333246,,-6.699733852020508,-12.733269097633679,0.34769947582993593,-6.500150678586011,-13.165824516908199,0.26608470740381507,-5.769637787636589,-13.699358997861076,0.3577023498694517,-8.383985191148952,-13.412515589550146,0.3888417839579447,-4.736428937072742,-11.443227907728918
424,0.2782608695652174,-8.257545458749759,-15.26708017393732,,-7.530050823042114,-13.582935014779224,0.3477954641498803,-7.748681485892161,-15.353580021697155,0.2672521957340025,-8.759367447319026,-14.506603663322565,0.43144630430694,-7.7886048831229715,-14.615261827194107,0.4722885176345797,-7.350901254105554,-12.830194943919512
425,0.4146341463414634,-7.001962469542428,-14.204639159987074,,-5.828192361925427,-12.324225625828117,0.4702824223689757,-5.278719928192045,-12.71112463424072,0.28722157092614303,-8.607846186231441,-14.169583513917745,0.43356388787768474,-6.923766196261561,-13.59102777251103,0.39797608095676174,-7.089991084128941,-11.632168557748319
426,0.3350802489354733,-7.584582647548448,-13.379900749908053,,-5.668861668304695,-12.289932185064101,0.4647887323943662,-5.838556634632665,-12.357379420916095,0.2683513838748496,-7.724981564725514,-14.424599919878165,0.4337037037037037,-6.544965193687817,-13.575724277411771,0.3765625,-6.439889427627557,-12.928700848409157
427,0.18886198547215496,-8.12381988909134,-14.881607566766899,,-7.183597539953319,-16.01764564674658,0.501854795972443,-8.243758066189033,-13.70436860203256,0.22722283205268934,-8.759039665639557,-14.887299007011894,0.33774373259052926,-8.289296039490484,-16.223337803214193,0.4062579930087816,-8.124652461697945,-14.557857458064898
428,0.21767204757858963,-8.629707941707789,-14.676017547807565,,-7.637337568629987,-12.758665622327587,0.5027311869417133,-7.822902813725943,-12.859427912176342,0.26748517036832664,-9.401976878745796,-14.18457163657463,0.26023224823910146,-9.872875495733647,-14.96246356981311,0.35236938031591736,-9.141641939183309,-12.89668639322499
429,0.2786282914880588,-9.339094399677785,-18.410270991628988,,-9.027128886544517,-15.955939615754051,0.3899745114698386,-9.84937860923944,-17.276048219249525,,-9.744183648239327,-16.51619340687155,0.4216112754480599,-8.371931727201762,-15.575161866339553,0.42847649111148034,-8.307305118769591,-14.300965890049467
430,0.1864609854725176,-9.248618698645402,-17.359629154119375,,-6.789959609627544,-14.86380778273088,0.2535660345695587,-10.479700945462959,-13.397398757712152,,-8.556085416075037,-15.718730219861035,0.3131115459882583,-9.847942703247663,-15.817729285987063,0.4254633360193392,-7.370470094995457,-14.263811016308196
431,0.23350562480997264,-7.82865286487055,-13.922216361485553,,-6.986200796896509,-12.53195477794902,0.2890870067690276,-9.602298204150866,-12.316125834011892,0.1907187323146576,-8.976895785270242,-13.461914402980437,0.3189160086145011,-9.489127769403686,-15.156136479676173,0.3951612903225806,-9.415013918098653,-15.145846075513138
432,0.36351531291611183,-8.129176153099928,-15.044823296343,,-8.940406296336839,-13.494775514058574,0.45576317728216464,-6.993070992481161,-13.35856912280515,0.2794648829431438,-9.421411835236883,-15.27099507240451,0.4205150589262331,-10.477489601344912,-15.658883725541433,0.3939448387386578,-11.373516357732083,-18.142605148019246
433,0.2704761904761905,-6.305343892690777,-15.288997702136445,,-7.642165536577212,-13.891727921178747,0.38193869096934546,-9.311667023775657,-14.642077448600768,,-9.042834671394408,-12.869529578062282,0.35805047867711054,-8.349363338946343,-13.817141575699605,0.27913587265491757,-10.02014932443913,-14.812689785685137
434,0.32610169491525426,-6.775672428719871,-14.32270705626896,,-7.311872614420285,-12.045169441419608,0.480674448767834,-7.2423943921698,-14.882645786298195,,-7.274460952334534,-14.487860772048322,0.4297202797202797,-8.401505085069997,-14.44058206189219,0.3284775270918458,-8.154828349800852,-14.426478889002553
435,0.36671575846833576,-9.23464261483755,-13.921707090735914,,-7.768644515900132,-13.236967681352112,0.41414141414141414,-8.640550681928072,-14.437593610358885,,-8.807494955876232,-14.837126589637373,0.4142335766423358,-8.504313299234873,-16.079604045709953,0.3152700520366051,-8.003607881474109,-14.645128696026877
436,0.3923433692319786,-7.765912935779165,-12.09297729589313,,-6.9168050125454,-12.599085677801902,0.4975556762629006,-7.304926645839433,-13.375553211921858,0.2900478978179883,-6.396622884989343,-12.690581325276739,0.4878525551521921,-8.107899034289973,-14.00677321305255,0.49006912240790973,-6.690983384930659,-14.70506175100132
437,0.34820006371455875,-8.205165987500724,-13.535149750796165,,-7.946891674632673,-14.248943105860867,0.40451977401129946,-7.604300670427035,-14.563299017031921,,-8.212018254222098,-14.505848392790915,0.375046006624954,-10.335352969154359,-15.08435761048386,0.33063923585598826,-11.076564731910107,-16.29788541455772
438,0.3329048843187661,-9.667505790714927,-15.412240268440222,,-10.039485765667095,-15.471807785134166,0.40350877192982454,-8.935779709725127,-15.224756602897944,,-10.89590386444138,-16.17819890975039,0.4053109713487072,-9.848491541401053,-15.155807280796271,0.26626093571700266,-11.14114152385981,-15.603035277396572
439,0.3333333333333333,-7.931759470033542,-12.055715930350361,,-6.825379563982491,-12.996100731228024,0.41678360931799047,-6.0405899517663775,-13.51322085808349,0.26213034740166524,-9.593784619747748,-16.888257910684644,0.3790822653989252,-9.215131298310371,-17.009798696353794,0.4096768167382776,-9.761730405170365,-14.853436809104512
440,0.415211970074813,-7.208212057682374,-13.021554229793617,,-5.751689905153325,-12.26299525598688,0.43817727146429564,-7.911510196830297,-12.18957999994405,0.29409998498723916,-7.658184723928796,-13.159783973620058,0.34108832807570977,-7.474111750396738,-13.691047836001207,0.3491705114361441,-6.895943351169278,-14.529567992075009
441,0.37270299984294014,-7.244127544918232,-12.119406513056003,,-7.331223461868179,-12.51373852626784,0.4276765375854214,-5.470921185640261,-13.836712387067049,0.2578909090909091,-8.649536170125682,-13.269166830982996,0.30682261208577,-8.53020444516529,-13.766350047997529,0.39475788538427364,-8.267735900391783,-14.68664014817254
442,0.14562782143454273,-9.053037509565868,-17.48329821128084,,-8.147583416101496,-15.17076957657499,0.1948488241881299,-7.604354907993617,-16.301307212575626,0.19021224820873328,-9.371977211019015,-17.430265992239956,0.24831712789827973,-7.782681865725055,-16.593237924858467,0.34995032963063305,-7.557032672218976,-15.759580587758453
443,0.4492710723007474,-7.3075619158009,-13.435307352936183,,-5.131836373229267,-12.066012120749575,0.40642398286937903,-7.493271847208157,-13.359943483511579,0.28084074373484236,-7.926009956236106,-12.798906821936729,0.36684098392407516,-8.28379535038659,-14.188478807987991,0.4016969254630052,-6.787652233492699,-14.891222685863475
444,0.3085427135678392,-8.526945696101704,-13.272272540272766,,-6.326135921505137,-12.447991277412617,0.455470737913486,-5.403271002774909,-12.447646177386568,,-6.204818783109449,-13.077168791981638,0.4518254674977738,-6.3512650072018175,-12.094193963163821,0.38065465244575214,-7.105103472840409,-12.55368643286763
445,0.3694870957203528,-6.96529680239736,-12.977217671751353,,-6.374834632119367,-12.338977246103708,0.4773596716978507,-5.297779642132863,-11.277505406410096,0.21927820922795796,-6.140987199764584,-12.510065583174901,0.4232967856808172,-6.814404471087626,-12.15798180579225,0.3846718678292795,-6.749962292921257,-12.33822393556359
446,0.3650485436893204,-6.620334817415326,-13.104238951904845,,-6.743290034187469,-12.460372167426769,0.4968225299351127,-6.055485480767818,-11.750310450852906,0.2061141628851206,-6.137623482885659,-12.93817596579289,0.48574454938653017,-6.773583743283882,-11.42254644126852,0.4406882767011384,-7.2683916163002005,-13.094529617113015
447,0.3599754073163234,-6.6287282849362015,-13.584006876008036,,-6.655740119581105,-12.904784361993418,0.4802735402419779,-8.009542859598792,-12.818102224728074,,-6.93181522939391,-12.199054103503034,0.49333333333333335,-8.067760915274182,-12.709534561445743,0.44155405405405407,-6.202907604402261,-11.52925400422971
448,0.3572860962566845,-6.862080324505246,-12.815143230748102,,-6.303661354254835,-11.504601603601667,0.5812985741386696,-7.3860877279597,-12.248925487347222,,-5.1035505030246755,-12.213201849304081,0.4778628641844908,-6.082502374473667,-11.550662437636127,0.4381051175656985,-6.120557647540768,-12.358428033632533
449,0.29099157485418015,-8.511739018549042,-14.467605578930982,,-6.846624723042199,-13.23068650604256,0.4162252578756621,-6.597399100222257,-11.122931643002465,,-7.016707452214077,-12.253170268766473,0.38403614457831325,-7.224130600841909,-11.24650025003456,0.3902740937223696,-6.4500230566692665,-12.730917302928173
450,0.23319892473118278,-7.303086116179614,-12.708332163919732,,-6.278287340955063,-11.522527215744645,0.4828053073382074,-6.6560400548316405,-11.218428170849997,,-6.415376209349218,-12.37108759077679,0.5387572069186419,-7.002660178045572,-12.582883243511542,0.4608318022381827,-7.286628248053479,-13.750408737610385
451,0.27404543257612374,-9.01072642530806,-16.26628809286977,,-7.54736503295214,-14.417282740183898,0.4198713366690493,-8.312896571571603,-12.271293832203746,,-8.606610670972229,-13.643010844134213,0.24563858568896352,-10.126539959650591,-16.35422627226038,0.3610614472569869,-8.449267733933342,-15.081984745968542
452,0.3896043444530644,-8.341115649657599,-15.360854409991916,,-5.929193757632967,-13.099780691889453,0.5470392728752629,-6.5374038563235315,-13.236711494182048,0.2906017579445571,-7.515561393104795,-14.929350525860896,0.47213170982678787,-9.378038175248928,-15.441618452073293,,-10.533550113033112,-15.834701482957334
453,0.30003161555485297,-8.543400457268302,-13.928927776721263,,-7.439045806424867,-13.69632182573351,0.5077951002227171,-7.05797352202794,-12.829184300877882,0.3263707571801567,-8.58761695601206,-14.733972876804824,0.4456334138764239,-9.343450395889322,-14.186811436311297,0.3761869978086194,-8.22075127626488,-14.895125566517482
454,0.29321930360415394,-9.470380164360208,-14.471521512225348,,-6.4868823493619505,-12.98226659141936,0.2820581535575506,-5.84774079432525,-13.478006113593072,0.22126138591029632,-8.00212652680117,-14.24032710786306,0.31412429378531076,-7.500851101269369,-14.319747964745408,0.3686500962423634,-8.360950225483212,-14.108705582748335
455,0.2687913409500902,-10.829465408568256,-13.496880750885918,,-7.424687349782886,-12.48571002383514,0.28895104895104895,-7.2648397137942275,-12.266335903063831,0.18320431620924232,-8.298629605773124,-14.066659720983065,0.2771581990912846,-7.242125348140251,-15.688562810820116,0.3263004728992361,-8.158897930496067,-14.513257451821529
456,0.3476434904339711,-9.29811987412197,-14.11496802580995,,-5.677892436380501,-12.653801330731305,0.4592653962993648,-6.958804889648515,-13.67379784337942,0.2531500572737686,-8.871228304108868,-14.514207976170667,0.505516462514117,-6.300195600300088,-13.603416691615283,0.41383940560379556,-7.322862234108217,-14.455080012859087
457,0.36417261719962746,-8.731422402478557,-13.494433617963747,,-6.889500061560661,-11.294674434907645,0.48183610250633624,-6.948175798629239,-13.629228111403302,0.24699440542792525,-6.682608361024887,-13.920235944582252,0.514332727115268,-7.880807707611713,-13.855559378525053,0.4020971970155273,-7.821874503019901,-14.85525944056987
458,0.3635516920211115,-6.703736086976678,-13.898865790586193,,-6.2802499885926855,-11.70611633352638,0.5309887193098872,-8.029831717545646,-11.78147990586346,0.2541129127707421,-6.6154296765885645,-15.559840227785351,0.4954120267260579,-7.494459364129018,-12.981065982221502,0.4547237076648841,-6.336845351728323,-12.660934589858496
459,0.2328767123287671,-10.345773058822267,-14.395523732168309,,-7.722695014866935,-13.357437560968979,0.3477424130273871,-7.587931042167285,-14.74384665207355,0.2542085503209398,-9.548579489927127,-15.300665543983312,0.43195983379501385,-8.627630299800886,-13.312686780756257,0.26382770435633873,-8.827312081766793,-15.035782342025623
460,0.2345758354755784,-10.457803443374427,-15.673371299698502,,-6.780239917914708,-15.118198738107226,0.3690259285213735,-6.161854252537923,-15.628891595219796,0.20171276472630484,-10.878462827944125,-17.19115503395864,0.391705069124424,-8.75458545509648,-16.47934066005594,0.3181481481481481,-11.345456847491796,-16.282251842443173
461,0.2970550576184379,-8.83218946199568,-15.54575987591577,,-7.336377815857452,-13.422918825440549,0.40430482838859805,-7.035276596091786,-14.511099189351144,0.29754368194479613,-9.553026938495886,-15.668065845473064,0.2887966804979253,-8.42689653531901,-15.446974945266982,0.2757564151666028,-9.085131393928433,-16.73106344000345
462,0.3182104599873976,-7.766430441771959,-13.871986112572095,,-6.632735105209255,-13.245966825536641,0.3470982142857143,-6.717669271086311,-15.54144445189584,0.26864516129032256,-8.165535209330251,-13.40210640550322,0.3659171157777365,-8.665055023259258,-13.013043943202975,0.3686567164179104,-9.120569811198294,-13.401243137567144
463,0.34672715489306544,-8.860833966870958,-13.647931100213475,,-6.7338220688486485,-13.055609531710475,0.4533616418966737,-6.580775469770987,-13.911730711295194,0.31803696622052263,-7.815882730788672,-13.118255557356765,0.40643733284146455,-6.952363168052326,-12.706857093079279,0.4117117117117117,-7.804454767530512,-12.558671373460463
464,0.32707061218099265,-9.241142028217661,-14.282471509945795,,-7.952785141312382,-14.449275834632648,0.420324875822258,-7.849155973036384,-13.49341423915183,,-8.475681984949588,-15.695908293030794,0.42053595118068454,-9.563739041654507,-16.92645998044137,0.3937312907201972,-9.42478127140158,-16.147188595112826
465,0.23839951315989655,-7.037785565435325,-12.784853393580356,,-7.104205391005599,-13.173319503384185,0.47035897435897434,-5.582967638587169,-12.265615258184514,,-7.61126091127889,-13.396760303742425,0.35302542069459364,-7.28812266256287,-15.022463251633981,0.376397960096627,-7.166208469622436,-14.197804491500435
466,0.29181929181929184,-9.704389546140854,-15.027351819240184,,-8.180733902368585,-13.68008012984433,0.49222237251454076,-8.594304308604993,-12.55830657697986,0.3905333159473204,-9.929167640724515,-14.861318605415853,0.4183960126869053,-10.555004347895485,-15.39938997652105,0.32530364372469633,-10.113605126433146,-15.520436047000366
467,0.2559285494302433,-8.258992606164412,-14.476049608238622,,-7.959185341371339,-13.694960488371768,0.3001285347043702,-7.014060210651603,-13.652831237736926,0.28087306145893165,-8.960367492772644,-15.801472104379537,0.3978879541793449,-8.63039622488673,-14.03238732027398,0.41794145420207746,-7.495753001403952,-14.278083089863173
468,0.31402985074626866,-7.339372152574446,-13.17409074817163,,-6.540268468630388,-12.83698594380156,0.45505110199541127,-5.951212389336615,-12.288559481717902,0.2492716466612283,-6.436587401380908,-12.427353607626566,0.46182072339681984,-7.528629704725402,-12.790451298856041,0.3626987951807229,-8.577027355368635,-13.409272697333982
469,0.2731559447625463,-9.651435904457502,-14.515940427874103,,-7.496325287330708,-13.314767333636329,0.436477238916989,-7.2021549415300665,-10.90380038143207,0.337295690936107,-7.897113715689509,-13.01621789518816,0.5094140418792891,-7.12206179906321,-14.405954978156835,0.3542757417102967,-9.587156105250846,-15.296420558463065
470,0.2989558232931727,-8.942408184343137,-13.963228343285401,,-6.748213801898039,-11.723633460481306,0.4797163120567376,-7.326480985601581,-12.656959532968713,0.3988372093023256,-8.332357579122238,-14.156927709701051,0.4861199599526713,-8.768046302452948,-14.762787335222043,0.38047935842522557,-7.918484525335653,-14.543508913447633
471,0.33162447933354694,-7.010987944861299,-13.789685017689575,,-7.107562103628561,-13.144955903465087,0.5087912087912088,-6.033088417192643,-12.469128684036363,0.3868572999725048,-5.8439168163038255,-12.914463596333414,0.4727731698521457,-7.7544993868749685,-11.528721872863354,0.39826676714393366,-8.843518388663496,-12.511954388766416
472,0.28991859737006886,-7.016950351446068,-13.255235932136497,,-7.304322152281646,-14.15053893158339,0.4422657952069717,-6.320356937704201,-12.077270126344146,0.38113207547169814,-6.3252933796883255,-12.215139347735251,0.3960663324334747,-7.263160477893512,-14.144199448396721,0.41570643502925014,-8.256472488965633,-12.752542603202762
473,0.38028169014084506,-9.414241242216871,-13.562635003002615,,-7.426313944810779,-12.607738985503312,0.4646339788490592,-7.207794479507755,-12.78395106953572,0.38633686690223795,-8.026675530582487,-14.751105257304529,0.41229437229437227,-9.262771924843642,-14.888852394332899,0.3499813641446142,-10.383159216133429,-16.221951868027823
474,0.45942647956070776,-9.507123720723163,-13.657884145490048,,-8.617625770314476,-13.30840251128371,0.5479470024924571,-6.444792449603897,-13.721394985558291,0.4025531914893617,-8.455655008748156,-15.001028192830761,0.5157593123209169,-8.395805722938857,-14.10803830203951,0.479231473010064,-8.95062991915774,-12.640602556435471
475,0.3385457388584832,-10.716734216770615,-16.27520265526995,,-8.316660272241675,-14.890512223351575,0.4700615556799105,-8.073521178345423,-13.8411037139962,0.3215065502183406,-9.173609070410135,-16.880487518426126,0.46200070696359136,-9.462262351477676,-15.926927533709897,0.407855547282204,-9.896293255433209,-15.343020998131738
476,0.1608695652173913,-8.146661543466346,-14.212960172927957,,-6.408189379603334,-13.955216131769186,0.23917525773195877,-8.192559907310251,-13.769091803597428,0.132890365448505,-7.8142429848941,-15.316344499903447,0.07754442649434572,-8.920165656107702,-15.098433745273606,0.36622213932668096,-8.763803199288015,-16.06671831926355
477,0.1608695652173913,-8.160758515749297,-14.254391199424173,,-9.143035478934474,-14.498298344785486,0.23917525773195877,-9.602938226818567,-14.464299196715732,0.132890365448505,-10.597091438175097,-14.795181445014018,0.07754442649434572,-9.419709624404089,-15.586609926263822,0.3950749464668094,-10.507264519067633,-15.95673188793114
478,0.1608695652173913,-6.1606898053806916,-13.316565458591052,,-7.404030411219038,-11.911883844463372,0.23917525773195877,-7.253685936275867,-12.601235057143061,0.132890365448505,-8.56009617619446,-14.218661584013521,0.07754442649434572,-7.3535534066276,-14.245821486633673,0.3802416488983653,-7.62406968183638,-15.63442484012555
479,0.1608695652173913,-9.785116034480229,-14.824253089293425,,-9.69678382309826,-13.223791700118532,0.23917525773195877,-7.973024419544061,-14.098159842530311,0.132890365448505,-10.273381520905643,-15.394280473651946,0.07754442649434572,-10.069846107318694,-15.809161473154084,0.3919480050550641,-10.09689526689612,-15.268299395366
480,0.1608695652173913,-9.275891374646239,-13.495906164969881,,-6.957211146909669,-12.935655875903322,0.23917525773195877,-6.4764453765904895,-13.377475015222025,0.132890365448505,-8.560400918759047,-15.498802896909687,0.07754442649434572,-10.24626945518965,-15.193534182546406,0.41386138613861384,-10.94863953284731,-14.885285117608982
481,0.1608695652173913,-8.79673388096631,-13.46992506358043,,-7.724035762253268,-13.642336929407861,0.23917525773195877,-5.824085434421271,-13.188587414269053,0.132890365448505,-10.364836372484408,-16.694970266261798,0.07754442649434572,-10.380385318346155,-16.901535199195138,0.2903283369022127,-11.047931177234382,-17.34254223349327
482,0.4451454069856901,-6.153196688187348,-13.709921657590932,,-5.494673320728135,-14.22168867771285,0.4972051618245808,-8.489295321990525,-10.246834197422178,0.42234209934816813,-6.52363249486741,-12.62495403510838,0.4818941504178273,-5.952649646149281,-11.882424861926985,0.42954964445614957,-9.32803305186306,-14.220652118569156
483,0.4103286384976526,-6.829761925368195,-14.500114289514856,,-4.891709948725554,-12.904298834623516,0.45506747057134656,-8.81213966079806,-11.442674637746977,0.3735908553409539,-6.518204690073917,-11.430869561041977,0.38071479482741066,-5.5220129386209695,-12.276218420650766,0.3404191914175027,-8.885128068199432,-12.073588062758372
484,0.1608695652173913,-8.67686859920942,-13.706669737007214,,-7.807143523267256,-12.463285621646751,0.23917525773195877,-6.627143409024317,-14.235579281173171,0.132890365448505,-8.854657705095242,-15.191514017090984,0.07754442649434572,-10.346922139716522,-15.735165024177816,0.4003307714758245,-8.454328519600642,-15.497564916916085
485,0.1608695652173913,-8.90412366793403,-13.667270541201626,,-7.499484033260202,-12.613979457916006,0.23917525773195877,-6.850021180795994,-13.254435938121338,0.132890365448505,-7.226120245921277,-13.538187865133384,0.07754442649434572,-9.690005387558458,-14.75700150956425,0.251520648810159,-9.854015185262476,-16.95415410878431
486,0.34590417310664606,-8.38222301491302,-14.196135183804877,,-8.724379598954586,-13.00380058450771,0.36404040404040405,-6.117625811590582,-12.72095081390837,,-7.786017120938153,-14.129781660594038,0.3240418118466899,-8.172380201238843,-14.112919651840743,0.48425588332780906,-7.832572446652897,-13.736886554369542
487,0.33292941532868825,-9.46433569986704,-16.62119769022579,,-9.637493521465977,-15.197854227471463,0.4267448055407565,-8.120799555781428,-12.935395232975178,,-8.966990394153797,-17.450342987553107,0.38374156904508344,-8.751638098179967,-15.275549145221884,0.3687040688295393,-9.583126407233918,-15.966761755607092
488,0.32610006027727545,-8.062410484545765,-13.978587683058421,,-7.8717206439258005,-13.453136097056007,0.3212420994778785,-8.430571460639012,-14.810389753034585,,-8.001998865074155,-13.812227351074347,0.35931355023239187,-8.499308023706494,-13.024024291875495,0.40227471566054246,-7.39489279468313,-12.227145366611216
489,0.3488442362894697,-8.109277530326608,-14.180383714647808,,-7.9129909746107,-12.814828704271108,0.3162724570246866,-6.794032213843835,-12.644965119476698,,-8.272791567813048,-15.111636256236247,0.41350504698920987,-8.122757188599891,-12.681626541449507,0.41127241673783094,-9.098410499249216,-12.890890853628889
490,0.2615933412604043,-7.914137968971636,-13.762985627924014,,-8.605152079020893,-14.246814172913044,,-8.585541825915971,-14.646188697840243,,-8.816389684410797,-13.583844030580963,0.35219789998220324,-8.877362977369144,-13.874958963679324,0.36045681655960027,-8.56443333787252,-12.774408822470846
491,0.34603564843269824,-7.707692071690625,-12.878693634210494,,-7.135050776935765,-11.077070367910956,0.43080016083634903,-7.599960134337166,-10.224200229115112,0.2989152821639434,-6.939731903947646,-12.857633754113667,0.4341726284493171,-7.576860748748343,-14.15178435097795,0.3837306372321677,-7.599873367848955,-13.755550981702651
492,0.43749508299897727,-8.14693766233554,-11.917626165622373,,-8.237743531627116,-13.406967171526663,0.37733142037302725,-7.319099359304493,-11.794718981078233,0.2685507448141445,-8.953554036104316,-14.451718552021566,0.4831639416703491,-8.852816476424177,-15.31920528395862,0.42588878760255244,-9.555389139807295,-15.274775403427295
493,0.4707861731416335,-6.91702377287335,-13.381540041365607,,-7.213301673068035,-11.447970921792425,0.3055748322923895,-6.84979997312527,-11.233097112274756,0.20117552765161634,-7.980601540149936,-13.931323608471738,0.44143484626647145,-8.895658820046501,-13.111838392045353,0.414936247723133,-9.793551540243259,-13.594593842744594
494,0.4636033108996674,-6.171668257250635,-12.789637767003452,,-8.744378769704161,-13.338600011107648,0.3470790378006873,-6.6012038619954545,-11.497565675956496,0.21194503171247359,-8.53811989749993,-13.444524078785847,0.4343645882912899,-8.961997429876892,-13.032870090016342,0.40305010893246185,-9.618263123854645,-14.48531698342843
495,0.4717181687039708,-7.085568974568451,-12.23212980336124,,-6.0519397401324495,-12.090847720631775,,-6.3488595905869865,-11.344602995152137,,-6.790226310548696,-13.07800761241854,0.4890793475255737,-7.411153505443487,-14.823165613952993,0.42576949218370713,-9.73121791795372,-15.541868121627957
496,0.1608695652173913,-8.423540711735324,-14.439958314460037,,-7.29120598639449,-12.445073857511133,0.23917525773195877,-6.881277621302273,-12.50809862020703,0.132890365448505,-9.997232151376776,-15.06797908273495,0.07754442649434572,-7.533278300638173,-14.230353017905035,0.42469179917813116,-8.634813415753722,-15.532972205664313
497,0.1608695652173913,-8.607977577258483,-13.374816743144969,,-8.128911519033096,-13.908014169489885,0.23917525773195877,-8.740622538924036,-11.964700862080784,0.132890365448505,-7.490437691735165,-13.678923906775646,0.07754442649434572,-6.837239950098029,-12.197340173592334,0.37770004372540444,-8.022553687759453,-12.837037711618766
498,0.1608695652173913,-7.361818876697957,-12.93176717834835,,-7.3848547833795894,-13.518936798573725,0.23917525773195877,-7.006397422273753,-14.15228634366728,0.132890365448505,-9.410750150414067,-13.324532103144184,0.07754442649434572,-9.586578786703194,-15.14642467328543,0.3654572940287226,-9.315034567184629,-13.689432382001577
499,0.1608695652173913,-7.830112231619939,-15.09254598920978,,-7.0613134277918235,-13.660882518422222,0.23917525773195877,-6.995646819412736,-12.76501042764069,0.132890365448505,-9.453397630448695,-13.751557478300551,0.07754442649434572,-10.21922621794469,-14.755283596927413,0.2357473035439137,-9.753647162104237,-15.725721196489191
500,0.1608695652173913,-8.20058713128098,-14.602484633598332,,-4.986768114945222,-12.269992356506163,0.23917525773195877,-6.852539230311397,-13.16491105947546,0.132890365448505,-7.548965549931909,-13.121575671972959,0.07754442649434572,-8.685627538601999,-13.301051334974666,0.2837073526728699,-9.735341795782912,-14.49937370997831
501,0.1608695652173913,-10.217209735196185,-15.923670061018145,,-7.068375568541584,-14.127407335955146,0.23917525773195877,-6.559417059161956,-12.000967883939833,0.132890365448505,-10.490668438679,-14.987803047923517,0.07754442649434572,-8.167588126051683,-12.944890879562422,0.3228955608767729,-10.725292023281519,-12.248043472793938
502,0.1608695652173913,-6.864961671688448,-13.30391586000891,,-4.819466061634526,-12.870855630377797,0.23917525773195877,-7.21755992750694,-12.289804722036216,0.132890365448505,-7.377255193151781,-13.924027458164744,0.07754442649434572,-9.235120863016919,-14.66173481975052,0.40639585133967154,-9.525061052714433,-15.385565479348111
503,0.1608695652173913,-8.916260577312142,-13.838621299224108,,-6.652958540492859,-13.608582203713093,0.23917525773195877,-7.188509922181494,-15.127534591619591,0.132890365448505,-11.130493095090337,-17.564769970959794,0.07754442649434572,-9.683969984144094,-16.76520283156662,0.34633135537345766,-10.070787129454681,-16.373916847751328
504,0.1608695652173913,-9.375860993280345,-14.875982619080357,,-8.261933562304147,-13.183866558366441,0.23917525773195877,-8.194238548414377,-13.843999037234827,0.132890365448505,-10.556614367331687,-16.386917465813198,0.07754442649434572,-8.459947393233987,-16.86314142466655,0.40671336304921313,-8.037858376703396,-14.454958392824524
505,0.1608695652173913,-9.413123403044724,-13.303832338339824,,-8.765461687195685,-14.141672373991181,0.23917525773195877,-7.304119339625263,-14.799476438701669,0.132890365448505,-8.41861749777404,-15.904938851517601,0.07754442649434572,-10.659437111328927,-17.291671466165813,0.3606616325062927,-9.284996741288076,-17.378945339183186
506,0.1608695652173913,-10.533835228321983,-13.12204377830697,,-9.171441867340256,-14.43189443560681,0.23917525773195877,-8.89974024189225,-13.3115405777173,0.132890365448505,-8.79439431062011,-15.363296100767707,0.07754442649434572,-8.266952623717202,-15.200504040452321,0.2924227227135953,-7.675853029534202,-13.031178495241175
507,0.1608695652173913,-8.216466154367579,-13.612520287224285,,-5.7900506765661985,-13.874089772003305,0.23917525773195877,-8.524823088840344,-14.102074829722298,0.132890365448505,-9.072049428359987,-16.42361111477574,0.07754442649434572,-9.542929333791294,-18.533366350093324,0.31084840055632823,-10.386152649345394,-16.88809432986115
508,0.1608695652173913,-7.366601179272934,-11.94352979039376,,-5.881398847601529,-13.301731755706221,0.23917525773195877,-7.337088963557089,-11.313041210710962,0.132890365448505,-7.596862936875334,-12.591326826867382,0.07754442649434572,-9.11018611444353,-16.243672343531934,0.33968038082284935,-9.942588719605682,-16.74495174759706
509,0.1608695652173913,-9.262044018724787,-14.64797308405744,,-7.840085730254504,-13.677456516775639,0.23917525773195877,-8.203068706859893,-15.146913512224817,0.132890365448505,-7.951722991985761,-14.657673849057671,0.07754442649434572,-9.642995869460902,-14.205470789212058,0.24995354023415722,-9.045405195080066,-15.402416020322713
510,0.1608695652173913,-8.271061921158392,-12.656497802795691,,-7.312045817948444,-13.405423687042026,0.23917525773195877,-9.67920006092268,-13.949705565051689,0.132890365448505,-8.141893106551807,-13.656529920397446,0.07754442649434572,-9.010517210394475,-16.562686892746797,0.42266976504002063,-9.137109720527675,-15.152444200130745
511,0.1608695652173913,-8.441528368856462,-14.772775467226516,,-6.924355989273268,-14.04071847096219,0.23917525773195877,-6.427727109667555,-14.237454181337643,0.132890365448505,-9.62143193421061,-14.910759727768019,0.07754442649434572,-8.433933174665329,-13.945325295831175,0.24437167417110112,-8.920254292436269,-16.574944869781856
512,0.1608695652173913,-8.400976515066837,-14.558982975680848,,-7.567260536968334,-13.081852813874287,0.23917525773195877,-6.904025959289059,-14.413956207944212,0.132890365448505,-9.082562141966486,-14.19693988393888,0.07754442649434572,-9.039590584008584,-14.491801789818766,0.4502136946439938,-8.851496113487155,-15.434178163555101
513,0.1608695652173913,-6.188718229097882,-13.76039280269227,,-6.528229203135542,-12.553130994345363,0.23917525773195877,-4.252916347480766,-15.010774415048488,0.132890365448505,-7.420008786629215,-13.015217125619031,0.07754442649434572,-8.613401423621735,-14.17857420171882,0.2958845328652233,-7.818259416520013,-14.667656508326253
514,0.1608695652173913,-8.50489794122817,-16.78394781180768,,-9.416534363069415,-15.105650315231536,0.23917525773195877,-9.34117287182708,-14.686667399351837,0.132890365448505,-9.824302537668634,-15.754832149395813,0.07754442649434572,-10.529980301817595,-15.770945062926817,0.3241938598184978,-8.897411368269752,-16.080036372220942
515,0.1608695652173913,-8.501070132054819,-14.16948251990333,,-8.23730060980842,-13.462829498154223,0.23917525773195877,-7.713426472257897,-13.628981662015727,0.132890365448505,-8.17095546567981,-14.155135259319119,0.07754442649434572,-8.169810578709324,-13.967267224313618,0.2778113055723195,-9.352510152149913,-14.216253558030719
516,0.1608695652173913,-7.411617222762982,-13.102212334607959,,-6.78620343186258,-13.05758764869979,0.23917525773195877,-8.924009465688046,-15.199949867732172,0.132890365448505,-9.793892813119655,-17.336501574876607,0.07754442649434572,-10.49516046511954,-17.461258801905764,0.29378925331472433,-10.929417081836837,-16.74587147888073
517,0.1608695652173913,-7.99467970952916,-15.99857465822016,,-7.163212425743461,-14.60294989118301,0.23917525773195877,-8.830891917313586,-11.385469277281606,0.132890365448505,-9.548213655349652,-15.773281684930446,0.07754442649434572,-8.684618333974827,-15.242874542307428,0.39554517693551283,-9.305112502552701,-14.506903479125437
518,0.1608695652173913,-8.392933533325131,-15.720069572416943,,-7.738183346880618,-13.415127205083055,0.23917525773195877,-9.825992389026268,-12.396531718075716,0.132890365448505,-8.213442373380868,-13.82402233794875,0.07754442649434572,-9.227796101069478,-15.755480119115106,0.2929680015328607,-8.81239910380993,-15.214363115377935
519,0.1608695652173913,-7.230668817743908,-12.953646341556862,,-7.0007725672614765,-13.258439780849546,0.23917525773195877,-6.024580669299425,-12.341365417990541,0.132890365448505,-8.295349993076043,-15.168224724068391,0.07754442649434572,-9.118435115223898,-16.04772421162312,0.19032558139534883,-8.994849932977468,-16.57161469933271
520,0.1608695652173913,-9.964047537463511,-17.540236157384932,,-8.283192546562638,-16.409601191572204,0.23917525773195877,-7.41557331228134,-14.732570834352437,0.132890365448505,-9.998049703762304,-17.608411551391438,0.07754442649434572,-9.254293286778509,-17.417468797384295,0.155188246097337,-8.407468800642974,-17.3073981164964
521,0.1608695652173913,-8.645333566024666,-15.152539747660821,,-9.129672795060076,-13.47962536427964,0.23917525773195877,-10.917806519197429,-14.535692485165345,0.132890365448505,-9.419479184188086,-15.502452472137591,0.07754442649434572,-9.08079861003583,-14.78929585412832,0.20083769633507853,-11.40190803174789,-17.993068646213302
522,0.1608695652173913,-8.954922969490353,-16.149772403310465,,-7.975886624194671,-13.457284073852724,0.23917525773195877,-8.420359982421587,-14.615780787693888,0.132890365448505,-8.225037727640679,-14.153940141855612,0.07754442649434572,-7.995278231959414,-14.160782719817105,0.17436819287300412,-7.598593111980801,-15.514593170214539
523,0.1608695652173913,-7.8501035855725165,-13.906777255090114,,-8.597733849968495,-11.765983472340986,0.23917525773195877,-6.153516294681438,-12.494314684835803,0.132890365448505,-8.050664836370501,-13.493097085590687,0.07754442649434572,-8.404975471996469,-13.933915782168878,0.32217898832684827,-9.069035839994996,-15.696393548998822
524,0.1608695652173913,-9.156410428484618,-15.20969532995418,,-7.682794241269627,-14.693963535500936,0.23917525773195877,-7.641142670999445,-16.116212401827198,0.132890365448505,-9.195307991150187,-17.249562859651984,0.07754442649434572,-8.37055418478794,-14.983575764776361,0.3371651242084754,-5.26316668138199,-13.11086650948143
525,0.1608695652173913,-9.78618407373014,-15.569401922689245,,-8.001480903352507,-15.278600623027707,0.23917525773195877,-8.47383291767818,-16.354222952853398,0.132890365448505,-10.402602571314679,-17.074796962678743,0.07754442649434572,-8.932384172187147,-16.21884719574011,0.2672904800650936,-6.4108932424424445,-14.706576876478689
526,0.1608695652173913,-9.255792424048424,-12.959962779406995,,-8.2500772119732,-13.125127236796013,0.23917525773195877,-6.303165712123514,-13.591825096999221,0.132890365448505,-8.717337119881263,-13.945435656716088,0.07754442649434572,-7.042130933634702,-14.013428090405363,0.458735087432587,-6.917786895157406,-13.206992941684408
527,0.1608695652173913,-9.905504751719704,-17.839228501858244,,-9.094161373387372,-15.433821405514276,0.23917525773195877,-8.69979979200388,-16.830812213581027,0.132890365448505,-10.092086841830874,-16.935499447946984,0.07754442649434572,-8.096615139138365,-14.6403348658819,0.4128289473684211,-6.991287563981194,-13.873023606356936
528,0.1608695652173913,-11.182360464998919,-18.640440039503122,,-10.732153073428798,-17.964619106031993,0.23917525773195877,-10.34936963690686,-18.795402871646537,0.132890365448505,-9.898258526998656,-17.75578075189567,0.07754442649434572,-7.147887016095968,-14.759917119263765,0.5250476449768582,-6.024101495715898,-12.843549985096931
529,0.1608695652173913,-8.25319056795793,-14.493715871608659,,-7.584470955154421,-13.193045608184025,0.23917525773195877,-8.17581184944807,-12.218956262418569,0.132890365448505,-7.741495747181579,-13.072665757510194,0.07754442649434572,-8.158312426206045,-14.314458045410285,0.41895604395604397,-6.916833808729691,-12.424999839284938
530,0.1608695652173913,-7.050217999074872,-13.65010479884459,,-8.301860046412054,-13.756559105268217,0.23917525773195877,-8.766203975595543,-15.974002624122086,0.132890365448505,-9.118393382864369,-16.787915163357884,0.07754442649434572,-7.812998474801064,-13.44732033368359,0.40315247044558955,-8.083550284118044,-14.426578418147372
531,0.1608695652173913,-6.41087738325317,-11.869798056936647,,-6.375059184458235,-11.28928327271728,0.23917525773195877,-6.300670540901004,-12.240119354108591,0.132890365448505,-7.628136404352356,-12.818778836105235,0.07754442649434572,-8.518822849181316,-14.377200573994571,0.43895091263512315,-8.50662847950401,-12.993949743697897
532,0.1608695652173913,-7.733710012829888,-12.30483548477055,,-6.961246346799401,-13.063174310898793,0.23917525773195877,-9.360772273291753,-12.863522223319759,0.132890365448505,-8.082101334107234,-15.235770102848312,0.07754442649434572,-8.476675850779028,-15.81251188171601,0.28012015878124663,-8.26198430647717,-15.1438451237061
533,0.1608695652173913,-8.493120138428385,-14.390404133272607,,-7.169438264384963,-12.976209554928204,0.23917525773195877,-6.684917593849446,-10.81420729819711,0.132890365448505,-7.726505130674811,-13.630729124074882,0.07754442649434572,-6.905211937110916,-12.882580793186385,0.3936325409765726,-7.582153151490316,-13.692261997865707
534,0.1608695652173913,-7.978425257826565,-14.93172131060154,,-6.630087061561044,-13.284703675096223,0.23917525773195877,-8.589120876477326,-13.974859570717268,0.132890365448505,-8.041026826103133,-15.214077173293088,0.07754442649434572,-8.207436347552958,-14.356489283871088,0.3344280240831965,-9.346252113246713,-13.670215323799555
535,0.1608695652173913,-8.118815737558412,-13.748298164699904,,-6.931916286001271,-14.638247572348504,0.23917525773195877,-8.785419828192042,-13.400173320025964,0.132890365448505,-8.563363285009569,-13.903066438383815,0.07754442649434572,-6.778420020176119,-13.717966084257391,0.4205417398539336,-8.299534219448683,-13.610887144010835
536,0.1608695652173913,-6.3784734167358526,-12.754008796715304,,-4.796396757063964,-11.691085187710595,0.23917525773195877,-7.552452335868566,-13.80290951922609,0.132890365448505,-6.328787356670093,-12.980293878187528,0.07754442649434572,-6.293915271899456,-14.719725156736986,0.4106769016050244,-7.63798047426045,-10.091082706737318
537,0.1608695652173913,-5.858673002575693,-14.194496533376062,,-8.28659078604206,-13.883937424998114,0.23917525773195877,-7.973500037517784,-13.612056983726609,0.132890365448505,-9.244658358181171,-15.067860075908792,0.07754442649434572,-8.769131564904322,-16.264931001665154,0.4045253863134658,-10.997402900680509,-14.801973060766219
538,0.1608695652173913,-6.668164307723904,-14.576774205699994,,-7.074623563047061,-13.080000234463531,0.23917525773195877,-7.284863335514633,-13.26306769957596,0.132890365448505,-8.176847316648917,-14.251079111028828,0.07754442649434572,-7.676058618474943,-14.001324016045727,0.4616060446318749,-8.821620126516773,-12.844484867235428
539,0.1608695652173913,-8.636185092435376,-14.525494586531305,,-8.363867046574784,-14.063619354995199,0.23917525773195877,-8.990621505981158,-11.614708844493308,0.132890365448505,-8.836252482393421,-14.793370432345549,0.07754442649434572,-8.438799762390861,-15.265632584706346,0.4553263157894737,-8.353702501610314,-14.231882062550604
540,0.1608695652173913,-8.411684507587522,-13.480716198282252,,-6.714837277589403,-13.977763204810463,0.23917525773195877,-7.568528445697014,-13.819204601478937,0.132890365448505,-9.454421722165252,-15.931759678924974,0.07754442649434572,-8.436917392516145,-15.448944991735534,0.36701109835438195,-8.160028505341327,-13.921090876642667
541,0.1608695652173913,-7.34127689696222,-14.290360285538684,,-8.135343647470785,-13.086516865982698,0.23917525773195877,-6.178783312114103,-14.569386508546344,0.132890365448505,-9.721166561045894,-14.82251500293983,0.07754442649434572,-7.7857535954335155,-13.701192108930549,0.367984934086629,-7.482588723252011,-14.391900022682481
542,0.1608695652173913,-7.879142772476318,-11.98609423956849,,-6.324581206659307,-12.344280034430774,0.23917525773195877,-4.039345847387661,-14.033362904685676,0.132890365448505,-7.448388555084385,-14.39945320377223,0.07754442649434572,-7.415333473705687,-14.809881166942914,0.406661916636979,-6.806565978294744,-14.30338148539262
543,0.1608695652173913,-7.914250263010212,-13.164446440230462,,-6.864646012437975,-14.669780213761182,0.23917525773195877,-6.566137711920611,-12.61200797665227,0.132890365448505,-7.467885151994992,-14.913343736719149,0.07754442649434572,-6.402854682059273,-11.491847158530199,0.3537142324540964,-6.929446421003006,-13.158343279869174
544,0.1608695652173913,-6.908687334032494,-12.377219509289661,,-7.204281913767568,-13.100477703170712,0.23917525773195877,-8.497276255688138,-16.660183737470952,0.132890365448505,-9.22665008401253,-16.277520903248707,0.07754442649434572,-8.167000812582653,-14.573849319133485,0.16112994350282486,-8.737777069138685,-17.536548822958945
545,0.1608695652173913,-7.118175901853931,-12.968194051438807,,-6.623113341836387,-13.73010894744507,0.23917525773195877,-5.513972543735603,-12.595988974276233,0.132890365448505,-7.261851524100119,-13.926230399021811,0.07754442649434572,-8.899584526208802,-16.084360692561585,0.18038768529076396,-7.885383185222661,-16.087712901772267
546,0.1608695652173913,-8.303924358412546,-15.289509965760484,,-6.5304707247442035,-14.20922170262957,0.23917525773195877,-3.99340975364263,-12.137599073981448,0.132890365448505,-4.059252708987934,-10.74642552688089,0.07754442649434572,-2.9892696836766373,-10.410715622775422,0.6135927651411346,-2.546213453165125,-10.77389947583756
547,0.1608695652173913,-11.823200698327934,-18.760300304556296,,-10.892305298880016,-17.67418139380039,0.23917525773195877,-8.186546760240219,-17.25506126578503,0.132890365448505,-7.844305976041259,-16.014667602389466,0.07754442649434572,-8.105212117668179,-17.286154203760866,0.29077117572692796,-6.845144224107946,-14.708792425908886
548,0.1608695652173913,-10.965339694177562,-17.997677023872253,,-9.591559018628393,-16.15543075617652,0.23917525773195877,-7.972901059566535,-17.407217201142803,0.132890365448505,-8.857945974885432,-16.00013706167066,0.07754442649434572,-8.175558123227562,-16.40283282767795,0.2582094711372278,-7.408240849375409,-14.643518205404451
549,0.1608695652173913,-7.870250004758953,-13.434461096930546,,-8.13098969572873,-13.601911646062682,0.23917525773195877,-6.400639345140384,-12.474514954521329,0.132890365448505,-6.7225835341130455,-13.73009997268719,0.07754442649434572,-8.176950983274786,-14.529649711503403,0.4591774628293192,-7.505840311443243,-13.116176344603295
550,0.1608695652173913,-8.244733993215341,-15.23117524298817,,-7.418568840974587,-13.445449644780137,0.23917525773195877,-8.40423124805088,-15.117180120637567,0.132890365448505,-9.044967059902753,-16.224105961450043,0.07754442649434572,-8.501938907030453,-16.382983488507833,0.25952137070490733,-10.382531588683449,-15.65829302187966
551,0.1608695652173913,-8.067506269687124,-13.74955049834935,,-7.261335493342705,-12.741285201576328,0.23917525773195877,-9.642689048500417,-13.604679782158033,0.132890365448505,-10.205432890422493,-17.07370941104687,0.07754442649434572,-7.382748581871322,-16.679021270582012,0.36485532815808047,-9.053816240729384,-15.61093842161239
552,0.1608695652173913,-7.471846935281489,-15.378327413387714,,-6.956579144066114,-13.173467996416887,0.23917525773195877,-7.375029089551683,-13.712700945367182,0.132890365448505,-8.412786419222796,-14.42434650951962,0.07754442649434572,-8.380738681287292,-16.594847848257167,0.21096970783294497,-7.525830687951314,-14.879470105380745
553,0.1608695652173913,-6.684431444672729,-12.255774217770494,,-5.912116991792943,-12.722170336782707,0.23917525773195877,-7.705454714345067,-17.18896096641937,0.132890365448505,-10.179232379803638,-17.621605651429594,0.07754442649434572,-10.467354543063026,-17.1456716566384,0.19663184157180727,-8.740488646772938,-16.36088836538648
554,0.1608695652173913,-8.28076343708055,-14.323014797615926,,-8.027833430064252,-13.320475927148937,0.23917525773195877,-7.92891524437747,-16.169691103377104,0.132890365448505,-10.919651415549671,-17.6402826051426,0.07754442649434572,-10.357504793892225,-16.743350950667924,0.26571637426900585,-10.13927770460114,-17.748995184551287
555,0.1608695652173913,-9.14149708663678,-14.935263062004193,,-7.640368115429004,-13.968542469691771,0.23917525773195877,-9.252150623480915,-17.651208187240954,0.132890365448505,-10.52336429359417,-18.67274128730761,0.07754442649434572,-8.782703469401852,-17.608849286878087,0.3290534979423868,-8.254734985341187,-15.626779416771704
556,0.1608695652173913,-5.334885770564604,-11.165011837865306,,-4.880532787752433,-10.889144702881042,0.23917525773195877,-4.914320685992999,-11.921777627924424,0.132890365448505,-4.10500460317836,-12.739157202106185,0.07754442649434572,-4.480479533689616,-12.756245714345306,0.4107236726826704,-2.841202580452925,-12.945431970621657
557,0.1608695652173913,-5.133919095428786,-11.442563901996879,,-4.342865902533305,-10.437121286210482,0.23917525773195877,-5.53615351166293,-12.724868703441663,0.132890365448505,-4.539493037380392,-12.63000564158184,0.07754442649434572,-5.521162755848913,-13.814366893312409,0.4220021223912275,-6.05152180293767,-12.698517897361237
558,0.1608695652173913,-6.6792877218006295,-12.050211014249218,,-7.679071186021618,-12.702217407178829,0.23917525773195877,-8.79617512617866,-15.434391045031555,0.132890365448505,-10.363353586557531,-16.5010073822404,0.07754442649434572,-9.699172710791022,-15.756900816185176,0.2129538763493621,-10.01112345509788,-17.24144689619749
559,0.1608695652173913,-4.842080519025967,-11.375490349669878,,-4.543979733272506,-11.090442449742879,0.23917525773195877,-5.3206594141033055,-10.697556734417994,0.132890365448505,-8.044666833120264,-15.978244703089622,0.07754442649434572,-7.668448276658642,-16.26608213965265,0.20725604670558798,-6.868734537591888,-14.968939806149923
560,0.1608695652173913,-7.291487540197345,-13.977678501468578,,-6.468458726498845,-11.786689106414599,0.23917525773195877,-7.112269525439131,-13.406180739374475,0.132890365448505,-9.963613773097137,-15.763854432049575,0.07754442649434572,-10.747727185981276,-15.814094988715773,0.22305676855895196,-9.965795307909719,-17.679111100976517
561,0.1608695652173913,-3.4542402599251734,-11.648342134912607,,-3.87711767242301,-11.221237461328924,0.23917525773195877,-3.4400230191600563,-11.728341798307296,0.132890365448505,-7.154736270254528,-16.20629648628898,0.07754442649434572,-6.854669264132232,-17.101232131959026,0.2802031448383631,-6.994081446694271,-16.612624133373632
562,0.1608695652173913,-7.356572288434186,-14.49847269176347,,-7.011517345046404,-16.06198486573254,0.23917525773195877,-8.115976587545315,-15.417357651229091,0.132890365448505,-9.524712710487591,-16.622607820601452,0.07754442649434572,-9.684848372630057,-15.227130759462623,0.3896035242290749,-9.128891397866806,-13.832229310916457
563,0.1608695652173913,-6.155098926915489,-12.697392159379145,,-6.617249940246924,-13.36568810468647,0.23917525773195877,-8.179214296825064,-12.729058984061062,0.132890365448505,-4.784483052153448,-12.466896498767166,0.07754442649434572,-6.981366710917074,-14.552891634158975,0.21651153379198704,-7.8526794542339005,-14.440104643917275
564,0.1608695652173913,-6.950815240395919,-13.053163518351072,,-7.162462348698108,-13.356318908623217,0.23917525773195877,-6.923602865966418,-13.88406226212953,0.132890365448505,-7.96119295481367,-13.28524451009146,0.07754442649434572,-7.760409521282012,-13.443827530921052,0.41407234119129027,-7.99301682117123,-13.375638916299323
565,0.1608695652173913,-7.915584902800049,-13.954166458667148,,-7.35538641344543,-13.152152483220092,0.23917525773195877,-7.6109730584509085,-16.29847904139923,0.132890365448505,-10.516614571597426,-15.736401406879587,0.07754442649434572,-8.83297564420346,-15.54418425641839,0.3889304412864622,-7.466000442631636,-14.14388605666418
566,0.1608695652173913,-9.808815444262082,-14.72554236852391,,-7.5394529938405475,-14.929940001488916,0.23917525773195877,-8.748062821943618,-15.058684808447577,0.132890365448505,-9.715416601449672,-15.709763597047443,0.07754442649434572,-8.499928929542834,-15.223201863906258,0.26437480985701245,-8.931294659243076,-15.756950451937046
567,0.1608695652173913,-8.837825842250362,-13.850111172674653,,-7.992152040642564,-13.17677294411769,0.23917525773195877,-8.436235056398823,-15.093217235916436,0.132890365448505,-8.842204814776386,-15.216519036703778,0.07754442649434572,-8.502082888968634,-14.105600151479909,0.3446969696969697,-8.383426301495977,-15.708807313439713
568,0.1608695652173913,-8.02538096350368,-13.21764052008791,,-6.862990906165937,-13.406471048657897,0.23917525773195877,-6.96400890157661,-12.040465762538535,0.132890365448505,-6.992427921942425,-12.270311344346895,0.07754442649434572,-6.838193147166401,-12.399924566437639,0.3134912864695516,-7.472677625146096,-13.895412693442143
569,0.1608695652173913,-8.476864511627486,-13.891860315790797,,-7.868955964891723,-13.36710634709629,0.23917525773195877,-7.953957441838727,-14.793634608215116,0.132890365448505,-9.426209873991827,-15.268826504270045,0.07754442649434572,-8.433206304341898,-14.781100379692116,0.2647387761623263,-7.976254329525601,-15.279303981628644
570,0.1608695652173913,-4.240847022511811,-10.970249473536702,,-3.4933566651998387,-10.625042747089994,0.23917525773195877,-3.0138052955706414,-10.255694915998665,0.132890365448505,-3.032368063054231,-10.35618501823903,0.07754442649434572,-2.137511363305357,-9.765659564903116,0.5167432698621143,-3.7157162152563665,-10.99318786922284
571,0.1608695652173913,-7.852016795491061,-14.56558059506905,,-7.0019551685344315,-13.557034327275876,0.23917525773195877,-6.90338277456196,-13.103163729047838,0.132890365448505,-7.165572267006594,-13.501089759951965,0.07754442649434572,-5.976302472868812,-13.069636858583312,0.3431261770244821,-5.23946282036775,-13.186509477375123
572,0.1608695652173913,-7.976313214000074,-14.693061275799062,,-7.349766845539586,-14.026258540627856,0.23917525773195877,-7.779206158846685,-14.623470022997285,0.132890365448505,-7.765980256434028,-15.244960493921887,0.07754442649434572,-7.7190059300589144,-16.50312673863474,0.17496807151979565,-5.89991794915054,-14.550102364964365
573,0.1608695652173913,-8.265432395427128,-17.472910231413536,,-8.212905861745217,-17.520880316956983,0.23917525773195877,-10.143061588532197,-18.127112298247553,0.132890365448505,-9.24129547314752,-17.291782467218894,0.07754442649434572,-6.807784513667845,-15.259285726725116,0.3886792452830189,-5.211566743689421,-13.138288406162582
574,0.1608695652173913,-6.915503019956688,-13.710092911288205,,-6.184631127343497,-13.432374483138627,0.23917525773195877,-5.336268168842322,-12.515481530900237,0.132890365448505,-5.7536307961579025,-11.886880667603478,0.07754442649434572,-5.174636216598008,-11.712031995643366,0.4583948793697686,-3.9765014375293024,-11.948454297045528
575,0.1608695652173913,-8.259862665063611,-13.84458166647553,,-7.469076135007785,-13.661280390480254,0.23917525773195877,-8.430713941252598,-12.868407645186704,0.132890365448505,-7.5837867627851985,-14.733379575734798,0.07754442649434572,-7.071750690546049,-14.53856175982412,0.2984594548840359,-7.060803907237572,-14.859579617927166
576,0.1608695652173913,-8.346553476198388,-14.020459675082552,,-6.09138125424121,-13.069087613967936,0.23917525773195877,-7.273771385163464,-12.408682614590985,0.132890365448505,-5.878698958242711,-14.13471508642598,0.07754442649434572,-7.235351499903121,-14.777800095815806,0.37583127493824814,-6.943421286670785,-13.311226200851454
577,0.1608695652173913,-9.462354337919162,-12.54582109123199,,-8.154801480297394,-13.634942343564129,0.23917525773195877,-7.7064233835556175,-13.756788501428435,0.132890365448505,-8.20437048085472,-15.236771132432791,0.07754442649434572,-9.176779785608913,-13.878336999233259,0.3687749909123955,-9.222641877579566,-14.27118039832772
578,0.1608695652173913,-6.048508527046518,-11.298586496596139,,-5.478414533444643,-12.678220888269284,0.23917525773195877,-7.981392668540222,-13.082304156542916,0.132890365448505,-9.560300011791181,-16.130253914208065,0.07754442649434572,-9.231528608914095,-15.758698113788085,0.16987590928540863,-8.872704687807088,-15.320832650716936
579,0.1608695652173913,-3.8349302600220097,-9.410800509924549,,-4.330143731103339,-10.54083671372656,0.23917525773195877,-5.792827163927182,-12.070618074670687,0.132890365448505,-8.693078654517508,-15.489644893264412,0.07754442649434572,-9.86897815047437,-16.16594914121244,0.14498058790904048,-9.10184144974377,-17.543083252892938
580,0.1608695652173913,-3.917571432103173,-10.150160077206449,,-5.137517073844698,-11.309273800824254,0.23917525773195877,-3.472259108714409,-12.03041076571009,0.132890365448505,-7.472285990539267,-14.976701286734409,0.07754442649434572,-9.074241902441267,-17.541698224008094,0.14645997223507634,-8.030606781791258,-16.41421330037938
581,0.1608695652173913,-5.036790840907939,-11.88073761859517,,-7.060524008860799,-14.218468414152483,0.23917525773195877,-6.170366868001071,-12.812961812419426,0.132890365448505,-8.859185441178937,-14.57272649211161,0.07754442649434572,-9.901090283759885,-15.296530795590906,0.20215285252960172,-9.23225914555527,-16.17592191354491
582,0.1608695652173913,-6.516065814933776,-15.608894846025903,,-6.718145553078471,-14.80783640481375,0.23917525773195877,-7.503611614622217,-19.385128971588735,0.132890365448505,-8.310180199834083,-15.324522385801744,0.07754442649434572,-6.829298269905664,-13.344456492419932,0.3541963015647226,-7.570996939023564,-17.425946056370144
583,0.1608695652173913,-6.28260408248685,-14.209547628134144,,-6.348276554131722,-13.40777963086311,0.23917525773195877,-7.779038704098222,-14.733979132641263,0.132890365448505,-9.09024546455764,-16.431993671908835,0.07754442649434572,-8.60896137498794,-15.64931376243881,0.19588265568708182,-8.75839657540262,-18.49986825517539
584,0.1608695652173913,-3.82701755055686,-11.170517837687807,,-3.7136003644126543,-11.303574418582414,0.23917525773195877,-4.13047888358137,-11.274849785013128,0.132890365448505,-8.107935818506022,-15.32041981364138,0.07754442649434572,-9.22524583668914,-17.188129585851076,0.22034488765023516,-8.53736867977558,-15.989805321655137
585,0.1608695652173913,-4.2658945522349025,-11.324985887804486,,-4.64211203058963,-12.289546792170649,0.23917525773195877,-5.695414204423116,-13.43497809006675,0.132890365448505,-6.552082425822027,-12.241937955220283,0.07754442649434572,-5.876201307545075,-12.878495636050038,0.2807855148184848,-7.680761208531059,-14.93660170118188
586,0.1608695652173913,-3.5056350786345742,-11.105245589098248,,-2.6843310751847644,-12.007697040451372,0.23917525773195877,-3.0576479695050174,-14.694767741561144,0.132890365448505,-5.495269863977011,-13.09116087847646,0.07754442649434572,-6.750840630717931,-14.01466059064526,0.22792691640298052,-8.411379137736882,-16.852963476038802
587,0.3407717340771734,-7.853712420763398,-12.306635990366111,,-6.818309005075815,-11.548672908130065,0.2832172427388619,-5.340300202910441,-15.273420256637706,0.15960013788348845,-8.758456382425369,-15.023541358569378,0.48857361311698244,-7.204864480730267,-13.697138150795276,,-8.206839659591495,-12.018323918215907
588,0.37948555096856146,-6.831832567449959,-11.831181705095906,,-7.613208058977838,-13.245444864156049,,-6.35568835079543,-12.960963612400642,,-7.448756641280317,-13.492947015296311,0.457842248413418,-6.088366235040764,-13.624264694105335,0.3242442205097807,-6.6565521799746605,-12.973121882568483
589,0.3505320864237343,-8.181916800535976,-12.437110809062244,,-5.066132791397338,-14.882843487542686,,-5.610475162189447,-14.765141291376054,,-6.650175150915953,-10.803746093877237,0.44675324675324674,-7.872242190885337,-10.734880641521174,0.3441929342077428,-4.483548392159051,-14.890953005754188
590,0.3689740420271941,-8.203455411105407,-14.526381617063581,,-6.529330611315115,-12.324012610565187,,-5.491945082446781,-15.163419572777283,,-7.014637011019422,-12.96578667751302,0.3521047179583765,-8.920536174293813,-12.907361565611353,0.23763213530655392,-7.619696072447919,-14.539605958178981
591,0.36561142147734327,-9.177339185982575,-12.754281808879844,,-6.791940788062361,-13.569859541161453,,-5.717696304256817,-15.740893225096482,,-8.475805906752324,-13.456263112604656,0.4319843109288643,-8.347677192092085,-13.878013667760884,0.4221415607985481,-8.705012637399834,-13.787934542475288
592,0.1910902696365768,-9.997448166872815,-16.576731543107858,,-8.582228347802229,-13.544437883178128,,-7.36161917753666,-12.993371792991631,,-9.611424078018086,-14.998559249529599,0.1936456867082244,-8.887105883469577,-15.985584199049583,0.18193660442900564,-8.14240277312619,-15.937771736136453
593,0.14200298953662183,-11.014684980145722,-18.428603080183187,,-11.314222125442424,-16.63479089153336,0.1769633507853403,-12.264975678680756,-18.831317816856025,,-7.883845994585901,-15.011532528518895,0.23813910640257946,-6.225716160855104,-15.343248698550042,0.35085945399393326,-4.660901596045427,-11.986435856903597
594,0.3432735801641816,-3.896252475288579,-10.875498229993145,,-3.2756557702645157,-10.345817470985041,0.5531412376003779,-1.9968044550879458,-9.904206527341815,,-2.9624507891337433,-10.391805563554087,0.5073495845886972,-2.6652760330775105,-10.836694316939091,0.5001695489996609,-3.3222507768238603,-11.441377109336099
595,0.45811598649892604,-3.3853545635116884,-10.228828104525858,,-3.2574698491773546,-9.712149877137406,0.5187697874265038,-2.3468593139396656,-10.104194875678624,,-3.4997933263353254,-10.386241773349564,0.3055088702147526,-5.1437283561540195,-12.43563700759789,0.1416579223504722,-7.410773707746069,-15.410760707745476
596,0.45717447436370345,-6.082850563913144,-12.68955238602694,,-5.1785229078381,-11.382256817013449,,-5.213713967993225,-13.013195069732726,,-6.527924582868206,-13.260575565607457,0.2586494168381848,-6.782618556401253,-14.013264727817473,0.2259010896898575,-6.804786026478586,-15.114647163283157
597,0.2048553873819871,-7.29009313007646,-15.372698500541585,,-5.922439770676013,-14.658617262125045,0.22857500312773676,-5.337221086512004,-11.547329695137112,,-7.782817805783388,-14.900899583028204,0.13519178369314608,-8.317563158567937,-15.51729958461439,0.1539132330499237,-6.18950588830103,-14.436885523073066
598,0.2668086400973532,-6.949351455296632,-13.23734380786114,,-5.847918909299113,-14.081138671823592,0.2895,-4.79034962754999,-13.88431709137463,,-7.610798713291816,-14.432704746351025,0.24595649749023982,-8.153617906104104,-13.135221692640457,0.27203350395532805,-7.602485127935733,-14.181042132611562
599,0.24257806491309028,-8.381435980733551,-14.988121604203249,,-6.241826832873097,-13.128437315972974,0.29740518962075846,-6.139399059221771,-12.239396949692,,-7.460031727008591,-13.689736392619736,0.2791359842906235,-7.186859513176209,-14.397582771002224,0.33054081727636603,-7.589952650609235,-15.263409340949766
600,0.2975920036347115,-9.33571593071887,-15.355063059028765,,-8.962191580527486,-14.256752026365904,0.3760651150960193,-7.0011010353142815,-15.92826971020842,,-11.050925937555117,-15.536808665130991,0.3403588225047901,-9.575069261871011,-13.647876856001687,0.32417768735164465,-8.912312092527209,-16.34372606065687
601,0.26419910657306955,-7.988567066530248,-14.359412823759808,,-5.621675058044193,-13.276835925396904,0.3153061224489796,-5.22258684217122,-14.1325238790118,,-8.998732244724804,-12.798872457576412,0.3512646954043463,-7.3450385016125885,-13.465399150912514,0.3483760683760684,-7.114682930065829,-14.83727935553765
602,0.3610421836228288,-5.773389921481261,-12.74315332451446,,-5.286506996283028,-11.735067695091832,0.37863577863577863,-3.6828160892083,-10.888281713616859,,-8.238147246557991,-12.877589887990137,0.40123784261715295,-7.713016719987299,-13.26600242298664,0.38577549271636674,-7.9177480443156245,-13.544963012632348
603,0.1608695652173913,-23.626720777850473,-28.36265749348877,,-22.871375196110478,-27.62457080361205,0.23917525773195877,-24.099745748117183,-27.46902292850909,0.132890365448505,-24.157304355239066,-27.85469627174819,0.07754442649434572,-23.882255243495095,-27.466467537125652,,-24.035025178760385,-29.261148808259687
604,0.31016307033437657,-5.7382342644865725,-12.119390765172033,,-5.030199286580182,-11.342103928038242,0.42563435263500327,-3.4165729150040884,-12.377447317232681,,-6.1296436213724,-11.725983621016267,0.42176997759522034,-5.615784849560925,-12.411193648046684,0.37840065952184665,-6.839783185740949,-13.266789275545305
605,0.3946498346859032,-6.942729828790464,-13.070390235373777,,-7.182524769556955,-11.851171276926376,0.48722002635046113,-7.157822328062994,-11.640466033550968,,-7.4147057446605,-12.773174544262382,0.3538961038961039,-8.59437957300428,-12.893469666561952,0.3640074211502783,-8.277718186213491,-13.775769242732807
606,0.4297682211672717,-8.033414823739815,-14.035459975614824,,-7.237862479283569,-13.237770942292586,0.29577464788732394,-8.403451529601181,-14.299948557376801,,-10.073635609221864,-15.069323592690992,0.28854185581986563,-9.405179601764074,-15.917349883092335,0.24529780564263323,-11.694274953189952,-17.560079445008657
607,0.27514600908500975,-7.405239971193495,-14.496296932671218,,-6.469391078236439,-13.388623907696227,0.24620363455314911,-6.983557539595985,-13.648240651823752,,-6.668618212005556,-15.246645761961183,0.4597758822545576,-9.130357129557607,-12.838379304019302,0.2608232789212207,-10.580446170229454,-14.490756166874974
608,0.3320112378119319,-7.248709794462399,-13.221793165049027,,-6.509939576750582,-13.23977360450396,0.32502125247945596,-6.295026656352993,-12.22724668663967,,-7.816714481571666,-12.57496826103556,0.38800358102059085,-8.418554998086076,-14.734764552306324,0.3352737857012916,-9.26666580925053,-15.58319425952087
609,0.3180377358490566,-7.7302648209397145,-15.407130313219191,,-6.553856423778051,-14.633238160510496,0.380742278743836,-8.910523559864012,-13.629654813471362,0.2609365372766482,-9.332523773711202,-15.122848038436365,0.46732724011275306,-8.672047541894552,-15.044311830085919,0.3604693802713605,-10.14906289319869,-15.242958404802279
610,0.3803268183274591,-7.522914847445049,-12.533306744817502,,-7.358537607320211,-13.339278312788764,0.45936443542934413,-7.616418987058674,-13.553733454390997,,-8.811608023351464,-14.148850049110573,0.4907030281565433,-7.555654764936685,-13.247516511746984,0.4400867522139888,-8.962507412366437,-14.662078197776998
611,0.24498117942283562,-7.202024631222168,-13.246669719344993,,-2.9976540641200486,-11.98404139528124,0.4397582085451298,-5.363982017527757,-10.30994278428711,,-7.811850313477243,-11.234136965395612,0.44084153638293766,-4.874038826025625,-12.571019828185326,0.2899445432667155,-7.601760278293338,-11.553746110505037
612,0.2975474317445627,-7.808007882634773,-13.694718424911896,,-6.675731516014094,-12.895443660568136,0.4279176201372998,-6.381131975229045,-13.945198083308812,,-7.404386746939026,-14.076160648220991,0.47229506809914557,-9.31995949897704,-13.251652084336554,0.29321907600596125,-8.378334931994907,-16.1941207147712
613,0.31874810088119115,-7.445418574028081,-13.257860138928553,,-5.572021305980504,-11.646374429175658,0.34219269102990035,-6.998607408502034,-10.99896669876004,,-8.113377243304177,-13.63677892348634,0.4039685511044553,-8.435487036697287,-12.696312766857691,0.34989043097151207,-9.090756297533174,-14.65384602637706
614,0.3124903265748336,-8.26634965662623,-12.82701427725817,,-6.853560939165168,-11.701998546016174,0.44604466708411605,-6.600020182358892,-13.151462672938415,0.24490762671719565,-7.991791749257003,-13.805414586169693,0.4572961562142669,-7.337144083242534,-12.739213060737946,0.3103654883163571,-8.679079505703358,-14.192570359587798
615,0.4534294920975909,-4.016105931712908,-10.720944351767505,,-3.626486687840895,-10.718130079147183,0.5979118197809681,-3.4693290054558275,-9.02207615903123,,-3.849281982268962,-11.14721999296429,0.481684479766146,-2.852330606163335,-10.808131942780479,0.46967684816290395,-4.934010976395386,-10.965797988383732
616,0.2404501505785386,-8.215411008131596,-15.188368818067454,,-6.85981400872576,-13.468114680792723,0.1914582062233069,-7.643901820040158,-16.139670360355694,,-8.3029562205733,-15.758658511012882,0.3248276408590221,-7.993050657706795,-15.73563703537339,0.34342115369844073,-7.762938907395939,-15.135213426832273
617,0.4236267870579383,-8.493398716969283,-13.72876122293784,,-8.760244652473514,-14.649125801441247,0.4411524870888828,-8.831169541473571,-14.056144448533745,,-9.829956499707825,-14.359542723619379,0.38847209515096065,-9.478130889950403,-14.791805708874683,0.3508184523809524,-10.46689126338352,-15.668379866570524
618,0.2963521254145312,-9.247085645486333,-12.820103262374653,,-7.435506149664511,-13.166212895124257,0.28575233022636487,-7.523377298852023,-12.823289330112885,,-9.684635623378012,-14.799663550083501,0.37219124852170976,-8.905701819226216,-15.136019577496405,0.3318189760615062,-9.40165293026514,-15.362728757576631
619,0.4501944361352079,-7.260026572863815,-12.245033184305882,,-6.8994759082722865,-12.585062758032029,0.472,-8.013206120372798,-13.288748297674948,0.2756699389758557,-7.692503680064938,-14.607924234592712,0.3909191583610188,-7.901856809617701,-14.337997898364826,0.4453604630766532,-7.967220153752122,-13.82595920702929
620,0.35135135135135137,-9.189005683940726,-14.642765370965797,,-7.281100007500657,-12.58732511883289,,-6.282473067436981,-14.191862035689864,0.24501884760366183,-7.768227585337057,-15.102707582967367,0.25179249261914805,-7.67073198535962,-14.84428377345683,0.3105691056910569,-7.771603278796818,-15.940118731098705
621,0.3867735470941884,-6.631734319908931,-11.12578296837546,,-6.712509504876639,-12.003086480777815,0.3527180783817952,-5.585505672541252,-11.304269720260926,0.2558443254538331,-7.407182558260208,-13.313309523535374,0.20992067925371466,-8.354511440833662,-15.65324580905465,0.30030472820210363,-6.682035125723206,-14.150646217785228
622,0.22297496318114876,-7.545525599433567,-14.111263365252631,,-7.57420049047282,-12.572776982795887,,-6.1170412433991554,-11.39149944257905,,-7.474667804780571,-15.205728122672792,0.1715695952615992,-8.374885759569286,-16.373225609847378,0.20675105485232068,-6.829611682167245,-13.859786054313407
623,0.36199883788495063,-7.713177061537559,-13.805454610596149,,-7.876422577471757,-12.746398668234267,,-8.705346933755457,-13.947572997103887,,-8.789902975813522,-14.854935328300986,0.26900381811870877,-9.261765830268361,-16.01616978393935,0.36107753410464516,-8.979213072994177,-15.421236890338982
624,0.13811374072765806,-8.029339613267354,-14.813098113674158,,-6.188382030655212,-12.374699176355076,,-7.068579198014639,-14.167761334528137,,-8.609801375812838,-14.195119369804283,0.17060367454068243,-9.462573698065532,-17.253129273689627,0.15744861199406654,-8.521253107398298,-15.836686971374316
625,0.36292591434823385,-3.642520771805713,-10.078417707062037,,-2.26376126837467,-10.013185696990668,,-2.4360299865963055,-8.553097862329324,,-4.135722067276044,-9.328099716596588,0.4789360647612754,-4.853158089127231,-9.812671467274479,0.3983853983853984,-4.609552487498739,-10.671519428519481
626,0.27137546468401486,-7.739269030500977,-13.912823500673046,,-6.0945505557785,-12.502585782924934,,-5.484984838781983,-13.233087630349743,,-6.917707171565467,-13.5394139401585,0.49359083917279095,-7.1046434443493585,-14.314433906297015,0.4195561101702469,-7.372055658195445,-14.356271578254887
627,0.18309859154929578,-9.258097743820759,-15.53970007515324,,-7.813584795491461,-13.840816540457377,,-7.306070630096812,-13.445494712148164,,-9.09175543638791,-14.651573568207741,0.31909764077837094,-9.474638541832965,-15.491581327440686,0.3476572611959617,-8.068275850955082,-15.000429501211412
628,0.24194493263034564,-8.334767211689769,-15.3308505313297,,-8.735653137910981,-12.960796297693708,0.47409200968523,-8.143911871893046,-13.260312840842513,,-8.844731423758722,-14.350559108530627,0.19640076137740092,-11.041917613588012,-16.79805240814479,0.3327633378932969,-10.492677369290664,-16.941008784841067
629,0.24651726226529377,-8.557859342171996,-14.81472641690581,,-6.891931804314102,-12.951332563652747,0.4995260663507109,-6.827708479868382,-14.888338401201214,,-8.366399298230585,-15.556353948523032,0.17587939698492464,-9.310409768092708,-16.611535693327763,0.31103896103896106,-8.245694476318528,-15.658192259741606
630,0.279172371824129,-8.24712211913034,-15.28943333427871,,-8.139828261138923,-13.065958622254719,,-6.06574813258961,-14.028436448810762,,-8.14569679632024,-14.371433357778539,0.27023319615912206,-8.960698729203134,-15.346982680911834,0.24367761758449538,-9.722099475007301,-17.36662182458445
631,0.29193302891933026,-8.880096394370673,-14.415139555018225,,-7.49799894737186,-13.135251872424693,0.4809311540366518,-7.669834441100192,-13.538714249279817,,-8.202922377967834,-14.736483153191974,0.47047113470471136,-8.649571260783954,-14.819744934469604,0.4298335032279986,-8.860040983743565,-15.533415874782508
632,0.3503339404978749,-6.561956519364825,-12.407266092011062,,-7.283724057568755,-13.84054309681076,0.22814070351758794,-6.746055448513011,-11.317900474804963,0.23904688700999233,-8.250426706984216,-13.283936142833053,0.20221198156682027,-5.124631413031065,-13.592428875000461,0.314963376351587,-8.333120007178158,-15.397422864101742
633,0.16083916083916083,-9.828942112970022,-16.454409776222377,,-7.636567446775669,-14.831826477639998,0.22459751913433623,-9.628673523299444,-18.584055842915316,0.20121112028626478,-9.329482720879259,-16.49456943904318,0.16198001394376016,-9.522211036307873,-15.764615473798436,0.1726540387546266,-8.633724229291166,-16.176311279805525
634,0.2641509433962264,-6.501151158487345,-13.890527635050036,,-5.731237420665901,-14.6586550974996,0.2699738903394256,-5.503004818822288,-14.957306623217734,0.19096738221354892,-7.849769876157206,-14.973117331465618,0.2508983301627563,-7.624155435199654,-15.249888334509574,0.25635712940290073,-8.08419719255009,-14.293334306052966
635,0.366079703429101,-9.030755040341608,-14.489805188302027,,-8.571806732931876,-12.58945311854202,0.36476978150845574,-9.338338446668192,-11.390292427542272,0.25532519170690143,-7.104163863781666,-14.167184590066066,0.30983513359863557,-7.265734528787423,-14.697120595306746,0.261268959624012,-7.03431339566745,-15.853673700695364
636,0.2728921124206709,-11.049013673415981,-16.33441435008345,,-6.452631431585157,-11.193906623137135,0.31833787143364506,-9.587266002327471,-13.986092613669221,0.25851922813740247,-8.692845519992645,-14.703703057996085,0.3503004005340454,-7.385380651601727,-14.847154558705677,0.3293691830403309,-8.461802137162621,-15.334312290927397
637,0.3069731800766283,-11.992877745753315,-17.229178973867086,,-6.869828682434544,-13.243382398253559,0.369413493326803,-10.504908430643663,-13.781151055163637,0.28087370484458135,-9.566583798242869,-16.487633136952052,0.31727941176470587,-8.640208027853145,-15.959908405576911,0.31463482366009443,-10.421639674027194,-17.03990975089239
638,0.4069627851140456,-8.742474572118093,-13.76875733402526,,-7.267293903131708,-13.344026423139042,,-8.59542626961687,-11.215076198303146,0.21151307103247954,-10.253411538032811,-16.555615042830453,0.2221824686940966,-8.977186864753822,-16.3924961346356,0.347981220657277,-9.234954341754865,-15.542162860175479
639,0.3836477987421384,-8.917377721120902,-12.123210871434987,,-8.757996667494202,-13.640139432629644,0.2793709528214616,-7.6277368689274,-14.033678250605066,0.22904431393486385,-9.50903581439618,-14.845140742982956,0.20459537083966886,-9.57726661092208,-14.987355259165678,0.33496332518337407,-9.050929176726957,-16.66495077254044
640,0.27365269461077846,-8.18447474578827,-14.915133928875495,,-8.388068203610153,-14.557106158470718,0.3027814569536424,-9.046303159698356,-14.340977477423607,0.23561946902654868,-8.01502395466018,-15.69146048829584,0.29015996122152204,-8.553738740865933,-15.78887890032668,0.3055638797322945,-7.960434225166145,-16.59420066855305
641,0.2270233196159122,-7.558532737826588,-13.610572069518227,,-6.406515897757591,-12.698202293923737,0.265836491608013,-7.366384144757546,-14.786856496804418,0.26136017078377555,-8.885420946867477,-15.450833064666403,0.2996223248006714,-6.52689202967488,-12.864686075397469,0.3389423076923077,-6.568921195121222,-13.461135189061048
642,0.39323731997495304,-8.257932711389822,-14.879539647310327,,-6.153336805049223,-11.120690713783613,0.447584789311408,-8.23391334226842,-12.593220450329898,0.4026666666666667,-6.653056606046759,-12.488023485985629,0.4829417589341975,-7.539973771077262,-12.004643475093314,0.45745247823769764,-8.310483689363942,-12.49226351339013
643,0.3320610687022901,-8.204126742983583,-14.71272898515348,,-5.7039291778122045,-14.032679870221997,0.33570883176380756,-6.805662419686542,-14.429850251326041,0.2682669480348193,-8.475956713421809,-15.34011772261296,0.3323076923076923,-6.026058421689511,-13.780125231362245,0.3643295517946811,-6.847770464404067,-14.187689624064319
644,0.2686888778385546,-6.181422423720409,-13.681122664833705,,-6.76617701612245,-12.73780890912411,0.23750643997939205,-4.681932307579585,-13.847281757832029,0.2345887995485964,-8.617512797852283,-13.98713787687271,0.2977793632390975,-7.441913400114423,-15.964138809356905,0.309573361082206,-9.800566907295247,-16.556728178288445
645,0.4516740366392925,-3.9389313620934785,-10.182291594944427,,-4.1824870301740695,-9.779085400408146,0.5408578402882716,-2.915205121691093,-11.453195221824453,0.38398469527193224,-3.95906187163875,-11.057493123621798,0.40278884462151393,-4.507167050980642,-11.50568978387048,0.3706157443491816,-5.63856314418274,-13.129277285456675
646,0.21148555708390646,-8.483446281308408,-13.492283513615584,,-6.508002707146993,-13.027857221994946,0.3146581611426987,-6.94052830085393,-14.09728138909465,0.2828434723171565,-7.272376348370207,-13.92237289178896,0.21087363340884469,-7.179205038718158,-13.761805008046931,0.27952672723431227,-8.691859356907571,-15.918546952267544
647,0.3661417322834646,-7.819849166770535,-12.580027961941928,,-6.972331296345333,-12.259782396758894,0.4127659574468085,-6.077760482421111,-12.954110267227266,0.34071408801549957,-8.981878785857086,-14.508252563798507,0.3507521773555028,-7.704441725500986,-13.465326029410251,0.3672514619883041,-8.159892515800465,-14.491149084976565
648,0.42342059883994354,-7.067870407679222,-12.96114645027792,,-5.298123096115939,-12.132470817791685,0.407244785949506,-6.3108492707039865,-12.661921606336291,0.3239901071723001,-7.179817972079706,-13.400906976891926,0.4639905548996458,-6.271749089250123,-13.050229499164248,0.44430194210333457,-6.609523270570046,-11.234458557814511
649,0.3639387890884897,-6.851190071264127,-11.090301660229816,,-7.365773330219334,-12.809243409842484,0.4509696804151871,-6.84416955220411,-11.87825834589204,0.31716943896250355,-8.48705422367991,-13.714016679351491,0.40875370919881304,-8.386332822465251,-12.91196196956718,0.3791793313069909,-8.215867151742682,-13.869674841023269
650,0.2522216836322508,-8.06351134667081,-14.692591388342963,,-7.186066493484791,-14.357375659110838,0.33475707421249334,-8.320351628747275,-14.07236212157698,0.288803722967424,-9.175094122519173,-14.26117369048896,0.33271547729379053,-9.30990818226969,-15.052615741228925,0.26124345161609175,-10.779486696993468,-15.52140999955059
651,0.2899645444735625,-6.817566039185337,-11.536901185685087,,-7.4646801706304355,-12.247221759875638,0.48308934881373045,-6.704950272857003,-12.925832715584114,0.2606324972737186,-6.785383590019164,-13.874226959672708,0.24813197476952936,-7.42054482482872,-13.857935025467267,0.2682732523401713,-7.42341086183314,-13.572607316427689
652,0.2870279146141215,-8.184378834256092,-14.103823345466854,,-6.104362774132552,-13.671475293676831,0.45228859581070596,-6.434483069567162,-14.039357986064104,0.35845964768537486,-8.566137179180089,-13.548663406957434,0.3509198870826438,-7.497725687952777,-13.643758242598311,0.34764107308048103,-9.75047376637905,-15.157171305100698
653,0.3622329642912833,-7.498554612727778,-13.777088397758298,,-7.263407738391848,-11.358638300433153,0.42658716239915817,-6.625262166263753,-11.659995933814626,0.37694046721929164,-8.536567462465248,-14.326297561283718,0.2803362573099415,-8.123915680387439,-16.558028265101814,0.341521869382864,-8.658748421686115,-15.284528110863135
654,0.292438505921652,-7.810027800641269,-15.52744648206346,,-7.244513031734328,-12.788851830823795,0.34832756632064593,-7.231694190478875,-12.654552990179306,0.3193116634799235,-8.451897636854302,-14.141128260535824,0.14702663261583362,-8.574277724219966,-16.891048228545966,0.17079530638852672,-9.054318512158556,-16.97426800507221
655,0.3647912885662432,-9.759931799232493,-14.304192412800397,,-8.153838942383251,-13.197160772500391,0.4126679462571977,-7.674653986215491,-14.283900956416478,0.26288133119252666,-9.878989651661158,-15.608685891480608,0.21462908850975587,-8.601065162681664,-16.587193671405252,0.2218820167381098,-9.63681058910014,-15.76763838538268
656,0.28284098051539913,-8.218037171812023,-14.431845619774199,,-6.837502150213676,-13.412577000408172,0.43907563025210083,-7.784847897023882,-12.303602839256143,0.2668060950104571,-7.687241199725091,-13.606553531380811,0.1736,-7.751356937480301,-16.01883454169739,0.2839260878203855,-6.699151240038409,-14.561679500197197
657,0.19329476338822132,-7.7708504232516304,-15.341643422991071,,-5.929234819705655,-13.040101853010906,0.23486381322957198,-4.1589644603340306,-15.220557547712048,0.18900865340822834,-7.728783330647625,-15.52011999918447,0.23847535422071442,-6.320337314696204,-17.635411886427754,0.36298961484994685,-7.317387675616912,-13.916001674401066
658,0.3125572868927589,-7.120044559751447,-11.744168996922673,,-6.487566732107299,-12.11564603776756,0.3094017094017094,-6.999547803221235,-13.45821379845356,0.20877613986972918,-6.886918309814909,-14.81076296627255,0.28761677598886903,-7.419817647533185,-14.737958226133268,0.45036915504511893,-6.713203819407459,-12.758299206757307
659,0.2859469865245076,-8.202574599219748,-13.962010401424818,,-6.949739617688437,-14.01277477881761,0.5180908391070054,-6.64846113418162,-13.694073935178153,0.3029905178701678,-7.681875226756144,-13.793094314030515,0.3983725297326299,-8.586685361679523,-15.304010583529442,0.3966391037610029,-8.952580721825923,-14.26486656801524
660,0.28804429148585964,-9.493001325016252,-15.133021121440283,,-7.786477745951221,-13.231361608287544,0.5614457831325301,-9.683469900369438,-12.957189402245156,0.2747123045146061,-9.33713941747759,-14.53272839428384,0.2588722752657179,-8.165991553090574,-16.044626401148136,0.2833604924859678,-9.675940184071997,-15.209696739383638
661,0.1608695652173913,-5.657170184545032,-11.990671817496887,,-5.708061287377301,-12.04840831746218,0.23917525773195877,-6.157071317110719,-10.94706819481795,0.132890365448505,-6.0532777746363,-12.28386744773782,0.07754442649434572,-6.601068496137456,-12.909983774884285,0.48420013166556947,-6.039188227270502,-11.85625616549798
662,0.1608695652173913,-2.739730900656106,-10.655122196254677,,-3.089456365864773,-10.860817558975988,0.23917525773195877,-3.274437078807507,-10.2901891990713,0.132890365448505,-4.697512605063791,-11.218849491432131,0.07754442649434572,-4.212964462428492,-11.253064989117886,0.38796146141371746,-5.2472252467683225,-12.281533795070217
663,0.1608695652173913,-8.106881182178219,-13.094005336980834,,-5.544836011571277,-12.990828015934435,0.23917525773195877,-6.095085888296287,-12.341095809379564,0.132890365448505,-6.782945972744404,-13.592773902262575,0.07754442649434572,-7.46838179177097,-13.77515322747928,0.3147669633457747,-5.758619274157903,-12.185707180809755
664,0.1608695652173913,-8.614690852185094,-15.05603594928816,,-7.200740256027989,-15.324991163293065,0.23917525773195877,-8.745292703071675,-15.423214045801663,0.132890365448505,-9.053689641061302,-15.576620884847497,0.07754442649434572,-5.662765672690279,-13.111527048004136,0.4888738025194237,-5.466069109908785,-11.626915669182022
665,0.1608695652173913,-8.57950131965016,-14.657780002350567,,-6.9948394416670965,-13.112464956776899,0.23917525773195877,-7.513415495698833,-13.436625814189611,0.132890365448505,-5.823318538697812,-13.376711507937793,0.07754442649434572,-4.562217606832443,-11.902632311366354,0.5384385729213316,-4.463354196676882,-10.262484889444083
666,0.1608695652173913,-3.5424038346680375,-9.766420403797472,,-3.5379341053579867,-10.184933752826769,0.23917525773195877,-3.834651631547912,-10.312651783170006,0.132890365448505,-5.183092999813894,-11.733315673582215,0.07754442649434572,-6.836860151193975,-14.031889529086609,0.1768895924020578,-10.598886688012886,-18.138198362559432
667,0.1608695652173913,-7.184283849401487,-14.030693211014999,,-7.496198570763463,-12.78895084341768,0.23917525773195877,-6.309677802944945,-13.110914196037644,0.132890365448505,-5.39778443808582,-12.453241372279296,0.07754442649434572,-6.064883158669916,-12.16943882245608,0.35924068767908307,-7.258570881607621,-12.268552973125082
668,0.1608695652173913,-7.7176279939285175,-12.814411897048043,,-6.223626232312024,-11.754139569201953,0.23917525773195877,-7.883080783071818,-13.656439991670382,0.132890365448505,-7.2866639347426245,-12.236369767344446,0.07754442649434572,-4.953535828385219,-12.22071132226304,0.1957465277777778,-6.1932649117177085,-12.527719272984184
669,0.1608695652173913,-9.574112983077118,-16.773961262062002,,-9.610349571759079,-14.684809474764586,0.23917525773195877,-8.220615949612363,-16.510545668627707,0.132890365448505,-7.408208603403161,-15.388235234224585,0.07754442649434572,-7.876159263173022,-15.708838332879065,0.2480130425922152,-9.065197171340012,-15.597179788221926
670,0.1608695652173913,-8.294833256950279,-13.554320590062128,,-7.410136121617951,-14.093433833035311,0.23917525773195877,-6.208044014949296,-15.220499953202356,0.132890365448505,-7.6557214475898725,-14.968248259500943,0.07754442649434572,-7.979852316705137,-14.234418870783827,0.24178917735376915,-10.665042480953652,-15.216218971572289
671,0.1608695652173913,-9.231061124524281,-13.381404614277162,,-7.4922093443469535,-13.239240448734622,0.23917525773195877,-5.051160586716627,-14.47494951388389,0.132890365448505,-8.66608319425325,-15.714028926213906,0.07754442649434572,-9.59768721919609,-14.544366809164465,0.28973302275577856,-8.8546363285469,-17.15475189927591
672,0.1608695652173913,-10.54405538363347,-13.65109103430303,,-6.579792694758724,-14.3496441717378,0.23917525773195877,-5.438272518877232,-17.20357216994396,0.132890365448505,-10.705560409917735,-16.16486688640835,0.07754442649434572,-7.953034864890677,-16.528459882829832,0.350480109739369,-8.631888823968744,-12.837575635967756
673,0.1608695652173913,-7.90917641098276,-13.137363312747969,,-7.593963736118533,-13.192162173464581,0.23917525773195877,-7.887055388450429,-12.760589964175455,0.132890365448505,-8.423828593023938,-14.15299371417995,0.07754442649434572,-7.816858439554123,-14.270568995117284,0.3412299204932663,-7.699901011104988,-14.688465045808021
674,0.1608695652173913,-9.123426542167868,-15.176277466694394,,-7.826479789490577,-15.32668089126565,0.23917525773195877,-8.527830210734889,-14.004021675828895,0.132890365448505,-9.934207179609945,-15.45015060231108,0.07754442649434572,-8.046594979748509,-14.205281666912096,0.18499301536619436,-7.7560302570519575,-15.574406079967819
675,0.1608695652173913,-10.48060110537724,-14.982709704876587,,-9.050749741600539,-14.17039704508123,0.23917525773195877,-8.311459209753238,-15.111666177808496,0.132890365448505,-11.161723339654579,-16.098110848161802,0.07754442649434572,-9.671753941894439,-15.82868575399548,0.4393305439330544,-7.913681616660334,-15.317340334616453
676,0.1608695652173913,-10.761978113086311,-14.890759425177277,,-9.793554471496458,-14.999758629715306,0.23917525773195877,-6.548474631014929,-14.320116633577964,0.132890365448505,-9.57920793550643,-14.767237085328627,0.07754442649434572,-11.171095812987442,-15.144557140540247,0.32768462361755263,-7.557403814153785,-14.433944971664951
677,0.1608695652173913,-8.029828222874238,-15.35842603727808,,-7.5071197558003036,-15.19741383108984,0.23917525773195877,-7.003385751514727,-14.55279839887374,0.132890365448505,-9.07109178132811,-16.968747134352363,0.07754442649434572,-8.458836061530256,-14.53832392291081,0.3610613122983148,-8.434835727976953,-15.504269288580481
678,0.1608695652173913,-9.721658637564099,-15.752501931689762,,-8.482487198021255,-15.2928227498852,0.23917525773195877,-6.9486088097032175,-12.057081786299195,0.132890365448505,-9.08918619922291,-16.12739150313354,0.07754442649434572,-8.426679963201995,-15.578645600255642,0.2201537464110401,-8.4235969810106,-16.070367697123224
679,0.1608695652173913,-9.52250649109073,-12.999428097555736,,-7.723529796517431,-13.564357253532132,0.23917525773195877,-5.993971023019046,-11.290279615070329,0.132890365448505,-7.064120974455813,-12.82732456879826,0.07754442649434572,-8.18914315394869,-13.74190959838014,0.38096475274963193,-7.350869958526522,-14.194315006889703
680,0.1608695652173913,-9.437877242696738,-15.6491142162162,,-7.880178974865895,-13.348263453042655,0.23917525773195877,-7.281828808955986,-12.693001454269412,0.132890365448505,-7.1272400045257065,-13.928310137578087,0.07754442649434572,-9.452474043497629,-15.14285061110795,0.2503617945007236,-8.19009371256953,-14.250176281755838
681,0.1608695652173913,-7.7389939073042955,-15.679041327623434,,-7.032324732536804,-14.191701484174681,0.23917525773195877,-6.085554708684208,-13.093398662961109,0.132890365448505,-7.309966089683786,-13.034962914233827,0.07754442649434572,-6.669980510168991,-13.531549502558015,0.36419978126139263,-7.037443760546571,-12.850215493751735
682,0.1608695652173913,-7.916646561116753,-15.252204159364284,,-7.100325141493782,-12.785989743829173,0.23917525773195877,-7.39391392704118,-13.281013042446093,0.132890365448505,-7.221402533858898,-12.427683092712012,0.07754442649434572,-6.400470817794899,-13.557930229137812,0.33954876002237555,-9.007105042164746,-14.81897245840813
683,0.1608695652173913,-9.694101154889232,-16.007762574093366,,-9.402723969555689,-13.967115672001391,0.23917525773195877,-8.43010640217887,-14.533524885410845,0.132890365448505,-9.421749723378221,-14.794472857062232,0.07754442649434572,-9.142858306990021,-15.596039993369835,0.35276587818960703,-9.082791491710864,-15.409537870382886
684,0.1608695652173913,-10.059009216444984,-14.621159243778532,,-10.09367010260023,-13.195992477129519,0.23917525773195877,-7.718997127024232,-13.911860929519053,0.132890365448505,-10.460869252597835,-17.52114315211328,0.07754442649434572,-8.61801801939634,-15.495882231696513,,-7.94162214164711,-14.772049650653052
685,0.1608695652173913,-8.595468243419726,-13.942683040323304,,-7.062807466909461,-13.588767725108164,0.23917525773195877,-7.381758458591657,-12.619021708259659,0.132890365448505,-7.769810353134629,-15.617009317578404,0.07754442649434572,-7.000333432119138,-14.46828281957746,0.35428958313183095,-8.846348173357528,-14.959188332838497
686,0.1608695652173913,-7.387318274532047,-13.4501779180888,,-7.327647625688819,-13.152645463000095,0.23917525773195877,-7.887084828813028,-13.663419601019948,0.132890365448505,-8.195041383362163,-15.326443854040065,0.07754442649434572,-8.291268639155472,-14.664634566857144,0.33500790771234534,-7.2354979659349645,-12.887499902410086
687,0.1608695652173913,-8.171905343653696,-13.446465115293067,,-7.430410496878341,-12.870835105987272,0.23917525773195877,-6.397878044517835,-14.707368356017145,0.132890365448505,-9.344221289662768,-16.859159047894295,0.07754442649434572,-7.737557532025105,-16.348871525715477,0.3228561667236078,-5.216698332825922,-15.197412492567086
688,0.1608695652173913,-9.873393001895362,-18.490913698146635,,-8.777199234099598,-14.975678687489394,0.23917525773195877,-7.879059378664305,-17.332072759730476,0.132890365448505,-10.641923173868946,-18.117760501462293,0.07754442649434572,-7.763178239484276,-15.675908846107067,0.3101287852419074,-7.321277063985784,-15.075302845457108
689,0.1608695652173913,-9.14382367621453,-15.9874253878961,,-8.880478199883669,-14.55839421322736,0.23917525773195877,-7.029379119052343,-15.883939812575345,0.132890365448505,-9.196352049617637,-14.681942292795435,0.07754442649434572,-6.764103566333111,-15.518211368982147,0.4793557833089312,-6.114340837269829,-13.12180274704222
690,0.1608695652173913,-9.536295919237105,-16.099040189112095,,-8.2076835907567,-14.091182006495629,0.23917525773195877,-7.481346016538168,-16.55975716045234,0.132890365448505,-9.039158611085755,-16.981781807790625,0.07754442649434572,-7.875974535993522,-15.129192287962358,0.4328928514567744,-5.941895618756751,-13.852867887380436
691,0.1608695652173913,-10.654237795973431,-18.483113133728292,,-8.867076357959002,-14.789621989257824,0.23917525773195877,-10.902860382311278,-19.66594547057288,0.132890365448505,-10.990608417460637,-19.162409891828883,0.07754442649434572,-9.28354723342072,-17.183836124450174,0.20899077106281633,-9.664502671496926,-17.85161156378069
692,0.1608695652173913,-8.847558400903692,-14.779702555823375,,-7.695076030300355,-15.03912065248292,0.23917525773195877,-8.599851381606795,-16.307946291886037,0.132890365448505,-10.095317941364563,-16.19596640885965,0.07754442649434572,-8.472737604506682,-15.119724154130145,0.2826650708158787,-10.881294781217026,-16.920645897313783
693,0.1608695652173913,-8.79279151457818,-15.28982293155842,,-9.321974992742179,-13.680236052884307,0.23917525773195877,-7.701094277072973,-15.133775685696808,0.132890365448505,-9.075356044007615,-15.747734633671328,0.07754442649434572,-10.188297381889026,-16.208154204834567,0.44714007437577474,-8.729384408886887,-15.35066302553139
694,0.1608695652173913,-3.071570181381694,-10.260276785897041,,-2.5479380095591737,-10.464166633326322,0.23917525773195877,-3.099468625653184,-10.505272821836858,0.132890365448505,-4.044047200609622,-11.242760698070759,0.07754442649434572,-3.748926856257961,-11.59419512007538,0.4023756495916852,-5.4631565938495354,-13.606060243890255
695,0.1608695652173913,-8.569776910642599,-14.651318188768682,,-7.493919576494075,-14.80566075624887,0.23917525773195877,-6.391117992176917,-15.808179201383027,0.132890365448505,-6.8188541608403055,-12.894676546016033,0.07754442649434572,-6.785135398794414,-13.94576715754649,0.4297679288082359,-6.879224520211143,-12.807716297884326
696,0.1608695652173913,-8.530097760677673,-13.458326978752096,,-8.136752532323332,-12.713997330415406,0.23917525773195877,-7.315549706226855,-14.899976544275095,0.132890365448505,-6.523072161240697,-13.227875219371219,0.07754442649434572,-6.428374651600535,-13.21330908534434,0.42476791031704325,-7.264902801195705,-12.367953986435802
697,0.1608695652173913,-6.7466549430240805,-13.251452750072716,,-6.716429116177352,-12.654537487659308,0.23917525773195877,-5.699999112973484,-10.8104357405739,0.132890365448505,-7.481886689786893,-13.390265789417082,0.07754442649434572,-5.7751312470375105,-14.069429874169918,0.4761181434599156,-8.012452172836035,-14.665197531212211
698,0.1608695652173913,-8.485916526483578,-13.943208916054257,,-7.357981078774846,-13.462739362503749,0.23917525773195877,-7.543319362242845,-16.63308636228718,0.132890365448505,-8.99159132734433,-14.694052698948198,0.07754442649434572,-8.142200460402384,-15.648027455505853,0.37748344370860926,-8.21331928291835,-14.264844970687738
699,0.1608695652173913,-8.984403484197477,-15.17980530062,,-7.5060762723334316,-13.83207213516041,0.23917525773195877,-7.5445950066100895,-14.88999217261492,0.132890365448505,-8.092383867599661,-15.983984908567685,0.07754442649434572,-7.7129353092610655,-14.550340501834128,0.42368610511159105,-6.797198327295673,-14.071856370548188
700,0.1608695652173913,-9.203668640014444,-16.75829650289574,,-8.871735598431428,-14.174409242494386,0.23917525773195877,-7.809910548010359,-15.283463585886599,0.132890365448505,-8.402275943001316,-15.269743858960531,0.07754442649434572,-9.39331928686098,-14.571554296858585,0.43207625362619145,-5.925432142023402,-14.37032901702249
701,0.1608695652173913,-7.583917174002931,-15.684704691720983,,-7.430922658602733,-12.308248123608152,0.23917525773195877,-5.941739536134454,-14.050503786139835,0.132890365448505,-6.553192388182807,-13.550703321583082,0.07754442649434572,-7.773491705531811,-12.921056488089777,0.4680112415275252,-6.619480547181238,-12.689895238503793
702,0.1608695652173913,-9.571876034036048,-14.643349365922742,,-6.967147244856875,-12.568435443417732,0.23917525773195877,-5.93744260411094,-14.392399526907715,0.132890365448505,-8.495901979499111,-15.178860897082878,0.07754442649434572,-7.963885187681614,-13.643311060868296,0.4901781635449977,-7.14852491230213,-13.898409370876845
703,0.1608695652173913,-8.19431199310369,-15.73200960172211,,-6.014257307596752,-14.061826660578776,0.23917525773195877,-6.385421575054785,-16.248681285653326,0.132890365448505,-8.699025599033922,-15.765008705536834,0.07754442649434572,-8.157150545129777,-14.969087501057523,0.4149590163934426,-6.679898859063499,-13.972938758687803
704,0.1608695652173913,-9.898013412033443,-17.092965932766116,,-8.373160086506447,-15.018914378332083,0.23917525773195877,-7.555222035578275,-15.715700276253294,0.132890365448505,-9.634290071290367,-16.471463863382358,0.07754442649434572,-8.04435021653508,-15.677682497848169,0.3014063093880654,-7.7304603860642205,-14.683730492067744
705,0.1608695652173913,-6.350582776302885,-11.835506214415537,,-5.864815164920662,-11.848631806391122,0.23917525773195877,-4.911448145215917,-10.791106089848695,0.132890365448505,-6.245299799290912,-12.515685956869104,0.07754442649434572,-5.418290786296848,-11.956067296996709,0.5372848948374761,-7.277047286235964,-12.369959551033523
706,0.1608695652173913,-7.34549468580726,-14.302327642235827,,-6.077970843485003,-13.501710040529677,0.23917525773195877,-5.449413436445729,-12.804797931636267,0.132890365448505,-7.467093571955255,-14.639823617210496,0.07754442649434572,-7.7239102711232555,-15.162384187077187,0.3056426332288401,-7.219317309950338,-15.894394266492746
707,0.1608695652173913,-10.585087607858881,-17.97632626006496,,-8.063280669694276,-13.90803684838222,0.23917525773195877,-7.1988788325933655,-14.585412238154507,0.132890365448505,-8.938413312939996,-15.212751443515039,0.07754442649434572,-9.459279530440584,-13.549561430187982,0.3841702127659574,-9.092236517170901,-14.511087760731245
708,0.1608695652173913,-7.879895275486647,-17.16216837235484,,-8.282943473099255,-17.805514589047675,0.23917525773195877,-11.0286295054783,-17.194331194364686,0.132890365448505,-9.722572988817312,-17.410665505797944,0.07754442649434572,-7.520925843438083,-15.42548918415285,0.38204895738893924,-5.703865163692484,-13.450197164140823
709,0.1608695652173913,-9.1441201838052,-14.186374795203902,,-7.975119639505342,-13.718245247975462,0.23917525773195877,-8.628192734143118,-16.38655134769887,0.132890365448505,-9.620525434364428,-17.07393745675949,0.07754442649434572,-9.696339664153589,-16.80576457628094,0.3992217898832685,-7.245398391333665,-14.427771152002038
710,0.1608695652173913,-2.727211646033125,-11.173575470445822,,-3.058805218219846,-11.080396510745809,0.23917525773195877,-4.286052145198022,-11.970290525190796,0.132890365448505,-5.4048131023805475,-13.713757571688577,0.07754442649434572,-9.225751681624661,-16.106992351865607,0.22033186305398025,-7.698727882684309,-15.53987995604783
711,0.1608695652173913,-7.2589820959246385,-12.06059776261473,,-6.92993150495604,-12.765803148174943,0.23917525773195877,-7.374527012266893,-10.702372270340415,0.132890365448505,-7.749590272276924,-13.588820034571029,0.07754442649434572,-7.9403567049376855,-13.165761132050548,0.37350343473994113,-6.215442519894546,-11.946744756299314
712,0.1608695652173913,-7.42015071731627,-18.883973861718793,,-5.719322333925332,-15.859316652677698,0.23917525773195877,-9.21701643955204,-14.90679094992405,0.132890365448505,-7.598771249165411,-15.667633861152257,0.07754442649434572,-9.53828738205458,-16.576055065291836,0.3503184713375796,-6.709901731836622,-14.326937016685692
713,0.1608695652173913,-8.00324224573666,-14.435255743077455,,-5.43982098497265,-14.705999020139453,0.23917525773195877,-8.175378599888067,-11.602868980799768,0.132890365448505,-5.497459726401619,-13.349395425574107,0.07754442649434572,-9.130763967733818,-13.205111090115436,0.18090142004527682,-5.675362128677143,-15.264867268901593
714,0.1608695652173913,-8.333192752321875,-15.71656643756252,,-6.724082639407771,-15.515571574216036,0.23917525773195877,-8.232168901169556,-14.48967838414614,0.132890365448505,-9.298580523280016,-13.870556363762688,0.07754442649434572,-8.230183615665617,-14.895262032367054,0.39900630613414867,-8.469529068888251,-13.112492452832388
715,0.1608695652173913,-8.062472412931786,-13.3038072388775,,-6.405930868889892,-11.545236331336788,0.23917525773195877,-8.344381340892223,-11.775074020023187,0.132890365448505,-7.014721137530655,-13.3213006936274,0.07754442649434572,-7.222184537663901,-12.986002335180093,0.4227405247813411,-7.183989703500354,-13.287475778631926
716,0.1608695652173913,-8.046169993895752,-12.962466054550099,,-7.489168415491104,-13.687050598571371,0.23917525773195877,-7.271688493209846,-12.193801730962907,0.132890365448505,-6.898532217903056,-12.518414578814568,0.07754442649434572,-6.994393212797751,-15.000616007826775,0.398431931575196,-9.147965190682205,-13.143016831438084
717,0.1608695652173913,-9.120916534141504,-16.03882381335362,,-7.715275042573824,-15.237087885069858,0.23917525773195877,-8.673516202496405,-14.448311478224287,0.132890365448505,-8.215441902517426,-15.626224458641236,0.07754442649434572,-6.885809504951456,-14.739108762359214,0.41183294663573083,-5.512579797453356,-12.701343087636698
718,0.1608695652173913,-8.164121940254095,-13.1188417439035,,-7.186280795126682,-12.799860348751686,0.23917525773195877,-7.641156768777328,-12.572951062364046,0.132890365448505,-7.968471350558594,-12.601769880694437,0.07754442649434572,-7.782208827488722,-13.134255093051141,0.2849718492854049,-7.799631987225293,-12.731730226135818
719,0.1608695652173913,-1.6375983977274209,-9.835773145559205,,-2.3216978001654436,-9.464309814443027,0.23917525773195877,-3.9829073686669054,-11.01318619939147,0.132890365448505,-5.641698226426247,-12.8768442765263,0.07754442649434572,-9.029463695028847,-17.27542289313664,0.14741495291178167,-7.9884289091533,-17.25427903750766
720,0.1608695652173913,-23.626720777850473,-28.36265749348877,,-22.871375196110478,-27.62457080361205,0.23917525773195877,-24.099745748117183,-27.46902292850909,0.132890365448505,-24.157304355239066,-27.85469627174819,0.07754442649434572,-23.882255243495095,-27.466467537125652,,-24.035025178760385,-29.261148808259687
721,0.1608695652173913,-2.622257126287745,-9.809984334807153,,-2.7777009860133086,-10.441947982562393,0.23917525773195877,-3.9139527612798215,-10.803732466370645,0.132890365448505,-6.05705105589062,-13.004121748563453,0.07754442649434572,-8.927545443639488,-17.51747895117035,0.1660980427365775,-6.437006908603903,-18.85836103976742
722,0.1608695652173913,-2.572559320010048,-9.229033050063176,,-2.494080060235656,-9.816223219637138,0.23917525773195877,-2.922252795356072,-10.127990449037574,0.132890365448505,-4.0799196158318045,-10.767401738564534,0.07754442649434572,-6.664277938871409,-14.66127931188848,0.13476456792350713,-8.782855966984286,-18.356225895422323
723,0.1608695652173913,-2.7309279831275584,-9.62752688088033,,-2.8882752829135603,-10.262057992379894,0.23917525773195877,-3.5664626271740167,-10.430683543224617,0.132890365448505,-3.9122988418276403,-11.208899727663528,0.07754442649434572,-7.087066998183749,-15.48978677604115,0.1363813989839781,-7.739464857314001,-17.215167244961602
724,0.1608695652173913,-2.3253252380806155,-10.381198358066861,,-3.6080563806690518,-10.755013993011474,0.23917525773195877,-4.588149273482331,-13.13595959645177,0.132890365448505,-8.43134749551885,-16.129676204436002,0.07754442649434572,-9.670428057081873,-16.76733823316058,0.14633247327681534,-8.28671269943285,-18.108839876761632
725,0.1608695652173913,-9.911113005044045,-16.892419044036476,,-9.073812155398423,-16.678465149635734,0.23917525773195877,-10.513111450323391,-16.687479919232768,0.132890365448505,-9.805877497516992,-17.0280817883828,0.07754442649434572,-6.871010158503025,-14.322224475948772,0.4222555264143874,-3.9747036119131147,-12.27478946985898
726,0.1608695652173913,-7.5107973635303,-13.25590424720701,,-6.441253405554366,-14.08700855766416,0.23917525773195877,-7.056331146528665,-11.383775530853669,0.132890365448505,-8.196156630700365,-14.175780120817613,0.07754442649434572,-8.760784086643469,-14.428910271987993,0.35356427139994273,-6.831370484828932,-13.766452968594695
727,0.1608695652173913,-9.093441356281113,-18.48097906541163,,-9.391586771699215,-18.038670716609968,0.23917525773195877,-8.63417782690335,-18.064205730351393,0.132890365448505,-7.6702953957539926,-15.421072003592828,0.07754442649434572,-4.585475576385712,-11.983643766496687,0.5726098940954591,-3.1377125175654523,-11.140196481925802
728,0.1608695652173913,-10.663584405688153,-18.166019406672078,,-8.161623840804793,-15.003167526586825,0.23917525773195877,-8.305973003176279,-16.160063893658062,0.132890365448505,-9.230604803114803,-15.797497811514646,0.07754442649434572,-9.799296427133179,-15.858336921452178,0.19896640826873385,-10.588585005725735,-18.453316241842323
729,0.1608695652173913,-6.720696237335665,-13.858073768727294,,-5.452667873525928,-12.340981535883058,0.23917525773195877,-5.427792840479931,-13.45078837279473,0.132890365448505,-7.80433102956358,-14.91482594897548,0.07754442649434572,-8.523593230293079,-16.22134742897658,0.20285389978920057,-9.740108668111144,-17.8167342498223
730,0.1608695652173913,-3.6456714048983168,-10.372397510975047,,-4.020109695751072,-10.625330476208124,0.23917525773195877,-4.142265434535281,-10.739236156041612,0.132890365448505,-7.070185174017341,-13.917831265902201,0.07754442649434572,-9.302986791787152,-16.930413311576547,0.20332225913621263,-10.626301422414299,-17.33673092170982
731,0.1608695652173913,-7.945695673148956,-14.255426469157031,,-6.733559724347959,-12.584203493043944,0.23917525773195877,-6.657120712609746,-11.498156822057224,0.132890365448505,-6.619949747251583,-13.452369382904077,0.07754442649434572,-7.096622463152347,-13.730489723407436,0.3705492932546073,-9.003216785101696,-13.416967463965602
732,0.1608695652173913,-6.661597622077842,-12.88118723736498,,-5.784874704124528,-12.686288640897175,0.23917525773195877,-5.542988524415701,-12.550264057571352,0.132890365448505,-5.871473181435636,-12.867308701355176,0.07754442649434572,-6.934026719172273,-13.555958920254605,0.3461267959409223,-6.866889766156073,-13.546739591917184
733,0.1608695652173913,-2.4525843434752166,-9.579108741457013,,-3.3402677377752097,-9.960795961484072,0.23917525773195877,-3.4551284668817885,-11.932620713662894,0.132890365448505,-5.841210563157268,-13.390766245398707,0.07754442649434572,-8.495198586570469,-16.261124919150845,0.15897254832730162,-9.359915782680881,-17.113290206299045
734,0.1608695652173913,-8.008155205742693,-13.995359758180491,,-7.122358202241463,-14.054345577388844,0.23917525773195877,-9.152928459267038,-13.171352617773636,0.132890365448505,-11.055771326617785,-17.39662215754787,0.07754442649434572,-10.8952176727291,-16.67861311528381,0.2828241123038811,-9.229786472073329,-16.38086850706212
735,0.1608695652173913,-8.58603411222826,-14.169699512032985,,-7.3877506396349055,-14.509644339259546,0.23917525773195877,-9.046791052855124,-16.39139540414422,0.132890365448505,-11.589492157800453,-18.084975046437226,0.07754442649434572,-8.904025366775217,-17.580185955210062,0.3252738949754439,-8.055618016276881,-15.814016618014303
736,0.1608695652173913,-7.427899450600606,-13.893804285763691,,-6.452709206646081,-13.915808753040679,0.23917525773195877,-8.528237373923405,-13.220315795260028,0.132890365448505,-8.263220782566114,-14.02462383351245,0.07754442649434572,-8.03532943822232,-15.749957708111495,0.25132107376875923,-7.33504520944419,-17.407145511164543
737,0.1608695652173913,-6.862164296480469,-13.127874933150572,,-6.775837835848623,-12.862022972061384,0.23917525773195877,-8.122271766244017,-15.343280674458352,0.132890365448505,-6.399992535230004,-15.945561932220931,0.07754442649434572,-8.94675696461016,-14.819526526733757,0.28470398060214186,-9.361174186746466,-14.076147206861814
738,0.1608695652173913,-8.959843882561646,-13.279418181505068,,-7.827168973219965,-13.316995942199588,0.23917525773195877,-8.049314780031319,-14.74519034318262,0.132890365448505,-8.018805438552521,-13.898890158802175,0.07754442649434572,-7.536056161070336,-13.198920225857687,0.47476313522825153,-7.98209488521637,-13.425803566067309
739,0.1608695652173913,-10.408083047699135,-17.66423916902469,,-8.524021879038333,-14.205947386239933,0.23917525773195877,-8.237314410001202,-15.901099519481626,0.132890365448505,-8.433114269849757,-16.139481797952822,0.07754442649434572,-8.113836836683522,-15.974247363823654,0.3100328947368421,-6.10731643236837,-13.490546234160838
740,0.3463587921847247,-7.149591498115124,-14.971687143952044,,-5.966698477622417,-14.02508323891418,0.43635411210057623,-5.613738049908394,-14.377656109180496,,-7.701149546456111,-12.803533699060608,0.37545471950986026,-7.366022444665923,-13.332563136329895,0.37324929971988796,-7.7744489227126925,-12.97944946120339
741,0.2762900065316786,-8.18855846220768,-14.45810796019051,,-6.925702566481986,-12.015221896736561,0.3473103448275862,-5.909510226034226,-15.608107345857851,0.20099931864637746,-8.974643870435862,-13.61888497872033,0.49883907840685837,-7.538585476501039,-12.038682886763398,0.44360902255639095,-7.022995949317083,-13.766789956746612
742,0.29347162904209884,-9.640013665926956,-16.516140817358384,,-7.580188364763135,-14.121810709378531,0.28352157544164497,-6.412540789604776,-14.579658917184515,,-8.339731122043833,-16.058496422033667,0.4003372681281619,-7.5981825121958995,-14.362282451778247,0.5539245056920311,-5.636560437678773,-13.102726409607495
743,0.42645949615326595,-7.597387853169085,-14.139043753002321,,-6.875093967168885,-10.965107534483504,0.39524720021851956,-6.4783935320636745,-13.572357245943467,0.19743406985032075,-8.15859511010374,-13.04381791845417,0.43032865654430136,-8.420683191354284,-14.042450352661852,0.3296598897966939,-8.333602352270127,-15.90633484003478
744,0.4092463207967891,-7.601584067388199,-12.430937339851608,,-7.1522526428398505,-12.215240118605292,0.3954771097628241,-7.532269118223018,-15.483651252962254,0.17257318952234207,-10.53090895298048,-16.449382100758022,0.15826006478482185,-8.775909774563823,-17.67081613373052,0.21317124533358858,-9.191647837521622,-17.086779280653133
745,0.24551478907386456,-8.868900201517292,-14.907937637796213,,-8.397047453671215,-14.135761103542361,0.24530482519503033,-9.43280874552333,-11.833241509860708,0.20027155465037338,-9.062215448537156,-14.462162635761107,0.338409320245849,-8.45417880208348,-14.426797547220287,0.44018288036576075,-8.389162687261315,-15.576910687721266
746,0.1812100942535725,-8.89770764966986,-15.238170016101932,,-8.494171705893928,-13.922771303580625,0.5004541326067211,-6.926447443821485,-15.14086319371078,0.24754683318465656,-8.500838029841562,-15.865616962765278,0.3570300157977883,-8.972317334624428,-16.486787208667707,0.19364489838027443,-8.86049171690736,-15.632931108727401
747,0.27832512315270935,-8.049155783122233,-13.755720394647206,,-7.8866317080377275,-13.437272298200565,0.4548262548262548,-8.04179440877475,-12.71291244375587,0.18551042810098792,-8.810793956580902,-13.95280628279792,0.3022095509622238,-9.330133136043413,-15.961448818314839,0.3666251999289142,-9.931449623656498,-16.730467084399315
748,0.4438215190845557,-7.842688052004211,-13.312885996691868,,-6.376692207505297,-13.23399799718336,0.4477021682803764,-7.891791685921633,-13.187076303309883,0.275879917184265,-6.174935541112934,-14.172081433260914,0.5232010759919301,-8.327947095081887,-13.271436413771628,0.5143165407917669,-7.024417335654655,-12.910510572919971
749,0.34909515469935787,-8.829950834243848,-12.5681720408013,,-7.627093229448891,-12.858202042683855,0.29161716171617164,-7.772179000162725,-12.811925340415609,0.26318407960199003,-8.667879299551943,-15.519725115919154,0.5280032141422258,-8.615993721379231,-16.147995380658088,0.40093395597064707,-9.735546083070638,-14.406575255251857
750,0.270687237026648,-7.069688866335032,-12.954383056299967,,-7.178381310734785,-12.698957009761882,0.4921269682579355,-6.447497070694528,-13.703028650779999,0.255554176492491,-6.687633700803807,-13.86856362794598,0.4195535026943803,-8.705585423821965,-14.004501179880382,0.37818055071453466,-7.691367726674202,-13.864127327842954
751,0.3193306010928962,-6.990599892389201,-13.353556455186952,,-6.544811854704355,-12.051380794425047,0.3680400890868597,-7.606797978222067,-10.482469331509224,0.2555066079295154,-8.185357273895047,-12.702620871115771,0.5028228958568575,-8.640078023939148,-14.090460046090445,0.38130511463844796,-8.170841218223808,-14.90987693470341
752,0.4559477899733017,-5.825649146129112,-12.206485553129907,,-7.062165832420515,-11.11269935941472,0.4250207125103563,-6.254448796902466,-10.750734560784016,0.2773109243697479,-7.4768395226890405,-10.79030078889975,0.48669436831403057,-6.405575024306311,-10.668184454728314,0.43441466854724964,-6.439689436355592,-11.328052677092462
753,0.3047858942065491,-7.202657870647114,-12.308752184254708,,-6.038700161007172,-13.801597058065733,0.3595706618962433,-6.1769230007664735,-12.497909191641327,,-6.510291182317472,-12.322585318705867,0.4603291348717477,-8.093271656767069,-12.611958896666252,0.4277286135693215,-7.17240806596484,-12.599778909756083
754,0.32928430728824687,-7.717220714452706,-12.984644439524615,,-6.898617769020695,-13.79039303406021,0.3468183733670459,-7.010230865152764,-12.097832308427062,0.23411593049476057,-8.939919562039234,-14.315729197496474,0.2734399830490518,-7.4015624943367095,-15.517432863943064,0.18785416443921737,-7.716449015991723,-14.941001579445155
755,0.46634726837184143,-4.044212648971416,-11.340411917097349,,-3.2970229998375116,-10.634185779985184,0.535812232923018,-5.165215756319425,-10.591466154244793,0.31078331637843337,-4.454311630021872,-11.813928197930988,0.41110103757429234,-5.035422139545551,-12.318532028600531,0.39256160771119397,-7.3197533939565504,-15.172041164991048
756,0.3333333333333333,-7.638061994656574,-13.063072775265754,,-7.015186222196331,-12.787656785428593,0.3558318531675548,-7.1787912540915775,-12.89370229003217,0.2310212998361551,-8.14454799426443,-15.024434572498983,0.274068004916018,-8.323060296425263,-13.770423386598168,0.3296378418329638,-7.906651847021047,-15.745252420965304
757,0.25012701100762064,-8.877764721306297,-15.686701937466584,,-7.551842774862286,-14.249122142132686,0.2947589098532495,-5.513812218125331,-14.233124767641392,0.22042279639015946,-8.108058260388603,-15.215695117226174,0.5440069714014101,-6.502022230591527,-12.886194701830409,0.46587242491933484,-7.684201699058756,-13.549978543899332
758,0.35913978494623655,-6.670816735559364,-12.584265093958052,,-5.638714866091759,-12.803348276316735,0.4376391982182628,-3.776195111342476,-12.7897301082733,0.26055612770339853,-6.484546115238221,-12.12726754872202,0.38088069251035,-7.409862186184836,-12.452060778111857,0.3594818279956819,-7.3924286433410575,-13.956054443754777
759,0.3926922775995618,-8.37320847611599,-13.189700606416606,,-6.251128877233018,-12.601712596057862,0.4524207011686144,-6.213817179774531,-13.669510058481336,0.2470617970428409,-8.319808559534408,-13.616136421398064,0.40420693575895394,-8.251585475488923,-14.306587507391331,0.37084683017121706,-7.789150723853804,-13.653390463921157
760,0.37950224145926725,-6.9677835241366015,-12.459555533261891,,-8.217664085545099,-13.98447214283301,0.3576042278332355,-8.260185852520813,-14.812165986369996,0.1719355976025385,-8.954880108274413,-14.871053931523722,0.3480439391019464,-7.8941421473139215,-15.171531194293532,0.33789454479109654,-8.057664096406086,-14.406874938839596
761,0.4040419389150585,-7.302892577164202,-13.625499098275561,,-6.774476879613598,-13.98925530569832,0.32156982050501975,-7.972307032949715,-15.318594877516652,0.1648616125150421,-7.807924378657657,-15.27624683019513,0.2962515114873035,-7.7244835364933415,-13.88216625209786,0.30520340586565753,-8.260723901352799,-14.136220047076813
762,0.17726340462935833,-7.051377220379683,-14.989977730925464,,-7.464440131478131,-11.761544351204577,0.3729411764705882,-8.341701754494448,-16.50474284401441,,-9.733325316972454,-15.802357313274113,0.18692543411644535,-8.92506077379926,-14.50749929031377,0.19321895424836602,-9.6578108794119,-16.356603094732446
763,0.30018083182640143,-7.40984717103032,-14.442777330767873,,-6.956042752428486,-13.452969128146544,0.29572446555819476,-6.530100598948032,-12.830242750429298,0.24838752139002238,-8.891498002818981,-14.83853544279268,0.4238834781082741,-7.566316314848452,-13.983421245876462,0.39961243575701405,-8.672582924234518,-13.264620584733906
764,0.2974266906044285,-7.016055907933838,-14.51029503076602,,-6.385173963991714,-13.004546665073695,0.364897466827503,-7.589669921705429,-13.902814083226907,0.34484111416241664,-8.06374452206579,-13.568877273499975,0.4393063583815029,-7.841021819608508,-14.312264446301226,0.39425493716337523,-8.356211767558486,-14.068395787950017
765,0.3476764199655766,-7.517184939294116,-15.10168087336847,,-5.878163841163975,-13.506346109060976,0.48717605303689815,-7.46621113842433,-13.036869302095296,0.3312335958005249,-9.255731698933245,-14.251735362247583,0.4097774600053624,-7.631082050896541,-14.42536769116371,0.38697865499687417,-8.221281883343385,-15.36535250657463
766,0.4057177615571776,-7.576612021090988,-13.284731378757675,,-7.489008693043804,-12.914159913259201,0.4786729857819905,-7.090010289932668,-11.995778310354337,0.3476496006285191,-8.046639038684884,-13.289075887656026,0.44304238099382126,-8.06404069669193,-13.490144636892493,0.42421089143253554,-8.359289513781441,-15.538709849819266
767,0.33618581907090467,-9.687224379400647,-14.104069652804066,,-7.9367223623618,-14.23443731480863,0.25857059848925046,-4.321644312495806,-15.06008298635141,0.24714332353901403,-10.387392769053989,-15.96298299227428,0.25278097429996166,-8.974633521556575,-15.622904317889681,0.31401295601772927,-10.432610218147317,-17.56628472114113
768,0.30535152151101785,-6.071881185026359,-13.50459005271979,,-7.488381113314887,-13.025912406361567,0.44821872410936203,-6.527940875292961,-12.827912640229348,0.2567591447252165,-6.342601866450947,-13.75857893784013,0.3544470836632357,-8.647345936206987,-14.105469822118014,0.3547869495453735,-7.922357111935349,-14.35730263330713
769,0.33374083129584353,-7.440684430307821,-13.33484674940751,,-7.296726798490706,-13.76745284060296,0.39174674957603167,-7.010744078280857,-12.466192752963172,0.2099805573558004,-9.771963387153189,-14.927468112397664,0.3882923449948043,-8.069018602342169,-15.37072470194779,0.3583146261440166,-7.756569750581988,-12.648454338610282
770,0.41683899556868537,-7.887809761238409,-14.052088730194825,,-7.079395155475763,-12.271848763145508,0.3501432664756447,-6.953387618321484,-12.918168688477111,0.24228449804895352,-8.375594251759084,-13.648260327460005,0.3176248821866164,-9.608347563458143,-14.459736401211059,0.31670554458998745,-10.796514343490564,-16.052176819391732
771,0.36344706070799293,-6.343453210493902,-12.94083126159279,,-7.067295305835234,-12.944580440076578,0.4682814302191465,-6.68758299303046,-15.23078311540657,0.21782890007189074,-7.085409616125813,-12.592212188126108,0.4787272077225599,-8.489177869776741,-13.07750265761193,0.3923281428028864,-9.102431937572126,-15.438544462371564
772,0.31760204081632654,-7.261767639092611,-15.179346336172088,,-6.3229002196425865,-13.427937431567337,0.49309275444037215,-7.021571931425674,-14.2652492904734,0.33753545540497953,-8.376232282994863,-14.272517480421783,0.4705667276051188,-8.079005077629919,-13.882117307606647,0.4314531191632424,-10.155378005148998,-15.499128732227918
773,0.3425371989568952,-8.591780838602643,-13.026631358855703,,-6.086809833648598,-13.315933309250328,0.3711638679791546,-6.3336716330303275,-15.073464600019971,0.2634499768768306,-8.792157005603373,-15.492930432144437,0.3472046318074905,-9.142312559231684,-14.848757142921109,0.33208114199849736,-8.345413581771135,-16.332618182323518
774,0.27585056704469646,-7.550891496595552,-12.878175938693925,,-6.701336362394744,-13.97125213401204,0.33580819798917244,-6.7431542936356035,-14.301289517995396,0.24248836225137538,-8.086435889633098,-13.341338996270483,0.41001713959245856,-8.010111203493205,-14.516914427518213,0.3935103244837758,-9.385534269085426,-14.80625618644833
775,0.24632408670607853,-9.376890228552028,-15.275312701921495,,-8.252437065668353,-14.784677211184272,0.3742648113613542,-8.924730349689614,-14.412485046438114,0.28501164897747866,-9.923592948580314,-13.243078549480746,0.4521636240703178,-8.232832839283235,-13.948678207272785,0.3995075146471937,-8.120748755372304,-15.075311564924634
776,0.1608695652173913,-7.0928830933776865,-13.612214571989057,,-6.500147498696588,-13.645107741428642,0.23917525773195877,-5.893233686335488,-12.338355599555735,0.132890365448505,-8.454545454819764,-13.089808182382065,0.07754442649434572,-6.191963498427011,-14.707437348303873,0.3612583951926476,-8.308073242828584,-12.78355379922592
777,0.1608695652173913,-8.333563551049204,-15.330291964977693,,-6.371114005913721,-14.006925952104938,0.23917525773195877,-7.384550367120074,-17.46523623709669,0.132890365448505,-8.713539468089998,-15.071553925452344,0.07754442649434572,-8.861173567720067,-15.113556576048957,0.31503174461235806,-6.643347488848476,-16.107933004693237
778,0.42508038585209,-7.219275008454477,-12.18179436322134,,-6.768245152790947,-12.847481458527302,0.4998063266623628,-4.44690660493059,-14.037360072280107,0.16855172413793104,-7.761779358138014,-16.141836921124174,0.42881914340211547,-7.972366269661774,-14.571477753261806,0.3222912353347136,-7.4677397562978545,-14.057760795804029
779,0.32922318125770655,-8.670993118099002,-14.62219852018592,,-6.815643937511831,-14.255475820052103,0.40444444444444444,-6.041951287368602,-14.290552117408843,0.17388792605430387,-9.526609933157639,-15.468554708348082,0.29696531791907516,-7.448563513514048,-16.543595922230878,0.34368290668868706,-8.374125310802157,-15.373004417893867
780,0.1608695652173913,-6.559235077079268,-14.026035106617147,,-6.097586999672001,-14.278253366006815,0.23917525773195877,-6.954142394598359,-14.412692404672264,0.132890365448505,-8.399966913559998,-15.393314450851905,0.07754442649434572,-7.288303586587276,-14.620190648732185,0.28568661630834785,-7.870736793513078,-13.61714432146469
781,0.3766635716496441,-7.610400209687546,-14.166344952424117,,-6.750491739466352,-14.865134927338561,0.5219615921323676,-6.687867930107194,-14.79374926017641,0.1301039075076833,-8.772323920324895,-14.558715882203701,0.46285714285714286,-6.995666908573764,-15.005821467712222,0.3363584798638684,-7.504161623922231,-15.80789758074906
782,0.29531174480425326,-7.366985515779595,-13.158493521654037,,-6.370161551904886,-13.344699282409717,0.3844559585492228,-6.196787530811246,-12.167628734990556,0.10871080139372823,-7.342869736165162,-14.839451183637898,0.36126840317100795,-8.116069794541659,-13.738512202882546,0.2934141682584503,-8.202800227069048,-14.261518321182207
783,0.1608695652173913,-8.136904075759114,-14.300945092442925,,-7.277006665761837,-12.415554048758189,0.23917525773195877,-7.7129290028600455,-13.289734765081011,0.132890365448505,-7.275675388766923,-13.455200807473759,0.07754442649434572,-7.840562655016315,-13.480873599529946,0.3985272988505747,-7.632128341642973,-13.40001049863697
784,0.26823238566131025,-8.4625545899219,-13.599985229495397,,-7.603243266410821,-12.993564219794605,0.14107784431137724,-8.373857838969464,-14.225460479193622,0.14471172203130966,-10.01791205467069,-17.190281086205236,0.20062268923915158,-9.648091759173443,-16.518087235013475,0.3399480995267898,-8.93242339570167,-15.681710357179604
785,0.19606925596630792,-9.969878559620946,-15.171489980099143,,-8.184726863159986,-13.660977237609124,0.1928348909657321,-8.888962586964764,-16.510978177435412,0.1354254069474744,-10.910492821896515,-17.44273645319234,0.19531323821222715,-10.258038041452977,-18.286205630911635,0.334638577805623,-9.735061715567864,-15.893978458419442
786,0.21428571428571427,-8.52765154131865,-13.904005944459232,,-7.291944984815764,-14.622970664858475,0.37157556270096465,-8.172820799957998,-15.59312176545549,0.2233902759526938,-9.633569575917658,-15.661230290448254,0.5340688958140318,-7.927549296017002,-14.697794087532314,0.4765535980366377,-9.119094698235,-13.55785902001678
787,0.23903644224830142,-7.946135842439488,-14.963125407032436,,-7.823542813609485,-13.656580048492016,0.2553191489361702,-6.888142692245699,-14.735862067672736,0.2880065270601033,-8.515822472803485,-15.623998246959323,0.24086974878615158,-8.630986403636618,-15.161329269147357,0.2579759137967462,-8.22643794644437,-16.277698390001877
788,0.28903654485049834,-6.756142064717341,-14.932352097250101,,-7.192142471837393,-13.524857340646614,0.225531914893617,-5.234985350048104,-12.881653774313166,0.3144802304268133,-6.434323331801534,-14.879196178236358,0.3707393812270582,-7.075349379881628,-12.880384402287511,0.3671998593777465,-8.408340974087812,-13.32773458869902
789,0.3316877506942302,-9.683353856673897,-13.631610772326916,,-7.6620570626413596,-12.960547257051678,0.4014784603619679,-6.9766025192928165,-15.127060572296232,0.36933614330874603,-8.167495398233442,-14.341884434545573,0.390214906264289,-9.778303430160275,-14.799951255666898,0.3817925194071983,-10.561707251639962,-14.796249181355508
790,0.30233962264150943,-8.15080638635289,-15.049650689177305,,-6.951706209690397,-12.976328343059865,0.5103488297117803,-4.727827070899415,-13.679169054708847,0.3109816735331723,-9.032421454796193,-14.584890732695474,0.42756927393896876,-8.378070987216624,-14.694209156613827,0.3386729951547513,-8.592613953993123,-15.108127544437194
791,0.2575171181899375,-6.960819386459923,-10.132239997738141,,-6.137032228543703,-12.132236206913243,0.4315209910529938,-7.827111684210582,-12.142140666709135,0.27941712204007285,-5.384409272059517,-14.516664155582005,0.32242684864915394,-8.106262007419236,-13.508596138955403,0.32523818419577805,-7.826679098109903,-12.439884695305093
792,0.31248083409996935,-10.698495985288709,-13.773946823968426,,-7.938870192184337,-13.623295756520704,0.5283307810107197,-7.475449005988828,-12.49879354267705,0.3801352054082163,-7.823517721485502,-12.877188823490506,0.4131013669447896,-8.158832388208118,-13.207758507560069,0.3923913043478261,-9.874282813545838,-15.69212539615526
793,0.2934131736526946,-7.94296743749653,-12.716794656649732,,-7.79228989807828,-12.409104083323301,0.4753541076487252,-6.662080021550358,-13.210260827792242,0.29226069246435843,-8.054031375211842,-13.202423854569638,0.3360655737704918,-8.528552455896042,-14.527356756944286,0.229933110367893,-8.655541984715683,-15.75179197806029
794,0.2094240837696335,-7.184407198650318,-12.780892280840025,,-6.383141524899899,-13.581636987998156,0.2234532128856315,-6.79727277358568,-11.072217116818326,0.23112901130310512,-5.804894188325398,-11.566676838232786,0.382015003323521,-6.971625714783013,-11.046614091339729,0.331028522039758,-7.874533893925346,-13.011973418577462
795,0.2323943661971831,-10.952259113444525,-16.279050548475208,,-7.674348452657434,-14.8192413861984,0.20996702088677172,-6.506057148299638,-13.796580744891852,0.21805328983143013,-8.181200254014145,-13.562270683487336,0.5322751322751322,-8.979125591243074,-14.532774911597851,0.24089587963754489,-9.019174355518153,-14.267723545221251
796,0.46607824070611115,-9.235120252540346,-14.19142255064929,,-5.514865269401162,-12.557573723192235,0.5162303664921466,-5.036545040284816,-11.728867403489849,0.23527185568310838,-7.684063685387538,-13.162129618234928,0.4419023599351468,-7.130195868938164,-12.814496415205173,0.2134953352137123,-8.86976851043784,-14.303945005324543
797,0.4162127523229734,-6.470235849511661,-11.81825620865821,,-5.823632454801806,-11.45960391679111,0.4661558109833972,-6.851356812647574,-10.757429083332319,0.24469160768452983,-5.519343645782939,-10.94452302071703,0.45040589717271623,-7.0641941324768425,-12.431448410301137,0.32867132867132864,-7.071408592578913,-15.556085139831495
798,0.3215077605321508,-8.130780865448227,-14.180508580263,,-7.226077194762931,-13.476320823867777,0.3517200474495848,-9.449595566831242,-14.134816532765173,0.2841616803028453,-9.988679076146301,-14.328971018794869,0.5091402714932126,-8.026706651770718,-13.42030518872942,0.38706600534147273,-8.537577787622778,-16.000054133663276
799,0.25304136253041365,-6.535072931860476,-12.423057594169904,,-6.720127532110181,-12.654438511336137,0.28,-6.848940315450484,-11.838647853627908,0.24969005702950658,-7.3623538618889794,-14.307960839410967,0.5034120734908136,-6.366539252871534,-13.84694905857909,0.3424807903402854,-8.228791227511534,-15.49129766408408
800,0.3320761186353506,-5.853240352520597,-14.871021339035844,,-6.489997025242076,-11.993051378122557,0.4079317956915582,-6.931578960878062,-12.845987577842452,0.2370082564351627,-7.3811755761725575,-14.081108031842877,0.41899881750098544,-6.753188202357569,-14.2913248533244,0.4096644546219273,-5.839007573880883,-13.873666984890175
801,0.20350635957373667,-10.752148898652813,-15.868040239670885,,-8.562023010700772,-13.633931238833593,0.23962936564504633,-7.102495462303957,-13.990227735604428,0.1950435979807251,-7.3082837681627435,-14.686772835656175,0.4082151944747365,-9.216424214178504,-14.599110090245265,0.40889427236546116,-6.6917993435679985,-13.979258824435059
802,0.2475494564248797,-8.684461060931145,-13.936516062065609,,-8.017832186024632,-14.04988731825372,0.4322191938028977,-7.334547908279285,-15.893155916868851,0.32860892388451446,-8.849417634828455,-15.788670460181924,0.32875870544858665,-7.438128691000575,-13.989066196716708,0.39768199927562475,-8.441146655084736,-13.681910218647754
803,0.2693687230989957,-7.73391562262162,-13.933414092376806,,-6.8276995956405395,-12.623468306533578,0.3708749621556161,-6.795140029136544,-13.492252600886118,0.3396462888177134,-8.373593276132672,-14.176312722206303,0.32964935195418466,-8.030055279575306,-13.139065620278137,0.3418606791202724,-7.339159981387798,-13.898592786580428
804,0.2978857683811928,-7.0962374463887095,-13.33078946763157,,-5.590577636830179,-14.596112145468394,0.23836099280364223,-6.336764752014968,-14.257485890872967,0.19508867667121418,-8.613509939103253,-15.207254012329958,0.1806797853309481,-10.035231736163258,-14.484389741693054,,-7.245785278079188,-16.316772703034918
805,0.34566188935120973,-6.422747320809888,-12.357654705971694,,-4.944180921402102,-13.464073453442705,0.24500587544065805,-6.8574957516451365,-11.933725149533242,0.2488849241748439,-9.123675051007991,-14.943949852197317,0.20557420404841828,-8.40390892504599,-13.4948626993826,0.2680334092634776,-6.954292274375282,-14.609009793382985
806,0.3045304530453045,-8.436057858433482,-12.228237856268226,,-7.113413303387853,-11.657539490785165,0.2298507462686567,-5.206659473988769,-15.099082152305886,0.17315814171750352,-8.67720121333776,-15.0340360281609,0.14476987447698744,-8.304533550773957,-14.090032155236,,-6.376754444768542,-16.07481983883039
807,0.37518507551080843,-7.058509831749729,-12.197851919914541,,-5.730965709530411,-12.806775402211787,0.33991972831120715,-6.699134292496066,-12.53852492256983,0.23804288070368335,-7.749300812038711,-14.509704662659876,0.3618352450469239,-7.578692845465226,-16.121057848697802,0.37507337116024264,-7.358682739145519,-14.070874373571483
808,0.28787346221441124,-7.1734168199338155,-14.504793733900364,,-7.377407673837909,-13.14295027567179,0.3469616353962475,-7.453806904906253,-14.646425677579622,0.210412147505423,-9.500115866759153,-15.011402490858455,0.397898493259318,-8.492380150896786,-13.755332118413568,0.444636678200692,-9.365697369202355,-14.663290768951402
809,0.27888631090487237,-8.910168560032526,-14.933153131266666,,-7.261683411218374,-13.706114005460643,0.2422062350119904,-7.809548061981257,-17.54202645446408,0.1844590555887627,-10.582293936022694,-15.039867337098912,0.1868041237113402,-9.190261506759406,-15.182697572357435,0.21470080100518296,-9.16786374323049,-14.353917657830253
810,0.3708377679793219,-7.834646619976913,-14.268794207472626,,-5.409379723715476,-14.07472555276432,0.3890887290167866,-6.0415436742354025,-12.794057202133676,0.289756649688738,-9.002302353834502,-13.725816547807108,0.375340475758126,-8.601740009921862,-14.710408464064448,0.3966699314397649,-8.90813378759284,-15.193038129144728
811,0.40850334838810154,-7.993960877903138,-12.81057420184829,,-6.301481807941746,-12.656966244525044,0.34846222753060613,-7.634885334135318,-13.109481509726958,0.26033111719462915,-8.145899694261555,-15.5261444368799,0.29521951219512194,-8.05982684888708,-15.265452086369462,0.30538071065989847,-8.95245462392066,-16.056846241045925
812,0.25261237352794824,-7.825472008604231,-13.340860614105253,,-6.261336485904869,-12.275997295609713,0.4074074074074074,-4.553410742049689,-11.273089960515488,0.22240158946976282,-7.740677507427107,-13.73380889094543,0.4172236012984533,-8.099432673609524,-13.764904122240836,0.30229817324690633,-7.723997635557001,-13.157363780621857
813,0.38854087089381206,-8.002639049811421,-13.292629730636111,,-6.290335741018559,-13.129807753677978,0.4138181818181818,-6.951026580506162,-11.688390333950565,0.21437183506149024,-9.124847643946817,-15.141634582673024,0.31994540846168845,-8.688019083112216,-13.070759180147828,0.18774548311076197,-8.8728404724286,-14.295611019538727
814,0.3538363982244769,-7.969614238835845,-13.512347933664799,,-8.042874902010741,-13.796190640371677,0.4198315353923452,-5.485001085366306,-13.27046474354664,0.19958777052559257,-7.898193503073983,-14.702057924915103,0.4190687361419069,-9.827706922004438,-14.695772791220904,0.4399313009875483,-7.762408093466382,-13.793861794061277
815,0.31141321530192856,-7.06224134294254,-12.595750439196099,,-8.29505542573711,-14.971099725373598,0.2631578947368421,-7.802783236682193,-15.675471149870269,0.16980276581274087,-10.937766128827311,-14.491139983981437,0.2028443113772455,-9.540530670931414,-16.754224308295303,0.2762691853600944,-9.65097530845807,-16.423232305131492
816,0.33473242392444913,-8.122920373257749,-14.123339739256732,,-6.616323605210644,-15.152966441886914,0.2780255724055902,-8.131874363768642,-13.345476406461307,0.17443868739205526,-8.539252168723388,-14.608005221375853,0.22027522027522028,-9.612342441282768,-15.67137890474145,0.29063080598071306,-9.882946233028866,-18.060722240654275
817,0.40633651184251,-8.200692328317142,-13.897762912139894,,-7.172797026565869,-12.949632779174252,0.3972911963882618,-7.510507064027089,-12.236005342272707,0.21924626688788812,-8.567230715150455,-13.276914370672749,0.3426124197002141,-7.697009720609918,-15.272052051462461,0.4004914004914005,-8.737205102090995,-13.584723320704262
818,0.41910572244961003,-6.878140462996258,-13.197240831997716,,-5.889772832275879,-11.827055291052604,0.37122345198923123,-7.679914123683948,-14.919703263079438,0.19961795606494748,-9.362985772587953,-15.094689585630833,0.27374862072424516,-9.736121853496389,-13.735262087678201,0.3060259199697285,-7.773389193664299,-14.151909028298624
819,0.36790123456790125,-9.818399204283805,-12.983693529964533,,-6.547631236455048,-14.338139130089099,0.40657439446366783,-6.897279087183165,-11.555647515108811,0.19187145557655955,-8.69826041564638,-14.354559870394258,0.1826779492284719,-7.406442032548202,-15.972385191882852,0.2501197432704282,-8.631696494964581,-15.333962675704186
820,0.4182628062360802,-8.889933398419451,-14.021000515830359,,-6.145557823419027,-12.693692845163351,0.3241862501824551,-5.76403048163436,-10.89407498957723,,-6.861682952492774,-15.3007409346276,0.24863387978142076,-6.9278868603018875,-13.840665125766499,0.2923970542474847,-8.658102193550095,-14.871997419342193
821,0.4030253107683091,-7.629974890860279,-14.830250791839303,,-5.659960773857896,-14.769885058785782,0.38273012254203476,-8.894228544097967,-15.51884940765322,,-7.985843723277169,-16.202533324640584,0.3143747565251266,-7.042754874878162,-14.65179549551504,0.2340956340956341,-10.45544218109119,-14.828424361400423
822,0.2444794952681388,-7.79887333169526,-14.790920192551425,,-7.80409254140914,-15.205058971349297,0.34019332709697536,-9.03582552616558,-11.085561984546093,,-8.395092808078992,-15.53368675503787,0.27339674746854864,-6.721566317971295,-15.189014361493287,0.25933653244314625,-6.3661698031981375,-13.73193330878468
823,0.29210042865891,-8.043095012534774,-15.265541892702208,,-7.38556983796834,-14.01173168135596,0.4139949818790075,-8.656377805334799,-12.615209189350104,0.2275287778594171,-9.995024591080318,-14.693610237378676,0.34590196467553086,-9.370274809374962,-16.088037419971457,0.3376875551632833,-7.961138726536584,-15.300252700607153
824,0.2890937019969278,-7.7177346504541475,-14.039758560915088,,-8.094687718666517,-13.555305806751184,0.33897792561233747,-6.781706934135947,-14.99340334866969,,-8.118580425862195,-13.687238915018131,0.44402858115005106,-6.643755331100529,-12.2610441913084,0.37901190046880634,-9.60889917331526,-13.675513841665099
825,0.35543157203807024,-6.6553101786032896,-12.965212062029483,,-6.638666022692763,-14.0501685104901,0.38659058487874465,-6.347369283432159,-10.391388248832381,,-7.617399964908859,-13.756510307312979,0.4871626069782752,-7.428577059128455,-12.873019774389007,0.2331535066208926,-8.759245620527222,-14.166089176559213
826,0.29536058796508957,-9.0879966376723,-14.923957595006495,,-7.991661334403901,-13.576672520433126,0.4803063457330416,-7.6416609353955245,-14.522047438395084,0.27160797833046046,-10.44740501532598,-15.771761125825945,0.3823826582162212,-9.197278750832574,-16.317721539875837,0.3433206106870229,-10.534794805749335,-15.192263305343836
827,0.3545524100994644,-8.563132187746742,-14.507639063149682,,-8.182226574269682,-13.76523617764394,0.4889555494955004,-8.002064840186126,-13.994831741257443,0.2992116434202547,-10.808952787961953,-15.550694017140685,0.42346570397111916,-9.471468504715169,-15.964135775104033,0.3910394265232975,-9.792564591782343,-16.398435303685424
828,0.30480295566502463,-7.416430700727937,-12.633815303875899,,-6.110685687555401,-12.280640210225007,0.4507947721653126,-6.072595538889498,-12.713388219317528,0.25838359469240046,-8.10060397345475,-12.812676274864197,0.29079778075377843,-8.2728185251271,-14.183819993764198,0.29575318986859644,-9.648873311715064,-13.909580883033591
829,0.33018719521787004,-6.43062289038479,-11.753835065863608,,-7.926435488566092,-11.161184711242026,0.260581035245539,-6.699255953105988,-13.386954415140345,,-9.205008331821109,-13.388941466289179,0.5075359270942867,-6.630534545772652,-13.696984557028388,0.43637337140817417,-8.615237969651465,-12.762952690420477
830,0.32731305449936626,-6.823067933112174,-13.390068995690832,,-7.012422320041315,-12.708436451097612,0.41196198993851313,-6.1431632711652195,-12.994793277173333,,-8.082732003901743,-12.453617516630809,0.44990427568602426,-6.766821560438538,-13.349738206293848,0.3548207319338659,-8.108876930628357,-12.714238822566282
831,0.3679072605247102,-6.742488186972597,-14.161345697854625,,-6.7230265775468485,-12.994702838932904,0.3236023938111225,-5.51383962969958,-13.8274872184478,0.31049382716049384,-7.197138693758602,-14.45204955271054,0.467987142733038,-8.916980302197485,-14.62127324136998,0.4923568529233958,-8.998248692824767,-13.949974720546036
832,0.33621981681931723,-8.080661914870184,-13.072793860812501,,-5.789627496118204,-12.36920754769788,0.4877568252181255,-6.056165171452682,-11.473474932736634,0.4072385294955828,-6.663784713827807,-13.845678719315517,0.4656893049545174,-6.779381587050154,-14.180850363968458,0.44636262131752985,-7.075895266139179,-12.97123621212348
833,0.3607681755829904,-7.954711656475784,-14.820588484099915,,-7.669225208292821,-12.679448558739635,0.481320472761853,-8.378942845585405,-13.646532209613175,0.362052918494881,-8.914285067183513,-13.00007307146149,0.4312178387650086,-8.94376517228885,-15.378099331550024,0.42597447998601645,-10.494807981357116,-17.482238643721793
834,0.36250379823761775,-7.543587970039618,-13.408381760755235,,-7.951182930122358,-12.832539324376942,0.4488494593845301,-7.764260424876551,-13.582405274070844,0.3670958512160229,-8.375512779292404,-13.62696395227337,0.3730834752981261,-8.889204674427278,-14.449262764820045,0.3689010487916097,-9.989307804034448,-14.776941183624764
835,0.3862815884476534,-7.8899433839774415,-13.180959201477918,,-6.993728084851504,-12.164939587457857,0.47007586400674345,-6.169410419692091,-13.32240931807462,0.34670994393626436,-7.545559892596203,-13.848328867501468,0.27116827438370844,-9.337329000963724,-15.687157473168135,0.2742040285899935,-9.609036680114766,-14.39849026905394
836,0.1608695652173913,-8.888659824380468,-15.133981726550909,,-7.933831956000236,-13.587224417399069,0.23917525773195877,-7.690878861799274,-13.109703649442185,0.132890365448505,-7.27376309444076,-13.914983752177822,0.07754442649434572,-10.325192860770361,-16.010786249088,0.30089445438282647,-9.315579863087832,-14.300298674090111
837,0.1608695652173913,-8.163516757685567,-11.59361399109611,,-6.963097073868338,-12.643234495294891,0.23917525773195877,-6.456094915237883,-12.844304228085427,0.132890365448505,-6.391901078149602,-13.57273290954006,0.07754442649434572,-8.323741576734102,-13.922110231460865,0.3991842525270438,-9.375057002856844,-14.972997336736661
838,0.1608695652173913,-8.829991923967482,-13.1622085319068,,-7.357842133880715,-13.454543584757172,0.23917525773195877,-6.537042614476778,-12.80078278885969,0.132890365448505,-8.019284661543676,-14.587243234421628,0.07754442649434572,-9.510267506297192,-14.443836333406049,0.346048079481948,-8.251454376589702,-15.145936550738679
839,0.1608695652173913,-9.1010855635649,-11.999421115816663,,-8.567637866525631,-14.6388593252827,0.23917525773195877,-6.001407040228592,-12.702714771910049,0.132890365448505,-8.877227301137765,-14.278602604634433,0.07754442649434572,-9.84071148832522,-15.835969634923579,0.3983308042488619,-8.433022237307942,-14.292811721941359
840,0.1608695652173913,-7.799435962930211,-13.355524689689055,,-7.001813693647213,-13.16561189622407,0.23917525773195877,-6.592182641139848,-12.112390854014123,0.132890365448505,-8.283613803047706,-14.187466851573951,0.07754442649434572,-8.467138885646191,-14.238778664477591,0.42849229064721633,-7.81689572652613,-14.96175771281252
841,0.1608695652173913,-8.719031920869009,-12.98703453300636,,-7.405374031468112,-14.368897111875615,0.23917525773195877,-6.3719264715762804,-12.651881113404212,0.132890365448505,-8.756944198362833,-15.33831269843147,0.07754442649434572,-8.939065500545837,-15.631668652951674,0.36373507057546145,-7.4749840314167955,-16.014844036544403
842,0.1608695652173913,-6.29426745983054,-11.44750747325274,,-5.21951577031753,-12.0278672945811,0.23917525773195877,-6.832938364447877,-11.328985890282135,0.132890365448505,-8.165447827568554,-11.753551297905798,0.07754442649434572,-8.66179637447267,-13.097992758422865,0.4092026694766421,-8.615076602819544,-11.732396048714195
843,0.1608695652173913,-6.735110837540784,-12.860344806238807,,-6.586300668361849,-12.310199997753772,0.23917525773195877,-8.540120928806699,-14.31914204222883,0.132890365448505,-7.88304938246625,-13.04352054226346,0.07754442649434572,-7.835031992354594,-12.672264644964578,0.3790837038468973,-6.685483667650706,-11.865405102012698
844,0.1608695652173913,-9.443774014993615,-15.752747697285853,,-7.9143813764798825,-13.57120430894339,0.23917525773195877,-10.186761165805422,-16.147338846105846,0.132890365448505,-9.539798640926026,-17.014490647791487,0.07754442649434572,-8.885612642895055,-15.807038504149526,0.3396896616189942,-7.872672202018568,-15.469967581825252
845,0.1608695652173913,-10.789352243153726,-17.352270568559437,,-9.559512893275507,-15.538599806541855,0.23917525773195877,-8.137772405185768,-13.095403310521307,0.132890365448505,-9.594927250271997,-15.881376034488067,0.07754442649434572,-8.335888488277174,-15.316955071668987,0.387322679116538,-8.174704789255728,-14.568634601754919
846,0.1608695652173913,-9.76178400805943,-17.17446037374917,,-8.885696320895244,-15.147163310981501,0.23917525773195877,-10.84234597388108,-17.34767038482143,0.132890365448505,-11.481405235324422,-18.41295004051534,0.07754442649434572,-10.258382467816789,-17.463425774162523,0.37375886524822693,-7.272316605624986,-14.828945206846063
847,0.1608695652173913,-8.326386770939594,-15.135613184431838,,-7.2947383934155425,-13.238141256067955,0.23917525773195877,-7.5189916628758375,-14.081000379570579,0.132890365448505,-7.971359152605,-16.332667031249773,0.07754442649434572,-8.137916133797232,-15.922070866980444,0.2927592954990215,-6.443980221611691,-13.619488993876816
848,0.1608695652173913,-7.2739937724336645,-15.616954474026874,,-6.041846454044398,-13.732408624210981,0.23917525773195877,-9.18212547893824,-16.669667436822458,0.132890365448505,-9.660006520521796,-18.0446587885043,0.07754442649434572,-8.622849011766702,-17.17563192227583,0.3070834982192323,-5.521354850179087,-14.201324663652315
849,0.1608695652173913,-10.030213241701828,-18.43663239550667,,-8.546886463452234,-16.858431821891234,0.23917525773195877,-10.559889387737865,-17.12373715162323,0.132890365448505,-8.970778938170735,-16.283733477858636,0.07754442649434572,-6.703313712596948,-14.921084151352439,0.43533507397737164,-4.844588037514842,-12.433969740576243
850,0.1608695652173913,-8.190447372623385,-15.092401744165475,,-8.178059573443967,-12.890229196270862,0.23917525773195877,-6.867633275074386,-13.090460416715874,0.132890365448505,-7.55739090754327,-12.939573765047239,0.07754442649434572,-7.524960213921474,-11.619969416374673,0.3687757394234369,-8.11178947414204,-12.97826408426215
851,0.1608695652173913,-9.037565571757186,-14.832616380996754,,-7.567309693878469,-14.020208418362511,0.23917525773195877,-5.967483445518344,-14.919812000267143,0.132890365448505,-9.183203370179186,-15.94546811383536,0.07754442649434572,-7.555540128003876,-15.35555853535312,0.3330831300431601,-6.510361738656053,-13.422394371230805
852,0.1608695652173913,-11.367163537501392,-16.941316964072296,,-10.133404510614001,-15.097561351914369,0.23917525773195877,-5.573320921041818,-16.713563163934978,0.132890365448505,-9.637715136675741,-17.51774534882649,0.07754442649434572,-9.924201512337467,-15.790515326606167,0.41079983759642713,-5.770874493369234,-14.291114844143893
853,0.1608695652173913,-11.35841864268437,-14.017847937751577,,-7.410447684022442,-14.125287364234502,0.23917525773195877,-7.513643654590685,-15.108234546636618,0.132890365448505,-8.573318466939496,-15.604866002910171,0.07754442649434572,-9.139540523832153,-15.15612759641465,0.43836155966916107,-7.380338218010052,-14.688960681003444
854,0.1608695652173913,-9.541710837924601,-15.302615635413648,,-8.392126009278094,-15.188229235676092,0.23917525773195877,-7.77379634865051,-15.180489371635034,0.132890365448505,-9.359632091699307,-15.478341106696384,0.07754442649434572,-8.421545311942086,-13.978323723809776,0.36081114500041217,-7.633361857378565,-14.84343733651017
855,0.1608695652173913,-6.358283645258776,-14.149481357695118,,-7.5493328744237065,-11.823437105494962,0.23917525773195877,-5.8345931645987985,-12.470581963082763,0.132890365448505,-10.582805863666193,-14.748432494195875,0.07754442649434572,-8.722998776627403,-14.662124228115005,0.39237608944449337,-7.168015988946584,-13.677620646616273
856,0.1608695652173913,-7.440141638329436,-13.458718513858427,,-8.054599679222047,-11.605278765070954,0.23917525773195877,-8.281010425263998,-12.465156470058098,0.132890365448505,-9.323565936706903,-14.347828304670676,0.07754442649434572,-7.696215238613066,-14.091058334116994,0.391005338883359,-7.345535249539289,-14.634108088837667
857,0.1608695652173913,-10.128011693939209,-16.3632738272042,,-8.164111869088696,-14.872118878177154,0.23917525773195877,-7.4956721093812835,-12.623262295632172,0.132890365448505,-7.113201235659991,-13.389938069676973,0.07754442649434572,-7.267143860190382,-12.379048183327308,0.3795620437956204,-7.483645793059353,-13.655788392579773
858,0.1608695652173913,-7.9250416241465595,-13.183983418507538,,-6.794800941444311,-13.782186397606663,0.23917525773195877,-8.215580929973417,-10.688784501510607,0.132890365448505,-7.269419896001481,-11.995394205736469,0.07754442649434572,-6.775767298332415,-13.714741197502466,0.3591368384997431,-8.225341991138825,-15.581426017312452
859,0.1608695652173913,-8.43580437633355,-13.015316576696636,,-7.854751556434678,-13.865089471329554,0.23917525773195877,-7.193397516484282,-12.878361523517993,0.132890365448505,-7.95804398071412,-14.002554508729252,0.07754442649434572,-7.502632970653487,-13.773420749076434,0.39607261948869954,-8.82736889327425,-14.38949071069468
860,0.1608695652173913,-6.58069890103274,-12.38892490884644,,-7.656314830398986,-13.078865332109471,0.23917525773195877,-6.774805145482587,-12.718603711949521,0.132890365448505,-5.527224455536809,-12.251004502982513,0.07754442649434572,-9.020845241461178,-12.824761315183421,0.2663652447414979,-7.735702144355888,-13.785570469446826
861,0.1608695652173913,-5.853013202939578,-12.19942443449997,,-6.2892365712723155,-12.09056272159768,0.23917525773195877,-7.502544576703767,-12.874761259668364,0.132890365448505,-7.343292345431006,-10.523109885505397,0.07754442649434572,-6.736425018712263,-12.782870063418104,0.36883116883116884,-7.230639915832221,-12.710869422385581
862,0.1608695652173913,-6.377655439600559,-14.091871658707253,,-7.201596180823733,-12.323034145495287,0.23917525773195877,-8.738173304522629,-15.99149803783934,0.132890365448505,-7.990427477674632,-13.97467300666527,0.07754442649434572,-7.4319649420066245,-12.913869622220178,,-7.813595943783092,-13.653017794791396
863,0.1608695652173913,-9.100838541228072,-13.828230038672906,,-7.465497847157385,-13.369710122125158,0.23917525773195877,-7.628894348340155,-12.959048356454632,0.132890365448505,-8.040335623112332,-14.596077415036547,0.07754442649434572,-9.378128745442664,-13.285564940924813,0.36562382208820204,-7.472380370164697,-14.577511044401685
864,0.1608695652173913,-9.247093127458028,-14.64628183758843,,-7.1054095209518024,-13.101409428488582,0.23917525773195877,-8.236379114917634,-15.098162595780067,0.132890365448505,-9.94107985048053,-15.083706899388376,0.07754442649434572,-8.789547905000534,-14.869949772183613,0.273336685101391,-8.200016075573593,-15.687012439679267
865,0.1608695652173913,-9.837697811052143,-13.986174443029311,,-7.632163982049205,-13.5932338579032,0.23917525773195877,-5.708607409008445,-14.310337116536685,0.132890365448505,-11.279415158169142,-16.633676946547936,0.07754442649434572,-8.528154600965381,-18.187328417031278,0.21564885496183206,-10.337670581850887,-16.20317075331848
866,0.1608695652173913,-8.198647429664419,-12.253931940210274,,-8.042707687326908,-12.580637702993933,0.23917525773195877,-6.875100270122799,-14.267006531738744,0.132890365448505,-7.286183055269158,-13.273644610757323,0.07754442649434572,-8.579378019562043,-15.296851526228863,0.3285198555956679,-7.918298990872973,-14.334289518992735
867,0.1608695652173913,-7.9624531941625465,-13.04114397637245,,-8.463422110483478,-12.795483895536409,0.23917525773195877,-7.149310350546475,-13.152248099203248,0.132890365448505,-8.631247288205042,-15.748339073265294,0.07754442649434572,-9.345792711969684,-13.906370265255596,0.3515625,-9.015985680054007,-15.502592045625702
868,0.45138055222088835,-7.030888343263141,-13.935000706899919,,-6.809998919075104,-13.297957829064131,0.4121739130434783,-6.394755215222999,-11.930514378275968,0.31771771771771773,-7.34334780717459,-13.703329629321923,0.33189231676164277,-8.416804922441587,-12.435245481381012,0.23944875107665806,-6.905351807225998,-15.095395680216727
869,0.4548774920103485,-8.085115789068464,-13.955641100323549,,-8.53963589975367,-13.246558890389977,0.38997050147492623,-8.277320786865644,-14.20987037925756,0.3244104525175271,-7.608015738437388,-13.543843666913734,0.2908630430547438,-8.273947404161584,-14.078483733100992,0.31214094216775184,-9.492917756515498,-13.687424592441225
870,0.4560253221795162,-7.072526981929337,-13.741913236350696,,-6.228100878891355,-12.476766942264526,0.42249240121580545,-6.790415607061238,-12.759194536650828,0.27986200948684775,-7.30928514200012,-12.657611049733559,0.3562635090686965,-8.539123649524177,-14.098187901104136,0.3725204731574158,-7.658952271761974,-14.179508432283352
871,0.28019619865113427,-8.815532474119358,-14.089542907222999,,-7.857485867267181,-14.615202712010003,0.4368875237677344,-5.534568237940584,-15.072109574416277,0.2952436194895592,-9.190732206641602,-14.631954041586837,0.32147370467580444,-10.050632606901932,-16.19765329692208,0.33432807982840623,-8.368375404449324,-15.066549397697893
872,0.27055702917771884,-9.33524070584569,-15.220974861590303,,-7.882386842876105,-13.461036114517547,0.39749430523917995,-6.549695658451894,-12.11099486833644,0.29449018366054464,-9.688612778460039,-14.728047835364247,0.3433395872420263,-9.95233011651338,-14.950671536582334,0.3150074294205052,-10.266644347472218,-16.028612795319727
873,0.4098883572567783,-7.150323742164613,-14.181014380977617,,-6.189305528912806,-12.595109900568824,0.5283169369848445,-5.323026385392114,-11.96929845402104,0.3973032298526184,-6.696409624720532,-13.981629780617377,0.4473334598595559,-6.976628327388093,-13.419345856733482,0.4345625451916124,-9.096088134204303,-14.35355371339887
874,0.1608695652173913,-6.415851227525367,-12.817977857967497,,-5.252981346597507,-13.338290648581388,0.23917525773195877,-6.370956862568353,-13.303606621492133,0.132890365448505,-7.692673918000309,-13.056914166890925,0.07754442649434572,-9.178030470923845,-16.99016773091689,0.1572912159238425,-8.185729299641102,-17.428054704179235
875,0.1608695652173913,-7.4037042704088964,-12.77000572916284,,-6.725947961487901,-13.22531054249989,0.23917525773195877,-3.535570485480091,-14.170132894879323,0.132890365448505,-6.549753553587419,-13.805325795433642,0.07754442649434572,-5.533892797323546,-13.410520918858612,0.30748764728240213,-9.252274426024735,-14.834192556119634
876,0.1608695652173913,-10.575181668556766,-15.441043828940666,,-7.011416207714888,-13.866709347616542,0.23917525773195877,-6.684318718922716,-14.584418107078337,0.132890365448505,-8.920694914386017,-16.894690650548377,0.07754442649434572,-8.937745387832685,-16.278115529592693,,-8.375088523881798,-14.333276198908537
877,0.1608695652173913,-7.926958629309718,-14.514366950861099,,-7.143489064648966,-13.86818553332591,0.23917525773195877,-6.9223617564213304,-13.6228139768793,0.132890365448505,-7.605670795894627,-15.29966448030028,0.07754442649434572,-8.206812252244795,-13.169925537644385,0.4083824038794596,-7.629299614009853,-14.115449556615047
878,0.1608695652173913,-7.503561671035415,-13.048570425487123,,-7.717840066024545,-12.847395594770049,0.23917525773195877,-7.306296156695042,-14.184724927894125,0.132890365448505,-7.329177217261174,-13.097205033183169,0.07754442649434572,-7.665245728963619,-13.787908805456155,0.45156866106634663,-7.833867184439348,-13.955066909893599
879,0.1608695652173913,-7.759039826644914,-13.101360937497455,,-7.554541882498317,-13.055393738124659,0.23917525773195877,-6.138550612622207,-14.597744322776187,0.132890365448505,-9.360481963533715,-13.680194145657607,0.07754442649434572,-6.721588828925325,-13.718709735427652,0.29988465974625145,-7.189981789997658,-14.89327015639823
880,0.1608695652173913,-7.535833793451339,-13.095401495643618,,-8.808975654197406,-14.47969511638576,0.23917525773195877,-5.062454239854183,-13.219292172065122,0.132890365448505,-8.296830343453292,-12.957175338035034,0.07754442649434572,-9.779549329363537,-15.008274488969082,0.14897413024085637,-8.104962273450935,-13.50885526747549
881,0.1608695652173913,-8.54266741075444,-14.476647323974106,,-7.790531019507709,-16.432796616376102,0.23917525773195877,-6.749922640616158,-13.27887510267171,0.132890365448505,-8.025880834676368,-14.39976487237588,0.07754442649434572,-8.321829918775032,-13.422863984276711,0.2297808677285928,-9.241642323497645,-17.251519256346977
882,0.1608695652173913,-9.474496910888936,-14.882378132076948,,-7.421045907528968,-14.67538599878714,0.23917525773195877,-7.993808175912449,-13.962717010873531,0.132890365448505,-8.6018018019057,-14.035463048539022,0.07754442649434572,-8.815856725827395,-14.142627256358258,0.3652261306532663,-9.18842840517974,-14.266515193026326
883,0.1608695652173913,-8.450374694545609,-13.712618689567178,,-6.829467759200924,-13.228106220062163,0.23917525773195877,-7.331736486531436,-11.336052565862598,0.132890365448505,-7.974997234948974,-12.952609275614071,0.07754442649434572,-7.255962926951698,-14.297061388545156,0.4118752348741075,-8.595727412830751,-14.264032125374538
884,0.1608695652173913,-8.829348682678624,-14.243665498267017,,-8.274914533713249,-14.293282349160181,0.23917525773195877,-7.992275744860703,-13.590687322008034,0.132890365448505,-9.598540140559177,-14.744086368322014,0.07754442649434572,-8.89885713165744,-14.578422808753245,0.3057356608478803,-8.921484032128449,-15.874705208531823
885,0.1608695652173913,-8.673707650642985,-14.768913769839305,,-6.898765586312044,-14.01796036108308,0.23917525773195877,-4.0579700117032305,-17.784299391343772,0.132890365448505,-7.945731562515457,-17.864339895887365,0.07754442649434572,-7.58739501411956,-15.738942247677665,0.41488364163327934,-5.858889163098767,-13.024833916654748
886,0.1608695652173913,-8.851355033529249,-14.218840444742494,,-6.740551586131139,-13.696803302525566,0.23917525773195877,-6.533202159929305,-13.466241484408652,0.132890365448505,-8.39348370107614,-16.508213616448543,0.07754442649434572,-6.314127309695573,-15.439950931005255,0.3987446316484969,-6.889636501667948,-15.002931761750586
887,0.1608695652173913,-8.21635939431208,-14.639254456617504,,-6.487527819268038,-12.805653202179364,0.23917525773195877,-6.281204639210084,-12.968479263643033,0.132890365448505,-8.334627182726525,-14.158430062233267,0.07754442649434572,-9.514706690899468,-14.145651385721338,0.40629228687415425,-7.108957398110743,-14.971852469023304
888,0.1608695652173913,-8.683410429514616,-15.264647175505209,,-6.831891228315011,-12.519430415245086,0.23917525773195877,-6.227062001524684,-12.306924245118436,0.132890365448505,-8.45261653971007,-16.700725228660808,0.07754442649434572,-7.179906500902242,-16.27997520642866,0.27025632203681405,-7.5434783378238315,-15.059755282461452
889,0.1608695652173913,-8.022642345769018,-15.760968184815546,,-6.604200300096795,-13.465891630247162,0.23917525773195877,-6.298497186065828,-14.97961776101144,0.132890365448505,-7.6910248880167735,-15.133864590730674,0.07754442649434572,-9.666214611446811,-14.740059974789812,0.3002754820936639,-9.142927368657507,-15.524429861929654
890,0.1608695652173913,-9.91277101551362,-14.33212284213859,,-7.219729429954134,-12.74221475162821,0.23917525773195877,-6.034459608309335,-14.135102230127583,0.132890365448505,-8.070286613377544,-14.209278847106077,0.07754442649434572,-7.232004330033156,-13.816040215623033,0.3405474220241884,-6.733860201635911,-13.321728257489713
891,0.1608695652173913,-8.714879316272818,-14.120898417887968,,-6.182388104166389,-12.514600414959148,0.23917525773195877,-6.884693244901857,-15.891678247429365,0.132890365448505,-9.662024856932604,-15.000934545876012,0.07754442649434572,-7.926327094297979,-14.296399993268128,0.367059964441571,-7.16851885743711,-15.267556054680165
892,0.1608695652173913,-8.66110321613233,-15.221398406871502,,-9.501296567521019,-14.98085916432956,0.23917525773195877,-7.725735901691916,-15.173487771700207,0.132890365448505,-8.73237542074526,-16.881753409096085,0.07754442649434572,-8.4780602377816,-16.344898190303113,0.48517543114433775,-8.505764787156801,-13.621057778154078
893,0.1608695652173913,-9.644982161671173,-14.45483497115081,,-8.364452955101518,-13.303901578987919,0.23917525773195877,-6.1724910972575255,-14.147227405733549,0.132890365448505,-8.685298701104138,-16.04407444656592,0.07754442649434572,-8.001130762728808,-14.435344691785552,0.4262948207171315,-9.63285633632008,-14.955390028047173
894,0.1608695652173913,-6.309258381690931,-15.728842401567762,,-8.367282147094867,-14.139126207715524,0.23917525773195877,-8.765505519600039,-14.737032093404459,0.132890365448505,-8.10533960755177,-14.450727279213,0.07754442649434572,-7.421304913746184,-14.876005366646181,0.3007570543702684,-9.199064870812638,-14.14838913824536
895,0.1608695652173913,-9.146843832838425,-16.50930769633064,,-8.753429633283554,-15.639301801238755,0.23917525773195877,-4.463225427061403,-14.883821170318846,0.132890365448505,-9.66441266690408,-14.831512721970839,0.07754442649434572,-8.233941567562107,-15.981136863863908,0.3132622601279318,-9.164922444837858,-14.872168307182662
896,0.1608695652173913,-7.836903817098973,-11.837432531277338,,-7.99449894546337,-12.098222433752603,0.23917525773195877,-5.75936166630533,-12.912995068639798,0.132890365448505,-8.519928985690875,-14.551185329954992,0.07754442649434572,-8.016632783703832,-15.782966397670016,0.4116496220542463,-8.002023580091578,-13.428767541483356
897,0.1608695652173913,-10.075760025009101,-15.17054502163501,,-6.739904818760152,-14.83018707765982,0.23917525773195877,-8.47965949765883,-13.489680745666654,0.132890365448505,-9.024830358961127,-16.21902247005347,0.07754442649434572,-8.65598326371133,-15.523398238629643,0.41888286427403393,-8.258824336148605,-15.72215995670546
898,0.1608695652173913,-9.067113732303639,-13.404722042891397,,-8.314539853513399,-12.526718430582324,0.23917525773195877,-7.472186189028614,-12.856717900674466,0.132890365448505,-7.7802253853822725,-13.546079718442387,0.07754442649434572,-6.739429351894315,-13.860321122165793,0.4090247452692867,-7.452658798270194,-14.416633646080212
899,0.1608695652173913,-8.75538291830629,-14.661095347581947,,-7.299562032063331,-13.419485227617239,0.23917525773195877,-7.841005975358065,-12.860178822655817,0.132890365448505,-7.385824521529841,-14.50458837884532,0.07754442649434572,-6.1823478687913545,-14.911852254077136,0.4047957539569709,-6.636105184781147,-13.1216445567957
900,0.1608695652173913,-9.388913079401856,-15.432717111360596,,-7.064259720636738,-12.680272446751133,0.23917525773195877,-5.713709386186765,-12.576986397085186,0.132890365448505,-8.681554506992967,-14.452407864588356,0.07754442649434572,-8.624968571936325,-15.178995646974375,0.2765088929925163,-8.78055788582191,-15.752849650549216
901,0.1608695652173913,-6.414924487053657,-12.48697036441416,,-5.78892212338385,-14.674648743959493,0.23917525773195877,-6.0278587066755795,-12.877060791918897,0.132890365448505,-9.429379309927857,-14.638508598362584,0.07754442649434572,-8.322932080313658,-12.535326928011553,0.3470599146726025,-7.939286517479007,-15.725530881596086
902,0.1608695652173913,-7.412205721198076,-14.464686110063035,,-7.069288351216361,-11.434994109127288,0.23917525773195877,-2.870449140168963,-12.099385280676687,0.132890365448505,-5.986028420757133,-14.199194263325886,0.07754442649434572,-8.661799108809694,-14.780079220542701,0.31797583081570996,-7.388617804571358,-16.137298462525557
903,0.1608695652173913,-6.5138987028097395,-14.564327429951017,,-6.9878207404402986,-11.136195797003289,0.23917525773195877,-4.927093689682428,-13.275056320896283,0.132890365448505,-8.82569030318192,-16.618328488287283,0.07754442649434572,-7.280642838718926,-13.595545474675625,0.4582452431289641,-6.901947808784216,-14.29131952963462
904,0.1608695652173913,-6.8094159161236245,-12.424460616607798,,-6.046535211337418,-13.417215319022304,0.23917525773195877,-8.81188761715469,-13.031423653137434,0.132890365448505,-7.302329919724269,-14.815149277602522,0.07754442649434572,-7.106971499721446,-15.021262405564261,0.48063980421291846,-7.460525936801555,-14.271379820466176
905,0.1608695652173913,-7.277866863855646,-11.618421140970405,,-5.284690789330108,-11.564217167763186,0.23917525773195877,-5.780480290976095,-12.019292997915336,0.132890365448505,-6.390173542935297,-13.216295017927191,0.07754442649434572,-7.179324103105856,-13.619990511274633,0.27978982923625445,-7.706693397819656,-13.901738260996591
906,0.1608695652173913,-6.828940758061439,-12.26043958955977,,-6.024848454370212,-11.490070265123558,0.23917525773195877,-6.319489865635236,-11.187772925682705,0.132890365448505,-7.205121535413307,-12.581115034204908,0.07754442649434572,-6.7523307585216,-13.752183110462097,0.2591897974493623,-8.74298993984924,-12.66190324049653
907,0.1608695652173913,-9.646639218004808,-15.870206998783782,,-8.258818268581475,-13.834633205610922,0.23917525773195877,-8.138035841022099,-12.35660370511885,0.132890365448505,-8.569317594969553,-15.043875684050349,0.07754442649434572,-8.542559610025858,-15.665528925408905,0.30859176410777833,-9.191485325137684,-15.102403623872853
908,0.1608695652173913,-7.499925618640981,-13.176892303358592,,-7.532351061430699,-12.958153708351754,0.23917525773195877,-6.365149354772759,-13.210547479947232,0.132890365448505,-8.579271520033013,-13.715055928703087,0.07754442649434572,-9.119392164117427,-14.232572291270461,0.2917725229626734,-8.52219057092687,-14.0553592415326
909,0.1608695652173913,-7.686256713637052,-12.572650011511739,,-6.234791454846621,-13.216270419309028,0.23917525773195877,-7.805615031264309,-12.56060871997187,0.132890365448505,-7.938189622516162,-12.601416907430913,0.07754442649434572,-8.439049861761283,-14.18119307494728,0.38504404098508,-8.056283320922054,-12.399693467924166
910,0.1608695652173913,-7.459441219153464,-12.854264056399906,,-7.060272411732299,-12.570589587596581,0.23917525773195877,-7.157600681506201,-11.640481848457501,0.132890365448505,-6.995080148942612,-14.048550876304704,0.07754442649434572,-8.50664276111983,-13.277346920318042,0.4467607740487987,-7.442348272319565,-13.174324450116657
911,0.1608695652173913,-7.135647638112167,-15.024321897809198,,-7.2743272451330885,-14.473345383230924,0.23917525773195877,-7.566330356569924,-13.488317273654287,0.132890365448505,-7.28358625636486,-14.514998561037821,0.07754442649434572,-8.59965027015609,-13.39439830957695,0.37321100917431194,-9.048116278920821,-14.849060966988644
912,0.1608695652173913,-6.760581923515707,-12.405750510498073,,-6.967858055230999,-11.348814785358654,0.23917525773195877,-6.387542402164522,-10.897450430223191,0.132890365448505,-6.496027162378391,-12.767853209556009,0.07754442649434572,-6.556930630492289,-12.935363905988662,0.33308917780626257,-6.745474848359065,-12.605957976083907
913,0.1608695652173913,-8.502411320865926,-14.640032112279895,,-7.396844084566466,-13.48412946045855,0.23917525773195877,-6.4943757913325975,-13.494584327473332,0.132890365448505,-9.769782230250883,-14.970436036713412,0.07754442649434572,-9.802398733866676,-15.666833252455113,0.31451612903225806,-9.891031788082206,-15.755559038766824
914,0.1608695652173913,-7.593172637163489,-14.259164500777006,,-7.636463797787144,-13.871290510966585,0.23917525773195877,-7.381017474836582,-13.3118678104631,0.132890365448505,-9.600437137867242,-16.464037338270728,0.07754442649434572,-9.071187928437629,-14.878190682835879,0.4392403025913407,-8.466709790282282,-15.45633214633919
915,0.1608695652173913,-9.341337677257743,-14.829059626613446,,-7.963910699109552,-14.025043590802458,0.23917525773195877,-7.854400708059753,-14.219325777809754,0.132890365448505,-9.128037476427217,-17.176171899164693,0.07754442649434572,-8.411048484895415,-15.182846715558219,0.3323768531802965,-8.217633819307558,-13.516461257820394
916,0.1608695652173913,-8.957984506886213,-15.487286037608554,,-8.629813915106313,-15.099742762137609,0.23917525773195877,-8.314050402982387,-16.472680231538508,0.132890365448505,-7.565512501985106,-15.12660833312426,0.07754442649434572,-8.80152220391169,-15.372488064212673,0.35066071584842917,-10.043928681368632,-15.085623059765606
917,0.1608695652173913,-9.071817574790465,-13.486282345587085,,-7.675780649384798,-12.793657159355675,0.23917525773195877,-8.115125969555852,-14.13091611834176,0.132890365448505,-9.096210720245226,-14.680387015541537,0.07754442649434572,-10.119654227655808,-16.099561856918232,0.27258031925641546,-9.408539427888364,-15.840515854646561
918,0.1608695652173913,-9.849677334213544,-14.489624479285672,,-6.910619374290916,-12.606542620998532,0.23917525773195877,-7.056359404267232,-13.07691200236749,0.132890365448505,-8.0611317261466,-13.363710784411445,0.07754442649434572,-7.737190849496374,-14.684047486786726,0.352901156574983,-9.169600320713958,-13.849175450988355
919,0.3760095722405025,-8.006041231124891,-13.03385094275621,,-7.262826224755376,-12.971461974725116,,-8.08860864563883,-12.097339948168615,,-8.358591215255956,-14.083030902444042,0.1885655243671431,-8.762819045457602,-13.035758307105919,0.19767263818710765,-9.003503846406444,-15.295850930440384
920,0.24267291910902697,-7.858589441038592,-13.55540448745252,,-8.129501065654765,-12.878436701361151,0.29886118805786394,-6.353466473766622,-12.722216211816058,,-8.934813915070407,-14.468150418364132,0.3051209103840683,-8.804655965300002,-16.13594020848224,0.2978458251735802,-9.09668677580473,-16.788931511867748
921,0.1608695652173913,-6.46593203655191,-13.491705427760168,,-6.920076111607784,-13.097004658149508,0.23917525773195877,-6.743902600912797,-11.440340763208274,0.132890365448505,-6.601986699668599,-13.677489342247542,0.07754442649434572,-8.45918154924601,-13.320849537732274,0.2718389681453977,-8.047873076835144,-13.148096092718173
922,0.1608695652173913,-8.453376184324943,-14.015643620659704,,-8.150639984017873,-13.30560957590155,0.23917525773195877,-6.557188962957755,-14.073854099660315,0.132890365448505,-7.684907402839423,-15.870522071953868,0.07754442649434572,-9.28653740370104,-14.6010795921445,0.36219980358896525,-9.360976437326991,-14.732048311632083
923,0.1608695652173913,-10.27949493878715,-15.634811676430381,,-8.86533924530572,-13.141508150971577,0.23917525773195877,-9.760452095728922,-16.993914822962633,0.132890365448505,-11.210278833884999,-18.812799590925355,0.07754442649434572,-7.871313272295675,-17.74425695328491,0.321425046876542,-10.671263934112542,-15.66075847837215
924,0.1608695652173913,-8.861622488978707,-15.315143418167649,,-9.741846561887613,-14.359321333327486,0.23917525773195877,-7.7260115280113695,-14.084588293642263,0.132890365448505,-10.326070101390862,-17.461302253616616,0.07754442649434572,-7.157698218051028,-17.339592203456316,0.27283775572209845,-8.820554100261347,-17.974631868731976
925,0.1608695652173913,-7.7476707904028626,-14.216166742784356,,-5.678266948145331,-14.325854444785659,0.23917525773195877,-6.080320655275402,-15.053180107567519,0.132890365448505,-7.410242884478382,-13.929419952086043,0.07754442649434572,-8.371557860642557,-15.162749073608238,0.2469536961819659,-8.60699993070891,-14.752071121450571
926,0.1608695652173913,-6.469567683638784,-13.459102818522288,,-7.686949406520053,-12.95033658030836,0.23917525773195877,-4.761649869380818,-13.586171158212462,0.132890365448505,-9.250749136085016,-15.77923916378705,0.07754442649434572,-9.152035860675875,-15.92977850103847,0.3955968012636983,-8.286799720207505,-15.404864910127781
927,0.27859586494124644,-6.37773862858806,-13.055824600304518,,-5.5360449223242,-12.975958505296425,0.42748262721362923,-7.515007016855585,-13.485619229506709,,-7.3200225769389515,-12.973769017548292,0.3493552168815944,-6.588607406128037,-12.927011325421558,0.3364739989128465,-8.385558987931258,-13.695939107764726
928,0.2960331557134399,-8.307274056981344,-12.19926456682879,,-8.771088268995745,-13.84415586110556,0.41464838050773273,-8.63517094582407,-13.576497600559264,,-9.765419674576078,-15.70123661677043,0.42412451361867703,-9.146745132114294,-16.369822179283148,0.3761534947464596,-10.398780138202214,-16.408584923744066
929,0.3082681750124771,-8.747275007043738,-13.437298448736817,,-7.840227021258172,-13.809991612614446,0.5120053655264923,-8.948455965659715,-13.792759540688525,,-8.000533168832476,-13.815161704308174,0.4842978287205293,-7.080847102295183,-14.574303749514074,0.44618412812024694,-8.067809440638378,-14.565757664171192
930,0.2953888297062852,-9.346647952654234,-14.062347580965234,,-8.845115589113822,-13.605096657618807,0.4310522442972774,-6.797558343436484,-12.468478415947644,,-8.637956339998226,-14.943667913912947,0.4005963258632298,-9.19890847106018,-14.484739997126361,0.3830200907323396,-8.266029266051207,-15.339266147839261
931,0.28561253561253563,-6.822248263918185,-13.274752483359428,,-6.274226116625531,-13.656915752666281,0.45632747189391754,-6.793226201383806,-13.182380822806296,0.2822921559417567,-7.028186742342389,-12.379388434662754,0.3807531380753138,-6.544331281593649,-13.016499636086829,0.3837230378829074,-6.989522986946101,-12.73782304032216
932,0.3141988856998143,-8.249745693503975,-15.2979239957988,,-6.962685125617082,-13.55498263397944,0.4811097169942841,-8.093907184566762,-12.1948660183565,0.23044496487119437,-6.49591582885436,-13.274677515963356,0.45341504574118485,-7.567586442882241,-13.905653427468891,0.405181720043181,-9.750617815530566,-15.325802580822463
933,0.2769920662297344,-7.830976265710295,-12.43020988145931,,-5.905970201092618,-12.461224241817405,0.4203927820856584,-5.901763152791882,-13.743232871852376,0.20662768031189083,-8.559243382308349,-14.542611355938782,0.32421997286862153,-9.0954395894367,-12.882651252512744,0.2816393780249202,-8.836283421747066,-15.332830176422716
934,0.2402730375426621,-7.936514518791556,-13.866788367010658,,-8.499071893205011,-12.735258297393377,0.3042505592841163,-9.15042336581309,-14.185679569046098,0.22142515542802488,-9.203019990005474,-14.983129239800428,0.26449787835926447,-8.917575561547764,-15.259889686466202,0.3381191672648959,-9.358281463016656,-15.153610388038015
935,0.2766489527977493,-9.30956177128762,-13.265089097707127,,-6.816093468450472,-14.058454376948571,0.31010850942318674,-6.488676903733099,-16.818826862540423,0.19952774498229045,-9.843303239044305,-15.754945071043807,0.2826574281638476,-9.188450013162749,-16.76481539652674,0.27663734115347016,-6.132085573043452,-14.721323737018254
936,0.4083817681248088,-7.457840284087593,-12.356458265132211,,-6.966774502222185,-14.360125720539065,0.41075021557918945,-7.701662251155328,-12.884193003329221,0.20738432030688084,-9.705868565233057,-14.661494636923617,0.251810136765889,-10.147812488319346,-16.10406276227691,0.2931757529546321,-8.471660091389827,-14.979054599225686
937,0.3109270985549602,-7.516433638122308,-13.256298882137115,,-8.184644846185739,-13.449362232445335,0.27185517561503947,-6.66927473678144,-14.009656420118253,0.168703007518797,-9.422236209516878,-15.305540940180936,0.2387906211435623,-9.424212526666194,-15.435910354853302,0.34017741453204425,-7.231817867304137,-14.045045775194092
938,0.3915211970074813,-4.835349676405639,-12.352805978562868,,-7.115183823798548,-12.26238602441861,0.4129458388375165,-5.895095164490344,-11.380040541469345,0.352392065344224,-8.432239588381496,-12.83566428568948,0.3923426838514026,-7.612919516809677,-13.175554322703363,0.4294617563739377,-6.789761526032123,-13.66663952066565
939,0.2733575437438098,-7.975325837070719,-13.089226560310038,,-6.94609820250651,-12.43270315605807,0.3843630399125205,-6.127882110850108,-11.73209107717305,0.3855986365573072,-7.614764836552416,-12.94725942816604,0.49296015018346273,-7.3642470223355225,-12.501737068259454,0.40651279298622295,-8.157880918779018,-13.47047646927934
940,0.3035826524198617,-8.381292154254666,-14.437048883014176,,-6.279298844750053,-12.785976376889263,0.35409614082599866,-6.705254838381322,-14.843159504251538,0.2016036655211913,-8.250149444403638,-15.301202902245063,0.17633033488674543,-8.187226034458183,-14.185596225729846,0.2545471859822874,-7.134661167457229,-15.639273941882445
941,0.2817204301075269,-4.880726709428332,-11.874356128766518,,-4.908928389016718,-9.806860357863854,0.46744250484898864,-5.100944052259807,-9.785701032746916,0.3089763779527559,-2.724194961876019,-9.180733542759913,0.48286604361370716,-3.5391867886621386,-11.246729949189094,0.4388463592665124,-3.659646735109715,-11.843538022998368
942,0.39326900447164037,-8.128791905309779,-13.106166448222238,,-6.21400892986789,-12.67679788440423,0.5073586367157242,-9.012035986640598,-11.746891318321788,0.36017897091722595,-6.818107291457746,-10.793765866600115,0.4933671313899451,-6.238041480193814,-12.221996289345128,0.4580486950429147,-6.42307972553933,-12.534677983263734
943,0.1608695652173913,-7.203220166780493,-12.564559009944707,,-5.617786607725841,-12.114642582974922,0.23917525773195877,-6.877265560906951,-11.366883163788291,0.132890365448505,-6.594201000888776,-11.589368983129077,0.07754442649434572,-7.888304193179303,-11.389901935509517,0.2879086254430878,-7.678653665347152,-12.453585493992822
944,0.1608695652173913,-8.047249873669829,-13.525093215548875,,-6.261714499885652,-14.060752140827601,0.23917525773195877,-7.147733575891778,-13.025761080197388,0.132890365448505,-9.137420891424103,-14.632568904535752,0.07754442649434572,-8.64320765636725,-15.235897379626813,0.3169388156600433,-8.926240325130616,-14.244760879192658
945,0.1608695652173913,-8.087452554128756,-13.535668006658303,,-7.370419230893345,-11.97443237409648,0.23917525773195877,-6.483396395252265,-12.952946155176084,0.132890365448505,-8.814440235012928,-13.635424162766437,0.07754442649434572,-9.039502266626503,-15.520494587578442,0.3311115467555381,-9.2888199610652,-14.309367117253926
946,0.1608695652173913,-7.367088223029327,-12.265435763016042,,-7.652015111857153,-13.117705270855094,0.23917525773195877,-5.8985661788065435,-13.212492877384106,0.132890365448505,-7.848323703949776,-13.930774421948689,0.07754442649434572,-8.230572634289537,-13.409634692533345,0.5302245250431779,-8.680089393768512,-13.402039830745629
947,0.1608695652173913,-9.7002768966416,-13.912242447587342,,-7.243108322733188,-13.475973578719378,0.23917525773195877,-7.391903784672938,-15.124927138087541,0.132890365448505,-9.500463395269081,-15.99842037229463,0.07754442649434572,-7.85048535139946,-15.10836089392695,0.3245949390132896,-9.120606807754074,-14.197317942506766
948,0.1608695652173913,-6.839058024691266,-13.118901461744493,,-6.599042211149264,-12.576727233854657,0.23917525773195877,-6.140282529589063,-15.17439612334437,0.132890365448505,-9.741515146966293,-15.405992618857884,0.07754442649434572,-9.858005438557804,-15.39224630614424,0.31285714285714283,-7.534265342672733,-14.66882726211843
949,0.1608695652173913,-7.891223284410415,-13.028672110948932,,-6.397416704409284,-14.160054789178476,0.23917525773195877,-6.247029006745732,-12.795136223804915,0.132890365448505,-8.899535552268933,-14.37763217036781,0.07754442649434572,-8.403852910279635,-14.634008390913099,0.35306009924646203,-8.132965506122202,-14.053049518485912
950,0.1608695652173913,-6.615877360118525,-14.131016324174448,,-8.724344139834857,-14.404387499947385,0.23917525773195877,-7.118587700916603,-15.30309076308759,0.132890365448505,-11.221169735882697,-16.516609067775974,0.07754442649434572,-10.714612464609502,-15.619739986650938,0.20239818069051066,-7.676189935214345,-15.43966835536509
951,0.1608695652173913,-7.655509463979194,-14.303089403388595,,-10.023143036371556,-14.572021294170607,0.23917525773195877,-7.9127506465307444,-13.334804210453054,0.132890365448505,-9.665661665993332,-16.35397487803777,0.07754442649434572,-8.748801899676856,-14.84886072113113,0.2434971098265896,-9.208805438398462,-15.998906669214144
952,0.1608695652173913,-7.468676695689052,-12.577183927921709,,-7.464024696567791,-13.559303986158168,0.23917525773195877,-8.010360152334574,-13.667869276822637,0.132890365448505,-7.309455455986047,-14.704338798369594,0.07754442649434572,-7.7194822773887655,-13.060212247568238,0.3681491050009227,-9.062015210222494,-14.398138827677956
953,0.1608695652173913,-7.692440341843657,-14.287206594065317,,-7.899368912012147,-14.717183919187706,0.23917525773195877,-6.939367743779217,-12.700142804934163,0.132890365448505,-8.843372857134602,-13.998788914013163,0.07754442649434572,-10.29284773766756,-15.665948921434339,0.38125802310654683,-8.586186458928712,-14.628820204524185
954,0.1608695652173913,-9.019240122717024,-15.243268236658903,,-7.402202203167482,-14.048252940546682,0.23917525773195877,-8.040223112106347,-13.742228794024438,0.132890365448505,-9.569677746881073,-15.679782339991897,0.07754442649434572,-11.383345968165997,-16.263578611816353,0.4267907453257065,-12.092104191056352,-17.53035906053205
955,0.1608695652173913,-8.070510140778687,-13.277692277000188,,-7.253563182433207,-15.296138473709675,0.23917525773195877,-6.7168540595430715,-14.34438449288934,0.132890365448505,-8.649630299085302,-16.76737781422454,0.07754442649434572,-9.525939646019747,-14.084692616135392,0.4068767908309456,-8.707843202126345,-15.530844438670165
956,0.1608695652173913,-8.64727211801871,-13.75189532766528,,-7.875831680404697,-12.761237508090721,0.23917525773195877,-6.045453081488801,-15.545258388149092,0.132890365448505,-9.612349100014582,-16.03710922487718,0.07754442649434572,-8.495916969673175,-14.759528040366359,0.4118410381184104,-7.9991745179639375,-14.714543442163137
957,0.1608695652173913,-9.006085614153202,-15.147529038043695,,-8.689928864012634,-14.68098167752723,0.23917525773195877,-8.10346790067603,-16.130829543537256,0.132890365448505,-11.029590770298654,-16.048962814851034,0.07754442649434572,-8.637580669714993,-15.320116958294003,0.41854592947322594,-10.124885811923985,-15.590752720714534
958,0.26029824302377086,-6.793243674741431,-14.515133885343756,,-6.648014715298979,-14.377953138758159,0.286871023713129,-10.293247294961434,-15.452924536065982,0.22347472399767576,-9.472426802298944,-15.769771954765856,0.2101326418669592,-8.954976959962295,-15.823673102906957,0.2952778304570453,-7.6718156060726574,-15.032741058193924
959,0.3447946513849093,-7.020559216578436,-14.210071697687695,,-7.960327608981884,-12.609704693547938,0.3854455301152107,-7.443063697721442,-13.150666527063464,0.24302594713119746,-8.80923220249055,-14.683865825943435,0.2426058380050261,-10.31372387384005,-16.98149446141327,0.2622100420867182,-9.551369828233176,-16.785574836589696
960,0.25559639158035413,-8.369291386001828,-13.630539509561148,,-7.550099644788619,-12.82941133364626,0.351821802625756,-5.960689865182793,-12.052041837494851,0.27829830336794126,-7.81356680181797,-14.57829907797619,0.30160244181610074,-8.027378738967364,-13.832447978441714,0.3075068870523416,-9.016531325644726,-13.894613968219403
961,0.1760948905109489,-9.622866796893932,-16.75498324311514,,-7.588425167492483,-14.677753846097968,0.27051938551572785,-8.218254641366299,-15.029196849611635,,-9.846585669457223,-15.9260964331419,0.30031282586027114,-8.919125560374333,-15.317718957556059,0.33518005540166207,-8.953103711291948,-14.548882939815876
962,0.3745066171348967,-8.61688797199762,-13.83768291136887,,-7.058023649306399,-13.651541221341796,0.4781428183546022,-6.704171530787471,-10.45060926679074,0.31386470194239785,-7.640541584324932,-13.878059898833827,0.27789087947882735,-8.023225337783199,-14.447275202787429,0.3104536489151874,-7.408084253774172,-15.729675858428848
963,0.27603923400280245,-7.520608539278459,-12.717023979738912,,-6.742821074686574,-13.987322849834644,0.4213408317300577,-7.8652351859789125,-11.556563105973382,,-7.432742216492903,-14.63761731451292,0.21527265056428646,-8.913078904041855,-15.578042184979353,0.24014945652173914,-8.36876255463943,-14.505734702616023
964,0.28527397260273973,-9.940019868972389,-13.874143215461403,,-8.552593296451656,-13.883413583417719,0.4219421369235176,-8.215175874730045,-13.138043472562623,,-8.979109220584803,-14.856140108946432,0.34317874831157136,-8.734326933490765,-15.679944259313782,0.3209147915898193,-9.305958665713668,-15.456736084340683
965,0.26180533247671056,-8.308926666337776,-14.57164555991235,,-6.895664695746891,-14.298429099236065,0.3298835705045278,-7.169973677191428,-13.138231420377686,,-6.391622788041213,-12.984742308345723,0.4697105878123315,-6.520077578533759,-12.401771828499692,0.4181951577402788,-7.042518880261164,-13.152276182619222
966,0.35035719714242286,-9.096509842079536,-15.040983279371453,,-8.398912897791082,-13.740485662700905,0.4606225193231669,-8.10930987719805,-13.15686926094805,0.3151635282457879,-10.410044882875674,-15.381298594912005,0.38788522848034007,-9.26426238333642,-15.183448876618094,0.37068276658083993,-9.23584881564007,-15.234506045190358
