farm_id,crop_type,health_index,dw_mode,dw_crops,dw_built,dw_water,dw_trees,wc_crop,wc_maize,wc_irrig
1,Rice,24.86,4.0,0.4875004224360565,0.1566417924397397,0.0348086245264577,0.04986709692719419,100.0,0.0,0.0
2,Rice,37.96,4.0,0.4944450577769223,0.1891403029590092,0.03777601335523057,0.036070863996913796,100.0,0.0,5.167916530811867
3,Rice,53.54,4.569883947235638,0.4074530089593933,0.28612015194955054,0.03377174619645493,0.05037338456624517,100.0,0.0,3.604123116845671
4,Maize,96.76,4.0,0.49428412406606326,0.15114166264836276,0.04054621635009892,0.059466251012665186,100.0,0.0,100.0
5,Groundnut,5.79,4.341646519913475,0.41020836191032967,0.25341194889436625,0.04499219324356693,0.05374165493943921,100.0,0.0,98.85481613436824
6,Cotton,30.19,4.0,0.4464667375403067,0.1699224596263128,0.0496661220504116,0.061490132726998,100.0,0.0,92.40146457032093
7,Bajra,43.96,4.0,0.5046164165779189,0.12083044335514025,0.042957011057183705,0.05419245607979515,100.0,0.0,100.0
8,Groundnut,21.34,4.0,0.45039782131030387,0.15091300318258907,0.03943019447816573,0.055217511846060635,94.42240751234519,0.0,0.2610306500505221
9,Cotton,50.62,2.358670245000433,0.26380453466327064,0.11005972178098714,0.04037905221394343,0.17244858464622145,100.0,0.0,0.0
10,Cotton,30.52,3.9994385176866927,0.4727104686513347,0.08750018932142156,0.03462137253257125,0.09474114843547635,89.87460228336141,0.0,0.0
11,Cotton,14.8,3.8268384151312573,0.39038294278926966,0.14399398555994694,0.03953890168655214,0.1234906225132924,83.32789825533997,0.0,0.0
12,Cotton,36.1,3.7843406593406597,0.4768327985153811,0.11943734936706703,0.04346932795861705,0.09506402366278224,84.10518053375195,0.0,8.014138353891653
13,Rice,68.88,4.061787642471506,0.39401555030424634,0.2428073808154067,0.04586735059019112,0.06535722572872826,97.39802039592081,0.0,100.0
14,Cotton,74.98,4.0,0.45036806243867183,0.1458645846776603,0.03927257027652657,0.10326541332638502,0.0,0.0,100.0
15,Cotton,28.85,5.780674846625767,0.26881226386447826,0.3581319554394648,0.041531392840270034,0.08799300423028386,0.0,,
16,Groundnut,40.5,5.787925696594427,0.268536139991864,0.3583752113826941,0.04152888880834278,0.08807178199498109,0.0,,
17,Cotton,75.49,,,,,,,,
18,Cotton,5.56,,,,,,,,
19,Bajra,73.98,,,,,,,,
20,Rice,77.43,4.084614667784923,0.4347726607045243,0.14625221038927488,0.039940674708753995,0.11842064388334263,66.91827415897868,0.0,0.0
21,Rice,90.77,4.0,0.5212973660570012,0.11188365107209135,0.03954654174288809,0.05040146611976732,100.0,0.0,0.7567635744466166
22,Cotton,7.76,4.0,0.5026975751560849,0.12280300976430665,0.04396120395644813,0.05968290856691783,100.0,0.0,0.0
23,Bajra,0.0,4.0,0.5289874509520208,0.0912352988185982,0.04176623376163965,0.08627106744097546,100.0,0.0,0.0
24,Rice,24.84,4.0,0.4656975097893938,0.11630173878035181,0.042040514486954804,0.06207361568117272,100.0,0.0,0.0
25,Cotton,50.0,4.0,0.5383448583823939,0.08985703915454271,0.03829419457141716,0.05191917914347133,100.0,0.0,0.0
26,Rice,94.16,4.0,0.4869942064869119,0.13280388739665297,0.036229597230423655,0.050966656292912284,94.850361967311,0.0,8.003617454216597
27,Rice,70.67,4.0,0.5085148330573886,0.15154069909558365,0.03663113293390435,0.04337515527950807,100.0,0.0,0.0
28,Cotton,41.89,4.0,0.4960417260377705,0.14862189494516448,0.04112817427056747,0.06592698716229599,100.0,0.0,92.47117655229893
29,Rice,79.4,4.0,0.49827303649163734,0.16778527389388775,0.036654760299299004,0.0375285268823715,100.0,0.0,83.21473951715375
30,Cotton,96.39,2.444192083062946,0.38565255907504226,0.06052754890641827,0.04234006251320417,0.26142408095990355,45.74951330304997,0.0,1.5663069961712504
31,Maize,77.0,4.013690257914681,0.4641360968156934,0.19404041255417687,0.0415158513952097,0.05163797550670389,97.20694291651391,0.0,89.11502261337246
32,Rice,25.51,4.0,0.41659822986146744,0.1830762174433357,0.0418980019237179,0.10342709277758458,100.0,0.0,100.0
33,Cotton,14.39,4.103713542531407,0.47044517409223524,0.16698082221380564,0.041408040992486364,0.06346343760161213,66.97658973933255,0.0,0.0
34,Rice,85.36,4.0,0.5217104640576922,0.10945457284264448,0.043207337045094094,0.057273900157429,75.40692740877881,0.0,4.636313159355914
35,Rice,55.59,4.06591727600131,0.4784145052519933,0.201278775178912,0.035263184401279235,0.04256094682652059,66.49932700352868,0.0,0.0
36,Maize,15.61,4.0,0.5119478900209283,0.16664660412323096,0.03577179532286535,0.039199051323455636,100.0,35.25482038563085,75.33002640211217
37,Rice,69.59,4.0,0.47471879231658526,0.16235967130735235,0.04183462587117598,0.05561856703718526,100.0,80.34281796366129,74.26808364758314
38,Rice,46.15,4.0,0.4644764995955896,0.1642979790727176,0.03930262619600031,0.04913945252027182,98.87797007920211,74.36030556997702,72.9099442651804
39,Cotton,9.64,4.0,0.49345048054247614,0.1259831258293453,0.03474845566652955,0.06166071845511721,85.74058033780864,11.114513165952232,12.100947839739492
40,Cotton,41.51,3.983916938110749,0.47365819282083244,0.12149289421632184,0.03497853136365327,0.07604148575629194,47.02090119435396,0.0,75.28762080073632
41,Cotton,97.01,2.0411953531030265,0.2906116911685061,0.15111431389716412,0.04593279383276281,0.278438818711531,91.40171201467437,0.0,55.77698695136417
42,Cotton,99.12,2.706468191622505,0.3993463072616046,0.07381294900807962,0.03814072909996137,0.22805935022859644,99.52866615183869,0.0,83.97251518056885
43,Cotton,31.73,3.986757557132481,0.48394213490979343,0.10625958273892278,0.04033380109381193,0.09714114629060629,100.0,0.0,3.8665698161703084
44,Cotton,40.55,4.0,0.5228722207268177,0.10976531488143708,0.03864912938416057,0.05791950440929492,89.07162951742049,0.0,0.0
45,Cotton,54.51,4.0,0.5435411343871329,0.06483927152006745,0.043274385541561,0.07322330497825992,99.9306578833319,0.0,32.92883765276935
46,Cotton,58.15,4.0,0.3770107461266205,0.19720257573778613,0.03472149585382572,0.11585385048475724,0.0,0.0,95.14925373134328
47,Cotton,72.99,4.0,0.5090169400173535,0.07763505864432108,0.04204868136541612,0.07451600807994199,98.7730506751851,0.0,40.44141748916487
48,Cotton,23.02,4.0,0.4933687211765742,0.12789380128851074,0.03901386365094357,0.08136120909719509,85.66310621641345,0.0,87.4565695242147
49,Rice,86.31,4.040147357341553,0.4447408350534623,0.22312257478119807,0.03698983337286324,0.047077030141265463,98.41615918602614,0.0,0.6691226223592213
50,Cotton,93.23,,,,,,,,
51,Cotton,96.17,4.0,0.4557364251340493,0.18294132787855497,0.042979438977954865,0.07125281130669886,98.18181818181819,0.0,0.0
52,Cotton,32.61,4.0,0.3443056549230177,0.26722339703054687,0.03751693045746328,0.09198505936526796,0.0,33.333333333333336,100.0
53,Cotton,62.8,3.973145780051151,0.45915256392981046,0.06491723775951219,0.03405658237156472,0.1497458937037175,77.0140664961637,0.0,0.0
54,Maize,75.68,4.0,0.4329701431636287,0.17636068192091112,0.03940570480778259,0.0568442335069064,99.92116673236106,0.0,0.0
55,Maize,99.29,4.0,0.4351037252525089,0.19391749365442745,0.043571715970470534,0.049497877031510804,48.203868590727666,0.0,21.584460934089915
56,Rice,51.79,4.0,0.5031777770090963,0.10673134005690867,0.044446828048556306,0.08070623894973085,100.0,0.0,0.0
57,Maize,10.04,,,,,,,,
58,Cotton,81.62,4.0,0.4337890063579251,0.1318747469596539,0.044319909150388005,0.11800621731946387,2.16984661429106,0.0,0.0
59,Cotton,48.56,3.4236394256337532,0.403947009746839,0.12003055805052736,0.04177260573959552,0.16565115788191784,88.48165218932816,0.0,26.08011841983532
60,Groundnut,82.86,4.0,0.5017935954674987,0.15600867706947913,0.038572178969299833,0.054306212506719354,100.0,0.0,100.0
61,Cotton,21.59,3.972837603544596,0.4446763520566585,0.15582306530817,0.03654281032133356,0.09756639758805923,99.89404738971294,0.0,58.35099210171448
62,Cotton,16.19,4.0,0.4457986803612566,0.19685459047867884,0.03673693735306093,0.05430633966905048,94.81673454276194,0.06824385805277525,18.327267212617528
63,Rice,91.23,4.202000952834682,0.37453170633917165,0.26857828795766236,0.040716789552895115,0.05545867766398019,100.0,0.0,5.531205335874226
64,Cotton,30.89,3.488621000450654,0.3574931992754322,0.14970925438357116,0.04146710305941231,0.1404618615865497,94.74237644584643,16.465783045689342,76.52264646776935
65,Rice,92.2,4.0,0.45775296415065947,0.16235400804435826,0.038627708742154994,0.04858023682903615,94.49560999570207,3.2714986517657,42.620671817917305
66,Rice,82.3,4.0,0.451220909329575,0.17512099859381874,0.038509629412953744,0.05049169767676027,86.63536076326776,0.0,3.813811263059543
67,Cotton,97.57,4.162422297974734,0.4230850649599767,0.1866584075582456,0.03822459502320539,0.0688060391646313,100.0,0.0,4.327250852215762
68,Cotton,17.92,4.0,0.397087853661207,0.22662885822392878,0.04166805975271288,0.07345078603484502,61.541175640392346,0.0,87.54655715786458
69,Cotton,94.71,4.0,0.39505637392548637,0.20589529891765826,0.03981830662152475,0.09946069313511255,97.91889929823347,0.0,98.20914170686841
70,Cotton,58.94,4.0,0.445444010035639,0.15245309301825002,0.04251653247551252,0.08178347029575801,6.859810075647835,0.0,66.52558676414006
71,Groundnut,77.16,4.028403385454024,0.3975940689583836,0.22951532278160225,0.037816826869472304,0.058887919552353084,91.03428489456317,0.0,35.071020647239706
72,Maize,59.89,4.495359062042013,0.3531848350385511,0.30121719525212154,0.039749946832109986,0.05023915073435123,99.78505129457743,0.0,97.59130519925586
73,Maize,6.21,4.091426207467163,0.36514437553310736,0.2637612968113508,0.045981533749942446,0.05342221475364497,93.31885406970729,0.0,100.0
74,Cotton,95.87,1.0199104800123477,0.32579895570265366,0.04715400436677274,0.0390923492275655,0.34578744725215843,76.87914801666923,8.198980294887695,87.6009252389473
75,Cotton,11.01,3.3865646885366756,0.4679566591650081,0.09980834258291404,0.03779684209165885,0.11147016645850856,77.85661629192774,0.0,6.235709831635834
76,Cotton,11.82,3.6556808803301237,0.455982138407777,0.09135219239109221,0.03936983525218023,0.1458113820471594,99.474552957359,0.0,25.72764786795048
77,Cotton,10.74,3.7402767605905236,0.4051987492707928,0.1326267503339221,0.042858357968645046,0.12473035925080164,94.63439077978649,0.0,4.374340330714202
78,Rice,26.67,4.0,0.4332802456545533,0.1288990321166034,0.035403814977416175,0.10271415627317382,100.0,0.0,0.0
79,Rice,32.18,4.0,0.5009665130319472,0.09276088801984195,0.04350461510291853,0.06162159222320106,21.937808115282508,0.0,0.0
80,Rice,30.49,4.0,0.4670634372735419,0.11933647451580812,0.04238100508241371,0.05748138788515082,7.445988679546119,0.0,0.0
81,Maize,88.03,4.0,0.4767735151058463,0.16156405627130677,0.03968387154239819,0.04125398041208814,97.05924925214713,0.0,0.0
82,Maize,34.86,4.0,0.4497164401282012,0.07779174594860112,0.03212995607281389,0.08596219699304762,89.67142518056356,0.0,0.0
83,Cotton,8.67,4.0,0.43466876152523204,0.11426915916076202,0.03286548512117683,0.08272224613372223,98.70206489675516,8.097345132743364,44.66076696165194
84,Cotton,78.77,4.0,0.4539615658173675,0.10548335761463358,0.041938247759822925,0.09584572513496604,91.15527407730946,0.0,64.8921200750469
85,Cotton,98.47,1.480520944917404,0.3484524647074374,0.06231084551964896,0.03918308692434216,0.3167754969993868,98.55668940632579,0.0,5.641069251920515
86,Cotton,98.03,1.292496535339536,0.32710512864711494,0.04649733551406979,0.041520262405740985,0.34409889460176046,99.30442816603966,0.0,94.29683890978679
87,Cotton,27.35,3.4476433712560968,0.42949902096373843,0.10964687188649885,0.038043009746785796,0.135159532054316,99.39168794984916,0.0,9.802646853958674
88,Rice,76.6,4.0,0.556566066845403,0.06708619609540045,0.032473176802542775,0.053383044529032635,51.553398058252434,0.0,0.0
89,Rice,55.26,4.0,0.5307314199717893,0.11620931393322213,0.03619647204455196,0.06068893804240384,99.54158154367438,0.0,0.0
90,Cotton,47.34,4.0,0.5133317696363475,0.054428611993524244,0.03770802675761134,0.10272452273681366,92.04087372269615,0.0,2.743724460011675
91,Cotton,48.28,4.0,0.5280691497848523,0.05175173804424193,0.03265365713215169,0.07966206044699271,84.95670995670996,0.0,50.28622540250447
92,Cotton,48.21,4.0,0.49648572845048383,0.07652452089286046,0.03452119043659361,0.08642431387514213,95.43253712072305,0.0,96.25
93,Cotton,39.19,4.0,0.42683431037292935,0.10262540484605276,0.03637843965791139,0.17442664761356866,0.0,0.0,100.0
94,Cotton,44.29,4.0,0.4664276944863572,0.07989907460555667,0.041575937640274375,0.11831792844516974,0.0,,
95,Cotton,77.19,4.0,0.4822378882227939,0.10200807240709814,0.034521278640944765,0.1134689828589273,58.15106815869785,0.0,76.88617531617967
96,Cotton,62.32,4.0,0.5331085629641844,0.06147580379135205,0.03151962423132391,0.07509014164273307,99.4907682214377,34.065417632683754,100.0
97,Cotton,8.59,4.0,0.5294986412234148,0.12955871365326033,0.03534453603710425,0.048956823980206024,100.0,0.0,18.598626340522955
98,Cotton,71.32,4.0,0.536080383749777,0.13059996547486022,0.040278047672292594,0.05560581970632343,100.0,0.0,0.0
99,Cotton,74.7,4.0,0.5229567682793006,0.10824657881659143,0.04228666869065145,0.07955649242962694,77.87821122740247,0.0,0.0
100,Maize,53.94,4.0,0.5282684276164066,0.1418820068010897,0.037898402394258845,0.04617328497632833,75.49374130737132,0.0,7.355856767145458
101,Cotton,47.26,4.0,0.5252182879548366,0.05019874366807721,0.03690430719129371,0.10432208707071827,84.95068538950183,0.0,21.547954523369945
102,Cotton,42.37,4.0,0.4786667889181528,0.09524684947023145,0.03847635427564578,0.11981345771762315,40.6242279502594,12.923170484492191,54.26471874726619
103,Cotton,99.98,4.0,0.4408527645755917,0.05708248256968386,0.03673470588872305,0.2085709533473475,81.90895095667473,0.0,0.9245639840302585
104,Groundnut,75.36,4.0,0.47389639789327465,0.09212591215292781,0.04368623955797833,0.08785299762605214,84.07124681933843,0.0,23.803251412527306
105,Cotton,98.34,3.961508117759415,0.37974601813965736,0.07431331405171135,0.03946630211359181,0.2216591122314809,96.44977785159654,0.0,94.94249055350245
106,Cotton,98.77,3.8880007027406895,0.3891892514549702,0.05617000829544142,0.04294675822452022,0.25312322147917726,98.53302881236823,0.0,1.0833918950573904
107,Cotton,11.48,3.314053038212571,0.3524233643951039,0.11926565418286146,0.04881267823170925,0.20740678822145983,21.298809772395074,73.15152679085844,100.0
108,Cotton,98.72,2.5294279772493797,0.31484655386797433,0.04806052518597462,0.045284624097717524,0.27653980860152794,99.8972714289294,0.5137774142426258,78.32706295460245
109,Cotton,7.81,4.0,0.43689678062452286,0.07156034025534086,0.038366573380849076,0.16300911966470769,99.05039488529518,0.0,0.0
110,Cotton,97.54,3.480070363411026,0.4093709757843075,0.07072578931972656,0.04136570589451438,0.20989510539156186,98.35685443569342,0.0,0.0
111,Groundnut,44.88,3.898613193403299,0.46951180356399846,0.08426496663952171,0.03443411405930705,0.1254261699186053,100.0,0.02498750624687656,37.29593536565049
112,Maize,67.67,4.0,0.5120021124480608,0.10785577961936416,0.03905113207458006,0.04752015015096357,99.40227136879854,0.0,0.0
113,Rice,84.76,4.0,0.5034706566410517,0.07242742343475429,0.037047733056881596,0.11745393103490624,79.42774936061382,0.0,0.0
114,Groundnut,0.53,4.0272533900558365,0.5404884957674772,0.1166655082905257,0.04286834975517733,0.048011828219180604,97.83834086679076,0.0,94.46085968313395
115,Cotton,61.1,4.0,0.5152504409131714,0.0618740776166941,0.04027536760557906,0.11255513400771743,100.0,0.0,17.03372438508898
116,Groundnut,42.09,4.214822069866146,0.5412151976222235,0.13410102178928984,0.035576676594607615,0.05067743933352428,91.40360129586382,0.6870537518523508,85.69298773311019
117,Cotton,95.19,4.0,0.4783831921917041,0.17479319265076806,0.039161321649376774,0.059125083555893757,98.35922850254487,0.0,100.0
118,Rice,63.75,4.0771620921802185,0.440846045018605,0.24015158436822412,0.039861119958582554,0.04156722058606024,90.22342235703191,0.0,100.0
119,Cotton,93.27,3.916420845624385,0.4454573013919378,0.14771889450177492,0.04302698826581855,0.10334130021535444,19.84922976073417,15.428289311281166,76.63725034835109
120,Cotton,78.41,3.876215036699067,0.465784124887643,0.12506261958143347,0.050039814897444815,0.08819019954943934,100.0,0.0,16.891489783773054
121,Cotton,93.43,1.8173220507715284,0.36576321705501963,0.06509043531095084,0.04156165188220304,0.27075838406301184,99.83131463967699,29.234647239688655,98.60903711077925
122,Groundnut,64.46,4.0,0.5078705739938034,0.1548836775333835,0.043085567992539264,0.0406704236217488,15.960212967930989,0.0,39.2656425627576
123,Cotton,37.56,4.0,0.5199544509881093,0.08376839446938435,0.03633064195705049,0.09566364047901059,84.49185850645704,0.0,100.0
124,Groundnut,0.74,4.0,0.5491771441697096,0.08656521464521877,0.0483184735107368,0.07465778148462102,82.71898156944708,0.0,100.0
125,Groundnut,43.71,4.0845000881678715,0.522889194821529,0.15871362914473103,0.03505374777571604,0.0507167162544744,0.4619996473285135,0.0,62.48294679399728
126,Groundnut,44.21,4.21894566754191,0.3708007498592473,0.20671623572750084,0.04109198311316571,0.08678686530283668,30.539284992930714,0.0,100.0
127,Groundnut,85.6,3.0804268423691172,0.3547394563881331,0.08634925353930292,0.03930451534158212,0.24356802602289693,83.42763016543721,0.0,67.15517899396993
128,Groundnut,71.95,4.0,0.5638276629147139,0.06378695532334801,0.04296029054785908,0.059362931867476314,100.0,0.0,0.0
129,Groundnut,96.68,4.0,0.5368359490121191,0.08352048917230552,0.04874263806267549,0.05356802293645637,97.60825780463242,0.0,0.0
130,Cotton,49.24,4.0,0.5272662481003328,0.12949761492323703,0.040111488777773444,0.04717239674827799,82.90726656867133,0.0,3.2820296577412327
131,Groundnut,80.56,4.0,0.48712288190685543,0.05969650971788841,0.04017234266212346,0.1328675502682647,92.75123558484351,0.0,50.44331855604813
132,Bajra,72.45,4.0,0.5505553392574747,0.0689292835641417,0.04121390035015967,0.0899079068505093,46.108263933376044,0.0,0.0
133,Groundnut,93.17,4.0,0.5720341233341941,0.08751327012245942,0.03828484382041675,0.05671567726009273,3.71001573151547,0.0,0.057870370370370364
134,Groundnut,37.96,4.0,0.5053204720798534,0.07638990057057332,0.037753317389837206,0.12086757363353902,99.88684771033012,0.0,93.47637769041114
135,Cotton,4.12,4.0,0.5120943569154033,0.12740232066857604,0.045138794239326895,0.06849160193123371,45.96020360944007,0.0,13.313002169960706
136,Cotton,53.87,4.0,0.4649817709083673,0.07177813636070743,0.04682190396282804,0.14466597435842798,59.8328809409761,54.99360818152763,71.62264723740132
137,Cotton,99.14,1.6476429816383606,0.3759021988596952,0.05467673040635632,0.04356044150920269,0.26117928046456734,37.511653358193826,0.0,0.0
138,Cotton,99.69,1.1581991089787524,0.3852079769273522,0.04893720728454968,0.0414575881186565,0.26882198723786693,21.65438656614119,0.0,25.650170902065693
139,Groundnut,66.58,4.0,0.4673673596596054,0.09179133208643593,0.03959307519440583,0.06947280183158987,7.428840102716192,0.0,0.0
140,Cotton,52.91,4.0,0.46739888203072694,0.059001809390306914,0.03978301098531434,0.09083627112331509,44.72116946399567,0.0,0.0
141,Maize,63.76,4.0,0.4822506739893839,0.10409737515716173,0.04936414564483446,0.052775613882341324,98.26430274135876,0.0,0.0
142,Groundnut,78.73,4.0,0.46296098643397543,0.18106649253829088,0.045289739733348024,0.04562851202770278,99.61404290061607,0.0,51.45988797290509
143,Cotton,43.63,4.0,0.4270587007952548,0.20716901366134904,0.04060587823520231,0.04740448032914436,96.87308399754758,0.0,72.93901669439506
144,Groundnut,93.1,3.978472578165043,0.4177342584853979,0.07061754156571858,0.03667880484895158,0.13992088614630072,15.351834224207362,0.0,15.803464242839995
145,Groundnut,82.68,4.0,0.5104208004669389,0.13595391821657876,0.04265386887329987,0.05876508979376535,35.11555418269636,0.0,46.213613482162415
146,Cotton,25.85,4.0,0.46786285609156175,0.13336071591365734,0.04239061907405351,0.08217036502177158,83.97525858932377,0.0,99.6937386569873
147,Cotton,99.0,4.0,0.46536105947413753,0.13797943487418657,0.04127184188269778,0.07658597083601205,49.88355845365624,0.0,100.0
148,Cotton,39.26,4.0,0.40913835076186056,0.08952363655526063,0.03616807684481888,0.1673187838721799,82.41300550853153,0.0,99.5424649699743
149,Maize,35.87,4.454634764696562,0.39215969897033837,0.2823003893270061,0.03887658789828069,0.03676905902660042,0.0,,0.0
150,Cotton,14.45,5.337048136355124,0.20182788991588332,0.49597556806455484,0.0398052310336227,0.047481978061181665,60.86814010114253,0.0,100.0
151,Cotton,90.9,4.0,0.5047330339930166,0.07658550167817003,0.03560018647212808,0.08961895047478793,71.28308000925853,0.0,0.9981116806042621
152,Groundnut,54.3,4.0,0.500347655363071,0.07614910182761069,0.036924414582018124,0.07368885446620904,74.26741013168822,0.0,97.00067249495628
153,Cotton,28.41,4.0,0.5074213016118478,0.056157437136311994,0.03642428842184747,0.11804899275510625,100.0,0.0,81.51990662689663
154,Cotton,99.87,4.764975580584073,0.29025911519257885,0.25763014316228716,0.036342186889546824,0.15296795510208502,99.23751619655138,0.0,100.0
155,Bajra,40.1,4.0,0.43950352131652926,0.20153173248474182,0.03711358372246173,0.059785911144375696,100.0,0.0,100.0
156,Groundnut,90.12,4.007335693265662,0.41557578162712655,0.1881437757139722,0.03496229403381597,0.06239429054521953,100.0,0.0,90.60860664477332
157,Groundnut,72.65,4.0,0.477117198826636,0.11134222140980927,0.04078075776433574,0.061900404613268886,97.44357045143634,0.0,4.899110807113541
158,Maize,26.01,4.0,0.4507416050157069,0.16394987402132608,0.03551455192753545,0.04942339780692925,90.75616916607156,0.0,12.586263555701615
159,Cotton,42.42,4.0,0.43579060312719203,0.2041979047964899,0.038048141489277196,0.0428029722451136,43.75234924555659,0.0,3.47397039573054
160,Cotton,4.61,5.08016660667455,0.2734578778470243,0.3605800270445789,0.045327919053819915,0.06804918426720552,67.53740936905436,0.0,99.57719585379162
161,Cotton,17.66,6.0,0.07915347456394782,0.6421639633911902,0.03615029926553354,0.04787080260054867,69.18084799538504,0.0,0.0
162,Cotton,28.26,6.0,0.055144828009073395,0.6801136728921549,0.03638459212545014,0.04534592729331176,70.08375604577091,0.0,70.99404607817756
163,Cotton,97.9,3.072141410421653,0.24573488226344742,0.23353774879863237,0.04230403322797008,0.24305043671723814,74.3656785122445,83.28752331402768,100.0
164,Cotton,12.71,4.611566956106109,0.35098942942518485,0.32180964171341303,0.041570192821344394,0.0646177649879913,33.0080458854457,59.522700814901064,100.0
165,Groundnut,58.09,3.885136433512683,0.4757128322979617,0.08241543327992741,0.043488323203906484,0.14537403344061647,91.84281322059951,32.30463437598075,100.0
166,Groundnut,59.18,4.067624988699034,0.47300372871556096,0.1616734007679066,0.04246538861262257,0.07565629918708516,75.71648133080191,0.0,100.0
167,Groundnut,32.05,4.0,0.4896462290230422,0.12858684148186206,0.039108369249489114,0.06429528944816311,99.39928665290032,0.0,0.0
168,Groundnut,57.13,4.0,0.47754399416439103,0.17782641209645242,0.03876579642518276,0.05961270671709176,84.85372464716328,1.9098084671855156,8.023781963590443
169,Maize,93.79,4.054371785451874,0.39007732788238886,0.17944796963348852,0.05543044386753875,0.10238299995663862,89.05216752387948,0.0,0.0
170,Groundnut,32.23,4.0,0.42329955124747776,0.11978916801830475,0.053408429541111906,0.10173643137434633,100.0,0.0,0.4793486112023114
171,Cotton,27.88,4.157120570537107,0.3517534720350203,0.2024955283125968,0.04200215218583261,0.11913994068164355,97.5261867617562,0.0,0.0
172,Groundnut,46.87,4.069365288128988,0.35028205640026006,0.12108512122617289,0.064645765950215,0.10869863841555912,89.25422572945585,0.0,75.6257023189294
173,Cotton,90.55,1.4018900343642613,0.2314184245530298,0.11331629807629245,0.05415603213450676,0.34010855589980976,74.41924398625429,0.0,84.9177256435321
174,Cotton,47.23,3.7054231250236858,0.3895563455455251,0.13762738104705807,0.04093194888136177,0.14308321979345898,76.23071967256602,0.0,84.80299398679617
175,Cotton,63.38,1.595758354755784,0.3005032086487871,0.07464492046996646,0.03656404460834135,0.2986707020531525,0.0,,
176,Cotton,6.6,2.917971195992486,0.3293834720573681,0.1212652166668091,0.03542127104576109,0.19322875483702942,2.5673137132122728,,0.0
177,Cotton,23.39,4.0,0.42882312106997456,0.09111598712840695,0.0332110728810995,0.12781491044178941,0.12120162756471303,,100.0
178,Cotton,54.97,4.0,0.38253337453337805,0.16521160015902767,0.03646618528118368,0.10996769978170103,0.0,,
179,Cotton,8.81,4.500553846153847,0.2604122666991043,0.2320183621478138,0.03809026007716185,0.18259159795700067,0.0,,0.0
180,Bajra,49.84,4.111172642946143,0.26715764528130653,0.24778108164371296,0.03419657083188324,0.17439152805520688,0.0,,100.0
181,Rice,38.38,4.005466347796379,0.3718883950284763,0.18060110991202577,0.03522132111724638,0.11910516220129971,53.44493793417605,0.0,100.0
182,Rice,27.82,3.8542326844726125,0.30867052609053786,0.17151635459640233,0.03497870827301383,0.19492479032764168,17.43624566168704,0.0,73.8662567255957
183,Rice,38.74,4.686998394863566,0.2858690149046848,0.3436578626844048,0.04118759316283584,0.0908038143038035,68.07784911717498,0.0,72.18632202477114
184,Rice,82.46,4.602646004203931,0.3215897863621815,0.3105757135927705,0.04053436763333501,0.06020477837347375,83.58817953262165,0.0,53.64840906970233
185,Cotton,47.18,5.144912802064597,0.2365665055735641,0.4071084594051975,0.039241732074077024,0.05861347881896962,81.30914209744273,0.0,11.416292974588936
186,Cotton,2.68,4.0,0.5023161853434482,0.13389592808977047,0.03728134617813401,0.0703867655840522,74.09173797166505,89.78309232480534,89.50917756819797
187,Cotton,65.58,4.0,0.5420525012347462,0.12712687298812003,0.03495778204967955,0.06550019890848921,50.30674846625767,0.0,100.0
188,Cotton,12.13,4.0,0.491406299325194,0.14861098357315058,0.03810278784317165,0.06798862075873265,67.65673420738975,0.0,12.686736079674061
189,Cotton,65.28,3.997165491678175,0.5041779325620107,0.0795874826318809,0.03673846563177363,0.07762447724203728,100.0,0.0,0.0
190,Groundnut,72.49,5.192358524570466,0.25362796462216286,0.44006286472935185,0.04203687790145346,0.04680427193244244,26.739156554127106,0.0,10.788311247026844
191,Cotton,63.11,4.0,0.44998496975035207,0.1923889828699138,0.0349131511267887,0.0806793791231056,100.0,0.0,71.76330420969023
192,Bajra,38.29,4.0,0.4771980334054356,0.2004168508270535,0.03619011445917204,0.05548070616174708,88.64037253933536,0.0,41.970723181123006
193,Groundnut,81.94,4.459719735786158,0.4003712828732468,0.290943670553753,0.03772869436493469,0.0439108880329164,80.86610284585471,0.0,78.81303924046064
194,Rice,83.66,4.0,0.5237574888483496,0.10866220965686108,0.04007681794546807,0.06504438542516812,100.0,0.0,87.43279569892474
195,Groundnut,75.29,4.0,0.4897232974875882,0.15878504272961316,0.04148787676099541,0.06300030144054768,100.0,0.0,97.2073757349011
196,Groundnut,84.17,4.210018986417409,0.3724254714188626,0.28685806118355955,0.042510980033477,0.052287239989259215,100.0,0.0,100.0
197,Bajra,88.02,5.9190917812599935,0.1408474560374162,0.5556306127188674,0.04465124472110675,0.04439101160657233,100.0,0.0,100.0
198,Groundnut,53.59,6.0,0.14249305722743305,0.5775286854628764,0.03771178223928505,0.04192973248617308,80.28887000849618,0.0,93.43915343915347
199,Cotton,45.95,4.088199692478817,0.44312663557739856,0.16324401585406348,0.036186057607871004,0.05473271682790028,40.46193607485196,0.0,11.518470391683683
200,Cotton,94.25,1.785818488943489,0.3029726416954281,0.06771683605102649,0.04500736803134844,0.3179192894785933,23.01904176904177,0.0,74.23922494100115
201,Groundnut,57.97,3.900794363969663,0.4906021416285571,0.1441156354046149,0.03567652550232107,0.06799539596921052,95.21943855361057,0.0,40.09940214651011
202,Rice,0.33,4.0,0.404433165070778,0.19353495868478598,0.039761355832113626,0.08696628509337652,61.96966048639537,0.0,19.138549005067357
203,Rice,13.45,4.0,0.4680575272763164,0.18563763092211102,0.041241542986969915,0.04950803416849604,94.34254270319843,0.0,34.983899386353976
204,Groundnut,76.91,4.5223784709829395,0.34853049468757435,0.29713507008591017,0.038058189637899836,0.0662848893403687,83.08587336712115,0.0,62.84516299626035
205,Cotton,98.27,4.594256468581177,0.31595906776313915,0.29956469795389784,0.04083676014903137,0.07326620816856752,5.67529144156952,0.0,71.34164891998783
206,Cotton,73.91,5.56224400570666,0.15450113207227714,0.4997450590274308,0.03911224716428965,0.05331419882471253,64.98688388789176,76.59326424870466,100.0
207,Cotton,10.47,4.153439427712405,0.38234738784677375,0.1719235311538928,0.03922280343847782,0.14353746655369548,90.54481364366804,0.0,0.0
208,Groundnut,53.26,4.0,0.45159327259177734,0.12209464507843279,0.033802355599731417,0.11494908774046361,71.9326451176172,0.0,6.068171949630915
209,Cotton,84.3,4.0,0.4517868884776809,0.16165839547908561,0.041080286104641095,0.09317842079301127,26.325453293550613,0.0,66.52490886998784
210,Cotton,3.6,4.362750782790212,0.3336681402684686,0.19962061680148907,0.0391388313313175,0.14843430963585072,92.84471761567899,0.0,0.0
211,Cotton,79.44,4.0,0.45050081968959754,0.13713617283957633,0.0423916436979592,0.12299711051828593,7.101303911735206,0.0,85.41374474053298
212,Rice,74.9,4.0,0.5064725431459091,0.1098675990526325,0.04850317844011061,0.09404230147536972,50.71034598027744,0.0,27.39473684210527
213,Cotton,98.76,4.0,0.5742832732564166,0.07263903037586474,0.03739702949126156,0.07603041769938036,94.0717775272454,0.0,100.0
214,Groundnut,9.25,4.0,0.5920647102054879,0.07218222439694667,0.030043798276739805,0.06361377461054495,88.08614537031238,0.0,89.45484581497796
215,Groundnut,60.35,4.0,0.5748614600209634,0.07854031920722598,0.03113893005039265,0.06723519417960455,94.78635829086635,0.0,25.607604860838887
216,Cotton,97.84,4.0,0.44813150510700717,0.128443584503879,0.04244720354220884,0.10803929799089747,95.76926765335801,0.0,97.91768660857075
217,Cotton,18.99,3.995718777175731,0.43932941280978216,0.06832607102709673,0.03251665371689549,0.1259321927938762,88.0772403951212,0.0,21.220562760428866
218,Cotton,97.32,4.0,0.3022707085397389,0.23176299251045376,0.04262915005054591,0.13263068592411575,100.0,45.69646569646569,50.95634095634095
219,Cotton,98.64,4.0,0.3307263701010939,0.2500975761730131,0.04136314112002621,0.09969480054107528,100.0,78.55855855855857,31.996996996996995
220,Rice,81.4,4.0,0.48026044475653207,0.12782129153279037,0.04677980840629166,0.06864190490705695,98.63370547581077,1.3579842931937174,66.57095762216197
221,Rice,79.04,4.0,0.4482149038717864,0.14247564587236478,0.03393740732812357,0.06570510708407477,100.0,73.4700547430346,58.043957839692794
222,Rice,8.87,4.0,0.47209748528053963,0.13091226064447475,0.03629242935790365,0.0697143389388718,100.0,10.341237709658762,1.1914401388085596
223,Rice,63.92,4.0,0.5321912600001458,0.12131192831599456,0.03486996156904276,0.0598501621179316,30.36068748487049,0.0,10.083520065186388
224,Rice,45.17,4.0,0.5079871433279782,0.1592611069616798,0.0433333675435681,0.05142319099225476,91.03410341034106,0.0,21.510873093151574
225,Rice,7.3,4.0,0.48666136535906523,0.17907590522247457,0.038851093944190625,0.04710635477405281,43.382597143806045,0.0,58.884039900249384
226,Rice,49.26,4.335590226670592,0.39475281676262736,0.29697539640261095,0.03799659410708094,0.03502075003594918,99.82705328230796,0.0,99.74957648965167
227,Rice,56.36,4.0,0.4969935397776136,0.12066418721193982,0.04489026004434005,0.07777593836190791,62.55528151046099,0.0,99.27511109710363
228,Maize,17.22,4.0,0.47640613716835273,0.1676600415257753,0.0466374934135597,0.06084351519180734,83.60655737704919,0.0,6.281762892610182
229,Groundnut,54.28,4.0,0.4529084716368193,0.21459246364262263,0.033042131001702224,0.04471446156152401,94.04745386429863,0.0,0.7184596225692119
230,Cotton,98.05,2.001830643180854,0.3224454582202469,0.11249162824532351,0.03962915542236026,0.27593806491288203,17.846538521644007,0.0,88.59972810254419
231,Groundnut,55.25,4.399533246614125,0.31635340862895867,0.3186591916176317,0.03751732922798027,0.07585276706856237,45.462544953707244,0.0,32.487059403500126
232,Cotton,19.92,3.9428841479881167,0.37097335657733727,0.1486484837538828,0.03980207968646721,0.1703828588752718,96.42182014582768,0.0,73.54847421009993
233,Rice,9.37,4.0,0.5220222450719824,0.1091384344813867,0.038987083444475955,0.05570371721223531,94.68191601181239,0.0,59.0997541990987
234,Groundnut,46.62,4.273370900158936,0.4159912777961352,0.2497279078057148,0.036885658322281835,0.04996545803370855,89.39459615662477,0.0,81.48575625623003
235,Cotton,96.19,4.0,0.48627533246025106,0.1500138222533794,0.043415770274519205,0.05086932117353394,100.0,0.0,88.59834928054924
236,Groundnut,37.51,4.0,0.5219018779042575,0.15105857922110943,0.03340276368034594,0.05203246585074755,89.19833820587782,0.0,0.0
237,Cotton,7.41,4.0,0.4946959619415023,0.16467132286295424,0.032649718285296205,0.05319123758367345,62.33003300330033,0.11972137570744447,8.081896551724135
238,Cotton,24.44,4.065087804092154,0.38795361276992085,0.2429963928872949,0.03882709122666138,0.06642918958932327,54.45464797808925,0.0,100.0
239,Groundnut,45.26,3.9370945319740493,0.38578478610269296,0.18581029536499574,0.04074357768325468,0.13336188190171303,0.0,,
240,Cotton,52.35,4.598539332106818,0.31043771873473863,0.3230424374355496,0.04608685673842711,0.08738355064544757,56.02386129230082,0.0,12.956810631229235
241,Groundnut,22.32,4.4406518974237645,0.36149019631326457,0.30785723746290694,0.046595756052253474,0.0545971025105713,93.32426277026825,0.0,99.55894877722346
242,Bajra,31.33,4.6891185100140325,0.2886907051818444,0.3427593462494745,0.05258721347374398,0.07291980294438488,58.97435897435897,0.0,47.742773627801235
243,Maize,8.59,5.986533550034826,0.1463414990725659,0.5523153846063741,0.03892811234301418,0.06182019101275495,0.0,,
244,Cotton,25.63,4.088504921634066,0.4178770800911225,0.19338834184337064,0.03545414142349649,0.08842934803015348,56.98111613366567,0.0,35.25608872540823
245,Rice,50.74,3.989790811730557,0.503976331862808,0.05855540581827383,0.037012325027984266,0.11121328545621333,79.0211190071064,0.0,0.0
246,Cotton,95.12,2.46160949509764,0.25378807067623266,0.2451524728924049,0.03885412444663805,0.23103587997400854,0.0,,
247,Cotton,13.39,3.8533439968009597,0.4780716929891182,0.059065998482905106,0.04286059271653033,0.14036071815633622,100.0,0.0,0.0
248,Cotton,99.28,4.0,0.49007543040921914,0.05033807397520988,0.04451683912687635,0.1394406281010132,100.0,0.0,0.0
249,Groundnut,26.79,4.0,0.5495549503605212,0.0595857152733199,0.031624701691507946,0.07978566938306898,100.0,0.0,0.0
250,Cotton,56.54,4.0,0.5161453286240515,0.09970698130651323,0.035701922531454655,0.07803107198389674,45.733788395904426,0.0,0.0
251,Groundnut,42.02,4.0,0.5529825902480495,0.074377740721887,0.03417881423651514,0.06746472626775245,100.0,0.0,42.02948709074548
252,Groundnut,23.65,4.022330726943695,0.5404666600270611,0.11565808419970007,0.03435616628684085,0.05316322004625642,74.6064806910916,0.0,0.5371900826446281
253,Cotton,99.32,2.255233853006681,0.34091239566426423,0.05739589282769843,0.03562017379473399,0.3049697356387815,100.0,0.0,0.6137094778520167
254,Groundnut,15.42,4.0,0.5085197168827156,0.05995290692238221,0.03249697615476354,0.08982712289467401,99.84145072585841,0.0,0.0
255,Bajra,43.2,4.0,0.36926902205158096,0.19447287101004068,0.047192311036677065,0.10338662152379749,98.34864087577698,0.0,48.631598478523046
256,Cotton,20.23,4.0,0.4165204740136042,0.13277838729640423,0.045487994314917075,0.1102189188927053,92.01475534338721,0.0,0.4461664905483151
257,Cotton,20.02,3.320916905444126,0.39164066235645556,0.07794297779028216,0.03942751379700991,0.2117520218971061,100.0,0.0,0.0
258,Groundnut,13.79,3.8266022142523,0.4041216229599248,0.16940534353810668,0.044741245854984915,0.10315339033756105,100.0,0.0,89.78637143302666
259,Rice,38.27,4.0,0.49563558539358277,0.07649976137210081,0.038531198126015034,0.09465473907850899,99.43908045977014,0.0,0.0
260,Groundnut,18.68,3.801374358182451,0.5149169282899901,0.07347727865659742,0.03513126740986606,0.10481949447950559,88.73296529359537,88.64506914237487,91.08933597414784
261,Groundnut,94.99,4.0,0.473862958593464,0.13605830176712017,0.0429639709767624,0.08060069734008576,94.06252775557333,0.0712758374910905,0.0
262,Groundnut,65.37,4.0,0.4879673311849975,0.13772058149429275,0.03934741202370548,0.05977965328150393,87.23374400134716,0.0,1.2153607262302915
263,Maize,58.64,4.0,0.4699435928083873,0.16234465402317644,0.03624773788753672,0.05434338368965333,93.92883585209704,0.0,0.0
264,Cotton,14.39,4.0,0.4194102438220351,0.16627146209162616,0.03873312402558042,0.12783025656542632,75.25646286417728,0.0,0.0
265,Cotton,27.82,4.0,0.41308426970906015,0.19118886840204805,0.03767104460839895,0.10290300354373526,0.0,,0.0
266,Groundnut,53.92,4.559728990847497,0.34197594198052833,0.3234583951885892,0.039980800114091046,0.05710662512553311,84.26245096873883,0.0,93.10825362640146
267,Cotton,92.89,2.840708112815703,0.41410175490524365,0.0565206554652194,0.039146791796836874,0.22933852423330875,9.866349567897096,0.0,61.08266970041716
268,Cotton,98.6,3.675675675675676,0.42453635155524894,0.05114020203426756,0.04038868929468851,0.1407224689841651,100.0,0.0,98.8340110021526
269,Cotton,23.08,3.909128695381098,0.45059945144032715,0.06292673617086375,0.037121835546666856,0.12421716165007896,26.798981659479395,0.0,74.99111269107715
270,Maize,21.88,4.0,0.5141216525448288,0.11476436920271355,0.0433267000936141,0.061643029237011565,91.22264743401045,0.0,4.952473674771336
271,Groundnut,74.55,4.0,0.49824428189911296,0.08852916606718014,0.038275170603742276,0.0705116840790201,93.6639704838938,0.0,0.0
272,Groundnut,21.57,4.0,0.5213853348905787,0.16515407537382115,0.03691283815732026,0.04221593184853014,89.57552817581397,0.0,2.7919906530760246
273,Rice,70.98,4.009574604806581,0.47103846518049686,0.1866891698227351,0.0374484818077276,0.044602142913107254,96.19907466906567,0.0,4.95198275298883
274,Maize,57.41,4.016661326497917,0.4756476592877332,0.1971431687909064,0.042431325878275,0.03927858261300805,92.74911887215639,0.0,98.23549488054611
275,Cotton,45.51,3.7153531218014324,0.4535750945002835,0.11736931639095284,0.03770584285753385,0.12834255717374343,4.032753326509721,0.0,100.0
276,Bajra,15.7,3.9909549065780494,0.5091681175791815,0.15222198527786962,0.03695319559573921,0.055174971403103894,76.00079227095665,0.0,97.23915855042628
277,Groundnut,60.61,4.0,0.521877467049568,0.1286043842206937,0.03755531667776333,0.05891214045637537,86.69708161344049,0.0,100.0
278,Cotton,31.4,4.0,0.49958011430301486,0.11830534638825717,0.04691566120880878,0.08086295636650584,41.978152634316714,0.0,78.97774113767521
279,Groundnut,37.2,3.9976152623211445,0.460030315385673,0.20826294654862113,0.034491318878063434,0.055104396140863036,98.08964562285244,0.0,28.146812620734057
280,Groundnut,18.16,3.459096882981625,0.4020322992489159,0.12106569307952464,0.058414088974691275,0.14427634341063394,97.42356237756343,3.836368674273911,89.07088884470075
281,Groundnut,35.78,4.0,0.4411872223993394,0.18958222770709673,0.03972103926067102,0.05059605166663703,25.66549731737515,7.043051359516616,86.25363020329141
282,Groundnut,64.07,4.0,0.46900971102367095,0.16371206214866466,0.03711200943452853,0.04838343149769985,86.67304625199361,0.0,25.360308545909728
283,Groundnut,93.4,4.0,0.45638330148054485,0.1590101501735889,0.03653944781447477,0.06611970936564489,100.0,0.0,4.351474466554783
284,Groundnut,13.39,4.0,0.43649826681325476,0.23095076192251518,0.03761737214931823,0.050630004540998745,8.113944024582675,0.0,100.0
285,Groundnut,18.11,4.0,0.46225206700597304,0.18890772421932803,0.04043976134975668,0.06382717201205351,2.098225548734337,0.0,67.38882554161914
286,Cotton,15.19,4.0,0.5239663918813487,0.12302911471416882,0.03316373647731473,0.06108426792209628,83.82042917693003,0.0,52.09464701318851
287,Cotton,98.61,4.0,0.5151262919822214,0.11733837167213618,0.03802243867727218,0.06262032084625559,87.90408324850132,0.0,42.65958203857012
288,Cotton,30.83,4.0,0.515888379825092,0.14435595110377591,0.037379723601331946,0.051961553016660375,55.19410496046011,0.0,0.0
289,Cotton,62.86,4.0,0.4126544567651235,0.08710734217621162,0.03925248647944235,0.1545677826800645,2.7332628325063046,0.0,18.154937906564165
290,Cotton,98.64,3.626689516017579,0.37270835993689294,0.06280494374852637,0.04252455917411838,0.23260437489179886,100.0,0.0,47.47505458967906
291,Cotton,35.37,4.0,0.4274082529128929,0.06809610874812562,0.03614114339264602,0.14317214935647446,94.19909360837629,0.0,1.9064939951710511
292,Cotton,99.33,4.0,0.39064498728212826,0.05959696746508996,0.03946923105777808,0.2476368577359092,82.85479660967238,0.0,15.310187820147979
293,Groundnut,87.75,4.0465531447404555,0.46065401190836097,0.17582081067721225,0.03765883438358516,0.06274075062866957,95.82532271354023,0.0,15.401195939368653
294,Cotton,97.27,1.0276364415403567,0.23605522985869248,0.05653499424380161,0.03927790045476258,0.4308001441508746,74.21669969471372,0.0,12.206785137318256
295,Groundnut,77.13,3.8923233134194426,0.5131504832877147,0.05693837038972648,0.03196708265655605,0.10633603610571565,5.039080025502373,0.0,67.19355800775425
296,Cotton,34.77,4.0,0.5319555030108993,0.08583088942709328,0.03051197752066384,0.073591129425186,75.9578160459218,0.0,88.23529411764709
297,Groundnut,60.81,3.910828496432402,0.4896368924213531,0.1274184212623319,0.03502588109266536,0.06970273706404082,93.40456209102,0.0,93.68653592744748
298,Rice,65.44,4.0,0.49527095241671143,0.13568431336617226,0.03568419020451222,0.0705152419126452,0.0,0.0,0.0
299,Cotton,1.9,4.0,0.4391364885780329,0.20813622883536034,0.04038618170787142,0.06424075225242835,65.78947368421052,0.0,21.257764828761466
300,Cotton,20.71,4.0,0.4141859552901367,0.2619662508562834,0.04304492863246113,0.04761939022792239,73.88922439823996,0.0,81.4982910293046
301,Rice,43.87,4.0,0.4297687388444691,0.2514514736526939,0.03550806245265935,0.037697529760157444,69.09959072305594,0.0,5.302053793933144
302,Bajra,44.32,4.0,0.32247999204638456,0.33265033439249503,0.03572195113944546,0.06667294840840485,41.62756315484991,0.0,44.58641560188299
303,Cotton,57.21,5.419859578736208,0.22378552150633518,0.46279475693420463,0.03798630052290992,0.061403750209639896,83.77131394182548,0.0,0.0
304,Cotton,8.21,5.996600016190397,0.10312830846159717,0.5793907251368849,0.039375826824707735,0.06636132786271166,54.233789362907764,0.0,63.605649030339876
305,Rice,7.95,4.821730227796263,0.29054831254512636,0.40897751151943096,0.04196389117180427,0.042938747884997096,95.59124648067568,0.0,0.0
306,Cotton,50.23,4.0036791170119175,0.4029014012284836,0.25438436730598885,0.03816685292702004,0.0541405205555023,72.2946492841718,0.0,11.355785837651123
307,Groundnut,2.23,3.8107999679049978,0.36265908378172224,0.19305476275267658,0.04056964925335483,0.14282536541728277,33.27449249779346,0.0,2.2651372150428344
308,Groundnut,52.77,3.6967899511514304,0.29667728382786496,0.18964076075453587,0.03498223022615149,0.15937280954447997,14.054431263084439,0.0,0.0
309,Groundnut,43.65,4.052825901732462,0.43229020513056604,0.21076403845586827,0.04990778588094397,0.06558276913979179,99.74439079806872,0.0,84.07270661743823
310,Rice,50.91,4.000222370469202,0.44016846713609953,0.2090169653533088,0.04029608232095561,0.07581172745877043,49.51634422948635,0.0,29.480955937266625
311,Cotton,63.2,5.119610705596108,0.2911277009424224,0.36225008321816105,0.03620968620478652,0.07986802135825888,12.875912408759124,0.0,74.35451116913258
312,Bajra,80.43,4.191456601117417,0.37688949411433664,0.26585573385142697,0.05503787308787429,0.06113963436834687,29.76991773349171,0.0,65.37665814774248
313,Cotton,10.63,4.0,0.4321709209577591,0.2320450488101624,0.03684972564888962,0.06313433895547522,93.92256509666258,0.0,13.109576575129806
314,Cotton,23.83,4.209108304630693,0.36653922795308147,0.3119074531150072,0.035354067777824766,0.054630243558202465,87.85559382574307,0.0,80.57822848819633
315,Groundnut,18.25,4.0,0.43357312750294685,0.25518506622959813,0.03680786241246476,0.05581593685729378,98.03708653524887,0.0,27.862178949135465
316,Cotton,73.04,4.0,0.388514974329533,0.29419497039341086,0.03883878278888059,0.061383369674302087,100.0,0.0,41.87506766266104
317,Groundnut,61.51,4.0,0.5251705809074703,0.15083217619206893,0.03895587108280713,0.0492156707883703,97.22849642878947,0.0,12.168920170401929
318,Maize,62.35,4.0,0.497890265845629,0.17789733612737052,0.03566171809979421,0.05645090571031697,94.79522932561599,0.0,82.92503899440311
319,Cotton,12.83,4.0,0.5321602208537987,0.08401951934555148,0.05609024828622428,0.08585610581873554,97.22933921229819,0.0,95.91185501836355
320,Cotton,98.88,2.0998141467147695,0.34046367610763556,0.051087651749285964,0.04331840282087981,0.2960070419282638,96.12987864873728,18.106732038468785,92.8375260902999
321,Cotton,48.53,3.0215739896687928,0.3824162129920711,0.0856063498523933,0.042697255798805775,0.19818528533631166,99.91897093082143,0.0,100.0
322,Cotton,6.06,3.2889805933526666,0.3701815761029616,0.12233570094370622,0.03476539233806119,0.16644580807270437,100.0,0.0,57.5953602498327
323,Bajra,42.77,4.107027724049001,0.44443663705734276,0.1933800184597082,0.04755610790269456,0.04912176099801565,50.02746137497911,0.0,38.327704868977904
324,Maize,83.69,4.061835218639203,0.4234870222906662,0.2083809105057489,0.04663372169540025,0.05007896842641037,100.0,0.0,64.40148573358097
325,Cotton,66.93,3.974101457327236,0.40882958247750895,0.07142596787185715,0.042640255169698174,0.1913187454269682,87.67468695243386,0.0,19.8620936688457
326,Maize,76.5,4.0,0.47866451679115996,0.13308120615834304,0.04127519601283516,0.05901389170278848,99.30932412432168,0.0,100.0
327,Groundnut,28.67,3.9995730752810585,0.5318025664745787,0.11518335405525672,0.03846078753011979,0.05270695859067206,100.0,0.0,16.81229543190551
328,Rice,73.38,4.0,0.5455601310478994,0.14142638287182535,0.0409023776738237,0.035030005469653416,100.0,0.0,83.63524279210924
329,Bajra,42.9,4.010071447017303,0.5551268732239029,0.13113959660952018,0.03861690110688442,0.03977298177568029,81.95317207540675,0.0,92.01490042504419
330,Groundnut,53.25,4.0,0.6043245150003648,0.07114593449823403,0.039877135317861606,0.048578006025406684,97.72108566305326,0.0,98.81104033970279
331,Groundnut,51.78,4.0,0.583307151581639,0.10080863205866078,0.03671290399136353,0.04647864510786922,99.29308020260174,0.0,99.57366177167218
332,Bajra,42.4,4.0,0.4737684512716486,0.17648125715770926,0.04006464563269781,0.046494785953926004,4.257414906424428,0.0,0.0
333,Bajra,45.87,4.0,0.4406309239669723,0.18832621677500247,0.04128945233569414,0.06127085666150162,0.0,,
334,Cotton,14.63,4.0,0.45598134065297813,0.192845755842947,0.03410158752662715,0.05298420537281849,2.6419259157066977,0.0,0.0
335,Rice,52.74,4.0,0.428843949520658,0.18518343946365792,0.035836318182405305,0.09063418224208612,0.5656794213907633,0.0,100.0
336,Groundnut,0.06,4.151595043501186,0.38272235943277644,0.2749906284170576,0.0397024954199557,0.05912982792338304,0.0,,
337,Groundnut,41.89,4.0,0.4432474860649084,0.1919573222019225,0.036180164188997097,0.06360920582702412,20.789101203113944,2.4256651017214397,67.1500920810313
338,Groundnut,33.32,4.0,0.5248671629897886,0.09423880396003646,0.04487676535100597,0.07638347255746315,99.7908496732026,40.3938520653218,81.37280586848307
339,Groundnut,0.58,3.930933104165724,0.500461612091968,0.06244506747665398,0.02947731058278558,0.10893242984606163,98.22244334886253,0.0,26.748990084465667
340,Rice,69.99,2.8405141431651932,0.4530493832395677,0.06438343295965122,0.04734068640680149,0.17702051940311744,75.17229715445436,0.0,84.96778811739439
341,Groundnut,20.78,4.0,0.5098778493155318,0.14569399276932693,0.0388263235247219,0.06100153596637838,72.46343281663708,0.0,0.0
342,Cotton,14.65,4.0,0.5239135773115677,0.13812214709323847,0.03797917399340249,0.0666284770169023,100.0,0.0,34.60079942605309
343,Groundnut,21.38,4.0,0.4773584367928856,0.19489827445262067,0.03615061573468905,0.057970749680613116,95.4785109442403,0.0,99.7739930583582
344,Cotton,97.41,4.0,0.40502336836639263,0.08685491425611754,0.04511009722948251,0.20307751520836803,0.0,,
345,Bajra,2.28,4.0,0.49808468745746703,0.13614335697851515,0.04123757633192497,0.054055446639540025,7.481246198553761,0.0,100.0
346,Bajra,39.53,4.0,0.4988311808519261,0.15243106733592154,0.03810905583786638,0.04008503977410395,4.041591652276151,0.0,100.0
347,Groundnut,6.0,4.283310782987234,0.3889165095474214,0.19616917141068932,0.04209319517461746,0.09036130603698486,20.60121183599035,0.0,48.46076627070438
348,Bajra,9.09,4.0,0.49337683710808444,0.15718931053120602,0.0372805107795263,0.04653868937894838,8.448706692780439,0.0,24.070138150903297
349,Rice,39.42,4.0,0.5107600730139646,0.09293852317705574,0.036929932944252716,0.08802942535465538,73.38036012622983,0.0,0.0
350,Groundnut,79.86,3.989795918367347,0.43076563020174924,0.08200795407860327,0.04608866529555768,0.1484597396389412,100.0,0.0,100.0
351,Cotton,4.59,4.0,0.4585134906898722,0.12087780608652977,0.0346226010777592,0.08595970325121305,91.90241370360758,0.0,88.40997703359506
352,Groundnut,19.42,4.0,0.44068195588222014,0.08728745452773429,0.03681462008524777,0.14522367233997574,0.0,,
353,Groundnut,45.36,3.8025638437468454,0.46993754143641453,0.06793991504406967,0.028335211187554502,0.13092310208719038,66.06439890986171,0.0,85.08332104409381
354,Bajra,9.69,4.0,0.40539941694780524,0.15866525215101096,0.033937908668949905,0.1088578259720335,96.91392452128648,0.0,0.0
355,Groundnut,31.08,4.0,0.42279122808612163,0.10338470694424852,0.034643060284056434,0.15150269445805908,82.37614834019051,0.0,0.0
356,Groundnut,73.53,3.990529616941118,0.43861143121134993,0.06237347479827614,0.032857479322690016,0.0738959886135987,62.977529834294174,0.0,96.48541299544071
357,Groundnut,59.26,4.0,0.48962064910878983,0.05266093484257058,0.03259746788782515,0.07963861669565525,69.79408293655639,0.0,100.0
358,Groundnut,65.96,3.9504319654427644,0.34904501388697595,0.05509850583354368,0.032202906730403665,0.22094645991768888,43.473722102231825,0.0,100.0
359,Groundnut,73.15,3.93123153974573,0.42418787571285144,0.08408626461092952,0.03481745606130321,0.20216348816187713,94.77012970335173,0.0,3.788706739526411
360,Cotton,2.74,4.0,0.4325512847958497,0.17659735886775244,0.0395250810578418,0.11255738815184807,0.0,,
361,Groundnut,32.34,4.0,0.4313575874119074,0.19538356052626082,0.03895014087681027,0.06533968347334647,50.70161235917154,0.0,0.0
362,Groundnut,23.21,4.0,0.4537270788236137,0.1269054917328367,0.038294775167763855,0.08132085044237673,2.631367184356641,0.0,0.0
363,Cotton,32.95,4.0,0.4051605665509635,0.1310412963561001,0.039634070610388414,0.12882780947560055,0.0,,
364,Groundnut,91.04,3.9301377310619796,0.3576777604702026,0.13193579679407064,0.03388035749001468,0.17916742451613732,0.0,,
365,Bajra,31.63,4.0,0.3588524439467641,0.21246549338567586,0.039913432674074205,0.09189985367865906,38.783477785586,0.0,100.0
366,Groundnut,24.66,4.0,0.43752138337111035,0.1557838579204766,0.03768666506002372,0.08219810197356549,17.887202977383343,0.0,0.0
367,Bajra,40.03,4.0,0.4214912918316521,0.16679833402811736,0.037744212126209896,0.09646292322005003,34.59063282087952,0.0,0.0
368,Groundnut,38.93,4.367716682199441,0.3222261303088787,0.28029375329343986,0.03659079758982377,0.10278906278588198,59.67940354147252,0.0,0.0
369,Cotton,21.63,5.900864553314122,0.3046366925642198,0.3634999467266258,0.04097185738515621,0.0671633617303666,25.302593659942364,77.16077026421854,97.21570926143025
370,Cotton,16.29,4.081582579358995,0.3864844532467015,0.23736502708930896,0.03869346244978121,0.09073242255742697,0.0,,0.0
371,Cotton,34.34,4.005486430880767,0.36703590332154423,0.18707394462664453,0.03922994007421936,0.16227797196631316,0.21063975702948956,0.0,0.0
372,Cotton,7.61,4.0,0.35475847239580643,0.11073784783508517,0.038997352162991765,0.2335053099819958,22.898997686969928,0.0,100.0
373,Groundnut,39.68,4.02224141199267,0.5017964977092977,0.1391113846442905,0.04151649218258887,0.054951415432180996,81.49918911518778,0.0,0.0
374,Groundnut,44.03,4.0,0.5140418017629038,0.09720745771235054,0.037120100035481225,0.07473863094638351,73.68805037886546,0.0,18.948388660043616
375,Rice,22.79,4.0,0.46994780054817265,0.19551200627579407,0.03394137137711216,0.047148750293617,82.14302913556466,0.0,78.79333633498426
376,Cotton,3.1,4.0,0.5277812655710507,0.12550390653334095,0.03711334184840965,0.06290621019847643,92.10055466094111,0.0,75.11579329761146
377,Rice,5.41,3.99083152935184,0.41998338403604396,0.14355370335544293,0.03672308463512207,0.12884928355821093,28.746975678084805,0.0,0.0
378,Cotton,80.38,4.0,0.4174187306738075,0.1159554041994842,0.037777245999432676,0.1652368391030985,94.59156356269443,0.0,0.0
379,Cotton,34.22,4.0,0.38374887173054406,0.127346472218968,0.03592923964818572,0.18091309807299763,0.0,,
380,Cotton,78.94,4.0,0.4006064956560369,0.17570900888677546,0.034294658346825484,0.09542151187199156,78.25230955626229,0.0,95.49849949983329
381,Groundnut,19.37,4.0,0.42816173259753654,0.2052101991832596,0.0357129555851644,0.06670258045101315,54.43727478421186,0.0,0.0
382,Cotton,12.19,4.0,0.39339089038664243,0.1578127843350152,0.03834154026883128,0.129943184911457,21.235240690281564,0.0,0.0
383,Cotton,56.73,4.023329798515376,0.28378627633922043,0.17480921089369844,0.033613343629088965,0.19691946122746537,30.57617532697066,,0.0
384,Cotton,56.73,3.414293112377007,0.32556244919892696,0.13935713916572462,0.03802610802306514,0.17938006936882414,0.0,0.0,100.0
385,Cotton,64.59,3.7808,0.316758381228449,0.13375372512725492,0.034434812861608544,0.20626539736184185,0.0,0.0,100.0
386,Rice,0.73,6.0,0.21508309998654684,0.349356481266159,0.03506160457988108,0.11610179300600336,59.38375350140056,0.0,0.0
387,Rice,0.03,5.470335954253037,0.24957860364311377,0.31348587497897656,0.032630993019802934,0.12477583643434001,100.0,0.0,0.0
388,Cotton,51.92,4.0,0.3017321640471486,0.24336714858358566,0.032412808537247643,0.15136821400706266,100.0,0.0,0.0
389,Cotton,51.92,4.641078838174275,0.2583633847565613,0.28819384690124006,0.03381500573679715,0.12915012044043528,73.73443983402493,0.0,0.0
390,Cotton,76.49,4.0,0.3428671331035125,0.21842362210720614,0.04111861284374022,0.12638257917458023,71.58796895213455,0.0,0.0
391,Cotton,51.92,4.0,0.3514857523487723,0.21865755201838732,0.04392559624885253,0.11774426009732032,59.35552786184796,0.0,0.0
392,Cotton,51.92,4.0,0.3173344844717735,0.2063790164086878,0.03819076599840548,0.14875816664309124,13.553016210470368,0.0,0.0
393,Cotton,51.92,4.0,0.3189746529103525,0.15724052811414915,0.03872402180902065,0.18931542361113943,0.0,,
394,Cotton,51.92,4.0,0.32849175114922524,0.1080062001364413,0.033754390265516014,0.22964307189772057,13.70716510903427,,0.0
395,Cotton,51.92,4.0,0.3269595388374703,0.10891012225165306,0.032734727668735884,0.2317958745867002,0.0,,0.0
396,Cotton,51.92,4.0,0.32281609435208575,0.1878782975241725,0.03778383810997202,0.1860423785988095,0.0,,
397,Cotton,51.92,4.0,0.2979281397441399,0.24099617414552935,0.03619696385305891,0.15885857547988388,0.0,,
398,Cotton,51.92,3.9384057971014492,0.30170157772702255,0.15001838891446242,0.03977325491627529,0.2250498628326491,0.0,,
399,Cotton,51.92,3.308446866485014,0.2810001751085909,0.18593579995123202,0.03934021253498494,0.20870403436578885,0.0,,
400,Cotton,51.92,3.3320568927789935,0.270593443893576,0.2140579003261622,0.036871066784788804,0.19594726687697842,0.0,,
401,Cotton,51.92,3.5898046688899474,0.28097173549934135,0.22598955086080583,0.036193262657333435,0.18780306880559408,0.0,,
402,Cotton,51.92,3.1162266580811333,0.3023967816060452,0.14959500239668316,0.03570801274126385,0.2124287178497104,25.402446877012224,0.0,0.0
403,Cotton,51.92,3.217105263157895,0.31255510795796854,0.1383428555377219,0.03494722627433463,0.21948232464410622,0.0,,0.0
404,Cotton,51.92,3.0116459627329193,0.3027897006564344,0.1269472956034479,0.033522374783635345,0.2587945391295533,0.0,,
405,Cotton,51.92,2.960460100647017,0.3090287232797126,0.1125331564550807,0.03480281498862965,0.27028543570287805,0.0,,
406,Cotton,51.92,3.967352941176469,0.29368903401474694,0.16489675960781086,0.038945940553938074,0.20522371217340157,40.61764705882353,0.0,0.0
407,Cotton,31.79,1.3036585365853661,0.2524282387399497,0.1510386495893808,0.03267197165256415,0.26789723925592207,97.94715447154474,0.0,0.0
408,Cotton,8.81,1.0,0.13717804243241127,0.08448773772191101,0.02659174529772208,0.49953711076493185,0.0,,
409,Cotton,76.49,3.7018108651911468,0.28305435867687795,0.17181036046860737,0.04055220608794369,0.22515544305804752,0.0,,
410,Cotton,8.81,1.4041218637992832,0.22040043076423937,0.12645622943491142,0.04456282478263864,0.3439498642405617,0.0,,
411,Cotton,51.92,1.1348314606741572,0.2346186950266677,0.10442760931457055,0.03659337789703656,0.3573168481870505,0.0,,
412,Cotton,51.92,4.0,0.34006616983785404,0.19720960686716524,0.04391257481839126,0.13284024115576534,0.0,,
413,Cotton,51.92,4.0,0.35606543310766,0.1959362144993595,0.04123763671899451,0.1352490506722399,0.0,,
414,Cotton,51.92,4.0,0.3321674206098801,0.18878671270447503,0.04206985041563234,0.1636280966996967,0.0,,
415,Maize,36.87,4.0,0.3280494854715184,0.16693200234389594,0.04325016744514591,0.19324696233444788,0.0,,
416,Cotton,51.92,4.0,0.33591648844107125,0.22159239717862445,0.03435557046753747,0.14447249929340839,0.0,,
417,Cotton,51.92,4.0,0.33064192722545216,0.223853544918577,0.037130915252365726,0.14682326329545056,0.0,,
418,Rice,96.3,4.0,0.3137595087001995,0.16129830521678537,0.047311580151878405,0.20085254995396354,0.0,,
419,Cotton,51.92,4.0,0.34401380149830146,0.1297228648183416,0.04802233865238154,0.18987272751232,0.0,,
420,Maize,23.54,5.535616853591997,0.2712314436996242,0.294453292143953,0.05248418999389482,0.10144124131366547,52.8645043952713,0.0,0.0
421,Groundnut,17.4,5.916045291355979,0.25421862278036234,0.32554964055057073,0.06057639585378051,0.10066694312440105,23.612261806130903,0.0,0.0
422,Bajra,75.0,5.124534546959042,0.2830967879538554,0.25888258463619285,0.05621059509901547,0.1296115412609951,4.49593159564198,0.0,0.0
423,Maize,40.23,4.988095238095237,0.2788415027191709,0.2713527113737819,0.060585754932541806,0.13442584655754977,0.0,,
424,Groundnut,53.27,4.0,0.3008981421229957,0.21856072078127536,0.06437170548032344,0.15207335061712077,0.0,,
425,Cotton,85.47,4.0,0.36045423417639555,0.1247243178293932,0.06013332199596469,0.19122074424174793,8.774345858744836,0.0,0.0
426,Groundnut,94.74,4.0,0.3287115721683024,0.16165651105209278,0.06752627522086543,0.18138653647542416,2.3782980304719437,0.0,0.0
427,Groundnut,64.22,4.0,0.3629729329278821,0.1873931521262785,0.06017024642905134,0.11824200942386939,0.0,,
428,Groundnut,50.18,3.173084972791963,0.3014039436759588,0.19099620135791973,0.06768342427121825,0.16639548967766563,0.0,,
429,Cotton,83.62,4.0,0.37958955951438056,0.08690945876058873,0.050197348006994484,0.20251081954558608,0.0,,
430,Cotton,76.49,4.0,0.3778722431876835,0.08507923588706236,0.05561274651301026,0.19392302404769435,0.0,,
431,Cotton,21.8,3.961558175294721,0.3570045390383768,0.0896380165914529,0.051562016264673084,0.22243150707140097,0.0,,
432,Bajra,98.05,4.0,0.36413582356482926,0.1487916421665617,0.03575169755481046,0.16454616566633234,8.131377551020408,0.0,0.0
433,Groundnut,18.48,4.0,0.3863779488386472,0.12105144092229234,0.03508677509951606,0.1478982943270845,0.0,,0.0
434,Cotton,77.19,3.098587404355503,0.3151101681609044,0.0804802995818845,0.03794746903534469,0.24893837082545556,0.0,,
435,Bajra,99.92,1.0,0.22766729463576377,0.07476192324190109,0.03827196635685741,0.3743231395858488,0.0,,
436,Cotton,25.3,4.0,0.3679894720815964,0.08638625043455594,0.04258996418216222,0.2306079979096912,0.0,,
437,Cotton,56.73,4.0,0.4004571336947777,0.07772074136828107,0.04468399771763005,0.1803451167390626,0.0,,
438,Cotton,69.53,3.763473053892216,0.3570186150505145,0.0649175072449663,0.04822880340506963,0.2300820343429881,0.0,,
439,Maize,73.33,4.0,0.3137357105114122,0.141800211340444,0.05139604044162774,0.19538324769077703,0.0,,
440,Cotton,18.16,3.8173788493673912,0.3117796276443493,0.13983329921510754,0.053118315530994484,0.19839824211114582,0.0,,0.0
441,Groundnut,99.85,3.7896253602305476,0.3222728357589951,0.10191622270371867,0.053315160625411896,0.2357382779418194,0.0,,
442,Groundnut,32.79,5.325223435948361,0.2759169181098226,0.3187068213509262,0.06457446788041937,0.07610667280053002,98.33664349553126,0.0,98.46000993541975
443,Bajra,79.08,4.0,0.3120715750061563,0.18083629597542117,0.04912502769393397,0.16754210799142613,0.0,,
444,Rice,0.81,1.3617491166077735,0.23498958672785283,0.09814292067101998,0.03400327004433664,0.34570586960683314,0.1177856301531213,,0.0
445,Rice,33.32,3.2868087941372415,0.31059149042260786,0.06795496939264478,0.03675696702824803,0.2948672809809038,13.968465467466132,,0.0
446,Cotton,8.81,1.9386376645678303,0.25636971314197915,0.08095697951982887,0.034158500116916124,0.348884448759246,0.0,,
447,Cotton,22.24,1.0,0.23206431102586184,0.0807413727031974,0.03173218344573295,0.3850934308770615,0.0,,
448,Cotton,22.24,1.0,0.21193960373342124,0.08712697859464141,0.034687173467522675,0.3972333245247786,0.0,,
449,Cotton,22.24,3.8690186536901874,0.15816821148600804,0.28280763076262894,0.0346168025251552,0.27018110113839644,4.6228710462287115,0.0,0.0
450,Cotton,22.24,1.0,0.17999047441906468,0.20111608578623735,0.033864842223160385,0.32333966783299517,0.0,0.0,0.0
451,Cotton,22.24,5.913575042158518,0.1300426899102316,0.43513722720642944,0.03807176652190193,0.14927365084410554,88.65935919055653,0.0,0.0
452,Rice,0.65,5.944517399868681,0.21947540241780292,0.2831969319552053,0.037178740112012186,0.18235363024340603,0.0,,
453,Cotton,5.9,1.9300742574257428,0.2455791973022182,0.2126893993814625,0.0343229824946008,0.23423899129118322,0.0,,
454,Bajra,54.77,4.0,0.35996210686731994,0.1613894916582381,0.036721293782168735,0.16811140207683883,45.625443367226296,0.0,0.0
455,Bajra,43.65,4.00197109067017,0.33175195883409153,0.1894116110520941,0.03888470361690223,0.17216387267363628,0.0,,
456,Cotton,43.37,3.941124521636738,0.32221469342854137,0.1343929270762229,0.036623356470101176,0.24777810823965143,0.0,,
457,Cotton,22.24,4.0,0.3210431993417994,0.0775792361304084,0.03575724481528967,0.30867288045634145,0.0,,
458,Cotton,31.79,4.0,0.32428361248191184,0.0718324755180841,0.035539124933508234,0.30852140751923385,0.0,,
459,Rice,70.72,4.482032745056347,0.2876242916634071,0.2387425682203395,0.03714795727107729,0.17480315176953726,0.0,,
460,Groundnut,97.36,4.467391304347826,0.28407134438332543,0.2950289325485441,0.037796340704277016,0.12598497109901152,0.0,,
461,Rice,75.1,4.074503311258279,0.30205836277884046,0.293875258204999,0.041641360762864406,0.10414570923877728,0.0,,
462,Maize,66.15,6.0,0.17419482443859383,0.4427799809557086,0.03593278129547077,0.11050321662601696,0.0,,
463,Rice,0.45,6.0,0.23281144165570564,0.30524616222712014,0.042009398177191896,0.14552165308819232,0.0,,
464,Cotton,31.27,5.319107117787452,0.20479870559108496,0.30066051207227884,0.03705938067363841,0.18183565291541356,59.792222378211434,0.0,0.0
465,Cotton,22.24,3.7663655488182157,0.2025323705771381,0.23133981732857842,0.03439296394680542,0.25832234895965356,59.94307635193665,0.0,0.0
466,Bajra,87.98,3.7958829033551673,0.29085548724934757,0.17172139038699097,0.03428464299004018,0.1995559870342263,6.817270418393262,0.0,0.0
467,Groundnut,36.29,5.15175481957489,0.2042512141903189,0.24597731116997323,0.03861112110803593,0.250667647148188,0.0,,
468,Rice,79.62,4.0,0.3214606147615833,0.0779099450152706,0.031849390227054644,0.2966929661484524,0.0,,
469,Cotton,73.08,5.040282579287541,0.1794950387528886,0.27903072838626053,0.03620400308251658,0.27301845321502755,0.0,,
470,Cotton,58.31,5.8748033265902455,0.19362378019526708,0.31240315770949373,0.03429732998869285,0.21064278530410616,0.0,,
471,Cotton,72.73,3.85436515652343,0.2146863278782412,0.25080535701372475,0.035094888099355424,0.26348451490438396,0.0,,
472,Cotton,36.38,5.9659574468085115,0.19776843940366468,0.3138606129551604,0.0355640237885068,0.2069065209903835,0.0,,
473,Bajra,94.07,2.7039959277169765,0.21812488057739046,0.17930303077844814,0.056284846410198666,0.2640564383842374,22.906592008144564,0.0,100.0
474,Cotton,14.9,1.0573033707865167,0.21567852793929373,0.11073987407707483,0.030855619798253957,0.36687915654127456,0.0,,
475,Rice,0.94,1.4361702127659575,0.26679609943710797,0.1549280759508019,0.03226560009863608,0.25235697192677886,0.0,,
476,Groundnut,40.54,3.4943773427738436,0.29157562751106925,0.19224178624048097,0.03333705566788185,0.18128353746451584,0.0,,
477,Bajra,0.03,4.750227066303362,0.28692607468873393,0.2231058362484838,0.0331433193762148,0.1563797340093081,0.0,,
478,Bajra,40.79,4.856282271944923,0.28542968693346416,0.2354979246468668,0.03520527573986854,0.1533322034803221,0.0,,0.0
479,Bajra,83.16,4.0,0.30940061051966916,0.20204801149287296,0.03414301343977079,0.15319679350553445,0.0,,
480,Groundnut,78.36,4.0,0.2820695082380936,0.2550231963278103,0.03203620003840174,0.1476557867316672,0.0,0.0,0.0
481,Bajra,50.0,4.0,0.2738367109777965,0.28239736434837215,0.03657220860515316,0.14399538752824392,64.34795673076924,0.0,0.0
482,Cotton,85.77,1.0,0.16956188805422495,0.09970533464768414,0.030067683139614852,0.4393994598392422,0.0,,
483,Maize,35.49,1.0,0.1791775571028059,0.09425886286597963,0.03480117293222803,0.4305953742076241,0.0,,
484,Cotton,25.98,4.0,0.339055555029463,0.17334212841702165,0.03470723369550849,0.17868037301531256,97.26847521047709,0.0,0.0
485,Cotton,26.49,4.0,0.3252634360377135,0.17988602645780277,0.03592686357331733,0.1689668301152465,46.53900892741623,0.0,0.0
486,Rice,90.81,2.441163793103448,0.25866854673146294,0.14164728513111263,0.036391012110897424,0.25495576282256716,0.0,,
487,Bajra,11.66,4.087445666070059,0.32673301166384255,0.17817181240365637,0.032721724470884325,0.1441149822858496,6.878036307849656,0.0,0.0
488,Groundnut,26.67,3.4801200300075026,0.30123822775366765,0.10956063727750942,0.03142139873888536,0.24314922594910598,0.0,,
489,Bajra,76.95,3.0476618705035974,0.2545919595804972,0.14090136956712884,0.03148544174015132,0.23763795271774604,0.0,,
490,Groundnut,91.99,2.5176056338028174,0.25321789624929,0.15376425836516824,0.032159734411265566,0.21344687283178104,0.0,,
491,Bajra,92.35,3.561590489854479,0.2938791852063884,0.10312291190465694,0.032793674712369214,0.22939512087499864,100.0,0.0,0.0
492,Cotton,39.12,1.0174205378973105,0.22371167887206025,0.07159152958615544,0.030422423503214772,0.3569254976401104,100.0,0.0,0.0
493,Cotton,64.59,1.0,0.1306317823596632,0.07506893873670088,0.03001551032595671,0.501405538522851,0.0,0.0,0.0
494,Cotton,45.06,1.0,0.16804885345768375,0.07464102525416486,0.03149724550765411,0.4417821883796745,9.009009009009013,0.0,0.0
495,Bajra,14.42,1.0,0.13381349239867385,0.06610929144675155,0.02973092419590334,0.5242653077504404,0.0,,
496,Cotton,25.84,1.0,0.16101202328165456,0.0990541592015805,0.028078616468652517,0.43924913160048074,0.0,,
497,Cotton,60.04,1.0,0.18087584333313855,0.14618727611739118,0.03655737726677263,0.33823856922886875,0.0,,
498,Bajra,96.71,4.0,0.38639178498595683,0.19868689191550742,0.03603971884408673,0.10505530021883352,84.59459459459465,0.0,0.0
499,Bajra,0.75,4.0,0.41924971278590395,0.18821367559301747,0.03439270308581995,0.07769700068590853,100.0,0.0,0.0
500,Groundnut,98.73,4.0,0.45215529271732274,0.1378613628232671,0.03681460926851604,0.09242643027423206,100.0,0.0,0.0
501,Cotton,48.48,4.0,0.48696057819933874,0.11819778196358241,0.034609950892193,0.08373297706056683,92.56441717791411,0.0,0.0
502,Cotton,16.59,4.0,0.49202761265465483,0.10218435988121435,0.034927456616380276,0.0854380359941056,15.033557046979869,0.0,0.0
503,Bajra,26.2,4.0,0.39103063646065356,0.21598173073269789,0.04051126546117187,0.08843576676125248,10.679265466215012,0.0,0.0
504,Cotton,29.27,4.0,0.33565893244873984,0.2926247157892735,0.0373129054819197,0.07315856316659863,18.35125448028674,0.0,0.0
505,Bajra,94.51,4.0,0.349934487440582,0.27610839372620055,0.035312646154244044,0.07288068162071266,100.0,0.0,0.0
506,Bajra,27.45,4.0,0.34803933905608686,0.28208031637360526,0.03722232953094917,0.0787538156113853,57.660566917832796,0.0,0.0
507,Bajra,28.16,4.0,0.35240517699019386,0.2651638710717622,0.032492095106927556,0.07775312504395265,96.48825381448292,0.0,0.0
508,Bajra,62.78,4.0,0.3364399287954517,0.26620604276600435,0.03429383722866206,0.0848412943292978,87.19946940805838,0.0,0.0
509,Bajra,45.96,4.032672620344152,0.3651240583404633,0.2505574964608533,0.037495752525867,0.10079120447567254,0.0,,
510,Cotton,70.65,4.0,0.4153183021032649,0.17210362614794353,0.03278331655205887,0.12791668921330643,0.0,,
511,Maize,70.3,5.283498962542318,0.2868593435481517,0.30551842788578726,0.0349958671049216,0.14405614587670973,40.19875505078082,0.0,100.0
512,Cotton,24.09,4.0,0.36303951481890473,0.18296739181038515,0.03695471043204358,0.17149223060235863,0.0,,
513,Bajra,4.28,3.9078801331853494,0.31534990115758604,0.24015464302462664,0.03860767084334764,0.1473720214560165,65.55678875323714,0.0,0.0
514,Groundnut,17.09,4.0,0.32720383415965787,0.2442824552022539,0.03158394769556739,0.12137537965921509,100.0,0.0,0.0
515,Cotton,16.81,4.0,0.2842901815329437,0.27751335075305433,0.03347282425225459,0.14031004203037423,26.76101640398842,0.0,0.0
516,Bajra,55.47,4.498792424049828,0.30238628595365064,0.3052352213741093,0.03727864922481624,0.08362989254149386,59.01868564891317,0.0,22.244062244062242
517,Cotton,95.47,6.0,0.15190408292361057,0.5090424131693738,0.03478443038264849,0.09939996837646808,0.0,,
518,Bajra,93.38,6.0,0.20282268286065372,0.44975921300324895,0.03700001838404944,0.09616843970818806,0.0,,
519,Cotton,42.32,4.076097043616597,0.4593506108488171,0.1505840365547654,0.04722308207833703,0.08400335781691762,88.61858676918996,0.0,0.0
520,Cotton,52.18,4.0,0.5461467894742609,0.1226405574295076,0.04046423056019186,0.04116287869974938,97.00207776788365,25.29090987161321,86.90232240437157
521,Cotton,38.58,4.0,0.4734988775088853,0.09357682630199479,0.03500639494480634,0.11817355363285782,6.583941605839416,19.852941176470587,100.0
522,Cotton,21.75,4.0,0.4985277950670997,0.08087071563923004,0.03483330871837271,0.11624227934707454,50.3085976747524,0.0,61.233752836806275
523,Cotton,68.33,4.0,0.4620797980391284,0.09883122824621125,0.035539836812002984,0.1475403599647096,0.0,,
524,Groundnut,37.28,4.0,0.5221962288369421,0.07980496142261982,0.03658364664415926,0.0842177453197236,9.569117277223567,0.0,16.924312387070874
525,Bajra,69.79,4.0,0.5333417921774671,0.1097158345219602,0.03321055091872242,0.057151976558082344,65.72222222222223,0.0,0.0
526,Groundnut,79.89,4.0,0.449856138688472,0.1289372265737927,0.03164387774087743,0.10830707226784408,33.25408618127786,0.0,0.0
527,Groundnut,49.32,3.946306691101138,0.49101461546226755,0.12295720729350004,0.04561875727183961,0.07897082361094405,98.25687941010955,0.0,99.08927692352246
528,Groundnut,9.33,4.000073475385745,0.4678976896362006,0.09254284375982987,0.03680693870985513,0.0929391255281816,99.72446730345335,0.0,0.0
529,Cotton,44.26,4.0,0.46798597281381576,0.0635814568710922,0.04020863890485091,0.1560108895129005,99.83922829581994,0.0,17.114878690441394
530,Groundnut,0.04,5.761058490381799,0.15563550587128672,0.45423603659854267,0.03566069001421479,0.13194040164492807,4.979982423591446,0.0,0.2607561929595828
531,Groundnut,89.97,3.816219979115906,0.29916819720654636,0.1998158116876629,0.03955575492294791,0.20021631051373745,0.0,,
532,Maize,47.96,4.0,0.31716517765108226,0.20671347350260671,0.04312058869047648,0.1738528276049393,0.0,,
533,Cotton,86.28,3.7262937481304226,0.29041149429297014,0.23128072468387464,0.037225658394452514,0.18648951896798363,0.0,0.0,100.0
534,Bajra,34.08,4.610983543819366,0.2747035684657179,0.24582088608275124,0.03720135133359917,0.17736086142449223,0.03827018752391887,0.0,0.0
535,Cotton,38.64,5.222222222222221,0.19441950956314916,0.34619294075579143,0.03880267868478138,0.17075296141328616,0.0,,0.0
536,Groundnut,100.0,2.5240641711229945,0.3148684433667419,0.14656825340939178,0.034538011723397204,0.2405737655947741,0.0,,
537,Groundnut,41.5,4.0362139917695465,0.26548422160064944,0.228257609082246,0.035864544099813836,0.19047361150500844,11.275720164609051,0.0,0.0
538,Bajra,74.4,5.293706293706294,0.21989282188241832,0.3594983068910073,0.036294860121339374,0.13241075093023907,53.58391608391608,0.0,0.0
539,Cotton,53.42,6.0,0.12783498507972418,0.5185247307234678,0.03372102290037498,0.09349280121861728,65.24822695035462,0.0,0.0
540,Cotton,74.99,6.0,0.26968132952529505,0.34324445941742876,0.03883742358244289,0.11184775326566151,5.406574394463668,0.0,100.0
541,Cotton,31.93,6.0,0.2519686629692231,0.3465542396238422,0.03605730877549039,0.12505737789581814,0.0,,
542,Cotton,53.09,6.0,0.2437575638534117,0.35193313021589556,0.03855006691317614,0.12339199394107261,0.0,,
543,Cotton,52.74,6.0,0.2636375038184076,0.3581322214230084,0.03849029093805342,0.1068801984971282,13.480815762184585,53.45622119815668,100.0
544,Groundnut,86.84,4.0,0.4794768523650969,0.0933912481388528,0.03877621284604334,0.09770677504126708,94.36118269361187,0.0,70.22272711625187
545,Maize,35.44,4.0,0.5270938156808236,0.11352762505620195,0.037712524750814234,0.06079598028480369,98.09060167910452,0.0,98.93154284046126
546,Cotton,99.15,3.977255834696001,0.40513916895084684,0.08717893270527997,0.0372410805667642,0.2124357838881836,93.80110004459641,0.0,2.9867996836790556
547,Groundnut,70.37,3.8047515741573616,0.47033246891524066,0.1299336604081678,0.04601548503962209,0.06662896039955009,0.0,0.0,100.0
548,Groundnut,30.51,3.908860031625857,0.43951770033521137,0.14794271250947444,0.04548723817335678,0.0691479664224107,0.009583592888974079,0.0,100.0
549,Cotton,41.84,2.3849873359428955,0.33153168273408007,0.12198542935478922,0.03635129355387217,0.2483774910614888,92.85056412618006,21.054493984430284,78.99268695447039
550,Rice,51.61,4.099349172743668,0.4165492181952904,0.2141248571870541,0.04188804059979837,0.06700787879714662,100.0,0.0,0.0
551,Bajra,76.11,4.002981895633652,0.4445369947769013,0.1641360454795152,0.03764536357603775,0.08916675062501492,100.0,0.0,0.0
552,Bajra,37.52,4.0,0.5311885997065456,0.09760317532985853,0.0461538445686247,0.0458290124571914,84.76121562952244,0.0,34.14705882352941
553,Bajra,81.26,4.0,0.4122269157167869,0.24184945083243667,0.0394461663909758,0.04927775704051173,93.47030678300027,0.0,100.0
554,Bajra,42.79,4.268607395751377,0.3613211694609867,0.31220169564101174,0.04242727503213569,0.049949995470836867,93.17859952793077,0.0,99.54976684354402
555,Groundnut,20.54,4.0,0.5025865359698888,0.16173087710962275,0.03746547994230002,0.03949171394937144,99.095341973566,0.0,64.67984088284358
556,Cotton,95.04,4.0,0.48217765996079287,0.1008909576076646,0.047853643796739155,0.09931106302020885,47.74083546462063,0.0,0.0
557,Cotton,97.86,4.0,0.4492956976636165,0.10549075659361364,0.04409265865389326,0.11963455105010283,60.3917301414581,0.0,0.0
558,Bajra,73.45,4.0,0.4957428677554876,0.12667965813814402,0.04176666334829744,0.07124646278196571,46.84250764525993,0.0,6.620367365483222
559,Maize,84.14,4.0,0.4652133822326339,0.10289116043495271,0.08595760957905155,0.09019378549978575,34.107251147881826,0.0,100.0
560,Bajra,49.99,4.0,0.5146131136844317,0.14911102839916596,0.0346991959337263,0.048258411708657786,12.164119066773935,0.0,55.94333102971666
561,Cotton,31.9,4.0,0.4217157948591204,0.1424723626031329,0.07171958203386165,0.11148917716823299,49.85146063706881,0.0,100.0
562,Cotton,82.15,4.0,0.4113451214640567,0.21355191958715086,0.039969229566534786,0.09256126955779423,23.246581385090426,0.0,50.6049447659127
563,Cotton,31.28,4.0,0.4294361544284918,0.1698590947134144,0.046600898293314395,0.10204343332566738,28.7913527677694,0.0,11.314536799707069
564,Cotton,32.26,4.0,0.39434192041927574,0.16979293077807933,0.03830347758448393,0.14594823441927904,2.7423275600121544,0.0,0.0
565,Cotton,49.77,5.507770377418331,0.2230452686952936,0.40872518226017757,0.03545605586609463,0.1115746634595552,6.755470980019029,23.47417840375587,100.0
566,Cotton,19.72,4.735868448098664,0.2730595178294409,0.34629251695790103,0.04115357583693395,0.11442470062382422,40.75025693730729,96.2484237074401,100.0
567,Cotton,9.7,4.0,0.4227358551649028,0.1604548083061235,0.04206467086060665,0.11771092078041005,34.69318084834002,79.63187212400098,94.78502533921858
568,Cotton,76.3,4.0,0.4509813051025912,0.09092624727078934,0.046368651914275805,0.1508809160707416,0.0,,
569,Groundnut,20.76,3.9809368533266443,0.3611267544829226,0.23095297306809578,0.03469379888229951,0.08861951367164697,100.0,0.0,0.018812315796074494
570,Cotton,99.17,2.6764804656890187,0.3393358104558942,0.05967045489648343,0.03820545761260684,0.31498346219854106,99.8970110825031,0.0,90.89667524907645
571,Groundnut,93.62,4.0,0.45490355402194027,0.13920187532034012,0.046197457194489956,0.09605184254361482,98.63812169744511,0.0,97.29654558602661
572,Cotton,58.87,4.0,0.44609278812999625,0.14812456050791198,0.03995788548015394,0.09271556686797414,98.96733770377675,0.0,99.90034585849111
573,Groundnut,72.45,4.0,0.4732184791072653,0.12442403357520075,0.040737371566218566,0.07875308034126513,3.2574212553818263,0.0,55.75447570332481
574,Cotton,56.76,3.632399069108569,0.3832410088480364,0.116707529191883,0.03718405933294974,0.18005813622726244,100.0,0.0,22.91814226449458
575,Groundnut,41.41,3.930950855678595,0.45554032203839984,0.1221757764284334,0.035968153469581016,0.1173606448712477,92.55971446874717,0.0,75.15636497424578
576,Groundnut,8.14,4.0,0.40722529580040684,0.1302962825215105,0.03775959426642953,0.16505704167686894,89.53776310359056,0.0,0.0
577,Cotton,59.41,4.0,0.392406157344827,0.14426118117802453,0.04156459918465165,0.1717445374752494,62.24832214765099,0.0,0.0
578,Cotton,55.98,4.0,0.42795371189778425,0.1639199562401229,0.04143250160084812,0.10503412007939046,88.86613770156127,0.0,100.0
579,Cotton,77.83,4.0,0.4094979810561725,0.17045127361316306,0.037210772902279095,0.11576268110770617,95.18762757104729,0.0,100.0
580,Cotton,68.35,4.0,0.43259535828535683,0.14652085460582578,0.046015964926020135,0.11051998127501463,98.81494986326344,0.0,100.0
581,Cotton,59.65,4.0,0.47538690026106556,0.09629858622317511,0.037253272963504905,0.13154141306650521,86.56350053361794,0.0,100.0
582,Cotton,78.79,4.0,0.43029235574179,0.14139383706347639,0.03727109874898719,0.09910034528692124,99.45764182666233,0.0,99.88003053768132
583,Groundnut,62.35,4.0,0.4241805560532422,0.16845842785884643,0.040485615027623593,0.08654760656653472,79.35001720831895,0.0,62.432106216053086
584,Maize,86.09,4.0,0.41533666298626615,0.16272811533824874,0.04163743832673003,0.11871607294388059,90.86658086658083,0.0,83.73294476089548
585,Cotton,91.3,4.0,0.4573641284584968,0.1419803355619041,0.03914492829300713,0.09525603584722457,100.0,0.0,63.5843660629171
586,Bajra,98.34,4.0,0.4238692320056833,0.2079244646917254,0.03872667662883457,0.07111610660905651,99.8452012383901,25.515995872033027,82.73993808049535
587,Cotton,41.94,4.0,0.3465019685508314,0.049914383475529366,0.032768511251311944,0.28764230985662237,0.5227619255064258,,0.0
588,Bajra,94.67,3.878022683500963,0.33440277590826256,0.047374281410142896,0.03691329449606026,0.3007647667688632,1.6263642199871604,,0.0
589,Bajra,6.73,4.0,0.3887368925034353,0.05180323343455876,0.03621275912591956,0.2283794963146946,0.0,,
590,Cotton,34.43,4.0,0.40273476001037073,0.07426895972418293,0.037683552084032484,0.1734506080040735,22.02913365704063,0.0,0.0
591,Cotton,15.86,4.0,0.36413623715302057,0.06532265495168679,0.035238472924753864,0.2528282181731533,22.21996340719658,0.0,0.0
592,Cotton,49.54,4.0,0.42144906670278426,0.11293860285078057,0.03966513610279285,0.10682757069270457,79.55639255074283,0.0,0.0
593,Groundnut,91.82,4.0,0.4558601945988721,0.08263897412216663,0.04782513996628841,0.12775313102515456,93.59436658048712,0.0,98.29481253210065
594,Cotton,97.98,4.0,0.3997637856608413,0.08495108493309235,0.04243655789522712,0.22300314103519234,69.70242795104615,0.0,3.846611885197095
595,Cotton,98.6,4.00348008798713,0.43787846399587144,0.1374073945643136,0.03891393596277804,0.10452750780137814,5.551725270035128,0.0,100.0
596,Groundnut,30.34,4.439088579541518,0.34150977657328296,0.2576215386565285,0.03932634393879486,0.08870901948178148,62.324260682872755,0.0,98.72897196261678
597,Cotton,3.52,5.900612753349942,0.20170779478699702,0.4629277677121511,0.03778471259583343,0.06897050150121738,98.3166116759814,0.0,95.02390411420104
598,Cotton,28.42,6.0,0.15866716810994821,0.5227257946411481,0.03359044274840087,0.05679532961418968,79.45454545454545,0.0,96.15799697819988
599,Cotton,16.49,5.309855233853008,0.2788545519572046,0.3312074514068199,0.0396791117944502,0.12026677292708259,89.72021158129178,0.0,38.26857925466734
600,Cotton,19.59,6.0,0.2150446019913646,0.44419652660752806,0.03506987865267984,0.059209636829148794,81.89857675832525,0.0,1.4514439622923834
601,Bajra,53.26,6.0,0.2766710525436802,0.36757723840523077,0.037354236306604054,0.0720413828862187,94.90496304118267,0.0,0.0
602,Cotton,71.84,5.909999999999999,0.2796969688986752,0.3442639467049351,0.03874945941142936,0.0865893624707328,10.5,0.0,0.0
603,Cotton,4.86,5.25980670835702,0.3106238414073941,0.30866619707145415,0.04074782958803513,0.10541549017960729,95.7646389994315,0.0,0.0
604,Cotton,25.89,4.828534220807408,0.3012953248371064,0.2937449075644757,0.04099939016550201,0.12390020061544219,68.0509332947475,0.0,0.0
605,Cotton,7.75,4.953124999999999,0.26618324991264003,0.32377936018160214,0.03607362074138361,0.13249816379893264,80.89247881355934,0.0,13.373511264169895
606,Bajra,15.35,6.0,0.19558909722066972,0.4387337434689784,0.03519719978875742,0.09501060579228209,48.52374839537869,0.0,0.0
607,Groundnut,30.69,6.0,0.1701388771012771,0.4293663254589997,0.03615410119429846,0.12682113386584287,0.0,,
608,Cotton,91.42,6.0,0.15307082427502172,0.4754965704477345,0.03824257694883409,0.10471026511053838,17.644757433489822,0.0,0.0
609,Groundnut,39.24,6.0,0.17708529766070769,0.4422567900137675,0.03359726806374731,0.11176384815287758,61.12550907071454,0.0,0.0
610,Cotton,32.41,6.0,0.18338122287755793,0.39198871144688324,0.03416195487359485,0.1516170473671374,4.601518026565466,0.0,0.0
611,Maize,25.67,5.941120607787275,0.20776717824232419,0.4062855733301972,0.037109352023414914,0.1181920158270179,0.1899335232668566,0.0,0.0
612,Cotton,18.17,5.4942849177585735,0.25659791485781375,0.3327861102665616,0.035392464652056276,0.13303033426479857,63.06105380540841,0.0,32.277227722772274
613,Cotton,18.23,4.0502532928064845,0.36206425856289914,0.22171654582238848,0.036793798696390795,0.1307114546526993,62.45187436676798,0.0,14.766266582438409
614,Cotton,28.38,4.0,0.4198097717541639,0.10626441261542087,0.03564721780388768,0.18702908686768316,82.70804911323332,0.0,28.95438953119044
615,Cotton,97.26,3.743632707774798,0.3617430739399015,0.06358427877957777,0.037848055313167685,0.28040206476614615,87.87235627047956,18.457804649578474,93.55772411511741
616,Groundnut,9.66,4.049579396688753,0.4267387976075007,0.15805355490488132,0.03671120900645077,0.08857363514530896,78.17327784822561,0.0,89.44440959371016
617,Cotton,42.09,4.439376795195405,0.29557886360936625,0.27580890814489867,0.03675676663309458,0.12892517174158047,23.039429019061714,0.0,11.021784232365144
618,Groundnut,51.66,4.0,0.36229966497599136,0.22078516959261976,0.03282433125654165,0.12711525561638354,35.093853514906144,0.0,2.703455964325529
619,Cotton,36.41,4.0,0.36701485496932484,0.1858714979774344,0.034090365038147635,0.16425995828604592,0.0,,
620,Bajra,12.21,4.0,0.404386396628133,0.16352896464631497,0.043872127058713656,0.11904533095470538,48.15391805577192,0.0,0.0
621,Cotton,54.96,4.0,0.3676990814115714,0.1954633935059608,0.04083453686445141,0.1272736635742239,8.429998851498794,0.0,0.0
622,Groundnut,58.96,4.0,0.46991749867228516,0.11873148189815433,0.03672181609232615,0.09206596338947136,81.76670441676103,0.0,62.95357794445571
623,Bajra,82.13,4.0,0.4685549546477941,0.10361040538629816,0.033177120145874046,0.11706804610590231,89.48874123292724,0.0,100.0
624,Groundnut,73.15,4.225953150473357,0.3913075588610045,0.27025195584645806,0.0402849499713334,0.055186222201285176,0.6749992849583845,0.0,24.20168067226891
625,Cotton,55.63,6.0,0.19507775132263577,0.4007245565547337,0.037481097205647795,0.12572520454182498,57.72549019607844,0.0,28.295819935691323
626,Cotton,44.06,4.536189324581102,0.28913786643092065,0.2596563727300519,0.037343048471409256,0.16133378230888976,12.55830022456383,0.0,17.543859649122805
627,Groundnut,4.24,4.0,0.43558013461874134,0.2030691287233598,0.034921196401862344,0.06793993550808404,88.66885625965996,0.0,16.738861386138616
628,Cotton,46.38,4.268331562167907,0.38925158080840705,0.23048470279191052,0.034598058133844416,0.06600052845299455,75.74388947927737,0.0,1.931362353290744
629,Maize,43.18,4.207679059872354,0.3896005121457634,0.21307831311437894,0.03466355781655987,0.06517393128592441,41.47502785938609,0.0,5.429104477611942
630,Cotton,36.64,4.0,0.4289416479587505,0.1730591318936448,0.03408657298742569,0.08876201971340618,22.05655526992288,0.0,5.073221757322177
631,Cotton,26.91,4.0,0.45539536795486163,0.07536965760074733,0.0327181131484501,0.1530933169445092,85.24879538189974,0.0,37.26224352254006
632,Bajra,65.38,4.0,0.3737259385484901,0.25292432971987683,0.03525156311492037,0.09579021991208234,0.0,,
633,Bajra,19.36,5.250303668313224,0.25380717858525254,0.39422792823921027,0.04317511432325817,0.06804233323166776,31.25759170783059,0.0,0.0
634,Bajra,8.39,5.756973737923528,0.26028014258880866,0.39138228673596986,0.03700304044198245,0.07676088690125582,13.36236222615322,0.0,0.0
635,Bajra,99.74,4.0,0.34298753130904636,0.28681756891300725,0.03484019737789937,0.09059523590294463,0.0,,
636,Cotton,52.81,6.0,0.22370521487318,0.4569649297020578,0.032948468259635225,0.06488448500977652,0.0,,
637,Bajra,30.15,4.54485674025364,0.2869990775312627,0.36920515669183546,0.03461201105119208,0.07770142493873347,0.0,,
638,Bajra,13.58,4.041727887158389,0.35634061433405795,0.28595849513800586,0.03391280522986255,0.08938300785688894,53.305906553041446,0.0,0.0
639,Groundnut,1.08,5.714161409614968,0.27906900834569803,0.40499260731250686,0.030576708292207464,0.06843562644113393,14.444202740917994,0.0,0.0
640,Bajra,14.15,6.0,0.19662764893036686,0.48594523506210086,0.0350548174238186,0.062202189686431444,37.634996582365,0.0,0.0
641,Groundnut,68.12,6.0,0.16305763156733158,0.4655043727037285,0.04570749570627699,0.10963120925879372,0.0,,
642,Groundnut,99.94,4.148335015136226,0.22803924934203915,0.3534113059278295,0.03558559738006928,0.1674411262874742,0.0,,
643,Rice,37.03,4.0,0.3564918338409707,0.18312615426030984,0.038949004958929674,0.17411125629385546,32.68025078369906,0.0,0.0
644,Bajra,43.79,5.833333333333334,0.26169145515650893,0.4113809366820425,0.0340882089858142,0.06791096526398045,0.0,,
645,Cotton,97.02,3.5769577343917622,0.36336213321909777,0.08857320220749268,0.0383613355010396,0.270132603294798,69.54730744475435,36.862394162593795,100.0
646,Bajra,12.99,4.0,0.3740948527553374,0.14855324645945886,0.04187832294675856,0.1772365413718319,0.0,,
647,Cotton,29.46,4.0,0.35757330670599047,0.12050885874715579,0.04021227453806593,0.2154742585780826,0.0,,
648,Cotton,79.57,4.322720247295209,0.3167864687533882,0.20695111132068542,0.03748512597469586,0.1825343737426698,0.0,37.52039151712888,59.158945117605136
649,Cotton,61.35,4.0,0.34690783209248993,0.1361907893100247,0.03561110828194005,0.2121674635203965,0.0,92.72300469483568,100.0
650,Groundnut,59.27,5.967284193929838,0.2433350588304895,0.409430084439864,0.035870409164320265,0.09719030023438907,46.255419787150174,0.0,0.0
651,Bajra,17.11,5.976907763769079,0.1719133465471788,0.5052240313296249,0.03508072912704275,0.07141871081083641,45.21566025215661,0.0,0.0
652,Cotton,22.27,6.0,0.10783514442421759,0.6064631293516121,0.03352460679532578,0.06044089060709865,0.0,,
653,Cotton,15.05,4.0,0.4307454856682717,0.15832228265338563,0.035231198674271894,0.09777687612546153,19.088773284108072,0.0,100.0
654,Bajra,91.66,4.0,0.4678065345467739,0.13583522774296303,0.03478816510200528,0.06819711102564299,49.38208032955717,1.797958250799939,100.0
655,Groundnut,71.73,4.000354154677056,0.45561556640332496,0.11408855921874934,0.039853107085975295,0.08041599523867742,18.978263756695736,0.0,87.20550924247915
656,Bajra,84.6,4.0,0.4676025893503231,0.11367470423208327,0.04479199775391237,0.08836246737106013,97.82574691068355,12.074148296593181,84.01883830455256
657,Bajra,55.16,4.0,0.48782865928996433,0.12030786741571683,0.0352040623359099,0.06184264270032155,94.9252927715709,0.0,31.29696632340663
658,Bajra,62.21,4.0,0.41208805636977713,0.15214642403198872,0.0368444904589109,0.13342637606189192,74.37572590011614,0.0,0.0
659,Cotton,26.27,4.0,0.4279951573792922,0.14640370572735242,0.03300973121889674,0.11304772891106875,4.525048100905009,0.0,7.248322147651007
660,Maize,16.59,4.0,0.46630664532386246,0.1652920972253125,0.03277414416448954,0.07555549051384917,79.33086697764196,0.0,100.0
661,Cotton,87.34,1.2730819245773732,0.371140000729082,0.07503693607546681,0.05794962015220381,0.23781719947297558,59.514521022973575,0.0,0.0
662,Cotton,98.62,2.408318074810358,0.3928536423320837,0.05556452301220397,0.059301505831932264,0.2381049746336279,95.98918824657775,0.0,0.0
663,Cotton,42.86,2.4592037839968457,0.3881776096620281,0.10199390865894281,0.052052099796788064,0.1977328975925744,40.76665352778872,0.0,51.82926829268291
664,Groundnut,3.58,3.8725857996387387,0.4634158629628641,0.10370472499608326,0.03908333055483124,0.1298531707218978,100.0,0.0,0.0
665,Cotton,57.34,4.280538754131072,0.27759038981698075,0.2506610968380873,0.04214136630123635,0.18894808837363394,88.83207582465549,0.0,11.786068009243975
666,Cotton,99.17,4.184653372339568,0.34086426298820677,0.23164031558308643,0.03967377651481875,0.08899118819175723,93.09965377492685,0.0,0.0
667,Cotton,79.24,4.0,0.3426418238696615,0.15823229628057467,0.03771279417957119,0.18390108951668696,82.77984356968844,0.0,0.0
668,Groundnut,44.04,4.0,0.39977160333109074,0.21242289667013067,0.0340216333484497,0.08928394380586577,75.79260237780714,0.0,0.0
669,Bajra,54.46,4.0,0.38608733654896266,0.21694354884977704,0.03613160604350075,0.09985455603972299,57.05770793822812,0.0,0.0
670,Bajra,44.6,4.0,0.3803924805627655,0.1999792356929881,0.041859906566677346,0.11934007440899498,35.11324639670556,0.0,0.0
671,Cotton,51.6,4.0,0.3647876358808559,0.23840413167442562,0.03881440968328663,0.08630467569409321,82.25095503967087,0.0,0.0
672,Groundnut,8.13,4.0,0.3867064928176993,0.24164289394663266,0.03499814199515526,0.06379998432039376,11.326979472140762,0.0,87.35632183908046
673,Cotton,8.03,4.0,0.40592516690406377,0.23042860461320872,0.03327383790476411,0.059166871713530814,0.0,0.0,36.231884057971016
674,Bajra,64.87,4.048233763634545,0.3496084382401075,0.287363419591083,0.03741055005704852,0.050252424139513585,84.55919143400382,2.254374158815612,99.93836671802774
675,Groundnut,76.86,4.6184773310521825,0.3393951219368638,0.28859742513163783,0.03726433409370514,0.06096362156941958,84.02480752780154,0.0,34.7029924073247
676,Groundnut,81.1,4.0,0.3407296860312936,0.287511687415641,0.03770486018479569,0.07301039963822645,85.53266111354668,0.0,0.0
677,Groundnut,28.01,4.260748959778086,0.3300038786374645,0.29249012788180284,0.04060707561182175,0.08143372285759772,83.44891354600092,0.0,0.0
678,Maize,40.98,4.0,0.39529384631567516,0.24861934077094333,0.03885602037566887,0.07347344918164782,42.257236065801344,0.8034518672816545,100.0
679,Cotton,94.57,4.0,0.4121746502485894,0.19649702892428805,0.04006361654985099,0.08924978853397994,84.53557312252964,0.0,97.2574385510996
680,Cotton,63.92,4.0,0.34054885822491654,0.28638848980367276,0.0357480627405012,0.08043220382924395,53.1733746130031,98.85638882779857,100.0
681,Cotton,79.97,4.466610549943885,0.23229924577050076,0.3371077516398764,0.03829225145016466,0.13123728970334084,0.0,,100.0
682,Cotton,21.84,5.318870241506344,0.18748337090172376,0.4180070116182031,0.040454513414078526,0.09662052865818332,8.145722472370036,0.0,100.0
683,Cotton,37.53,6.0,0.19225032779220272,0.4462279232921791,0.0388844770829233,0.06744614424514409,3.746770025839793,0.0,95.40337711069421
684,Cotton,74.84,4.0,0.4032340486678399,0.21936119319053532,0.0381770198603481,0.08832284775349854,21.08897742363878,,0.0
685,Groundnut,10.98,4.0,0.39785898736711267,0.20225948007387623,0.041546201705386254,0.10679950263773563,72.24992666471107,0.0,0.0
686,Groundnut,16.45,4.016568864342424,0.3646772822929601,0.28301857108579614,0.03682005100842234,0.07421238779844691,16.25819813600276,0.0,100.0
687,Cotton,22.25,4.775454233801852,0.2993000687411845,0.3612926052427026,0.03688037226848684,0.07868655332611421,27.511141583818993,0.0,100.0
688,Groundnut,34.96,4.059558309183571,0.5139271524465665,0.13247850049800816,0.04934450457079221,0.05095018623993276,97.04540155224676,0.0,13.525364274150027
689,Rice,30.81,4.0,0.5743084804289016,0.07292162554132513,0.035637437470918215,0.05984526295807748,70.77529828765414,0.0,0.0
690,Rice,38.21,3.9009388151505338,0.5396998395585509,0.059246891223703205,0.0344431327532201,0.09444229843615827,67.43745086250752,0.0,8.175773344897369
691,Rice,10.76,3.9246065869808224,0.5148593862717011,0.1202229833088844,0.03784908889056943,0.053958048141808046,97.64167168286177,0.0,96.86908465873243
692,Bajra,8.67,4.0,0.3887009290199074,0.2232175518663399,0.03923459298176323,0.08061762581169377,100.0,0.0,24.383396831762578
693,Cotton,36.27,4.0,0.3474034803932003,0.2077344721467036,0.0399933495297483,0.14434684121118055,100.0,0.0,97.59574468085106
694,Cotton,96.66,1.4093775136874334,0.3011634040777399,0.08192177872343154,0.041028519749089554,0.3309095730872518,77.54222994888296,0.020234722784297852,2.540961264726369
695,Groundnut,99.8,1.0,0.3686716452219726,0.059247774599739796,0.035379658645971986,0.2753593553630411,2.2891915386844395,0.0,100.0
696,Cotton,61.11,1.0,0.3525236052110281,0.052291859847861194,0.03679281203600642,0.30157284949193963,0.3286147623862487,0.0,12.87128712871287
697,Cotton,43.9,1.0,0.3775314468919756,0.05229766247802577,0.03394182805622096,0.28016032355386905,0.0,,
698,Cotton,33.41,1.1991434689507494,0.3653283702374977,0.06932705079621418,0.04106637366075774,0.25850900174558433,3.4975017844396863,0.0,55.045871559633035
699,Groundnut,12.39,1.496705814952736,0.3668447206456631,0.08885691412076285,0.03927034737606432,0.2450728451385142,98.7396161558293,0.0,77.22772277227723
700,Bajra,27.75,2.609130504920149,0.3954855168205907,0.07934595123321565,0.034511047785292,0.2071422248429387,95.3540893692531,0.0,90.15090053545352
701,Bajra,23.0,1.164908916586769,0.39933313231271916,0.061085025248983585,0.03702350305607641,0.23808217320394245,30.776605944391175,0.0,43.79888268156425
702,Groundnut,34.41,2.5423488462034283,0.38723090163720547,0.07295782269002428,0.03177335539385509,0.19870933006517494,19.76279489493361,0.0,4.690265486725663
703,Cotton,38.6,3.3248736310025264,0.3975761406169095,0.08701558900616778,0.03480999954173909,0.18154079136002108,71.34582982308339,3.763837638376384,87.77076370837976
704,Bajra,7.44,3.7366916892123623,0.44432124300833004,0.16836389691682152,0.0457086568211998,0.09447143862286371,52.088175894524234,31.032112957640887,6.739256678281069
705,Cotton,96.25,1.4296128300664181,0.2334008700918496,0.22192796170603832,0.03353316270976632,0.27363007958211166,0.0,,
706,Bajra,61.58,3.998675106727514,0.2825220056324869,0.28710905829387356,0.04018444621337353,0.1413156525743539,19.873399087295745,0.0,0.9451795841209831
707,Cotton,42.26,3.227256456149324,0.4405207471145919,0.08618007138539588,0.03452351243615492,0.14160722237769516,76.70672462285863,0.0,13.785110034018722
708,Groundnut,23.09,4.0,0.4014226937175749,0.17569591974727913,0.04217710074012461,0.10607704242551808,83.7689636263937,0.0,99.68447959102161
709,Groundnut,43.45,4.071753840915862,0.4010037114268113,0.26364300493300175,0.03665553983380393,0.05908697485696574,90.6413584712942,0.0,6.430868167202571
710,Cotton,88.16,4.0,0.4563114029777299,0.13928446684086954,0.038422182451464885,0.09694735250306702,75.43777066465822,0.0,65.81644272375314
711,Cotton,63.4,3.929333333333333,0.38343889916809615,0.16786370490590044,0.03899878130677948,0.16134204356130216,93.83703703703704,0.0,100.0
712,Cotton,27.42,5.975507879248148,0.25453387704020636,0.357482866610165,0.04450433639259925,0.10494501079663063,85.9692424530093,0.0,100.0
713,Cotton,76.18,4.903047619047618,0.26058661980957154,0.31051206208225335,0.043127878626107806,0.13175395215581218,82.97142857142858,0.0,100.0
714,Rice,41.21,5.870697674418605,0.24977688787058863,0.3580981066826363,0.04599518824135886,0.11043864155676607,71.2790697674419,0.0,100.0
715,Cotton,90.52,3.848555649957519,0.26030274198863135,0.31009018001853417,0.04164164715499745,0.15316841928175592,4.7790994052676306,0.0,100.0
716,Groundnut,15.27,3.4684936614466815,0.2192737948012106,0.3524519751404272,0.03574544758501023,0.1728427087890726,33.277404921700224,0.0,100.0
717,Cotton,37.84,3.838355524410184,0.23906738471122255,0.31248535273008826,0.04384098216183676,0.17130600018079778,33.09195670793427,0.0,9.037995149555377
718,Bajra,55.77,5.599363507779348,0.25474683837977485,0.32852971132764336,0.03501315985959749,0.12955331823332805,77.35148514851484,0.0,0.0
719,Cotton,68.03,4.0,0.48124139079019723,0.1182296015850498,0.04292111561974258,0.1064317172275552,0.0,,
720,Maize,87.08,4.0,0.5178217017915575,0.0974355911580233,0.043417111116418806,0.0848383352858131,0.0,,
721,Cotton,62.74,4.0,0.4916003101686038,0.10718515020055158,0.04416538551680619,0.0970020983305251,0.0,,
722,Cotton,93.61,4.0,0.5033701718731616,0.11251512620284658,0.04160273935517594,0.08716100268229754,0.0,,
723,Cotton,94.58,4.0,0.48367476161074857,0.13797504685503276,0.0391530492585621,0.08820049109278877,0.0,,
724,Cotton,22.7,4.003105005645465,0.4361886375431256,0.17045754403617513,0.03990837026655688,0.09456719967615619,0.0,,
725,Groundnut,40.07,4.006302589259608,0.39992686411286926,0.1703714767883381,0.04281435752025061,0.1231628370072217,90.26022546376008,0.0,100.0
726,Cotton,29.95,4.0,0.4526950415878013,0.1818969438168291,0.038103716724027833,0.08723590186585733,61.08675705984299,0.0,100.0
727,Groundnut,78.3,3.5079862841065625,0.3623103461462825,0.14629723298230354,0.04354191067335447,0.19980092655544515,99.358166525014,0.0,99.36988951085847
728,Bajra,7.06,4.0,0.40662490836876275,0.22102601694571689,0.04196682980746011,0.05434627724228244,0.0,,100.0
729,Cotton,16.87,3.9986448922863094,0.4502985604135129,0.1774004015255809,0.0389147966564827,0.07265330988700361,4.482279360667128,0.0,100.0
730,Cotton,71.96,4.305595267438993,0.4088170066695316,0.20914839417252973,0.038204294370430145,0.07927787857716691,0.865171308848903,0.0,99.79220779220778
731,Groundnut,96.32,4.0,0.37061162784468893,0.2055981660010011,0.0363542790846075,0.1339689740755933,0.0,,0.0
732,Cotton,84.28,3.988843139859211,0.331385766236539,0.2695299305410606,0.03716647199842189,0.12872840085940535,0.0,,
733,Cotton,89.5,4.0,0.4994277330614065,0.09833386743840035,0.04364723349055105,0.07677487538015826,93.90248208170037,0.0,99.77694895421969
734,Maize,80.98,4.0,0.4485986833506946,0.21947363571242573,0.03518574595047031,0.0671254719943384,75.56451612903227,0.0,47.22384570426651
735,Cotton,83.98,4.0,0.46055989405983405,0.19019877787259998,0.03414209404928198,0.08791928918100224,3.563740731882325,0.0,76.08503100088573
736,Cotton,83.05,4.0,0.42633644285424555,0.20789753444105433,0.03783866063142533,0.08621496890830838,1.6485133941713277,0.0,0.0
737,Cotton,75.0,4.0,0.4614233973594975,0.1559409384153083,0.042128997281675316,0.0969949386986888,5.521870939800778,0.0,100.0
738,Cotton,25.52,1.730211081794196,0.2865223020442835,0.06419372656626815,0.029215798143684156,0.31201948455265255,95.74538258575198,0.0,0.0
739,Cotton,60.71,4.0,0.45704051822869685,0.13933549649099125,0.04146192095241142,0.10155943901496313,7.020979949541892,0.0,0.0
740,Cotton,26.15,4.1203313017659005,0.29858332696197337,0.15487714230603136,0.035865990379697815,0.22780387216233303,24.878887326144724,0.0,0.0
741,Rice,90.93,4.0,0.33580656597058023,0.1163577965076955,0.034783287490241385,0.23629228743248623,5.008612693785611,,0.0
742,Cotton,8.81,4.0,0.39248986172604655,0.08618239466822718,0.03138434884377284,0.17637150607731034,65.59323349111506,0.0,0.0
743,Groundnut,88.83,3.8902770233568713,0.33846255077898074,0.1256252671690408,0.03749031775538026,0.20898250818385325,27.661596958174897,0.0,0.0
744,Bajra,59.07,4.092352971025525,0.33456494236319484,0.24305454899604417,0.03865767589491648,0.10249261470853632,98.99020652560003,0.0,0.0
745,Rice,1.54,4.0,0.438840621548184,0.10326603665429164,0.03501369718583872,0.1174516570540254,66.94231961959893,0.0,0.0
746,Rice,3.69,3.9648686030428766,0.4034240081115378,0.15940601827273468,0.03586003073892579,0.10270896815843195,27.007837713231904,0.0,0.0
747,Rice,79.67,4.0,0.427494729582322,0.1780834835778511,0.03220434972052693,0.07544022419535087,100.0,0.0,0.0
748,Groundnut,95.89,3.1476613838422893,0.2795081573907888,0.21268734550449156,0.034796648456905485,0.1969299899686298,55.48898337843061,0.0,0.0
749,Groundnut,28.27,3.1872086518739504,0.33043907574882775,0.16362057970347046,0.031889304065424444,0.18582041471593644,95.76729442476226,0.0,0.0
750,Groundnut,88.51,2.798114689709349,0.3367227387221814,0.1426240543966334,0.03385990745806007,0.19113946593732528,96.46504320502751,0.0,0.0
751,Groundnut,98.58,3.8727070594774884,0.29629937475174656,0.11789477324050399,0.0378807889424448,0.26576996355671023,21.271076523994815,0.0,0.0
752,Cotton,69.8,2.3222972972972973,0.2632491669939222,0.14973768715541488,0.034195302238511215,0.27305191408960966,59.3018018018018,0.0,0.0
753,Cotton,74.41,3.552286830613652,0.19572256909911526,0.2716166690940921,0.03437219886013506,0.23202461156150378,30.245920478051026,0.0,0.0
754,Cotton,86.93,3.957920792079208,0.38758590287427747,0.11774376662714117,0.044478867113676795,0.16959734808897403,100.0,0.0,0.0
755,Cotton,79.51,4.805988023952096,0.20306972776824034,0.3356738583286352,0.041606986970591536,0.1917815789315423,100.0,0.0,0.0
756,Cotton,78.23,6.0,0.10732728459379208,0.5893884072931512,0.036700520289130296,0.07667751977944666,79.17839641330411,0.0,0.0
757,Groundnut,81.97,2.294213750850919,0.21830846055307154,0.29266111447132237,0.035696802528906654,0.22222286650490647,40.599046970728395,0.0,50.966022651565616
758,Cotton,89.23,6.0,0.14047571549821103,0.5123249646828661,0.03541127630561534,0.10524376983812224,0.0,,0.0
759,Groundnut,94.72,6.0,0.13811162511362712,0.5034737301295716,0.03662045750529917,0.1101086811319501,0.0,,
760,Bajra,94.78,5.711031175059952,0.2333446146811864,0.38453273720613135,0.03741780355861924,0.08467241802109195,16.576738609112706,0.0,0.0
761,Groundnut,96.79,6.0,0.13850764308203295,0.528451256358401,0.03786126259544282,0.07037004868448062,34.56328818309201,0.0,0.0
762,Bajra,34.52,4.0,0.40652296794131454,0.21203082627010603,0.03886572474487042,0.07007394960623713,65.50398242241141,0.0,0.0
763,Maize,69.88,3.7871652349671545,0.3431478271798162,0.1723283801053347,0.033032282689660714,0.19640703954440636,62.32440626579079,0.0,0.0
764,Groundnut,37.94,1.4948236196319016,0.2808366325092084,0.2254773756449831,0.033200787568615386,0.2090769516581916,0.0,,
765,Groundnut,63.51,4.198473282442748,0.33589083067674724,0.19050086546872563,0.03539873470618785,0.1448757938106799,100.0,0.0,0.0
766,Cotton,43.58,4.071259709557582,0.3330150057952655,0.2108064698044823,0.03280988232845688,0.14411818295727774,73.50557244174263,0.0,0.0
767,Groundnut,8.1,4.0,0.44654462905891185,0.13976637468443096,0.03519248625820607,0.11863723248334121,86.77987421383648,0.0,0.0
768,Bajra,80.38,4.0,0.3702634390018919,0.16115324140701456,0.03249060275235099,0.1555844603526681,56.58031088082903,0.0,0.0
769,Cotton,29.05,4.0,0.4325663430384907,0.11196575767698187,0.032206673496001814,0.1660955211437978,65.92350173859687,0.0,0.0
770,Cotton,32.63,4.280878763222132,0.32934347107505585,0.24420890774775642,0.03656980119225782,0.12055249370861139,93.03498779495526,0.0,0.0
771,Cotton,7.49,4.980471928397073,0.24054515514143138,0.3393828798501857,0.03765709403435495,0.12723797552366772,9.967453213995121,,0.0
772,Cotton,26.1,4.106493506493507,0.375857429936885,0.18725710612395174,0.03449863070454771,0.13820111516914513,0.0,,
773,Cotton,14.65,4.0,0.43298872481729855,0.14860899960112584,0.033620522684686134,0.1205281364407072,0.0,,0.0
774,Maize,25.0,4.0,0.4063956520896195,0.10019164995452547,0.0385028944828011,0.20526967409730087,52.180028129395225,0.0,0.0
775,Groundnut,45.02,4.0,0.3978857553870594,0.13883170199921732,0.0324163972229149,0.17762702417345694,15.565163681284746,0.0,0.0
776,Bajra,26.27,4.0,0.4720058545644447,0.11408645043140675,0.03674040882251057,0.1360607444358329,7.568736484399136,47.566909975669105,40.87719298245614
777,Bajra,17.1,4.0,0.4681265464163292,0.1574266951447546,0.036399272668154604,0.09804636012214683,17.272727272727273,93.99815327793168,100.0
778,Bajra,52.45,4.0,0.48464574578318426,0.15119276416535612,0.03372566826663199,0.07771961830595804,32.32029872419873,0.0,0.0
779,Bajra,3.48,4.0,0.4854880855580308,0.1448152415402821,0.034414307997396844,0.08382232373313554,90.68537726255848,0.0,0.0
780,Bajra,10.61,4.0,0.3462676626438469,0.2714920382825583,0.038160432854781746,0.07974898983829865,0.720402337909474,0.0,100.0
781,Groundnut,4.86,4.0,0.43188342774957705,0.17398837735749356,0.036268114728478816,0.08636005874154556,36.89574314574314,0.0,99.41427050053248
782,Groundnut,42.46,4.0,0.4645885225573659,0.16480589337728463,0.03398845282130934,0.07526238158860238,89.23526162102435,0.0,0.0837030216790826
783,Cotton,54.94,4.0,0.442442738291105,0.14128325160107782,0.03625582010442235,0.1209027222152679,7.42382271468144,0.0,0.0
784,Maize,17.78,4.0,0.4825002881831812,0.14711999569835818,0.036081532177326556,0.0778381644640744,99.46929924674731,0.0,0.0
785,Groundnut,7.91,4.0,0.44945573881972545,0.16452992291602822,0.03778373436754835,0.06292449218234093,89.7159548751007,0.0,1.8768691347839541
786,Groundnut,12.18,4.0,0.40288716169037947,0.08513551206019054,0.037810821624614264,0.2270172302861156,94.68768884249852,0.0,0.0
787,Bajra,49.91,6.0,0.11120976184784753,0.5956659556098602,0.03581607347995655,0.06165974842478033,0.0,,
788,Bajra,51.95,6.0,0.11086281421071392,0.5804105518897245,0.03170738939493131,0.07627679510428645,0.0,,
789,Cotton,25.37,6.0,0.09070373918319581,0.6175532375138482,0.03034260332346446,0.0646740138380055,0.0,,
790,Groundnut,34.27,6.0,0.18530060848400656,0.4711663234971073,0.03161750974081559,0.09715720047212272,0.0,,
791,Groundnut,99.7,5.802990325417766,0.2207236539819028,0.395245109191193,0.03776116654388041,0.10641393174483664,35.88390501319261,100.0,100.0
792,Bajra,92.96,5.86010760953113,0.23368071527751827,0.3542636677355693,0.03679871106487007,0.12183845606670111,37.54803996925442,100.0,100.0
793,Bajra,43.8,4.408547387068202,0.31618084060106044,0.26276652328479005,0.03575756946127294,0.12242658026699461,79.28476527900797,35.16546762589928,97.47706422018348
794,Bajra,51.32,4.307296689167471,0.30423995437224316,0.25434965191646836,0.03790324117108366,0.14255199121345435,88.8781742205079,100.0,100.0
795,Maize,83.98,4.0,0.32941697325120006,0.21646816016328393,0.03644257152436038,0.17125003024406601,100.0,60.48646907216495,91.80090206185567
796,Cotton,77.42,4.0,0.33780295656445347,0.16734013409517837,0.037414537656287813,0.18969737593182354,100.0,0.0,0.0
797,Cotton,81.95,4.0,0.31043447790946027,0.17992345105691188,0.03982747286070779,0.20527721348965125,97.60908547519428,0.0,0.0
798,Cotton,79.74,4.4526248399487836,0.28308821845873916,0.27099387154463683,0.03659241272402044,0.1745571104951248,66.32522407170293,0.0,0.0
799,Cotton,9.16,5.1856443719412715,0.250767461856353,0.34397655924548176,0.035827326777605334,0.14466660041068058,44.535073409461646,0.0,0.0
800,Maize,23.76,4.598885054419964,0.31838460588850104,0.28701378548127077,0.04285977326649609,0.12982471226511821,0.0,,
801,Groundnut,26.95,4.375413086582947,0.3351355767825774,0.28002609243456533,0.038885863116624515,0.11000243351905013,0.0,,
802,Maize,66.15,4.0,0.3037807767786738,0.2440692950484519,0.041703636719896735,0.13338796367764702,8.064516129032258,0.0,0.0
803,Bajra,90.71,4.0,0.2925985146410447,0.2713279082493499,0.039247194024576965,0.11222724317056772,57.96930342384887,0.0,0.0
804,Bajra,87.78,4.0,0.2912370397392475,0.32428254829326714,0.03368894376542939,0.06772847221898183,100.0,0.0,0.0
805,Bajra,98.71,4.0,0.2909926091100661,0.29567010505954305,0.03670295837135343,0.08869200430204802,92.0022688598979,0.0,0.0
806,Bajra,86.96,4.0,0.2833954747827148,0.3262009132818389,0.037407743696951636,0.08338938826891812,89.43839061190276,0.0,0.0
807,Groundnut,99.99,4.0,0.29127843930680747,0.25814635638728683,0.03774201755121382,0.14427395686344713,62.29819563152897,0.0,28.8627935723115
808,Groundnut,99.02,4.0,0.2811032061389496,0.27725786962428284,0.039718724336459135,0.1374880667930079,34.57166620460217,0.0,10.354223433242506
809,Maize,9.0,4.0,0.29010157797499236,0.30760413494498506,0.03629641493491812,0.09329591780302557,100.0,0.0,0.0
810,Cotton,59.43,4.0,0.29391496982976895,0.26791068004996654,0.034696477122574766,0.127483466958941,31.758373205741634,0.0,0.0
811,Bajra,76.88,5.37740646567381,0.23101158442116612,0.37424526301625377,0.04255531138783557,0.11417651849758037,33.05484925535779,64.57875457875457,99.07071622846779
812,Cotton,67.61,4.130054806695304,0.27172280007943583,0.31020596254809213,0.04067503717691263,0.1248103272659942,97.89660790993925,0.0,100.0
813,Cotton,57.36,4.063856558666247,0.2724143689136889,0.32283111168378953,0.03810129739488167,0.12474499263166894,99.62252280591382,0.0,100.0
814,Cotton,95.06,4.0,0.3594438210850331,0.24389729739552796,0.03775715628642119,0.08954275097700373,0.0,0.0,0.0
815,Bajra,83.51,4.0,0.3737304033621331,0.2537243607484567,0.034854646032317985,0.06863104854153654,0.0,,
816,Bajra,42.77,4.0,0.3690529371494804,0.26575307562534317,0.036385001408656074,0.06420103083875911,0.0,,
817,Cotton,10.2,4.0,0.36961631295563535,0.24189038726361964,0.03395315954108921,0.0832204193111463,0.0,,0.0
818,Groundnut,25.0,4.0,0.37768124799262665,0.2335800428871474,0.033720262529244364,0.08884552787425291,2.3353084698501223,0.0,0.0
819,Bajra,79.95,4.267761288285444,0.3088926659100619,0.30170963572287735,0.03832587983936214,0.07489460178478848,0.0,,
820,Groundnut,33.46,5.973903588256616,0.15609378677999913,0.48394612540002807,0.04067383038616897,0.06753791589415786,0.0,,
821,Bajra,48.98,4.841755319148936,0.26698543458445756,0.3383211805167446,0.038632867340988634,0.08017087070181739,27.127659574468083,0.0,0.0
822,Bajra,38.02,4.6126126126126135,0.27536171298424705,0.31513520637083114,0.040350279385644054,0.09254888878186839,100.0,0.0,0.0
823,Groundnut,94.66,4.0,0.3288134350729816,0.25941805792599987,0.03560715708407576,0.0919200278347051,92.27871939736347,0.0,0.0
824,Cotton,31.27,1.522904737116085,0.271483030132663,0.17015900023319716,0.034658212065884715,0.2487175806566888,34.461218115564805,0.0,0.0
825,Cotton,31.27,1.1864739034550353,0.2436183601465838,0.18756688583542136,0.03718380252403934,0.2564846145515231,87.674589561382,0.0,0.0
826,Cotton,31.27,4.998221695317132,0.3174552197963392,0.31500406850764395,0.034360701972354114,0.10199203263299954,5.947441217150762,,98.79781420765028
827,Cotton,31.27,4.713093942691332,0.32298430631418257,0.27801209199107174,0.03522472486760722,0.12360020769022552,0.0,,
828,Cotton,31.27,5.158536585365854,0.32165448258203927,0.31088630956066465,0.03442835622850972,0.10460610206173737,0.5716463414634146,,0.0
829,Groundnut,95.83,4.0,0.3545345781742068,0.15903297876061476,0.03585626029109863,0.20732189672945056,0.0,0.0,0.0
830,Cotton,43.67,4.0,0.3754302927525164,0.17970280813539596,0.038102145353051335,0.1607361836504683,0.0,,
831,Bajra,85.08,4.356991774383079,0.2541665458224924,0.2226777771479587,0.03518513520240772,0.20273279702743763,0.0,,
832,Cotton,13.83,2.970981722253627,0.2662887486635479,0.16667290095768267,0.0367874060370926,0.24619571858229727,0.0,,
833,Cotton,31.49,4.201394585726005,0.3288215892454595,0.25608589280686495,0.0329307998409408,0.09741315292795343,98.0926989335521,0.0,0.0
834,Cotton,27.89,5.257628184963825,0.25262102915890555,0.34508076711114755,0.03559147021482561,0.09774112569360978,70.14784523435046,0.0,0.0
835,Maize,30.65,3.6013986013986026,0.33358329185251306,0.15965097922393437,0.03630400367350212,0.17360456973398927,0.0,,
836,Groundnut,45.81,4.815317498788173,0.29749469892922403,0.2813555498455245,0.036210656274151605,0.11576222971647991,0.0,,
837,Bajra,94.51,4.0,0.3374247279250995,0.22129278356998128,0.037258326267955715,0.12293070611277285,0.0,,
838,Bajra,13.95,4.0,0.37887891069253077,0.16487846368015682,0.036030888674288525,0.13249152588159585,0.0,,
839,Cotton,36.86,2.4120171673819737,0.24553977799518584,0.1722099931120342,0.034248516806541215,0.29871617963059915,14.592274678111586,0.0,0.0
840,Cotton,27.55,1.8365080884464442,0.26835881326085237,0.10129750269776541,0.03233806937807716,0.3310727472593748,28.67808940365656,0.0,0.0
841,Cotton,79.22,4.0,0.2743260004932131,0.24785673950417103,0.03598968675780447,0.17750406325972323,89.15693904020752,0.0,0.0
842,Cotton,53.67,4.018264840182648,0.22184202823896063,0.32953257870154773,0.03443044165432738,0.16777371507981245,27.853881278538815,0.0,0.0
843,Bajra,59.79,4.96386355960824,0.18040679476797275,0.4136828744747197,0.03438303487165273,0.14058198128508928,52.17831813576495,0.0,0.0
844,Groundnut,21.11,4.0,0.4638032869090763,0.1739351190725177,0.0371863664630988,0.06480092416056718,73.37142857142855,0.0,0.0
845,Cotton,74.43,4.03493580173186,0.3807695959709566,0.160733975761137,0.03907849328875176,0.1280392757551738,100.0,0.0,3.7809793968348755
846,Bajra,11.83,4.0,0.4627464886049476,0.17864655151028394,0.03557079234440196,0.05636959441980658,98.99845663809802,0.0,0.0
847,Cotton,11.26,4.0,0.44961172364956314,0.1649667731740907,0.042245730367271264,0.08173588225202781,86.86985172981875,0.0,54.44500674763832
848,Rice,37.28,4.05819173188559,0.4445650467159999,0.17744962844375814,0.04387986280302405,0.06625955309189617,1.7932266328233335,0.0,0.0
849,Groundnut,37.99,4.036145431373242,0.43885592966191445,0.13852429692864665,0.041120502131632805,0.09824473703512708,32.80879385421462,0.0,99.32782792394856
850,Cotton,72.91,4.0,0.4733626439040361,0.07789898300785483,0.03640916251667567,0.14130957230818003,68.02607387598196,0.0,0.0
851,Bajra,66.61,4.0,0.4718597007672064,0.10171836133521656,0.038915886774025264,0.111077654193999,71.18324607329842,0.0,0.0
852,Rice,20.37,4.0,0.4568465052137231,0.15601604450691772,0.037274128591590266,0.07082889171126967,81.74843889384476,0.0,0.0
853,Rice,64.08,4.0,0.41243017090635337,0.19174711565308106,0.03678910701826513,0.08742591367929223,40.16727866177069,0.0,0.0
854,Groundnut,89.67,4.0,0.4482761084070059,0.15637013135356703,0.034464624940149256,0.10102011141930436,9.351679104477611,0.0,73.57774968394438
855,Bajra,91.04,4.0,0.44655910270213095,0.15566827740254602,0.04120812277085858,0.10372018193280966,0.0,,100.0
856,Bajra,55.88,4.0,0.48529768371845666,0.10892379716620472,0.03925609133061919,0.10924305889099592,4.036212749905697,0.0,16.9606512890095
857,Cotton,28.05,4.0,0.4870550995108493,0.06378263163163886,0.03605133594394956,0.10916377502643218,100.0,0.0,0.0
858,Bajra,55.52,4.0,0.5140424749935215,0.0666462666359311,0.03376846113269282,0.11577520572954246,39.61071789686552,0.0,0.0
859,Bajra,81.84,4.0,0.5087111164516017,0.07037639274643635,0.033305510113895855,0.11358368769729983,66.5017667844523,0.0,0.0
860,Bajra,26.58,6.0,0.16611862014015652,0.47284930372850387,0.03604365580029311,0.08928383245733736,3.6705265457723395,0.0,0.0
861,Cotton,72.47,5.000513083632636,0.29885113036868427,0.2877203835729281,0.03917917006088444,0.10212367583872475,0.0,,
862,Cotton,99.49,6.0,0.22103229987284226,0.41869663185677547,0.037645226692034295,0.07395881228318611,0.0,0.0,0.9216589861751152
863,Cotton,98.26,6.0,0.22138783133947937,0.40057085867022424,0.03801690570740552,0.08323474616244346,33.288770053475936,0.0,43.22860238353196
864,Bajra,36.36,6.0,0.17679302449173462,0.5041651027350845,0.038285110779073143,0.06259193770209304,74.42656624443684,0.0,0.0
865,Bajra,62.39,6.0,0.28682549008099945,0.35554185545759426,0.03894029098392628,0.07335207118757703,71.05422293892363,0.0,0.0
866,Cotton,73.13,5.714285714285714,0.3160316146330517,0.2800677294064322,0.04355891521518752,0.11616371091026581,13.079910075618232,0.0,0.0
867,Cotton,53.52,4.0,0.3658417785296129,0.2494811016927077,0.035047413512671426,0.10269371024101002,52.7418582375479,0.0,0.0
868,Bajra,99.8,4.0,0.3986232151519449,0.08371539960789673,0.03709191185528376,0.19696643983598575,100.0,0.0,0.0
869,Bajra,82.79,4.0,0.4103373216736399,0.07459043685331758,0.03434585899968798,0.19775513070811793,85.89849561911062,0.0,0.0
870,Cotton,78.14,3.9222889438361004,0.4114281054333137,0.06576403454454376,0.03521640190351778,0.20817031937989736,99.11691981631931,0.0,0.0
871,Maize,36.87,5.638596491228071,0.2528402272378373,0.30129432045335053,0.03623863709745767,0.12459212851364236,42.91228070175439,0.0,0.0
872,Groundnut,95.6,5.924752475247526,0.21618478769150037,0.3140669699774677,0.04251148113099573,0.16100258304031861,49.96699669966998,0.0,0.0
873,Cotton,65.45,5.957099957099956,0.21120312532220062,0.2629971109468096,0.04634335987072323,0.22496496977971636,7.893607893607894,0.0,0.0
874,Maize,50.0,4.0,0.4700323807063561,0.13837757824172406,0.039031328614642924,0.09909163773283362,7.136764287745237,0.0,73.09295162167061
875,Cotton,79.92,4.2023047375160045,0.1150158004308532,0.34070238909518363,0.03143978864443459,0.2822599780073607,0.0,,0.0
876,Groundnut,90.35,4.328868740984958,0.3292793974183444,0.19758326629750156,0.03636341403306986,0.1541379730677831,0.0,,
877,Groundnut,55.83,3.586531986531987,0.33087986292287197,0.17831252859978533,0.03868162795734057,0.17125213348471865,0.0,,
878,Cotton,48.19,4.672176602324837,0.3137521867365001,0.20718684851347768,0.03188145047250746,0.1775511909095832,13.597099285485763,0.0,0.0
879,Bajra,65.08,3.879579375848033,0.29726493944984356,0.24805764606593877,0.03403578751833902,0.14436676515064273,0.0,,
880,Bajra,64.14,3.4916683396908246,0.3433066315230138,0.16436792647682394,0.03251759058814006,0.1456682416595275,13.330656494679785,0.0,0.0
881,Groundnut,93.75,2.890578635014837,0.3258629004615055,0.12128050880993196,0.03330291061974248,0.19444241622293262,99.36943620178043,0.0,0.0
882,Groundnut,30.86,4.0,0.3322048413342472,0.1826111733944856,0.03628699692544515,0.17962259169803618,0.0,,
883,Groundnut,62.44,3.5451730620369335,0.30593408549886353,0.10916339407610492,0.03330529308356248,0.2591447407021243,55.158686276678075,0.0,88.76602564102564
884,Cotton,23.86,3.925696594427244,0.3335793623882469,0.1303013862805482,0.035127337453661,0.22475083033354987,1.1179910560715514,0.0,0.0
885,Groundnut,65.2,4.0,0.38383609875908253,0.09917680406219687,0.033800301508779725,0.1853960863279787,73.43804537521818,0.0,0.0
886,Groundnut,50.0,3.293337543416483,0.32573623142174596,0.09053808147597027,0.034074854182566415,0.2677937446335606,15.535206820334704,0.0,0.0
887,Bajra,59.14,4.0,0.32803160739000015,0.1783739261949342,0.036472000681989775,0.16876185005149794,0.0,,
888,Bajra,83.38,4.0,0.3887666951699951,0.18824983356238323,0.033157723370330155,0.0945089200424848,62.8315535652773,0.0,0.0
889,Groundnut,24.74,4.0,0.3763421841909183,0.17652973898069413,0.030291514938826626,0.12052757220618773,100.0,0.0,0.0
890,Bajra,24.04,4.0,0.393786925811028,0.19566838523340666,0.03217310268927716,0.08876885850690323,90.88349644724492,0.0,0.0
891,Bajra,13.43,4.0,0.37807902468250126,0.21191219657964103,0.03407655125390557,0.09252311223005041,3.1375243329898086,0.0,0.0
892,Groundnut,61.42,2.951150241408691,0.31883514482771047,0.22214266440519806,0.035779778552972985,0.16933466413747905,37.00653223516046,0.0,0.0
893,Cotton,77.84,3.9991650431394388,0.33539495762785443,0.23244805389984408,0.036746986324007504,0.1216316761815495,51.711661564152536,0.0,0.0
894,Bajra,0.52,4.0,0.3493409875203306,0.25240585956531575,0.03957944137165175,0.10881446343676904,85.46697038724375,0.0,0.0
895,Cotton,46.57,4.0,0.3416639388464427,0.24857400394048942,0.039477191621398816,0.1344230159052781,86.28318584070797,0.0,0.0
896,Bajra,73.27,2.7496860611134366,0.2696537221416501,0.17334130133131964,0.036171701527840626,0.2350975438949068,86.32621738523791,73.9489600236023,37.9997049712347
897,Cotton,65.37,4.756443556443556,0.2505414166076985,0.27564091916568206,0.04165573207390766,0.15717941830966523,0.0,,
898,Cotton,44.58,6.0,0.12428715237487566,0.48598410486784044,0.04184488181727915,0.11399618244474517,0.0,,
899,Cotton,58.01,6.0,0.14896706085705833,0.44981172027969535,0.044850101676840795,0.11418667599967611,0.0,,
900,Maize,10.79,6.0,0.12008909673833797,0.5382474543512906,0.04041981771183564,0.07584687213810508,0.0,,
901,Cotton,30.79,1.7388809182209473,0.3083366735311673,0.1177660232206512,0.03528981978527575,0.2830098174842425,60.06695361071259,0.0,0.0
902,Cotton,43.74,3.179856115107913,0.40214901060153,0.09214666968647746,0.03783887809159045,0.19659152942577737,100.0,0.0,0.0
903,Groundnut,88.19,4.0,0.4712412819875912,0.08978397228587606,0.03977921486158639,0.1304714306920315,93.45454545454545,0.0,0.0
904,Rice,37.15,4.0,0.488830931539306,0.08993201257977483,0.04235167757310141,0.11531888111809119,36.23623623623623,0.0,42.50764525993884
905,Cotton,62.88,4.0,0.4773062714917136,0.09869401729835049,0.03763103117922783,0.09777262189567461,78.5254824344384,0.0,0.0
906,Cotton,70.02,4.0,0.46012709513794237,0.13391418018836482,0.036409388372838615,0.08921313029482611,100.0,0.0,0.0
907,Bajra,18.73,4.0,0.4102314784735129,0.1933318760813835,0.03957398862910572,0.09933994945122637,96.89089881288866,0.0,0.0
908,Cotton,52.31,4.0,0.4342335873274739,0.14035053959518756,0.03767327494949517,0.11678634134627236,0.0,,
909,Cotton,53.82,3.8617465904091506,0.3823962643277616,0.13158402996505675,0.03848516792532185,0.17589901434630478,0.1209854817421909,0.0,100.0
910,Cotton,56.58,2.5454545454545454,0.3287110335002194,0.09210584763203208,0.03187325149170426,0.2355414937553114,61.61616161616161,0.0,0.0
911,Cotton,48.36,4.0,0.3744165480798995,0.10870636088267309,0.03439308212981511,0.16920791151494632,82.54585881045026,0.0,0.0
912,Cotton,89.49,6.0,0.24820062881508148,0.36460671621138935,0.04037300691748859,0.11116278006094368,0.0,,
913,Bajra,26.75,4.924120795107033,0.33306316145585735,0.27889593525513146,0.03725983006389727,0.09890298156569878,80.82951070336391,0.0,0.0
914,Groundnut,11.34,4.0,0.48740969217877933,0.12830944761625568,0.036152090762937614,0.0888952754670548,11.683425030038574,0.0,60.731472569778624
915,Bajra,58.23,6.0,0.22994399982261862,0.44442141743362656,0.03604793963269938,0.06739102224617655,2.673434856175973,7.758620689655172,3.4351145038167936
916,Cotton,29.35,4.22858104696179,0.3401862905421974,0.29170407772027684,0.033906912495542195,0.09029878782421326,75.40818044100321,0.0,74.03547266410678
917,Groundnut,86.88,3.967402041488311,0.36717543288952514,0.14353062945104555,0.03417352352428523,0.16178786127441472,47.57984853473823,0.0,0.0
918,Groundnut,68.97,4.0,0.37223257995550924,0.15923182329606192,0.03455100008796041,0.16233594456793873,1.5692175408426483,0.0,0.0
919,Cotton,60.04,5.510281797410511,0.18513332104932256,0.34347991060478833,0.03735783355090512,0.13972552427399243,19.249809596344253,0.0,0.0
920,Cotton,64.59,5.477729601892,0.16479685021165888,0.3584758031238839,0.036758366611715915,0.18611802220539464,67.32361056365787,0.0,0.0
921,Bajra,26.61,5.988745603751466,0.23448128073478433,0.37503904028334895,0.038948783966694094,0.12108938764732717,4.243845252051583,0.0,100.0
922,Cotton,93.96,6.0,0.22241796610666284,0.41009134981159834,0.03976968369455624,0.1111547471508142,14.664410603496899,0.0,100.0
923,Bajra,99.98,4.0,0.4175117021089439,0.20533782279733445,0.03913258037927378,0.07218224731696539,90.09468317552806,0.0,0.0
924,Maize,99.29,4.0,0.4254759668250387,0.1848888730320064,0.04076612799570274,0.09019766833382704,13.0466472303207,0.0,0.0
925,Maize,46.45,4.0,0.43635490276806865,0.17889868959775101,0.043793172772569264,0.08581942970194988,15.824915824915825,0.0,0.0
926,Cotton,88.26,4.0,0.4721775340182901,0.1436571635609359,0.03978737844525242,0.11033579997469732,0.0,,
927,Groundnut,71.32,4.0,0.4313746767787451,0.14668877995966462,0.03676210582966676,0.12853004993072062,3.9395401189901915,0.0,0.0
928,Bajra,84.86,4.0,0.4132654146164066,0.1614202291749578,0.03417101051896071,0.13044402991935442,46.81831697888792,0.0,0.0
929,Cotton,70.83,4.0,0.39448232287714263,0.09726486553343613,0.03824017439520072,0.20701029775661406,11.58929176550322,0.0,0.0
930,Groundnut,32.28,4.0,0.39856653647110885,0.152265315258625,0.03783662941515678,0.15013362811313494,78.05747849800714,0.0,0.0
931,Rice,97.77,4.0,0.39817042978538864,0.196144794516878,0.044065546702660725,0.10666655488025137,0.0,,
932,Cotton,50.67,4.583723902854708,0.3133746736426906,0.24688566008724175,0.03956854732332253,0.1476822417108633,93.22539412015337,0.0,0.0
933,Cotton,57.88,5.13354037267081,0.32396017241381014,0.2737304013967588,0.04507932842824637,0.1050175303316069,100.0,0.0,0.0
934,Cotton,56.45,4.052395562898277,0.32146680682841194,0.27554884398816476,0.04197384483251938,0.11235601146760842,84.09251829124382,0.0,0.0
935,Rice,46.32,4.0,0.2871485794469521,0.3358884111163762,0.03910819447262188,0.09126483123457158,19.904498617743155,0.0,0.0
936,Maize,54.42,4.0,0.3084427860996776,0.3253902271732906,0.03785049780764414,0.08232077536775563,33.00765777660418,0.0,0.0
937,Cotton,45.62,4.0,0.3360797395208432,0.28621298201171863,0.04085983330007567,0.07795317244729644,37.02118776745642,0.0,0.0
938,Bajra,26.79,6.0,0.17993242626630288,0.39613381160049865,0.03602933189465252,0.15972556797848173,27.100494233937404,0.0,0.0
939,Cotton,82.93,6.0,0.16688846454254055,0.41470492720180113,0.03382030344422859,0.17415554059739652,37.29196630367783,0.0,0.0
940,Groundnut,33.03,6.0,0.1905012288234477,0.49507780260346146,0.03747085909558821,0.05884228082194229,0.8392298831660361,0.0,0.0
941,Cotton,88.58,3.5452946350043972,0.36024751964691715,0.052708102378509224,0.03928718503757905,0.26071313284379954,100.0,0.0,70.3312811492231
942,Groundnut,50.99,4.0,0.3686461525056723,0.059783245525907774,0.035590785651685185,0.24115348284560986,46.304591265397534,0.0,12.4546553808948
943,Groundnut,43.33,4.0,0.40844220382434976,0.1535452071321963,0.037464516492892,0.1388668436002802,48.196591359492686,0.0,100.0
944,Cotton,58.27,4.0,0.3944533011757018,0.17308877106462686,0.0362205180073737,0.13482761829478548,64.55525606469004,0.0,91.82021217197098
945,Cotton,40.85,4.040132722389004,0.4027025546517762,0.20646549677740428,0.038190401881005566,0.08875968613658737,0.0,,
946,Cotton,28.96,5.993922059349304,0.23877059542821216,0.3352346060533525,0.03089855754595485,0.16023975044556665,96.65713264211652,0.0,0.0
947,Groundnut,59.97,6.0,0.22002454797214113,0.38767018017323,0.03193914363594527,0.12195244055466625,76.62019793551134,0.0,0.0
948,Bajra,39.95,6.0,0.2330321341599562,0.392010322897716,0.03703716655991163,0.08192547677867454,97.77108433734942,0.0,0.0
949,Cotton,75.17,6.0,0.2224269346701629,0.38840740972960563,0.03696569783050789,0.10066789931318323,54.7178130511464,0.0,0.0
950,Groundnut,74.3,4.99210686095932,0.24371543560105627,0.425240931633406,0.036272518780646086,0.0707168971128745,100.0,0.0,0.0
951,Bajra,81.92,4.320724215971548,0.29680533197680875,0.3510267037014252,0.040779309118957864,0.0711610808568185,73.81183317167797,0.0,0.0
952,Bajra,56.72,4.0,0.3553445906895714,0.22505819732889157,0.04282951190771501,0.12329211620272054,68.53164556962025,0.0,0.0
953,Bajra,84.05,4.0,0.3339926758641962,0.29662006253753226,0.04097559990461237,0.08362405738788532,52.918161069448985,0.0,0.0
954,Groundnut,79.12,5.161388550548113,0.2612380819042571,0.37272039226095877,0.036164219296106574,0.0662731594195429,0.0,,
955,Groundnut,52.26,4.0,0.384373856189174,0.18694144871044538,0.035492584900732975,0.10813330366281211,0.0,,
956,Groundnut,21.3,4.0,0.4227655663802188,0.18861306224017418,0.03618963261633784,0.08287667663807645,0.0,,
957,Cotton,73.72,5.2364116094986795,0.29076177012359616,0.3257751226600715,0.037400940327418565,0.08383662677293219,0.0,,
958,Bajra,27.06,4.0,0.35813134560566595,0.26610971562902835,0.0402111255570669,0.06932254883774175,22.5428027901078,0.0,0.0
959,Cotton,31.27,4.032044862807931,0.35271448727842647,0.2865612658240415,0.03831084372394626,0.0641185454483888,0.0,,
960,Groundnut,0.0,5.529532463725634,0.27841451359286956,0.39484947990320385,0.03520021165322561,0.06530659752400007,76.27143485270409,0.0,28.08931310720981
961,Cotton,8.81,3.943949410750216,0.3470210717953363,0.16772518977757725,0.03599989498424562,0.12568727266868385,0.0,,
962,Cotton,31.27,4.0,0.33550554464628657,0.13185208218361666,0.03996987706570093,0.21083425586390997,0.0,,
963,Cotton,31.27,4.679835651074589,0.28991158853497206,0.3048132227979333,0.03888917964144609,0.11194401688783812,0.0,,
964,Cotton,31.27,5.988001654944145,0.22447510772138712,0.4382966408253362,0.03837139559098813,0.0721038112854728,0.0,,
965,Cotton,31.27,1.5628227194492252,0.18103451749280414,0.208123268965526,0.03651508011495052,0.326763357999999,14.8881239242685,0.0,0.0
966,Rice,1.37,5.111830113014948,0.28142585425915556,0.3545446181425797,0.03464309498794215,0.08040686947164259,62.276704338315724,0.0,100.0
