dw_built,dw_crops,dw_mode,dw_trees,dw_water,farm_id,wc_crop,wc_irrig,wc_maize
0.1566417924397397,0.4875004224360565,4.0,0.04986709692719419,0.0348086245264577,1,100.0,0.0,0.0
0.1891403029590092,0.4944450577769223,4.0,0.036070863996913796,0.03777601335523057,2,100.0,5.167916530811867,0.0
0.28612015194955054,0.4074530089593933,4.569883947235638,0.05037338456624517,0.03377174619645493,3,100.0,3.604123116845671,0.0
0.15114166264836276,0.49428412406606326,4.0,0.059466251012665186,0.04054621635009892,4,100.0,100.0,0.0
0.25341194889436625,0.41020836191032967,4.341646519913475,0.05374165493943921,0.04499219324356693,5,100.0,98.85481613436824,0.0
0.1699224596263128,0.4464667375403067,4.0,0.061490132726998,0.0496661220504116,6,100.0,92.40146457032093,0.0
0.12083044335514025,0.5046164165779189,4.0,0.05419245607979515,0.042957011057183705,7,100.0,100.0,0.0
0.15091300318258907,0.45039782131030387,4.0,0.055217511846060635,0.03943019447816573,8,94.42240751234519,0.2610306500505221,0.0
0.11005972178098714,0.26380453466327064,2.358670245000433,0.17244858464622145,0.04037905221394343,9,100.0,0.0,0.0
0.08750018932142156,0.4727104686513347,3.9994385176866927,0.09474114843547635,0.03462137253257125,10,89.87460228336141,0.0,0.0
0.14399398555994694,0.39038294278926966,3.8268384151312573,0.1234906225132924,0.03953890168655214,11,83.32789825533997,0.0,0.0
0.11943734936706703,0.4768327985153811,3.7843406593406597,0.09506402366278224,0.04346932795861705,12,84.10518053375195,8.014138353891653,0.0
0.2428073808154067,0.39401555030424634,4.061787642471506,0.06535722572872826,0.04586735059019112,13,97.39802039592081,100.0,0.0
0.1458645846776603,0.45036806243867183,4.0,0.10326541332638502,0.03927257027652657,14,0.0,100.0,0.0
0.3581319554394648,0.26881226386447826,5.780674846625767,0.08799300423028386,0.041531392840270034,15,0.0,,
0.3583752113826941,0.268536139991864,5.787925696594427,0.08807178199498109,0.04152888880834278,16,0.0,,
,,,,,17,,,
,,,,,18,,,
,,,,,19,,,
0.14625221038927488,0.4347726607045243,4.084614667784923,0.11842064388334263,0.039940674708753995,20,66.91827415897868,0.0,0.0
0.11188365107209135,0.5212973660570012,4.0,0.05040146611976732,0.03954654174288809,21,100.0,0.7567635744466166,0.0
0.12280300976430665,0.5026975751560849,4.0,0.05968290856691783,0.04396120395644813,22,100.0,0.0,0.0
0.0912352988185982,0.5289874509520208,4.0,0.08627106744097546,0.04176623376163965,23,100.0,0.0,0.0
0.11630173878035181,0.4656975097893938,4.0,0.06207361568117272,0.042040514486954804,24,100.0,0.0,0.0
0.08985703915454271,0.5383448583823939,4.0,0.05191917914347133,0.03829419457141716,25,100.0,0.0,0.0
0.13280388739665297,0.4869942064869119,4.0,0.050966656292912284,0.036229597230423655,26,94.850361967311,8.003617454216597,0.0
0.15154069909558365,0.5085148330573886,4.0,0.04337515527950807,0.03663113293390435,27,100.0,0.0,0.0
0.14862189494516448,0.4960417260377705,4.0,0.06592698716229599,0.04112817427056747,28,100.0,92.47117655229893,0.0
0.16778527389388775,0.49827303649163734,4.0,0.0375285268823715,0.036654760299299004,29,100.0,83.21473951715375,0.0
0.06052754890641827,0.38565255907504226,2.444192083062946,0.26142408095990355,0.04234006251320417,30,45.74951330304997,1.5663069961712504,0.0
0.19404041255417687,0.4641360968156934,4.013690257914681,0.05163797550670389,0.0415158513952097,31,97.20694291651391,89.11502261337246,0.0
0.1830762174433357,0.41659822986146744,4.0,0.10342709277758458,0.0418980019237179,32,100.0,100.0,0.0
0.16698082221380564,0.47044517409223524,4.103713542531407,0.06346343760161213,0.041408040992486364,33,66.97658973933255,0.0,0.0
0.10945457284264448,0.5217104640576922,4.0,0.057273900157429,0.043207337045094094,34,75.40692740877881,4.636313159355914,0.0
0.201278775178912,0.4784145052519933,4.06591727600131,0.04256094682652059,0.035263184401279235,35,66.49932700352868,0.0,0.0
0.16664660412323096,0.5119478900209283,4.0,0.039199051323455636,0.03577179532286535,36,100.0,75.33002640211217,35.25482038563085
0.16235967130735235,0.47471879231658526,4.0,0.05561856703718526,0.04183462587117598,37,100.0,74.26808364758314,80.34281796366129
0.1642979790727176,0.4644764995955896,4.0,0.04913945252027182,0.03930262619600031,38,98.87797007920211,72.9099442651804,74.36030556997702
0.1259831258293453,0.49345048054247614,4.0,0.06166071845511721,0.03474845566652955,39,85.74058033780864,12.100947839739492,11.114513165952232
0.12149289421632184,0.47365819282083244,3.983916938110749,0.07604148575629194,0.03497853136365327,40,47.02090119435396,75.28762080073632,0.0
0.15111431389716412,0.2906116911685061,2.0411953531030265,0.278438818711531,0.04593279383276281,41,91.40171201467437,55.77698695136417,0.0
0.07381294900807962,0.3993463072616046,2.706468191622505,0.22805935022859644,0.03814072909996137,42,99.52866615183869,83.97251518056885,0.0
0.10625958273892278,0.48394213490979343,3.986757557132481,0.09714114629060629,0.04033380109381193,43,100.0,3.8665698161703084,0.0
0.10976531488143708,0.5228722207268177,4.0,0.05791950440929492,0.03864912938416057,44,89.07162951742049,0.0,0.0
0.06483927152006745,0.5435411343871329,4.0,0.07322330497825992,0.043274385541561,45,99.9306578833319,32.92883765276935,0.0
0.19720257573778613,0.3770107461266205,4.0,0.11585385048475724,0.03472149585382572,46,0.0,95.14925373134328,0.0
0.07763505864432108,0.5090169400173535,4.0,0.07451600807994199,0.04204868136541612,47,98.7730506751851,40.44141748916487,0.0
0.12789380128851074,0.4933687211765742,4.0,0.08136120909719509,0.03901386365094357,48,85.66310621641345,87.4565695242147,0.0
0.22312257478119807,0.4447408350534623,4.040147357341553,0.047077030141265463,0.03698983337286324,49,98.41615918602614,0.6691226223592213,0.0
,,,,,50,,,
0.18294132787855497,0.4557364251340493,4.0,0.07125281130669886,0.042979438977954865,51,98.18181818181819,0.0,0.0
0.26722339703054687,0.3443056549230177,4.0,0.09198505936526796,0.03751693045746328,52,0.0,100.0,33.333333333333336
0.06491723775951219,0.45915256392981046,3.973145780051151,0.1497458937037175,0.03405658237156472,53,77.0140664961637,0.0,0.0
0.17636068192091112,0.4329701431636287,4.0,0.0568442335069064,0.03940570480778259,54,99.92116673236106,0.0,0.0
0.19391749365442745,0.4351037252525089,4.0,0.049497877031510804,0.043571715970470534,55,48.203868590727666,21.584460934089915,0.0
0.10673134005690867,0.5031777770090963,4.0,0.08070623894973085,0.044446828048556306,56,100.0,0.0,0.0
,,,,,57,,,
0.1318747469596539,0.4337890063579251,4.0,0.11800621731946387,0.044319909150388005,58,2.16984661429106,0.0,0.0
0.12003055805052736,0.403947009746839,3.4236394256337532,0.16565115788191784,0.04177260573959552,59,88.48165218932816,26.08011841983532,0.0
0.15600867706947913,0.5017935954674987,4.0,0.054306212506719354,0.038572178969299833,60,100.0,100.0,0.0
0.15582306530817,0.4446763520566585,3.972837603544596,0.09756639758805923,0.03654281032133356,61,99.89404738971294,58.35099210171448,0.0
0.19685459047867884,0.4457986803612566,4.0,0.05430633966905048,0.03673693735306093,62,94.81673454276194,18.327267212617528,0.06824385805277525
0.26857828795766236,0.37453170633917165,4.202000952834682,0.05545867766398019,0.040716789552895115,63,100.0,5.531205335874226,0.0
0.14970925438357116,0.3574931992754322,3.488621000450654,0.1404618615865497,0.04146710305941231,64,94.74237644584643,76.52264646776935,16.465783045689342
0.16235400804435826,0.45775296415065947,4.0,0.04858023682903615,0.038627708742154994,65,94.49560999570207,42.620671817917305,3.2714986517657
0.17512099859381874,0.451220909329575,4.0,0.05049169767676027,0.038509629412953744,66,86.63536076326776,3.813811263059543,0.0
0.1866584075582456,0.4230850649599767,4.162422297974734,0.0688060391646313,0.03822459502320539,67,100.0,4.327250852215762,0.0
0.22662885822392878,0.397087853661207,4.0,0.07345078603484502,0.04166805975271288,68,61.541175640392346,87.54655715786458,0.0
0.20589529891765826,0.39505637392548637,4.0,0.09946069313511255,0.03981830662152475,69,97.91889929823347,98.20914170686841,0.0
0.15245309301825002,0.445444010035639,4.0,0.08178347029575801,0.04251653247551252,70,6.859810075647835,66.52558676414006,0.0
0.22951532278160225,0.3975940689583836,4.028403385454024,0.058887919552353084,0.037816826869472304,71,91.03428489456317,35.071020647239706,0.0
0.30121719525212154,0.3531848350385511,4.495359062042013,0.05023915073435123,0.039749946832109986,72,99.78505129457743,97.59130519925586,0.0
0.2637612968113508,0.36514437553310736,4.091426207467163,0.05342221475364497,0.045981533749942446,73,93.31885406970729,100.0,0.0
0.04715400436677274,0.32579895570265366,1.0199104800123477,0.34578744725215843,0.0390923492275655,74,76.87914801666923,87.6009252389473,8.198980294887695
0.09980834258291404,0.4679566591650081,3.3865646885366756,0.11147016645850856,0.03779684209165885,75,77.85661629192774,6.235709831635834,0.0
0.09135219239109221,0.455982138407777,3.6556808803301237,0.1458113820471594,0.03936983525218023,76,99.474552957359,25.72764786795048,0.0
0.1326267503339221,0.4051987492707928,3.7402767605905236,0.12473035925080164,0.042858357968645046,77,94.63439077978649,4.374340330714202,0.0
0.1288990321166034,0.4332802456545533,4.0,0.10271415627317382,0.035403814977416175,78,100.0,0.0,0.0
0.09276088801984195,0.5009665130319472,4.0,0.06162159222320106,0.04350461510291853,79,21.937808115282508,0.0,0.0
0.11933647451580812,0.4670634372735419,4.0,0.05748138788515082,0.04238100508241371,80,7.445988679546119,0.0,0.0
0.16156405627130677,0.4767735151058463,4.0,0.04125398041208814,0.03968387154239819,81,97.05924925214713,0.0,0.0
0.07779174594860112,0.4497164401282012,4.0,0.08596219699304762,0.03212995607281389,82,89.67142518056356,0.0,0.0
0.11426915916076202,0.43466876152523204,4.0,0.08272224613372223,0.03286548512117683,83,98.70206489675516,44.66076696165194,8.097345132743364
0.10548335761463358,0.4539615658173675,4.0,0.09584572513496604,0.041938247759822925,84,91.15527407730946,64.8921200750469,0.0
0.06231084551964896,0.3484524647074374,1.480520944917404,0.3167754969993868,0.03918308692434216,85,98.55668940632579,5.641069251920515,0.0
0.04649733551406979,0.32710512864711494,1.292496535339536,0.34409889460176046,0.041520262405740985,86,99.30442816603966,94.29683890978679,0.0
0.10964687188649885,0.42949902096373843,3.4476433712560968,0.135159532054316,0.038043009746785796,87,99.39168794984916,9.802646853958674,0.0
0.06708619609540045,0.556566066845403,4.0,0.053383044529032635,0.032473176802542775,88,51.553398058252434,0.0,0.0
0.11620931393322213,0.5307314199717893,4.0,0.06068893804240384,0.03619647204455196,89,99.54158154367438,0.0,0.0
0.054428611993524244,0.5133317696363475,4.0,0.10272452273681366,0.03770802675761134,90,92.04087372269615,2.743724460011675,0.0
0.05175173804424193,0.5280691497848523,4.0,0.07966206044699271,0.03265365713215169,91,84.95670995670996,50.28622540250447,0.0
0.07652452089286046,0.49648572845048383,4.0,0.08642431387514213,0.03452119043659361,92,95.43253712072305,96.25,0.0
0.10262540484605276,0.42683431037292935,4.0,0.17442664761356866,0.03637843965791139,93,0.0,100.0,0.0
0.07989907460555667,0.4664276944863572,4.0,0.11831792844516974,0.041575937640274375,94,0.0,,
0.10200807240709814,0.4822378882227939,4.0,0.1134689828589273,0.034521278640944765,95,58.15106815869785,76.88617531617967,0.0
0.06147580379135205,0.5331085629641844,4.0,0.07509014164273307,0.03151962423132391,96,99.4907682214377,100.0,34.065417632683754
0.12955871365326033,0.5294986412234148,4.0,0.048956823980206024,0.03534453603710425,97,100.0,18.598626340522955,0.0
0.13059996547486022,0.536080383749777,4.0,0.05560581970632343,0.040278047672292594,98,100.0,0.0,0.0
0.10824657881659143,0.5229567682793006,4.0,0.07955649242962694,0.04228666869065145,99,77.87821122740247,0.0,0.0
0.1418820068010897,0.5282684276164066,4.0,0.04617328497632833,0.037898402394258845,100,75.49374130737132,7.355856767145458,0.0
0.05019874366807721,0.5252182879548366,4.0,0.10432208707071827,0.03690430719129371,101,84.95068538950183,21.547954523369945,0.0
0.09524684947023145,0.4786667889181528,4.0,0.11981345771762315,0.03847635427564578,102,40.6242279502594,54.26471874726619,12.923170484492191
0.05708248256968386,0.4408527645755917,4.0,0.2085709533473475,0.03673470588872305,103,81.90895095667473,0.9245639840302585,0.0
0.09212591215292781,0.47389639789327465,4.0,0.08785299762605214,0.04368623955797833,104,84.07124681933843,23.803251412527306,0.0
0.07431331405171135,0.37974601813965736,3.961508117759415,0.2216591122314809,0.03946630211359181,105,96.44977785159654,94.94249055350245,0.0
0.05617000829544142,0.3891892514549702,3.8880007027406895,0.25312322147917726,0.04294675822452022,106,98.53302881236823,1.0833918950573904,0.0
0.11926565418286146,0.3524233643951039,3.314053038212571,0.20740678822145983,0.04881267823170925,107,21.298809772395074,100.0,73.15152679085844
0.04806052518597462,0.31484655386797433,2.5294279772493797,0.27653980860152794,0.045284624097717524,108,99.8972714289294,78.32706295460245,0.5137774142426258
0.07156034025534086,0.43689678062452286,4.0,0.16300911966470769,0.038366573380849076,109,99.05039488529518,0.0,0.0
0.07072578931972656,0.4093709757843075,3.480070363411026,0.20989510539156186,0.04136570589451438,110,98.35685443569342,0.0,0.0
0.08426496663952171,0.46951180356399846,3.898613193403299,0.1254261699186053,0.03443411405930705,111,100.0,37.29593536565049,0.02498750624687656
0.10785577961936416,0.5120021124480608,4.0,0.04752015015096357,0.03905113207458006,112,99.40227136879854,0.0,0.0
0.07242742343475429,0.5034706566410517,4.0,0.11745393103490624,0.037047733056881596,113,79.42774936061382,0.0,0.0
0.1166655082905257,0.5404884957674772,4.0272533900558365,0.048011828219180604,0.04286834975517733,114,97.83834086679076,94.46085968313395,0.0
0.0618740776166941,0.5152504409131714,4.0,0.11255513400771743,0.04027536760557906,115,100.0,17.03372438508898,0.0
0.13410102178928984,0.5412151976222235,4.214822069866146,0.05067743933352428,0.035576676594607615,116,91.40360129586382,85.69298773311019,0.6870537518523508
0.17479319265076806,0.4783831921917041,4.0,0.059125083555893757,0.039161321649376774,117,98.35922850254487,100.0,0.0
0.24015158436822412,0.440846045018605,4.0771620921802185,0.04156722058606024,0.039861119958582554,118,90.22342235703191,100.0,0.0
0.14771889450177492,0.4454573013919378,3.916420845624385,0.10334130021535444,0.04302698826581855,119,19.84922976073417,76.63725034835109,15.428289311281166
0.12506261958143347,0.465784124887643,3.876215036699067,0.08819019954943934,0.050039814897444815,120,100.0,16.891489783773054,0.0
0.06509043531095084,0.36576321705501963,1.8173220507715284,0.27075838406301184,0.04156165188220304,121,99.83131463967699,98.60903711077925,29.234647239688655
0.1548836775333835,0.5078705739938034,4.0,0.0406704236217488,0.043085567992539264,122,15.960212967930989,39.2656425627576,0.0
0.08376839446938435,0.5199544509881093,4.0,0.09566364047901059,0.03633064195705049,123,84.49185850645704,100.0,0.0
0.08656521464521877,0.5491771441697096,4.0,0.07465778148462102,0.0483184735107368,124,82.71898156944708,100.0,0.0
0.15871362914473103,0.522889194821529,4.0845000881678715,0.0507167162544744,0.03505374777571604,125,0.4619996473285135,62.48294679399728,0.0
0.20671623572750084,0.3708007498592473,4.21894566754191,0.08678686530283668,0.04109198311316571,126,30.539284992930714,100.0,0.0
0.08634925353930292,0.3547394563881331,3.0804268423691172,0.24356802602289693,0.03930451534158212,127,83.42763016543721,67.15517899396993,0.0
0.06378695532334801,0.5638276629147139,4.0,0.059362931867476314,0.04296029054785908,128,100.0,0.0,0.0
0.08352048917230552,0.5368359490121191,4.0,0.05356802293645637,0.04874263806267549,129,97.60825780463242,0.0,0.0
0.12949761492323703,0.5272662481003328,4.0,0.04717239674827799,0.040111488777773444,130,82.90726656867133,3.2820296577412327,0.0
0.05969650971788841,0.48712288190685543,4.0,0.1328675502682647,0.04017234266212346,131,92.75123558484351,50.44331855604813,0.0
0.0689292835641417,0.5505553392574747,4.0,0.0899079068505093,0.04121390035015967,132,46.108263933376044,0.0,0.0
0.08751327012245942,0.5720341233341941,4.0,0.05671567726009273,0.03828484382041675,133,3.71001573151547,0.057870370370370364,0.0
0.07638990057057332,0.5053204720798534,4.0,0.12086757363353902,0.037753317389837206,134,99.88684771033012,93.47637769041114,0.0
0.12740232066857604,0.5120943569154033,4.0,0.06849160193123371,0.045138794239326895,135,45.96020360944007,13.313002169960706,0.0
0.07177813636070743,0.4649817709083673,4.0,0.14466597435842798,0.04682190396282804,136,59.8328809409761,71.62264723740132,54.99360818152763
0.05467673040635632,0.3759021988596952,1.6476429816383606,0.26117928046456734,0.04356044150920269,137,37.511653358193826,0.0,0.0
0.04893720728454968,0.3852079769273522,1.1581991089787524,0.26882198723786693,0.0414575881186565,138,21.65438656614119,25.650170902065693,0.0
0.09179133208643593,0.4673673596596054,4.0,0.06947280183158987,0.03959307519440583,139,7.428840102716192,0.0,0.0
0.059001809390306914,0.46739888203072694,4.0,0.09083627112331509,0.03978301098531434,140,44.72116946399567,0.0,0.0
0.10409737515716173,0.4822506739893839,4.0,0.052775613882341324,0.04936414564483446,141,98.26430274135876,0.0,0.0
0.18106649253829088,0.46296098643397543,4.0,0.04562851202770278,0.045289739733348024,142,99.61404290061607,51.45988797290509,0.0
0.20716901366134904,0.4270587007952548,4.0,0.04740448032914436,0.04060587823520231,143,96.87308399754758,72.93901669439506,0.0
0.07061754156571858,0.4177342584853979,3.978472578165043,0.13992088614630072,0.03667880484895158,144,15.351834224207362,15.803464242839995,0.0
0.13595391821657876,0.5104208004669389,4.0,0.05876508979376535,0.04265386887329987,145,35.11555418269636,46.213613482162415,0.0
0.13336071591365734,0.46786285609156175,4.0,0.08217036502177158,0.04239061907405351,146,83.97525858932377,99.6937386569873,0.0
0.13797943487418657,0.46536105947413753,4.0,0.07658597083601205,0.04127184188269778,147,49.88355845365624,100.0,0.0
0.08952363655526063,0.40913835076186056,4.0,0.1673187838721799,0.03616807684481888,148,82.41300550853153,99.5424649699743,0.0
0.2823003893270061,0.39215969897033837,4.454634764696562,0.03676905902660042,0.03887658789828069,149,0.0,0.0,
0.49597556806455484,0.20182788991588332,5.337048136355124,0.047481978061181665,0.0398052310336227,150,60.86814010114253,100.0,0.0
0.07658550167817003,0.5047330339930166,4.0,0.08961895047478793,0.03560018647212808,151,71.28308000925853,0.9981116806042621,0.0
0.07614910182761069,0.500347655363071,4.0,0.07368885446620904,0.036924414582018124,152,74.26741013168822,97.00067249495628,0.0
0.056157437136311994,0.5074213016118478,4.0,0.11804899275510625,0.03642428842184747,153,100.0,81.51990662689663,0.0
0.25763014316228716,0.29025911519257885,4.764975580584073,0.15296795510208502,0.036342186889546824,154,99.23751619655138,100.0,0.0
0.20153173248474182,0.43950352131652926,4.0,0.059785911144375696,0.03711358372246173,155,100.0,100.0,0.0
0.1881437757139722,0.41557578162712655,4.007335693265662,0.06239429054521953,0.03496229403381597,156,100.0,90.60860664477332,0.0
0.11134222140980927,0.477117198826636,4.0,0.061900404613268886,0.04078075776433574,157,97.44357045143634,4.899110807113541,0.0
0.16394987402132608,0.4507416050157069,4.0,0.04942339780692925,0.03551455192753545,158,90.75616916607156,12.586263555701615,0.0
0.2041979047964899,0.43579060312719203,4.0,0.0428029722451136,0.038048141489277196,159,43.75234924555659,3.47397039573054,0.0
0.3605800270445789,0.2734578778470243,5.08016660667455,0.06804918426720552,0.045327919053819915,160,67.53740936905436,99.57719585379162,0.0
0.6421639633911902,0.07915347456394782,6.0,0.04787080260054867,0.03615029926553354,161,69.18084799538504,0.0,0.0
0.6801136728921549,0.055144828009073395,6.0,0.04534592729331176,0.03638459212545014,162,70.08375604577091,70.99404607817756,0.0
0.23353774879863237,0.24573488226344742,3.072141410421653,0.24305043671723814,0.04230403322797008,163,74.3656785122445,100.0,83.28752331402768
0.32180964171341303,0.35098942942518485,4.611566956106109,0.0646177649879913,0.041570192821344394,164,33.0080458854457,100.0,59.522700814901064
0.08241543327992741,0.4757128322979617,3.885136433512683,0.14537403344061647,0.043488323203906484,165,91.84281322059951,100.0,32.30463437598075
0.1616734007679066,0.47300372871556096,4.067624988699034,0.07565629918708516,0.04246538861262257,166,75.71648133080191,100.0,0.0
0.12858684148186206,0.4896462290230422,4.0,0.06429528944816311,0.039108369249489114,167,99.39928665290032,0.0,0.0
0.17782641209645242,0.47754399416439103,4.0,0.05961270671709176,0.03876579642518276,168,84.85372464716328,8.023781963590443,1.9098084671855156
0.17944796963348852,0.39007732788238886,4.054371785451874,0.10238299995663862,0.05543044386753875,169,89.05216752387948,0.0,0.0
0.11978916801830475,0.42329955124747776,4.0,0.10173643137434633,0.053408429541111906,170,100.0,0.4793486112023114,0.0
0.2024955283125968,0.3517534720350203,4.157120570537107,0.11913994068164355,0.04200215218583261,171,97.5261867617562,0.0,0.0
0.12108512122617289,0.35028205640026006,4.069365288128988,0.10869863841555912,0.064645765950215,172,89.25422572945585,75.6257023189294,0.0
0.11331629807629245,0.2314184245530298,1.4018900343642613,0.34010855589980976,0.05415603213450676,173,74.41924398625429,84.9177256435321,0.0
0.13762738104705807,0.3895563455455251,3.7054231250236858,0.14308321979345898,0.04093194888136177,174,76.23071967256602,84.80299398679617,0.0
0.07464492046996646,0.3005032086487871,1.595758354755784,0.2986707020531525,0.03656404460834135,175,0.0,,
0.1212652166668091,0.3293834720573681,2.917971195992486,0.19322875483702942,0.03542127104576109,176,2.5673137132122728,0.0,
0.09111598712840695,0.42882312106997456,4.0,0.12781491044178941,0.0332110728810995,177,0.12120162756471303,100.0,
0.16521160015902767,0.38253337453337805,4.0,0.10996769978170103,0.03646618528118368,178,0.0,,
0.2320183621478138,0.2604122666991043,4.500553846153847,0.18259159795700067,0.03809026007716185,179,0.0,0.0,
0.24778108164371296,0.26715764528130653,4.111172642946143,0.17439152805520688,0.03419657083188324,180,0.0,100.0,
0.18060110991202577,0.3718883950284763,4.005466347796379,0.11910516220129971,0.03522132111724638,181,53.44493793417605,100.0,0.0
0.17151635459640233,0.30867052609053786,3.8542326844726125,0.19492479032764168,0.03497870827301383,182,17.43624566168704,73.8662567255957,0.0
0.3436578626844048,0.2858690149046848,4.686998394863566,0.0908038143038035,0.04118759316283584,183,68.07784911717498,72.18632202477114,0.0
0.3105757135927705,0.3215897863621815,4.602646004203931,0.06020477837347375,0.04053436763333501,184,83.58817953262165,53.64840906970233,0.0
0.4071084594051975,0.2365665055735641,5.144912802064597,0.05861347881896962,0.039241732074077024,185,81.30914209744273,11.416292974588936,0.0
0.13389592808977047,0.5023161853434482,4.0,0.0703867655840522,0.03728134617813401,186,74.09173797166505,89.50917756819797,89.78309232480534
0.12712687298812003,0.5420525012347462,4.0,0.06550019890848921,0.03495778204967955,187,50.30674846625767,100.0,0.0
0.14861098357315058,0.491406299325194,4.0,0.06798862075873265,0.03810278784317165,188,67.65673420738975,12.686736079674061,0.0
0.0795874826318809,0.5041779325620107,3.997165491678175,0.07762447724203728,0.03673846563177363,189,100.0,0.0,0.0
0.44006286472935185,0.25362796462216286,5.192358524570466,0.04680427193244244,0.04203687790145346,190,26.739156554127106,10.788311247026844,0.0
0.1923889828699138,0.44998496975035207,4.0,0.0806793791231056,0.0349131511267887,191,100.0,71.76330420969023,0.0
0.2004168508270535,0.4771980334054356,4.0,0.05548070616174708,0.03619011445917204,192,88.64037253933536,41.970723181123006,0.0
0.290943670553753,0.4003712828732468,4.459719735786158,0.0439108880329164,0.03772869436493469,193,80.86610284585471,78.81303924046064,0.0
0.10866220965686108,0.5237574888483496,4.0,0.06504438542516812,0.04007681794546807,194,100.0,87.43279569892474,0.0
0.15878504272961316,0.4897232974875882,4.0,0.06300030144054768,0.04148787676099541,195,100.0,97.2073757349011,0.0
0.28685806118355955,0.3724254714188626,4.210018986417409,0.052287239989259215,0.042510980033477,196,100.0,100.0,0.0
0.5556306127188674,0.1408474560374162,5.9190917812599935,0.04439101160657233,0.04465124472110675,197,100.0,100.0,0.0
0.5775286854628764,0.14249305722743305,6.0,0.04192973248617308,0.03771178223928505,198,80.28887000849618,93.43915343915347,0.0
0.16324401585406348,0.44312663557739856,4.088199692478817,0.05473271682790028,0.036186057607871004,199,40.46193607485196,11.518470391683683,0.0
0.06771683605102649,0.3029726416954281,1.785818488943489,0.3179192894785933,0.04500736803134844,200,23.01904176904177,74.23922494100115,0.0
0.1441156354046149,0.4906021416285571,3.900794363969663,0.06799539596921052,0.03567652550232107,201,95.21943855361057,40.09940214651011,0.0
0.19353495868478598,0.404433165070778,4.0,0.08696628509337652,0.039761355832113626,202,61.96966048639537,19.138549005067357,0.0
0.18563763092211102,0.4680575272763164,4.0,0.04950803416849604,0.041241542986969915,203,94.34254270319843,34.983899386353976,0.0
0.29713507008591017,0.34853049468757435,4.5223784709829395,0.0662848893403687,0.038058189637899836,204,83.08587336712115,62.84516299626035,0.0
0.29956469795389784,0.31595906776313915,4.594256468581177,0.07326620816856752,0.04083676014903137,205,5.67529144156952,71.34164891998783,0.0
0.4997450590274308,0.15450113207227714,5.56224400570666,0.05331419882471253,0.03911224716428965,206,64.98688388789176,100.0,76.59326424870466
0.1719235311538928,0.38234738784677375,4.153439427712405,0.14353746655369548,0.03922280343847782,207,90.54481364366804,0.0,0.0
0.12209464507843279,0.45159327259177734,4.0,0.11494908774046361,0.033802355599731417,208,71.9326451176172,6.068171949630915,0.0
0.16165839547908561,0.4517868884776809,4.0,0.09317842079301127,0.041080286104641095,209,26.325453293550613,66.52490886998784,0.0
0.19962061680148907,0.3336681402684686,4.362750782790212,0.14843430963585072,0.0391388313313175,210,92.84471761567899,0.0,0.0
0.13713617283957633,0.45050081968959754,4.0,0.12299711051828593,0.0423916436979592,211,7.101303911735206,85.41374474053298,0.0
0.1098675990526325,0.5064725431459091,4.0,0.09404230147536972,0.04850317844011061,212,50.71034598027744,27.39473684210527,0.0
0.07263903037586474,0.5742832732564166,4.0,0.07603041769938036,0.03739702949126156,213,94.0717775272454,100.0,0.0
0.07218222439694667,0.5920647102054879,4.0,0.06361377461054495,0.030043798276739805,214,88.08614537031238,89.45484581497796,0.0
0.07854031920722598,0.5748614600209634,4.0,0.06723519417960455,0.03113893005039265,215,94.78635829086635,25.607604860838887,0.0
0.128443584503879,0.44813150510700717,4.0,0.10803929799089747,0.04244720354220884,216,95.76926765335801,97.91768660857075,0.0
0.06832607102709673,0.43932941280978216,3.995718777175731,0.1259321927938762,0.03251665371689549,217,88.0772403951212,21.220562760428866,0.0
0.23176299251045376,0.3022707085397389,4.0,0.13263068592411575,0.04262915005054591,218,100.0,50.95634095634095,45.69646569646569
0.2500975761730131,0.3307263701010939,4.0,0.09969480054107528,0.04136314112002621,219,100.0,31.996996996996995,78.55855855855857
0.12782129153279037,0.48026044475653207,4.0,0.06864190490705695,0.04677980840629166,220,98.63370547581077,66.57095762216197,1.3579842931937174
0.14247564587236478,0.4482149038717864,4.0,0.06570510708407477,0.03393740732812357,221,100.0,58.043957839692794,73.4700547430346
0.13091226064447475,0.47209748528053963,4.0,0.0697143389388718,0.03629242935790365,222,100.0,1.1914401388085596,10.341237709658762
0.12131192831599456,0.5321912600001458,4.0,0.0598501621179316,0.03486996156904276,223,30.36068748487049,10.083520065186388,0.0
0.1592611069616798,0.5079871433279782,4.0,0.05142319099225476,0.0433333675435681,224,91.03410341034106,21.510873093151574,0.0
0.17907590522247457,0.48666136535906523,4.0,0.04710635477405281,0.038851093944190625,225,43.382597143806045,58.884039900249384,0.0
0.29697539640261095,0.39475281676262736,4.335590226670592,0.03502075003594918,0.03799659410708094,226,99.82705328230796,99.74957648965167,0.0
0.12066418721193982,0.4969935397776136,4.0,0.07777593836190791,0.04489026004434005,227,62.55528151046099,99.27511109710363,0.0
0.1676600415257753,0.47640613716835273,4.0,0.06084351519180734,0.0466374934135597,228,83.60655737704919,6.281762892610182,0.0
0.21459246364262263,0.4529084716368193,4.0,0.04471446156152401,0.033042131001702224,229,94.04745386429863,0.7184596225692119,0.0
0.11249162824532351,0.3224454582202469,2.001830643180854,0.27593806491288203,0.03962915542236026,230,17.846538521644007,88.59972810254419,0.0
0.3186591916176317,0.31635340862895867,4.399533246614125,0.07585276706856237,0.03751732922798027,231,45.462544953707244,32.487059403500126,0.0
0.1486484837538828,0.37097335657733727,3.9428841479881167,0.1703828588752718,0.03980207968646721,232,96.42182014582768,73.54847421009993,0.0
0.1091384344813867,0.5220222450719824,4.0,0.05570371721223531,0.038987083444475955,233,94.68191601181239,59.0997541990987,0.0
0.2497279078057148,0.4159912777961352,4.273370900158936,0.04996545803370855,0.036885658322281835,234,89.39459615662477,81.48575625623003,0.0
0.1500138222533794,0.48627533246025106,4.0,0.05086932117353394,0.043415770274519205,235,100.0,88.59834928054924,0.0
0.15105857922110943,0.5219018779042575,4.0,0.05203246585074755,0.03340276368034594,236,89.19833820587782,0.0,0.0
0.16467132286295424,0.4946959619415023,4.0,0.05319123758367345,0.032649718285296205,237,62.33003300330033,8.081896551724135,0.11972137570744447
0.2429963928872949,0.38795361276992085,4.065087804092154,0.06642918958932327,0.03882709122666138,238,54.45464797808925,100.0,0.0
0.18581029536499574,0.38578478610269296,3.9370945319740493,0.13336188190171303,0.04074357768325468,239,0.0,,
0.3230424374355496,0.31043771873473863,4.598539332106818,0.08738355064544757,0.04608685673842711,240,56.02386129230082,12.956810631229235,0.0
0.30785723746290694,0.36149019631326457,4.4406518974237645,0.0545971025105713,0.046595756052253474,241,93.32426277026825,99.55894877722346,0.0
0.3427593462494745,0.2886907051818444,4.6891185100140325,0.07291980294438488,0.05258721347374398,242,58.97435897435897,47.742773627801235,0.0
0.5523153846063741,0.1463414990725659,5.986533550034826,0.06182019101275495,0.03892811234301418,243,0.0,,
0.19338834184337064,0.4178770800911225,4.088504921634066,0.08842934803015348,0.03545414142349649,244,56.98111613366567,35.25608872540823,0.0
0.05855540581827383,0.503976331862808,3.989790811730557,0.11121328545621333,0.037012325027984266,245,79.0211190071064,0.0,0.0
0.2451524728924049,0.25378807067623266,2.46160949509764,0.23103587997400854,0.03885412444663805,246,0.0,,
0.059065998482905106,0.4780716929891182,3.8533439968009597,0.14036071815633622,0.04286059271653033,247,100.0,0.0,0.0
0.05033807397520988,0.49007543040921914,4.0,0.1394406281010132,0.04451683912687635,248,100.0,0.0,0.0
0.0595857152733199,0.5495549503605212,4.0,0.07978566938306898,0.031624701691507946,249,100.0,0.0,0.0
0.09970698130651323,0.5161453286240515,4.0,0.07803107198389674,0.035701922531454655,250,45.733788395904426,0.0,0.0
0.074377740721887,0.5529825902480495,4.0,0.06746472626775245,0.03417881423651514,251,100.0,42.02948709074548,0.0
0.11565808419970007,0.5404666600270611,4.022330726943695,0.05316322004625642,0.03435616628684085,252,74.6064806910916,0.5371900826446281,0.0
0.05739589282769843,0.34091239566426423,2.255233853006681,0.3049697356387815,0.03562017379473399,253,100.0,0.6137094778520167,0.0
0.05995290692238221,0.5085197168827156,4.0,0.08982712289467401,0.03249697615476354,254,99.84145072585841,0.0,0.0
0.19447287101004068,0.36926902205158096,4.0,0.10338662152379749,0.047192311036677065,255,98.34864087577698,48.631598478523046,0.0
0.13277838729640423,0.4165204740136042,4.0,0.1102189188927053,0.045487994314917075,256,92.01475534338721,0.4461664905483151,0.0
0.07794297779028216,0.39164066235645556,3.320916905444126,0.2117520218971061,0.03942751379700991,257,100.0,0.0,0.0
0.16940534353810668,0.4041216229599248,3.8266022142523,0.10315339033756105,0.044741245854984915,258,100.0,89.78637143302666,0.0
0.07649976137210081,0.49563558539358277,4.0,0.09465473907850899,0.038531198126015034,259,99.43908045977014,0.0,0.0
0.07347727865659742,0.5149169282899901,3.801374358182451,0.10481949447950559,0.03513126740986606,260,88.73296529359537,91.08933597414784,88.64506914237487
0.13605830176712017,0.473862958593464,4.0,0.08060069734008576,0.0429639709767624,261,94.06252775557333,0.0,0.0712758374910905
0.13772058149429275,0.4879673311849975,4.0,0.05977965328150393,0.03934741202370548,262,87.23374400134716,1.2153607262302915,0.0
0.16234465402317644,0.4699435928083873,4.0,0.05434338368965333,0.03624773788753672,263,93.92883585209704,0.0,0.0
0.16627146209162616,0.4194102438220351,4.0,0.12783025656542632,0.03873312402558042,264,75.25646286417728,0.0,0.0
0.19118886840204805,0.41308426970906015,4.0,0.10290300354373526,0.03767104460839895,265,0.0,0.0,
0.3234583951885892,0.34197594198052833,4.559728990847497,0.05710662512553311,0.039980800114091046,266,84.26245096873883,93.10825362640146,0.0
0.0565206554652194,0.41410175490524365,2.840708112815703,0.22933852423330875,0.039146791796836874,267,9.866349567897096,61.08266970041716,0.0
0.05114020203426756,0.42453635155524894,3.675675675675676,0.1407224689841651,0.04038868929468851,268,100.0,98.8340110021526,0.0
0.06292673617086375,0.45059945144032715,3.909128695381098,0.12421716165007896,0.037121835546666856,269,26.798981659479395,74.99111269107715,0.0
0.11476436920271355,0.5141216525448288,4.0,0.061643029237011565,0.0433267000936141,270,91.22264743401045,4.952473674771336,0.0
0.08852916606718014,0.49824428189911296,4.0,0.0705116840790201,0.038275170603742276,271,93.6639704838938,0.0,0.0
0.16515407537382115,0.5213853348905787,4.0,0.04221593184853014,0.03691283815732026,272,89.57552817581397,2.7919906530760246,0.0
0.1866891698227351,0.47103846518049686,4.009574604806581,0.044602142913107254,0.0374484818077276,273,96.19907466906567,4.95198275298883,0.0
0.1971431687909064,0.4756476592877332,4.016661326497917,0.03927858261300805,0.042431325878275,274,92.74911887215639,98.23549488054611,0.0
0.11736931639095284,0.4535750945002835,3.7153531218014324,0.12834255717374343,0.03770584285753385,275,4.032753326509721,100.0,0.0
0.15222198527786962,0.5091681175791815,3.9909549065780494,0.055174971403103894,0.03695319559573921,276,76.00079227095665,97.23915855042628,0.0
0.1286043842206937,0.521877467049568,4.0,0.05891214045637537,0.03755531667776333,277,86.69708161344049,100.0,0.0
0.11830534638825717,0.49958011430301486,4.0,0.08086295636650584,0.04691566120880878,278,41.978152634316714,78.97774113767521,0.0
0.20826294654862113,0.460030315385673,3.9976152623211445,0.055104396140863036,0.034491318878063434,279,98.08964562285244,28.146812620734057,0.0
0.12106569307952464,0.4020322992489159,3.459096882981625,0.14427634341063394,0.058414088974691275,280,97.42356237756343,89.07088884470075,3.836368674273911
0.18958222770709673,0.4411872223993394,4.0,0.05059605166663703,0.03972103926067102,281,25.66549731737515,86.25363020329141,7.043051359516616
0.16371206214866466,0.46900971102367095,4.0,0.04838343149769985,0.03711200943452853,282,86.67304625199361,25.360308545909728,0.0
0.1590101501735889,0.45638330148054485,4.0,0.06611970936564489,0.03653944781447477,283,100.0,4.351474466554783,0.0
0.23095076192251518,0.43649826681325476,4.0,0.050630004540998745,0.03761737214931823,284,8.113944024582675,100.0,0.0
0.18890772421932803,0.46225206700597304,4.0,0.06382717201205351,0.04043976134975668,285,2.098225548734337,67.38882554161914,0.0
0.12302911471416882,0.5239663918813487,4.0,0.06108426792209628,0.03316373647731473,286,83.82042917693003,52.09464701318851,0.0
0.11733837167213618,0.5151262919822214,4.0,0.06262032084625559,0.03802243867727218,287,87.90408324850132,42.65958203857012,0.0
0.14435595110377591,0.515888379825092,4.0,0.051961553016660375,0.037379723601331946,288,55.19410496046011,0.0,0.0
0.08710734217621162,0.4126544567651235,4.0,0.1545677826800645,0.03925248647944235,289,2.7332628325063046,18.154937906564165,0.0
0.06280494374852637,0.37270835993689294,3.626689516017579,0.23260437489179886,0.04252455917411838,290,100.0,47.47505458967906,0.0
0.06809610874812562,0.4274082529128929,4.0,0.14317214935647446,0.03614114339264602,291,94.19909360837629,1.9064939951710511,0.0
0.05959696746508996,0.39064498728212826,4.0,0.2476368577359092,0.03946923105777808,292,82.85479660967238,15.310187820147979,0.0
0.17582081067721225,0.46065401190836097,4.0465531447404555,0.06274075062866957,0.03765883438358516,293,95.82532271354023,15.401195939368653,0.0
0.05653499424380161,0.23605522985869248,1.0276364415403567,0.4308001441508746,0.03927790045476258,294,74.21669969471372,12.206785137318256,0.0
0.05693837038972648,0.5131504832877147,3.8923233134194426,0.10633603610571565,0.03196708265655605,295,5.039080025502373,67.19355800775425,0.0
0.08583088942709328,0.5319555030108993,4.0,0.073591129425186,0.03051197752066384,296,75.9578160459218,88.23529411764709,0.0
0.1274184212623319,0.4896368924213531,3.910828496432402,0.06970273706404082,0.03502588109266536,297,93.40456209102,93.68653592744748,0.0
0.13568431336617226,0.49527095241671143,4.0,0.0705152419126452,0.03568419020451222,298,0.0,0.0,0.0
0.20813622883536034,0.4391364885780329,4.0,0.06424075225242835,0.04038618170787142,299,65.78947368421052,21.257764828761466,0.0
0.2619662508562834,0.4141859552901367,4.0,0.04761939022792239,0.04304492863246113,300,73.88922439823996,81.4982910293046,0.0
0.2514514736526939,0.4297687388444691,4.0,0.037697529760157444,0.03550806245265935,301,69.09959072305594,5.302053793933144,0.0
0.33265033439249503,0.32247999204638456,4.0,0.06667294840840485,0.03572195113944546,302,41.62756315484991,44.58641560188299,0.0
0.46279475693420463,0.22378552150633518,5.419859578736208,0.061403750209639896,0.03798630052290992,303,83.77131394182548,0.0,0.0
0.5793907251368849,0.10312830846159717,5.996600016190397,0.06636132786271166,0.039375826824707735,304,54.233789362907764,63.605649030339876,0.0
0.40897751151943096,0.29054831254512636,4.821730227796263,0.042938747884997096,0.04196389117180427,305,95.59124648067568,0.0,0.0
0.25438436730598885,0.4029014012284836,4.0036791170119175,0.0541405205555023,0.03816685292702004,306,72.2946492841718,11.355785837651123,0.0
0.19305476275267658,0.36265908378172224,3.8107999679049978,0.14282536541728277,0.04056964925335483,307,33.27449249779346,2.2651372150428344,0.0
0.18964076075453587,0.29667728382786496,3.6967899511514304,0.15937280954447997,0.03498223022615149,308,14.054431263084439,0.0,0.0
0.21076403845586827,0.43229020513056604,4.052825901732462,0.06558276913979179,0.04990778588094397,309,99.74439079806872,84.07270661743823,0.0
0.2090169653533088,0.44016846713609953,4.000222370469202,0.07581172745877043,0.04029608232095561,310,49.51634422948635,29.480955937266625,0.0
0.36225008321816105,0.2911277009424224,5.119610705596108,0.07986802135825888,0.03620968620478652,311,12.875912408759124,74.35451116913258,0.0
0.26585573385142697,0.37688949411433664,4.191456601117417,0.06113963436834687,0.05503787308787429,312,29.76991773349171,65.37665814774248,0.0
0.2320450488101624,0.4321709209577591,4.0,0.06313433895547522,0.03684972564888962,313,93.92256509666258,13.109576575129806,0.0
0.3119074531150072,0.36653922795308147,4.209108304630693,0.054630243558202465,0.035354067777824766,314,87.85559382574307,80.57822848819633,0.0
0.25518506622959813,0.43357312750294685,4.0,0.05581593685729378,0.03680786241246476,315,98.03708653524887,27.862178949135465,0.0
0.29419497039341086,0.388514974329533,4.0,0.061383369674302087,0.03883878278888059,316,100.0,41.87506766266104,0.0
0.15083217619206893,0.5251705809074703,4.0,0.0492156707883703,0.03895587108280713,317,97.22849642878947,12.168920170401929,0.0
0.17789733612737052,0.497890265845629,4.0,0.05645090571031697,0.03566171809979421,318,94.79522932561599,82.92503899440311,0.0
0.08401951934555148,0.5321602208537987,4.0,0.08585610581873554,0.05609024828622428,319,97.22933921229819,95.91185501836355,0.0
0.051087651749285964,0.34046367610763556,2.0998141467147695,0.2960070419282638,0.04331840282087981,320,96.12987864873728,92.8375260902999,18.106732038468785
0.0856063498523933,0.3824162129920711,3.0215739896687928,0.19818528533631166,0.042697255798805775,321,99.91897093082143,100.0,0.0
0.12233570094370622,0.3701815761029616,3.2889805933526666,0.16644580807270437,0.03476539233806119,322,100.0,57.5953602498327,0.0
0.1933800184597082,0.44443663705734276,4.107027724049001,0.04912176099801565,0.04755610790269456,323,50.02746137497911,38.327704868977904,0.0
0.2083809105057489,0.4234870222906662,4.061835218639203,0.05007896842641037,0.04663372169540025,324,100.0,64.40148573358097,0.0
0.07142596787185715,0.40882958247750895,3.974101457327236,0.1913187454269682,0.042640255169698174,325,87.67468695243386,19.8620936688457,0.0
0.13308120615834304,0.47866451679115996,4.0,0.05901389170278848,0.04127519601283516,326,99.30932412432168,100.0,0.0
0.11518335405525672,0.5318025664745787,3.9995730752810585,0.05270695859067206,0.03846078753011979,327,100.0,16.81229543190551,0.0
0.14142638287182535,0.5455601310478994,4.0,0.035030005469653416,0.0409023776738237,328,100.0,83.63524279210924,0.0
0.13113959660952018,0.5551268732239029,4.010071447017303,0.03977298177568029,0.03861690110688442,329,81.95317207540675,92.01490042504419,0.0
0.07114593449823403,0.6043245150003648,4.0,0.048578006025406684,0.039877135317861606,330,97.72108566305326,98.81104033970279,0.0
0.10080863205866078,0.583307151581639,4.0,0.04647864510786922,0.03671290399136353,331,99.29308020260174,99.57366177167218,0.0
0.17648125715770926,0.4737684512716486,4.0,0.046494785953926004,0.04006464563269781,332,4.257414906424428,0.0,0.0
0.18832621677500247,0.4406309239669723,4.0,0.06127085666150162,0.04128945233569414,333,0.0,,
0.192845755842947,0.45598134065297813,4.0,0.05298420537281849,0.03410158752662715,334,2.6419259157066977,0.0,0.0
0.18518343946365792,0.428843949520658,4.0,0.09063418224208612,0.035836318182405305,335,0.5656794213907633,100.0,0.0
0.2749906284170576,0.38272235943277644,4.151595043501186,0.05912982792338304,0.0397024954199557,336,0.0,,
0.1919573222019225,0.4432474860649084,4.0,0.06360920582702412,0.036180164188997097,337,20.789101203113944,67.1500920810313,2.4256651017214397
0.09423880396003646,0.5248671629897886,4.0,0.07638347255746315,0.04487676535100597,338,99.7908496732026,81.37280586848307,40.3938520653218
0.06244506747665398,0.500461612091968,3.930933104165724,0.10893242984606163,0.02947731058278558,339,98.22244334886253,26.748990084465667,0.0
0.06438343295965122,0.4530493832395677,2.8405141431651932,0.17702051940311744,0.04734068640680149,340,75.17229715445436,84.96778811739439,0.0
0.14569399276932693,0.5098778493155318,4.0,0.06100153596637838,0.0388263235247219,341,72.46343281663708,0.0,0.0
0.13812214709323847,0.5239135773115677,4.0,0.0666284770169023,0.03797917399340249,342,100.0,34.60079942605309,0.0
0.19489827445262067,0.4773584367928856,4.0,0.057970749680613116,0.03615061573468905,343,95.4785109442403,99.7739930583582,0.0
0.08685491425611754,0.40502336836639263,4.0,0.20307751520836803,0.04511009722948251,344,0.0,,
0.13614335697851515,0.49808468745746703,4.0,0.054055446639540025,0.04123757633192497,345,7.481246198553761,100.0,0.0
0.15243106733592154,0.4988311808519261,4.0,0.04008503977410395,0.03810905583786638,346,4.041591652276151,100.0,0.0
0.19616917141068932,0.3889165095474214,4.283310782987234,0.09036130603698486,0.04209319517461746,347,20.60121183599035,48.46076627070438,0.0
0.15718931053120602,0.49337683710808444,4.0,0.04653868937894838,0.0372805107795263,348,8.448706692780439,24.070138150903297,0.0
0.09293852317705574,0.5107600730139646,4.0,0.08802942535465538,0.036929932944252716,349,73.38036012622983,0.0,0.0
0.08200795407860327,0.43076563020174924,3.989795918367347,0.1484597396389412,0.04608866529555768,350,100.0,100.0,0.0
0.12087780608652977,0.4585134906898722,4.0,0.08595970325121305,0.0346226010777592,351,91.90241370360758,88.40997703359506,0.0
0.08728745452773429,0.44068195588222014,4.0,0.14522367233997574,0.03681462008524777,352,0.0,,
0.06793991504406967,0.46993754143641453,3.8025638437468454,0.13092310208719038,0.028335211187554502,353,66.06439890986171,85.08332104409381,0.0
0.15866525215101096,0.40539941694780524,4.0,0.1088578259720335,0.033937908668949905,354,96.91392452128648,0.0,0.0
0.10338470694424852,0.42279122808612163,4.0,0.15150269445805908,0.034643060284056434,355,82.37614834019051,0.0,0.0
0.06237347479827614,0.43861143121134993,3.990529616941118,0.0738959886135987,0.032857479322690016,356,62.977529834294174,96.48541299544071,0.0
0.05266093484257058,0.48962064910878983,4.0,0.07963861669565525,0.03259746788782515,357,69.79408293655639,100.0,0.0
0.05509850583354368,0.34904501388697595,3.9504319654427644,0.22094645991768888,0.032202906730403665,358,43.473722102231825,100.0,0.0
0.08408626461092952,0.42418787571285144,3.93123153974573,0.20216348816187713,0.03481745606130321,359,94.77012970335173,3.788706739526411,0.0
0.17659735886775244,0.4325512847958497,4.0,0.11255738815184807,0.0395250810578418,360,0.0,,
0.19538356052626082,0.4313575874119074,4.0,0.06533968347334647,0.03895014087681027,361,50.70161235917154,0.0,0.0
0.1269054917328367,0.4537270788236137,4.0,0.08132085044237673,0.038294775167763855,362,2.631367184356641,0.0,0.0
0.1310412963561001,0.4051605665509635,4.0,0.12882780947560055,0.039634070610388414,363,0.0,,
0.13193579679407064,0.3576777604702026,3.9301377310619796,0.17916742451613732,0.03388035749001468,364,0.0,,
0.21246549338567586,0.3588524439467641,4.0,0.09189985367865906,0.039913432674074205,365,38.783477785586,100.0,0.0
0.1557838579204766,0.43752138337111035,4.0,0.08219810197356549,0.03768666506002372,366,17.887202977383343,0.0,0.0
0.16679833402811736,0.4214912918316521,4.0,0.09646292322005003,0.037744212126209896,367,34.59063282087952,0.0,0.0
0.28029375329343986,0.3222261303088787,4.367716682199441,0.10278906278588198,0.03659079758982377,368,59.67940354147252,0.0,0.0
0.3634999467266258,0.3046366925642198,5.900864553314122,0.0671633617303666,0.04097185738515621,369,25.302593659942364,97.21570926143025,77.16077026421854
0.23736502708930896,0.3864844532467015,4.081582579358995,0.09073242255742697,0.03869346244978121,370,0.0,0.0,
0.18707394462664453,0.36703590332154423,4.005486430880767,0.16227797196631316,0.03922994007421936,371,0.21063975702948956,0.0,0.0
0.11073784783508517,0.35475847239580643,4.0,0.2335053099819958,0.038997352162991765,372,22.898997686969928,100.0,0.0
0.1391113846442905,0.5017964977092977,4.02224141199267,0.054951415432180996,0.04151649218258887,373,81.49918911518778,0.0,0.0
0.09720745771235054,0.5140418017629038,4.0,0.07473863094638351,0.037120100035481225,374,73.68805037886546,18.948388660043616,0.0
0.19551200627579407,0.46994780054817265,4.0,0.047148750293617,0.03394137137711216,375,82.14302913556466,78.79333633498426,0.0
0.12550390653334095,0.5277812655710507,4.0,0.06290621019847643,0.03711334184840965,376,92.10055466094111,75.11579329761146,0.0
0.14355370335544293,0.41998338403604396,3.99083152935184,0.12884928355821093,0.03672308463512207,377,28.746975678084805,0.0,0.0
0.1159554041994842,0.4174187306738075,4.0,0.1652368391030985,0.037777245999432676,378,94.59156356269443,0.0,0.0
0.127346472218968,0.38374887173054406,4.0,0.18091309807299763,0.03592923964818572,379,0.0,,
0.17570900888677546,0.4006064956560369,4.0,0.09542151187199156,0.034294658346825484,380,78.25230955626229,95.49849949983329,0.0
0.2052101991832596,0.42816173259753654,4.0,0.06670258045101315,0.0357129555851644,381,54.43727478421186,0.0,0.0
0.1578127843350152,0.39339089038664243,4.0,0.129943184911457,0.03834154026883128,382,21.235240690281564,0.0,0.0
0.17480921089369844,0.28378627633922043,4.023329798515376,0.19691946122746537,0.033613343629088965,383,30.57617532697066,0.0,
0.13935713916572462,0.32556244919892696,3.414293112377007,0.17938006936882414,0.03802610802306514,384,0.0,100.0,0.0
0.13375372512725492,0.316758381228449,3.7808,0.20626539736184185,0.034434812861608544,385,0.0,100.0,0.0
0.349356481266159,0.21508309998654684,6.0,0.11610179300600336,0.03506160457988108,386,59.38375350140056,0.0,0.0
0.31348587497897656,0.24957860364311377,5.470335954253037,0.12477583643434001,0.032630993019802934,387,100.0,0.0,0.0
0.24336714858358566,0.3017321640471486,4.0,0.15136821400706266,0.032412808537247643,388,100.0,0.0,0.0
0.28819384690124006,0.2583633847565613,4.641078838174275,0.12915012044043528,0.03381500573679715,389,73.73443983402493,0.0,0.0
0.21842362210720614,0.3428671331035125,4.0,0.12638257917458023,0.04111861284374022,390,71.58796895213455,0.0,0.0
0.21865755201838732,0.3514857523487723,4.0,0.11774426009732032,0.04392559624885253,391,59.35552786184796,0.0,0.0
0.2063790164086878,0.3173344844717735,4.0,0.14875816664309124,0.03819076599840548,392,13.553016210470368,0.0,0.0
0.15724052811414915,0.3189746529103525,4.0,0.18931542361113943,0.03872402180902065,393,0.0,,
0.1080062001364413,0.32849175114922524,4.0,0.22964307189772057,0.033754390265516014,394,13.70716510903427,0.0,
0.10891012225165306,0.3269595388374703,4.0,0.2317958745867002,0.032734727668735884,395,0.0,0.0,
0.1878782975241725,0.32281609435208575,4.0,0.1860423785988095,0.03778383810997202,396,0.0,,
0.24099617414552935,0.2979281397441399,4.0,0.15885857547988388,0.03619696385305891,397,0.0,,
0.15001838891446242,0.30170157772702255,3.9384057971014492,0.2250498628326491,0.03977325491627529,398,0.0,,
0.18593579995123202,0.2810001751085909,3.308446866485014,0.20870403436578885,0.03934021253498494,399,0.0,,
0.2140579003261622,0.270593443893576,3.3320568927789935,0.19594726687697842,0.036871066784788804,400,0.0,,
0.22598955086080583,0.28097173549934135,3.5898046688899474,0.18780306880559408,0.036193262657333435,401,0.0,,
0.14959500239668316,0.3023967816060452,3.1162266580811333,0.2124287178497104,0.03570801274126385,402,25.402446877012224,0.0,0.0
0.1383428555377219,0.31255510795796854,3.217105263157895,0.21948232464410622,0.03494722627433463,403,0.0,0.0,
0.1269472956034479,0.3027897006564344,3.0116459627329193,0.2587945391295533,0.033522374783635345,404,0.0,,
0.1125331564550807,0.3090287232797126,2.960460100647017,0.27028543570287805,0.03480281498862965,405,0.0,,
0.16489675960781086,0.29368903401474694,3.967352941176469,0.20522371217340157,0.038945940553938074,406,40.61764705882353,0.0,0.0
0.1510386495893808,0.2524282387399497,1.3036585365853661,0.26789723925592207,0.03267197165256415,407,97.94715447154474,0.0,0.0
0.08448773772191101,0.13717804243241127,1.0,0.49953711076493185,0.02659174529772208,408,0.0,,
0.17181036046860737,0.28305435867687795,3.7018108651911468,0.22515544305804752,0.04055220608794369,409,0.0,,
0.12645622943491142,0.22040043076423937,1.4041218637992832,0.3439498642405617,0.04456282478263864,410,0.0,,
0.10442760931457055,0.2346186950266677,1.1348314606741572,0.3573168481870505,0.03659337789703656,411,0.0,,
0.19720960686716524,0.34006616983785404,4.0,0.13284024115576534,0.04391257481839126,412,0.0,,
0.1959362144993595,0.35606543310766,4.0,0.1352490506722399,0.04123763671899451,413,0.0,,
0.18878671270447503,0.3321674206098801,4.0,0.1636280966996967,0.04206985041563234,414,0.0,,
0.16693200234389594,0.3280494854715184,4.0,0.19324696233444788,0.04325016744514591,415,0.0,,
0.22159239717862445,0.33591648844107125,4.0,0.14447249929340839,0.03435557046753747,416,0.0,,
0.223853544918577,0.33064192722545216,4.0,0.14682326329545056,0.037130915252365726,417,0.0,,
0.16129830521678537,0.3137595087001995,4.0,0.20085254995396354,0.047311580151878405,418,0.0,,
0.1297228648183416,0.34401380149830146,4.0,0.18987272751232,0.04802233865238154,419,0.0,,
0.294453292143953,0.2712314436996242,5.535616853591997,0.10144124131366547,0.05248418999389482,420,52.8645043952713,0.0,0.0
0.32554964055057073,0.25421862278036234,5.916045291355979,0.10066694312440105,0.06057639585378051,421,23.612261806130903,0.0,0.0
0.25888258463619285,0.2830967879538554,5.124534546959042,0.1296115412609951,0.05621059509901547,422,4.49593159564198,0.0,0.0
0.2713527113737819,0.2788415027191709,4.988095238095237,0.13442584655754977,0.060585754932541806,423,0.0,,
0.21856072078127536,0.3008981421229957,4.0,0.15207335061712077,0.06437170548032344,424,0.0,,
0.1247243178293932,0.36045423417639555,4.0,0.19122074424174793,0.06013332199596469,425,8.774345858744836,0.0,0.0
0.16165651105209278,0.3287115721683024,4.0,0.18138653647542416,0.06752627522086543,426,2.3782980304719437,0.0,0.0
0.1873931521262785,0.3629729329278821,4.0,0.11824200942386939,0.06017024642905134,427,0.0,,
0.19099620135791973,0.3014039436759588,3.173084972791963,0.16639548967766563,0.06768342427121825,428,0.0,,
0.08690945876058873,0.37958955951438056,4.0,0.20251081954558608,0.050197348006994484,429,0.0,,
0.08507923588706236,0.3778722431876835,4.0,0.19392302404769435,0.05561274651301026,430,0.0,,
0.0896380165914529,0.3570045390383768,3.961558175294721,0.22243150707140097,0.051562016264673084,431,0.0,,
0.1487916421665617,0.36413582356482926,4.0,0.16454616566633234,0.03575169755481046,432,8.131377551020408,0.0,0.0
0.12105144092229234,0.3863779488386472,4.0,0.1478982943270845,0.03508677509951606,433,0.0,0.0,
0.0804802995818845,0.3151101681609044,3.098587404355503,0.24893837082545556,0.03794746903534469,434,0.0,,
0.07476192324190109,0.22766729463576377,1.0,0.3743231395858488,0.03827196635685741,435,0.0,,
0.08638625043455594,0.3679894720815964,4.0,0.2306079979096912,0.04258996418216222,436,0.0,,
0.07772074136828107,0.4004571336947777,4.0,0.1803451167390626,0.04468399771763005,437,0.0,,
0.0649175072449663,0.3570186150505145,3.763473053892216,0.2300820343429881,0.04822880340506963,438,0.0,,
0.141800211340444,0.3137357105114122,4.0,0.19538324769077703,0.05139604044162774,439,0.0,,
0.13983329921510754,0.3117796276443493,3.8173788493673912,0.19839824211114582,0.053118315530994484,440,0.0,0.0,
0.10191622270371867,0.3222728357589951,3.7896253602305476,0.2357382779418194,0.053315160625411896,441,0.0,,
0.3187068213509262,0.2759169181098226,5.325223435948361,0.07610667280053002,0.06457446788041937,442,98.33664349553126,98.46000993541975,0.0
0.18083629597542117,0.3120715750061563,4.0,0.16754210799142613,0.04912502769393397,443,0.0,,
0.09814292067101998,0.23498958672785283,1.3617491166077735,0.34570586960683314,0.03400327004433664,444,0.1177856301531213,0.0,
0.06795496939264478,0.31059149042260786,3.2868087941372415,0.2948672809809038,0.03675696702824803,445,13.968465467466132,0.0,
0.08095697951982887,0.25636971314197915,1.9386376645678303,0.348884448759246,0.034158500116916124,446,0.0,,
0.0807413727031974,0.23206431102586184,1.0,0.3850934308770615,0.03173218344573295,447,0.0,,
0.08712697859464141,0.21193960373342124,1.0,0.3972333245247786,0.034687173467522675,448,0.0,,
0.28280763076262894,0.15816821148600804,3.8690186536901874,0.27018110113839644,0.0346168025251552,449,4.6228710462287115,0.0,0.0
0.20111608578623735,0.17999047441906468,1.0,0.32333966783299517,0.033864842223160385,450,0.0,0.0,0.0
0.43513722720642944,0.1300426899102316,5.913575042158518,0.14927365084410554,0.03807176652190193,451,88.65935919055653,0.0,0.0
0.2831969319552053,0.21947540241780292,5.944517399868681,0.18235363024340603,0.037178740112012186,452,0.0,,
0.2126893993814625,0.2455791973022182,1.9300742574257428,0.23423899129118322,0.0343229824946008,453,0.0,,
0.1613894916582381,0.35996210686731994,4.0,0.16811140207683883,0.036721293782168735,454,45.625443367226296,0.0,0.0
0.1894116110520941,0.33175195883409153,4.00197109067017,0.17216387267363628,0.03888470361690223,455,0.0,,
0.1343929270762229,0.32221469342854137,3.941124521636738,0.24777810823965143,0.036623356470101176,456,0.0,,
0.0775792361304084,0.3210431993417994,4.0,0.30867288045634145,0.03575724481528967,457,0.0,,
0.0718324755180841,0.32428361248191184,4.0,0.30852140751923385,0.035539124933508234,458,0.0,,
0.2387425682203395,0.2876242916634071,4.482032745056347,0.17480315176953726,0.03714795727107729,459,0.0,,
0.2950289325485441,0.28407134438332543,4.467391304347826,0.12598497109901152,0.037796340704277016,460,0.0,,
0.293875258204999,0.30205836277884046,4.074503311258279,0.10414570923877728,0.041641360762864406,461,0.0,,
0.4427799809557086,0.17419482443859383,6.0,0.11050321662601696,0.03593278129547077,462,0.0,,
0.30524616222712014,0.23281144165570564,6.0,0.14552165308819232,0.042009398177191896,463,0.0,,
0.30066051207227884,0.20479870559108496,5.319107117787452,0.18183565291541356,0.03705938067363841,464,59.792222378211434,0.0,0.0
0.23133981732857842,0.2025323705771381,3.7663655488182157,0.25832234895965356,0.03439296394680542,465,59.94307635193665,0.0,0.0
0.17172139038699097,0.29085548724934757,3.7958829033551673,0.1995559870342263,0.03428464299004018,466,6.817270418393262,0.0,0.0
0.24597731116997323,0.2042512141903189,5.15175481957489,0.250667647148188,0.03861112110803593,467,0.0,,
0.0779099450152706,0.3214606147615833,4.0,0.2966929661484524,0.031849390227054644,468,0.0,,
0.27903072838626053,0.1794950387528886,5.040282579287541,0.27301845321502755,0.03620400308251658,469,0.0,,
0.31240315770949373,0.19362378019526708,5.8748033265902455,0.21064278530410616,0.03429732998869285,470,0.0,,
0.25080535701372475,0.2146863278782412,3.85436515652343,0.26348451490438396,0.035094888099355424,471,0.0,,
0.3138606129551604,0.19776843940366468,5.9659574468085115,0.2069065209903835,0.0355640237885068,472,0.0,,
0.17930303077844814,0.21812488057739046,2.7039959277169765,0.2640564383842374,0.056284846410198666,473,22.906592008144564,100.0,0.0
0.11073987407707483,0.21567852793929373,1.0573033707865167,0.36687915654127456,0.030855619798253957,474,0.0,,
0.1549280759508019,0.26679609943710797,1.4361702127659575,0.25235697192677886,0.03226560009863608,475,0.0,,
0.19224178624048097,0.29157562751106925,3.4943773427738436,0.18128353746451584,0.03333705566788185,476,0.0,,
0.2231058362484838,0.28692607468873393,4.750227066303362,0.1563797340093081,0.0331433193762148,477,0.0,,
0.2354979246468668,0.28542968693346416,4.856282271944923,0.1533322034803221,0.03520527573986854,478,0.0,0.0,
0.20204801149287296,0.30940061051966916,4.0,0.15319679350553445,0.03414301343977079,479,0.0,,
0.2550231963278103,0.2820695082380936,4.0,0.1476557867316672,0.03203620003840174,480,0.0,0.0,0.0
0.28239736434837215,0.2738367109777965,4.0,0.14399538752824392,0.03657220860515316,481,64.34795673076924,0.0,0.0
0.09970533464768414,0.16956188805422495,1.0,0.4393994598392422,0.030067683139614852,482,0.0,,
0.09425886286597963,0.1791775571028059,1.0,0.4305953742076241,0.03480117293222803,483,0.0,,
0.17334212841702165,0.339055555029463,4.0,0.17868037301531256,0.03470723369550849,484,97.26847521047709,0.0,0.0
0.17988602645780277,0.3252634360377135,4.0,0.1689668301152465,0.03592686357331733,485,46.53900892741623,0.0,0.0
0.14164728513111263,0.25866854673146294,2.441163793103448,0.25495576282256716,0.036391012110897424,486,0.0,,
0.17817181240365637,0.32673301166384255,4.087445666070059,0.1441149822858496,0.032721724470884325,487,6.878036307849656,0.0,0.0
0.10956063727750942,0.30123822775366765,3.4801200300075026,0.24314922594910598,0.03142139873888536,488,0.0,,
0.14090136956712884,0.2545919595804972,3.0476618705035974,0.23763795271774604,0.03148544174015132,489,0.0,,
0.15376425836516824,0.25321789624929,2.5176056338028174,0.21344687283178104,0.032159734411265566,490,0.0,,
0.10312291190465694,0.2938791852063884,3.561590489854479,0.22939512087499864,0.032793674712369214,491,100.0,0.0,0.0
0.07159152958615544,0.22371167887206025,1.0174205378973105,0.3569254976401104,0.030422423503214772,492,100.0,0.0,0.0
0.07506893873670088,0.1306317823596632,1.0,0.501405538522851,0.03001551032595671,493,0.0,0.0,0.0
0.07464102525416486,0.16804885345768375,1.0,0.4417821883796745,0.03149724550765411,494,9.009009009009013,0.0,0.0
0.06610929144675155,0.13381349239867385,1.0,0.5242653077504404,0.02973092419590334,495,0.0,,
0.0990541592015805,0.16101202328165456,1.0,0.43924913160048074,0.028078616468652517,496,0.0,,
0.14618727611739118,0.18087584333313855,1.0,0.33823856922886875,0.03655737726677263,497,0.0,,
0.19868689191550742,0.38639178498595683,4.0,0.10505530021883352,0.03603971884408673,498,84.59459459459465,0.0,0.0
0.18821367559301747,0.41924971278590395,4.0,0.07769700068590853,0.03439270308581995,499,100.0,0.0,0.0
0.1378613628232671,0.45215529271732274,4.0,0.09242643027423206,0.03681460926851604,500,100.0,0.0,0.0
0.11819778196358241,0.48696057819933874,4.0,0.08373297706056683,0.034609950892193,501,92.56441717791411,0.0,0.0
0.10218435988121435,0.49202761265465483,4.0,0.0854380359941056,0.034927456616380276,502,15.033557046979869,0.0,0.0
0.21598173073269789,0.39103063646065356,4.0,0.08843576676125248,0.04051126546117187,503,10.679265466215012,0.0,0.0
0.2926247157892735,0.33565893244873984,4.0,0.07315856316659863,0.0373129054819197,504,18.35125448028674,0.0,0.0
0.27610839372620055,0.349934487440582,4.0,0.07288068162071266,0.035312646154244044,505,100.0,0.0,0.0
0.28208031637360526,0.34803933905608686,4.0,0.0787538156113853,0.03722232953094917,506,57.660566917832796,0.0,0.0
0.2651638710717622,0.35240517699019386,4.0,0.07775312504395265,0.032492095106927556,507,96.48825381448292,0.0,0.0
0.26620604276600435,0.3364399287954517,4.0,0.0848412943292978,0.03429383722866206,508,87.19946940805838,0.0,0.0
0.2505574964608533,0.3651240583404633,4.032672620344152,0.10079120447567254,0.037495752525867,509,0.0,,
0.17210362614794353,0.4153183021032649,4.0,0.12791668921330643,0.03278331655205887,510,0.0,,
0.30551842788578726,0.2868593435481517,5.283498962542318,0.14405614587670973,0.0349958671049216,511,40.19875505078082,100.0,0.0
0.18296739181038515,0.36303951481890473,4.0,0.17149223060235863,0.03695471043204358,512,0.0,,
0.24015464302462664,0.31534990115758604,3.9078801331853494,0.1473720214560165,0.03860767084334764,513,65.55678875323714,0.0,0.0
0.2442824552022539,0.32720383415965787,4.0,0.12137537965921509,0.03158394769556739,514,100.0,0.0,0.0
0.27751335075305433,0.2842901815329437,4.0,0.14031004203037423,0.03347282425225459,515,26.76101640398842,0.0,0.0
0.3052352213741093,0.30238628595365064,4.498792424049828,0.08362989254149386,0.03727864922481624,516,59.01868564891317,22.244062244062242,0.0
0.5090424131693738,0.15190408292361057,6.0,0.09939996837646808,0.03478443038264849,517,0.0,,
0.44975921300324895,0.20282268286065372,6.0,0.09616843970818806,0.03700001838404944,518,0.0,,
0.1505840365547654,0.4593506108488171,4.076097043616597,0.08400335781691762,0.04722308207833703,519,88.61858676918996,0.0,0.0
0.1226405574295076,0.5461467894742609,4.0,0.04116287869974938,0.04046423056019186,520,97.00207776788365,86.90232240437157,25.29090987161321
0.09357682630199479,0.4734988775088853,4.0,0.11817355363285782,0.03500639494480634,521,6.583941605839416,100.0,19.852941176470587
0.08087071563923004,0.4985277950670997,4.0,0.11624227934707454,0.03483330871837271,522,50.3085976747524,61.233752836806275,0.0
0.09883122824621125,0.4620797980391284,4.0,0.1475403599647096,0.035539836812002984,523,0.0,,
0.07980496142261982,0.5221962288369421,4.0,0.0842177453197236,0.03658364664415926,524,9.569117277223567,16.924312387070874,0.0
0.1097158345219602,0.5333417921774671,4.0,0.057151976558082344,0.03321055091872242,525,65.72222222222223,0.0,0.0
0.1289372265737927,0.449856138688472,4.0,0.10830707226784408,0.03164387774087743,526,33.25408618127786,0.0,0.0
0.12295720729350004,0.49101461546226755,3.946306691101138,0.07897082361094405,0.04561875727183961,527,98.25687941010955,99.08927692352246,0.0
0.09254284375982987,0.4678976896362006,4.000073475385745,0.0929391255281816,0.03680693870985513,528,99.72446730345335,0.0,0.0
0.0635814568710922,0.46798597281381576,4.0,0.1560108895129005,0.04020863890485091,529,99.83922829581994,17.114878690441394,0.0
0.45423603659854267,0.15563550587128672,5.761058490381799,0.13194040164492807,0.03566069001421479,530,4.979982423591446,0.2607561929595828,0.0
0.1998158116876629,0.29916819720654636,3.816219979115906,0.20021631051373745,0.03955575492294791,531,0.0,,
0.20671347350260671,0.31716517765108226,4.0,0.1738528276049393,0.04312058869047648,532,0.0,,
0.23128072468387464,0.29041149429297014,3.7262937481304226,0.18648951896798363,0.037225658394452514,533,0.0,100.0,0.0
0.24582088608275124,0.2747035684657179,4.610983543819366,0.17736086142449223,0.03720135133359917,534,0.03827018752391887,0.0,0.0
0.34619294075579143,0.19441950956314916,5.222222222222221,0.17075296141328616,0.03880267868478138,535,0.0,0.0,
0.14656825340939178,0.3148684433667419,2.5240641711229945,0.2405737655947741,0.034538011723397204,536,0.0,,
0.228257609082246,0.26548422160064944,4.0362139917695465,0.19047361150500844,0.035864544099813836,537,11.275720164609051,0.0,0.0
0.3594983068910073,0.21989282188241832,5.293706293706294,0.13241075093023907,0.036294860121339374,538,53.58391608391608,0.0,0.0
0.5185247307234678,0.12783498507972418,6.0,0.09349280121861728,0.03372102290037498,539,65.24822695035462,0.0,0.0
0.34324445941742876,0.26968132952529505,6.0,0.11184775326566151,0.03883742358244289,540,5.406574394463668,100.0,0.0
0.3465542396238422,0.2519686629692231,6.0,0.12505737789581814,0.03605730877549039,541,0.0,,
0.35193313021589556,0.2437575638534117,6.0,0.12339199394107261,0.03855006691317614,542,0.0,,
0.3581322214230084,0.2636375038184076,6.0,0.1068801984971282,0.03849029093805342,543,13.480815762184585,100.0,53.45622119815668
0.0933912481388528,0.4794768523650969,4.0,0.09770677504126708,0.03877621284604334,544,94.36118269361187,70.22272711625187,0.0
0.11352762505620195,0.5270938156808236,4.0,0.06079598028480369,0.037712524750814234,545,98.09060167910452,98.93154284046126,0.0
0.08717893270527997,0.40513916895084684,3.977255834696001,0.2124357838881836,0.0372410805667642,546,93.80110004459641,2.9867996836790556,0.0
0.1299336604081678,0.47033246891524066,3.8047515741573616,0.06662896039955009,0.04601548503962209,547,0.0,100.0,0.0
0.14794271250947444,0.43951770033521137,3.908860031625857,0.0691479664224107,0.04548723817335678,548,0.009583592888974079,100.0,0.0
0.12198542935478922,0.33153168273408007,2.3849873359428955,0.2483774910614888,0.03635129355387217,549,92.85056412618006,78.99268695447039,21.054493984430284
0.2141248571870541,0.4165492181952904,4.099349172743668,0.06700787879714662,0.04188804059979837,550,100.0,0.0,0.0
0.1641360454795152,0.4445369947769013,4.002981895633652,0.08916675062501492,0.03764536357603775,551,100.0,0.0,0.0
0.09760317532985853,0.5311885997065456,4.0,0.0458290124571914,0.0461538445686247,552,84.76121562952244,34.14705882352941,0.0
0.24184945083243667,0.4122269157167869,4.0,0.04927775704051173,0.0394461663909758,553,93.47030678300027,100.0,0.0
0.31220169564101174,0.3613211694609867,4.268607395751377,0.049949995470836867,0.04242727503213569,554,93.17859952793077,99.54976684354402,0.0
0.16173087710962275,0.5025865359698888,4.0,0.03949171394937144,0.03746547994230002,555,99.095341973566,64.67984088284358,0.0
0.1008909576076646,0.48217765996079287,4.0,0.09931106302020885,0.047853643796739155,556,47.74083546462063,0.0,0.0
0.10549075659361364,0.4492956976636165,4.0,0.11963455105010283,0.04409265865389326,557,60.3917301414581,0.0,0.0
0.12667965813814402,0.4957428677554876,4.0,0.07124646278196571,0.04176666334829744,558,46.84250764525993,6.620367365483222,0.0
0.10289116043495271,0.4652133822326339,4.0,0.09019378549978575,0.08595760957905155,559,34.107251147881826,100.0,0.0
0.14911102839916596,0.5146131136844317,4.0,0.048258411708657786,0.0346991959337263,560,12.164119066773935,55.94333102971666,0.0
0.1424723626031329,0.4217157948591204,4.0,0.11148917716823299,0.07171958203386165,561,49.85146063706881,100.0,0.0
0.21355191958715086,0.4113451214640567,4.0,0.09256126955779423,0.039969229566534786,562,23.246581385090426,50.6049447659127,0.0
0.1698590947134144,0.4294361544284918,4.0,0.10204343332566738,0.046600898293314395,563,28.7913527677694,11.314536799707069,0.0
0.16979293077807933,0.39434192041927574,4.0,0.14594823441927904,0.03830347758448393,564,2.7423275600121544,0.0,0.0
0.40872518226017757,0.2230452686952936,5.507770377418331,0.1115746634595552,0.03545605586609463,565,6.755470980019029,100.0,23.47417840375587
0.34629251695790103,0.2730595178294409,4.735868448098664,0.11442470062382422,0.04115357583693395,566,40.75025693730729,100.0,96.2484237074401
0.1604548083061235,0.4227358551649028,4.0,0.11771092078041005,0.04206467086060665,567,34.69318084834002,94.78502533921858,79.63187212400098
0.09092624727078934,0.4509813051025912,4.0,0.1508809160707416,0.046368651914275805,568,0.0,,
0.23095297306809578,0.3611267544829226,3.9809368533266443,0.08861951367164697,0.03469379888229951,569,100.0,0.018812315796074494,0.0
0.05967045489648343,0.3393358104558942,2.6764804656890187,0.31498346219854106,0.03820545761260684,570,99.8970110825031,90.89667524907645,0.0
0.13920187532034012,0.45490355402194027,4.0,0.09605184254361482,0.046197457194489956,571,98.63812169744511,97.29654558602661,0.0
0.14812456050791198,0.44609278812999625,4.0,0.09271556686797414,0.03995788548015394,572,98.96733770377675,99.90034585849111,0.0
0.12442403357520075,0.4732184791072653,4.0,0.07875308034126513,0.040737371566218566,573,3.2574212553818263,55.75447570332481,0.0
0.116707529191883,0.3832410088480364,3.632399069108569,0.18005813622726244,0.03718405933294974,574,100.0,22.91814226449458,0.0
0.1221757764284334,0.45554032203839984,3.930950855678595,0.1173606448712477,0.035968153469581016,575,92.55971446874717,75.15636497424578,0.0
0.1302962825215105,0.40722529580040684,4.0,0.16505704167686894,0.03775959426642953,576,89.53776310359056,0.0,0.0
0.14426118117802453,0.392406157344827,4.0,0.1717445374752494,0.04156459918465165,577,62.24832214765099,0.0,0.0
0.1639199562401229,0.42795371189778425,4.0,0.10503412007939046,0.04143250160084812,578,88.86613770156127,100.0,0.0
0.17045127361316306,0.4094979810561725,4.0,0.11576268110770617,0.037210772902279095,579,95.18762757104729,100.0,0.0
0.14652085460582578,0.43259535828535683,4.0,0.11051998127501463,0.046015964926020135,580,98.81494986326344,100.0,0.0
0.09629858622317511,0.47538690026106556,4.0,0.13154141306650521,0.037253272963504905,581,86.56350053361794,100.0,0.0
0.14139383706347639,0.43029235574179,4.0,0.09910034528692124,0.03727109874898719,582,99.45764182666233,99.88003053768132,0.0
0.16845842785884643,0.4241805560532422,4.0,0.08654760656653472,0.040485615027623593,583,79.35001720831895,62.432106216053086,0.0
0.16272811533824874,0.41533666298626615,4.0,0.11871607294388059,0.04163743832673003,584,90.86658086658083,83.73294476089548,0.0
0.1419803355619041,0.4573641284584968,4.0,0.09525603584722457,0.03914492829300713,585,100.0,63.5843660629171,0.0
0.2079244646917254,0.4238692320056833,4.0,0.07111610660905651,0.03872667662883457,586,99.8452012383901,82.73993808049535,25.515995872033027
0.049914383475529366,0.3465019685508314,4.0,0.28764230985662237,0.032768511251311944,587,0.5227619255064258,0.0,
0.047374281410142896,0.33440277590826256,3.878022683500963,0.3007647667688632,0.03691329449606026,588,1.6263642199871604,0.0,
0.05180323343455876,0.3887368925034353,4.0,0.2283794963146946,0.03621275912591956,589,0.0,,
0.07426895972418293,0.40273476001037073,4.0,0.1734506080040735,0.037683552084032484,590,22.02913365704063,0.0,0.0
0.06532265495168679,0.36413623715302057,4.0,0.2528282181731533,0.035238472924753864,591,22.21996340719658,0.0,0.0
0.11293860285078057,0.42144906670278426,4.0,0.10682757069270457,0.03966513610279285,592,79.55639255074283,0.0,0.0
0.08263897412216663,0.4558601945988721,4.0,0.12775313102515456,0.04782513996628841,593,93.59436658048712,98.29481253210065,0.0
0.08495108493309235,0.3997637856608413,4.0,0.22300314103519234,0.04243655789522712,594,69.70242795104615,3.846611885197095,0.0
0.1374073945643136,0.43787846399587144,4.00348008798713,0.10452750780137814,0.03891393596277804,595,5.551725270035128,100.0,0.0
0.2576215386565285,0.34150977657328296,4.439088579541518,0.08870901948178148,0.03932634393879486,596,62.324260682872755,98.72897196261678,0.0
0.4629277677121511,0.20170779478699702,5.900612753349942,0.06897050150121738,0.03778471259583343,597,98.3166116759814,95.02390411420104,0.0
0.5227257946411481,0.15866716810994821,6.0,0.05679532961418968,0.03359044274840087,598,79.45454545454545,96.15799697819988,0.0
0.3312074514068199,0.2788545519572046,5.309855233853008,0.12026677292708259,0.0396791117944502,599,89.72021158129178,38.26857925466734,0.0
0.44419652660752806,0.2150446019913646,6.0,0.059209636829148794,0.03506987865267984,600,81.89857675832525,1.4514439622923834,0.0
0.36757723840523077,0.2766710525436802,6.0,0.0720413828862187,0.037354236306604054,601,94.90496304118267,0.0,0.0
0.3442639467049351,0.2796969688986752,5.909999999999999,0.0865893624707328,0.03874945941142936,602,10.5,0.0,0.0
0.30866619707145415,0.3106238414073941,5.25980670835702,0.10541549017960729,0.04074782958803513,603,95.7646389994315,0.0,0.0
0.2937449075644757,0.3012953248371064,4.828534220807408,0.12390020061544219,0.04099939016550201,604,68.0509332947475,0.0,0.0
0.32377936018160214,0.26618324991264003,4.953124999999999,0.13249816379893264,0.03607362074138361,605,80.89247881355934,13.373511264169895,0.0
0.4387337434689784,0.19558909722066972,6.0,0.09501060579228209,0.03519719978875742,606,48.52374839537869,0.0,0.0
0.4293663254589997,0.1701388771012771,6.0,0.12682113386584287,0.03615410119429846,607,0.0,,
0.4754965704477345,0.15307082427502172,6.0,0.10471026511053838,0.03824257694883409,608,17.644757433489822,0.0,0.0
0.4422567900137675,0.17708529766070769,6.0,0.11176384815287758,0.03359726806374731,609,61.12550907071454,0.0,0.0
0.39198871144688324,0.18338122287755793,6.0,0.1516170473671374,0.03416195487359485,610,4.601518026565466,0.0,0.0
0.4062855733301972,0.20776717824232419,5.941120607787275,0.1181920158270179,0.037109352023414914,611,0.1899335232668566,0.0,0.0
0.3327861102665616,0.25659791485781375,5.4942849177585735,0.13303033426479857,0.035392464652056276,612,63.06105380540841,32.277227722772274,0.0
0.22171654582238848,0.36206425856289914,4.0502532928064845,0.1307114546526993,0.036793798696390795,613,62.45187436676798,14.766266582438409,0.0
0.10626441261542087,0.4198097717541639,4.0,0.18702908686768316,0.03564721780388768,614,82.70804911323332,28.95438953119044,0.0
0.06358427877957777,0.3617430739399015,3.743632707774798,0.28040206476614615,0.037848055313167685,615,87.87235627047956,93.55772411511741,18.457804649578474
0.15805355490488132,0.4267387976075007,4.049579396688753,0.08857363514530896,0.03671120900645077,616,78.17327784822561,89.44440959371016,0.0
0.27580890814489867,0.29557886360936625,4.439376795195405,0.12892517174158047,0.03675676663309458,617,23.039429019061714,11.021784232365144,0.0
0.22078516959261976,0.36229966497599136,4.0,0.12711525561638354,0.03282433125654165,618,35.093853514906144,2.703455964325529,0.0
0.1858714979774344,0.36701485496932484,4.0,0.16425995828604592,0.034090365038147635,619,0.0,,
0.16352896464631497,0.404386396628133,4.0,0.11904533095470538,0.043872127058713656,620,48.15391805577192,0.0,0.0
0.1954633935059608,0.3676990814115714,4.0,0.1272736635742239,0.04083453686445141,621,8.429998851498794,0.0,0.0
0.11873148189815433,0.46991749867228516,4.0,0.09206596338947136,0.03672181609232615,622,81.76670441676103,62.95357794445571,0.0
0.10361040538629816,0.4685549546477941,4.0,0.11706804610590231,0.033177120145874046,623,89.48874123292724,100.0,0.0
0.27025195584645806,0.3913075588610045,4.225953150473357,0.055186222201285176,0.0402849499713334,624,0.6749992849583845,24.20168067226891,0.0
0.4007245565547337,0.19507775132263577,6.0,0.12572520454182498,0.037481097205647795,625,57.72549019607844,28.295819935691323,0.0
0.2596563727300519,0.28913786643092065,4.536189324581102,0.16133378230888976,0.037343048471409256,626,12.55830022456383,17.543859649122805,0.0
0.2030691287233598,0.43558013461874134,4.0,0.06793993550808404,0.034921196401862344,627,88.66885625965996,16.738861386138616,0.0
0.23048470279191052,0.38925158080840705,4.268331562167907,0.06600052845299455,0.034598058133844416,628,75.74388947927737,1.931362353290744,0.0
0.21307831311437894,0.3896005121457634,4.207679059872354,0.06517393128592441,0.03466355781655987,629,41.47502785938609,5.429104477611942,0.0
0.1730591318936448,0.4289416479587505,4.0,0.08876201971340618,0.03408657298742569,630,22.05655526992288,5.073221757322177,0.0
0.07536965760074733,0.45539536795486163,4.0,0.1530933169445092,0.0327181131484501,631,85.24879538189974,37.26224352254006,0.0
0.25292432971987683,0.3737259385484901,4.0,0.09579021991208234,0.03525156311492037,632,0.0,,
0.39422792823921027,0.25380717858525254,5.250303668313224,0.06804233323166776,0.04317511432325817,633,31.25759170783059,0.0,0.0
0.39138228673596986,0.26028014258880866,5.756973737923528,0.07676088690125582,0.03700304044198245,634,13.36236222615322,0.0,0.0
0.28681756891300725,0.34298753130904636,4.0,0.09059523590294463,0.03484019737789937,635,0.0,,
0.4569649297020578,0.22370521487318,6.0,0.06488448500977652,0.032948468259635225,636,0.0,,
0.36920515669183546,0.2869990775312627,4.54485674025364,0.07770142493873347,0.03461201105119208,637,0.0,,
0.28595849513800586,0.35634061433405795,4.041727887158389,0.08938300785688894,0.03391280522986255,638,53.305906553041446,0.0,0.0
0.40499260731250686,0.27906900834569803,5.714161409614968,0.06843562644113393,0.030576708292207464,639,14.444202740917994,0.0,0.0
0.48594523506210086,0.19662764893036686,6.0,0.062202189686431444,0.0350548174238186,640,37.634996582365,0.0,0.0
0.4655043727037285,0.16305763156733158,6.0,0.10963120925879372,0.04570749570627699,641,0.0,,
0.3534113059278295,0.22803924934203915,4.148335015136226,0.1674411262874742,0.03558559738006928,642,0.0,,
0.18312615426030984,0.3564918338409707,4.0,0.17411125629385546,0.038949004958929674,643,32.68025078369906,0.0,0.0
0.4113809366820425,0.26169145515650893,5.833333333333334,0.06791096526398045,0.0340882089858142,644,0.0,,
0.08857320220749268,0.36336213321909777,3.5769577343917622,0.270132603294798,0.0383613355010396,645,69.54730744475435,100.0,36.862394162593795
0.14855324645945886,0.3740948527553374,4.0,0.1772365413718319,0.04187832294675856,646,0.0,,
0.12050885874715579,0.35757330670599047,4.0,0.2154742585780826,0.04021227453806593,647,0.0,,
0.20695111132068542,0.3167864687533882,4.322720247295209,0.1825343737426698,0.03748512597469586,648,0.0,59.158945117605136,37.52039151712888
0.1361907893100247,0.34690783209248993,4.0,0.2121674635203965,0.03561110828194005,649,0.0,100.0,92.72300469483568
0.409430084439864,0.2433350588304895,5.967284193929838,0.09719030023438907,0.035870409164320265,650,46.255419787150174,0.0,0.0
0.5052240313296249,0.1719133465471788,5.976907763769079,0.07141871081083641,0.03508072912704275,651,45.21566025215661,0.0,0.0
0.6064631293516121,0.10783514442421759,6.0,0.06044089060709865,0.03352460679532578,652,0.0,,
0.15832228265338563,0.4307454856682717,4.0,0.09777687612546153,0.035231198674271894,653,19.088773284108072,100.0,0.0
0.13583522774296303,0.4678065345467739,4.0,0.06819711102564299,0.03478816510200528,654,49.38208032955717,100.0,1.797958250799939
0.11408855921874934,0.45561556640332496,4.000354154677056,0.08041599523867742,0.039853107085975295,655,18.978263756695736,87.20550924247915,0.0
0.11367470423208327,0.4676025893503231,4.0,0.08836246737106013,0.04479199775391237,656,97.82574691068355,84.01883830455256,12.074148296593181
0.12030786741571683,0.48782865928996433,4.0,0.06184264270032155,0.0352040623359099,657,94.9252927715709,31.29696632340663,0.0
0.15214642403198872,0.41208805636977713,4.0,0.13342637606189192,0.0368444904589109,658,74.37572590011614,0.0,0.0
0.14640370572735242,0.4279951573792922,4.0,0.11304772891106875,0.03300973121889674,659,4.525048100905009,7.248322147651007,0.0
0.1652920972253125,0.46630664532386246,4.0,0.07555549051384917,0.03277414416448954,660,79.33086697764196,100.0,0.0
0.07503693607546681,0.371140000729082,1.2730819245773732,0.23781719947297558,0.05794962015220381,661,59.514521022973575,0.0,0.0
0.05556452301220397,0.3928536423320837,2.408318074810358,0.2381049746336279,0.059301505831932264,662,95.98918824657775,0.0,0.0
0.10199390865894281,0.3881776096620281,2.4592037839968457,0.1977328975925744,0.052052099796788064,663,40.76665352778872,51.82926829268291,0.0
0.10370472499608326,0.4634158629628641,3.8725857996387387,0.1298531707218978,0.03908333055483124,664,100.0,0.0,0.0
0.2506610968380873,0.27759038981698075,4.280538754131072,0.18894808837363394,0.04214136630123635,665,88.83207582465549,11.786068009243975,0.0
0.23164031558308643,0.34086426298820677,4.184653372339568,0.08899118819175723,0.03967377651481875,666,93.09965377492685,0.0,0.0
0.15823229628057467,0.3426418238696615,4.0,0.18390108951668696,0.03771279417957119,667,82.77984356968844,0.0,0.0
0.21242289667013067,0.39977160333109074,4.0,0.08928394380586577,0.0340216333484497,668,75.79260237780714,0.0,0.0
0.21694354884977704,0.38608733654896266,4.0,0.09985455603972299,0.03613160604350075,669,57.05770793822812,0.0,0.0
0.1999792356929881,0.3803924805627655,4.0,0.11934007440899498,0.041859906566677346,670,35.11324639670556,0.0,0.0
0.23840413167442562,0.3647876358808559,4.0,0.08630467569409321,0.03881440968328663,671,82.25095503967087,0.0,0.0
0.24164289394663266,0.3867064928176993,4.0,0.06379998432039376,0.03499814199515526,672,11.326979472140762,87.35632183908046,0.0
0.23042860461320872,0.40592516690406377,4.0,0.059166871713530814,0.03327383790476411,673,0.0,36.231884057971016,0.0
0.287363419591083,0.3496084382401075,4.048233763634545,0.050252424139513585,0.03741055005704852,674,84.55919143400382,99.93836671802774,2.254374158815612
0.28859742513163783,0.3393951219368638,4.6184773310521825,0.06096362156941958,0.03726433409370514,675,84.02480752780154,34.7029924073247,0.0
0.287511687415641,0.3407296860312936,4.0,0.07301039963822645,0.03770486018479569,676,85.53266111354668,0.0,0.0
0.29249012788180284,0.3300038786374645,4.260748959778086,0.08143372285759772,0.04060707561182175,677,83.44891354600092,0.0,0.0
0.24861934077094333,0.39529384631567516,4.0,0.07347344918164782,0.03885602037566887,678,42.257236065801344,100.0,0.8034518672816545
0.19649702892428805,0.4121746502485894,4.0,0.08924978853397994,0.04006361654985099,679,84.53557312252964,97.2574385510996,0.0
0.28638848980367276,0.34054885822491654,4.0,0.08043220382924395,0.0357480627405012,680,53.1733746130031,100.0,98.85638882779857
0.3371077516398764,0.23229924577050076,4.466610549943885,0.13123728970334084,0.03829225145016466,681,0.0,100.0,
0.4180070116182031,0.18748337090172376,5.318870241506344,0.09662052865818332,0.040454513414078526,682,8.145722472370036,100.0,0.0
0.4462279232921791,0.19225032779220272,6.0,0.06744614424514409,0.0388844770829233,683,3.746770025839793,95.40337711069421,0.0
0.21936119319053532,0.4032340486678399,4.0,0.08832284775349854,0.0381770198603481,684,21.08897742363878,0.0,
0.20225948007387623,0.39785898736711267,4.0,0.10679950263773563,0.041546201705386254,685,72.24992666471107,0.0,0.0
0.28301857108579614,0.3646772822929601,4.016568864342424,0.07421238779844691,0.03682005100842234,686,16.25819813600276,100.0,0.0
0.3612926052427026,0.2993000687411845,4.775454233801852,0.07868655332611421,0.03688037226848684,687,27.511141583818993,100.0,0.0
0.13247850049800816,0.5139271524465665,4.059558309183571,0.05095018623993276,0.04934450457079221,688,97.04540155224676,13.525364274150027,0.0
0.07292162554132513,0.5743084804289016,4.0,0.05984526295807748,0.035637437470918215,689,70.77529828765414,0.0,0.0
0.059246891223703205,0.5396998395585509,3.9009388151505338,0.09444229843615827,0.0344431327532201,690,67.43745086250752,8.175773344897369,0.0
0.1202229833088844,0.5148593862717011,3.9246065869808224,0.053958048141808046,0.03784908889056943,691,97.64167168286177,96.86908465873243,0.0
0.2232175518663399,0.3887009290199074,4.0,0.08061762581169377,0.03923459298176323,692,100.0,24.383396831762578,0.0
0.2077344721467036,0.3474034803932003,4.0,0.14434684121118055,0.0399933495297483,693,100.0,97.59574468085106,0.0
0.08192177872343154,0.3011634040777399,1.4093775136874334,0.3309095730872518,0.041028519749089554,694,77.54222994888296,2.540961264726369,0.020234722784297852
0.059247774599739796,0.3686716452219726,1.0,0.2753593553630411,0.035379658645971986,695,2.2891915386844395,100.0,0.0
0.052291859847861194,0.3525236052110281,1.0,0.30157284949193963,0.03679281203600642,696,0.3286147623862487,12.87128712871287,0.0
0.05229766247802577,0.3775314468919756,1.0,0.28016032355386905,0.03394182805622096,697,0.0,,
0.06932705079621418,0.3653283702374977,1.1991434689507494,0.25850900174558433,0.04106637366075774,698,3.4975017844396863,55.045871559633035,0.0
0.08885691412076285,0.3668447206456631,1.496705814952736,0.2450728451385142,0.03927034737606432,699,98.7396161558293,77.22772277227723,0.0
0.07934595123321565,0.3954855168205907,2.609130504920149,0.2071422248429387,0.034511047785292,700,95.3540893692531,90.15090053545352,0.0
0.061085025248983585,0.39933313231271916,1.164908916586769,0.23808217320394245,0.03702350305607641,701,30.776605944391175,43.79888268156425,0.0
0.07295782269002428,0.38723090163720547,2.5423488462034283,0.19870933006517494,0.03177335539385509,702,19.76279489493361,4.690265486725663,0.0
0.08701558900616778,0.3975761406169095,3.3248736310025264,0.18154079136002108,0.03480999954173909,703,71.34582982308339,87.77076370837976,3.763837638376384
0.16836389691682152,0.44432124300833004,3.7366916892123623,0.09447143862286371,0.0457086568211998,704,52.088175894524234,6.739256678281069,31.032112957640887
0.22192796170603832,0.2334008700918496,1.4296128300664181,0.27363007958211166,0.03353316270976632,705,0.0,,
0.28710905829387356,0.2825220056324869,3.998675106727514,0.1413156525743539,0.04018444621337353,706,19.873399087295745,0.9451795841209831,0.0
0.08618007138539588,0.4405207471145919,3.227256456149324,0.14160722237769516,0.03452351243615492,707,76.70672462285863,13.785110034018722,0.0
0.17569591974727913,0.4014226937175749,4.0,0.10607704242551808,0.04217710074012461,708,83.7689636263937,99.68447959102161,0.0
0.26364300493300175,0.4010037114268113,4.071753840915862,0.05908697485696574,0.03665553983380393,709,90.6413584712942,6.430868167202571,0.0
0.13928446684086954,0.4563114029777299,4.0,0.09694735250306702,0.038422182451464885,710,75.43777066465822,65.81644272375314,0.0
0.16786370490590044,0.38343889916809615,3.929333333333333,0.16134204356130216,0.03899878130677948,711,93.83703703703704,100.0,0.0
0.357482866610165,0.25453387704020636,5.975507879248148,0.10494501079663063,0.04450433639259925,712,85.9692424530093,100.0,0.0
0.31051206208225335,0.26058661980957154,4.903047619047618,0.13175395215581218,0.043127878626107806,713,82.97142857142858,100.0,0.0
0.3580981066826363,0.24977688787058863,5.870697674418605,0.11043864155676607,0.04599518824135886,714,71.2790697674419,100.0,0.0
0.31009018001853417,0.26030274198863135,3.848555649957519,0.15316841928175592,0.04164164715499745,715,4.7790994052676306,100.0,0.0
0.3524519751404272,0.2192737948012106,3.4684936614466815,0.1728427087890726,0.03574544758501023,716,33.277404921700224,100.0,0.0
0.31248535273008826,0.23906738471122255,3.838355524410184,0.17130600018079778,0.04384098216183676,717,33.09195670793427,9.037995149555377,0.0
0.32852971132764336,0.25474683837977485,5.599363507779348,0.12955331823332805,0.03501315985959749,718,77.35148514851484,0.0,0.0
0.1182296015850498,0.48124139079019723,4.0,0.1064317172275552,0.04292111561974258,719,0.0,,
0.0974355911580233,0.5178217017915575,4.0,0.0848383352858131,0.043417111116418806,720,0.0,,
0.10718515020055158,0.4916003101686038,4.0,0.0970020983305251,0.04416538551680619,721,0.0,,
0.11251512620284658,0.5033701718731616,4.0,0.08716100268229754,0.04160273935517594,722,0.0,,
0.13797504685503276,0.48367476161074857,4.0,0.08820049109278877,0.0391530492585621,723,0.0,,
0.17045754403617513,0.4361886375431256,4.003105005645465,0.09456719967615619,0.03990837026655688,724,0.0,,
0.1703714767883381,0.39992686411286926,4.006302589259608,0.1231628370072217,0.04281435752025061,725,90.26022546376008,100.0,0.0
0.1818969438168291,0.4526950415878013,4.0,0.08723590186585733,0.038103716724027833,726,61.08675705984299,100.0,0.0
0.14629723298230354,0.3623103461462825,3.5079862841065625,0.19980092655544515,0.04354191067335447,727,99.358166525014,99.36988951085847,0.0
0.22102601694571689,0.40662490836876275,4.0,0.05434627724228244,0.04196682980746011,728,0.0,100.0,
0.1774004015255809,0.4502985604135129,3.9986448922863094,0.07265330988700361,0.0389147966564827,729,4.482279360667128,100.0,0.0
0.20914839417252973,0.4088170066695316,4.305595267438993,0.07927787857716691,0.038204294370430145,730,0.865171308848903,99.79220779220778,0.0
0.2055981660010011,0.37061162784468893,4.0,0.1339689740755933,0.0363542790846075,731,0.0,0.0,
0.2695299305410606,0.331385766236539,3.988843139859211,0.12872840085940535,0.03716647199842189,732,0.0,,
0.09833386743840035,0.4994277330614065,4.0,0.07677487538015826,0.04364723349055105,733,93.90248208170037,99.77694895421969,0.0
0.21947363571242573,0.4485986833506946,4.0,0.0671254719943384,0.03518574595047031,734,75.56451612903227,47.22384570426651,0.0
0.19019877787259998,0.46055989405983405,4.0,0.08791928918100224,0.03414209404928198,735,3.563740731882325,76.08503100088573,0.0
0.20789753444105433,0.42633644285424555,4.0,0.08621496890830838,0.03783866063142533,736,1.6485133941713277,0.0,0.0
0.1559409384153083,0.4614233973594975,4.0,0.0969949386986888,0.042128997281675316,737,5.521870939800778,100.0,0.0
0.06419372656626815,0.2865223020442835,1.730211081794196,0.31201948455265255,0.029215798143684156,738,95.74538258575198,0.0,0.0
0.13933549649099125,0.45704051822869685,4.0,0.10155943901496313,0.04146192095241142,739,7.020979949541892,0.0,0.0
0.15487714230603136,0.29858332696197337,4.1203313017659005,0.22780387216233303,0.035865990379697815,740,24.878887326144724,0.0,0.0
0.1163577965076955,0.33580656597058023,4.0,0.23629228743248623,0.034783287490241385,741,5.008612693785611,0.0,
0.08618239466822718,0.39248986172604655,4.0,0.17637150607731034,0.03138434884377284,742,65.59323349111506,0.0,0.0
0.1256252671690408,0.33846255077898074,3.8902770233568713,0.20898250818385325,0.03749031775538026,743,27.661596958174897,0.0,0.0
0.24305454899604417,0.33456494236319484,4.092352971025525,0.10249261470853632,0.03865767589491648,744,98.99020652560003,0.0,0.0
0.10326603665429164,0.438840621548184,4.0,0.1174516570540254,0.03501369718583872,745,66.94231961959893,0.0,0.0
0.15940601827273468,0.4034240081115378,3.9648686030428766,0.10270896815843195,0.03586003073892579,746,27.007837713231904,0.0,0.0
0.1780834835778511,0.427494729582322,4.0,0.07544022419535087,0.03220434972052693,747,100.0,0.0,0.0
0.21268734550449156,0.2795081573907888,3.1476613838422893,0.1969299899686298,0.034796648456905485,748,55.48898337843061,0.0,0.0
0.16362057970347046,0.33043907574882775,3.1872086518739504,0.18582041471593644,0.031889304065424444,749,95.76729442476226,0.0,0.0
0.1426240543966334,0.3367227387221814,2.798114689709349,0.19113946593732528,0.03385990745806007,750,96.46504320502751,0.0,0.0
0.11789477324050399,0.29629937475174656,3.8727070594774884,0.26576996355671023,0.0378807889424448,751,21.271076523994815,0.0,0.0
0.14973768715541488,0.2632491669939222,2.3222972972972973,0.27305191408960966,0.034195302238511215,752,59.3018018018018,0.0,0.0
0.2716166690940921,0.19572256909911526,3.552286830613652,0.23202461156150378,0.03437219886013506,753,30.245920478051026,0.0,0.0
0.11774376662714117,0.38758590287427747,3.957920792079208,0.16959734808897403,0.044478867113676795,754,100.0,0.0,0.0
0.3356738583286352,0.20306972776824034,4.805988023952096,0.1917815789315423,0.041606986970591536,755,100.0,0.0,0.0
0.5893884072931512,0.10732728459379208,6.0,0.07667751977944666,0.036700520289130296,756,79.17839641330411,0.0,0.0
0.29266111447132237,0.21830846055307154,2.294213750850919,0.22222286650490647,0.035696802528906654,757,40.599046970728395,50.966022651565616,0.0
0.5123249646828661,0.14047571549821103,6.0,0.10524376983812224,0.03541127630561534,758,0.0,0.0,
0.5034737301295716,0.13811162511362712,6.0,0.1101086811319501,0.03662045750529917,759,0.0,,
0.38453273720613135,0.2333446146811864,5.711031175059952,0.08467241802109195,0.03741780355861924,760,16.576738609112706,0.0,0.0
0.528451256358401,0.13850764308203295,6.0,0.07037004868448062,0.03786126259544282,761,34.56328818309201,0.0,0.0
0.21203082627010603,0.40652296794131454,4.0,0.07007394960623713,0.03886572474487042,762,65.50398242241141,0.0,0.0
0.1723283801053347,0.3431478271798162,3.7871652349671545,0.19640703954440636,0.033032282689660714,763,62.32440626579079,0.0,0.0
0.2254773756449831,0.2808366325092084,1.4948236196319016,0.2090769516581916,0.033200787568615386,764,0.0,,
0.19050086546872563,0.33589083067674724,4.198473282442748,0.1448757938106799,0.03539873470618785,765,100.0,0.0,0.0
0.2108064698044823,0.3330150057952655,4.071259709557582,0.14411818295727774,0.03280988232845688,766,73.50557244174263,0.0,0.0
0.13976637468443096,0.44654462905891185,4.0,0.11863723248334121,0.03519248625820607,767,86.77987421383648,0.0,0.0
0.16115324140701456,0.3702634390018919,4.0,0.1555844603526681,0.03249060275235099,768,56.58031088082903,0.0,0.0
0.11196575767698187,0.4325663430384907,4.0,0.1660955211437978,0.032206673496001814,769,65.92350173859687,0.0,0.0
0.24420890774775642,0.32934347107505585,4.280878763222132,0.12055249370861139,0.03656980119225782,770,93.03498779495526,0.0,0.0
0.3393828798501857,0.24054515514143138,4.980471928397073,0.12723797552366772,0.03765709403435495,771,9.967453213995121,0.0,
0.18725710612395174,0.375857429936885,4.106493506493507,0.13820111516914513,0.03449863070454771,772,0.0,,
0.14860899960112584,0.43298872481729855,4.0,0.1205281364407072,0.033620522684686134,773,0.0,0.0,
0.10019164995452547,0.4063956520896195,4.0,0.20526967409730087,0.0385028944828011,774,52.180028129395225,0.0,0.0
0.13883170199921732,0.3978857553870594,4.0,0.17762702417345694,0.0324163972229149,775,15.565163681284746,0.0,0.0
0.11408645043140675,0.4720058545644447,4.0,0.1360607444358329,0.03674040882251057,776,7.568736484399136,40.87719298245614,47.566909975669105
0.1574266951447546,0.4681265464163292,4.0,0.09804636012214683,0.036399272668154604,777,17.272727272727273,100.0,93.99815327793168
0.15119276416535612,0.48464574578318426,4.0,0.07771961830595804,0.03372566826663199,778,32.32029872419873,0.0,0.0
0.1448152415402821,0.4854880855580308,4.0,0.08382232373313554,0.034414307997396844,779,90.68537726255848,0.0,0.0
0.2714920382825583,0.3462676626438469,4.0,0.07974898983829865,0.038160432854781746,780,0.720402337909474,100.0,0.0
0.17398837735749356,0.43188342774957705,4.0,0.08636005874154556,0.036268114728478816,781,36.89574314574314,99.41427050053248,0.0
0.16480589337728463,0.4645885225573659,4.0,0.07526238158860238,0.03398845282130934,782,89.23526162102435,0.0837030216790826,0.0
0.14128325160107782,0.442442738291105,4.0,0.1209027222152679,0.03625582010442235,783,7.42382271468144,0.0,0.0
0.14711999569835818,0.4825002881831812,4.0,0.0778381644640744,0.036081532177326556,784,99.46929924674731,0.0,0.0
0.16452992291602822,0.44945573881972545,4.0,0.06292449218234093,0.03778373436754835,785,89.7159548751007,1.8768691347839541,0.0
0.08513551206019054,0.40288716169037947,4.0,0.2270172302861156,0.037810821624614264,786,94.68768884249852,0.0,0.0
0.5956659556098602,0.11120976184784753,6.0,0.06165974842478033,0.03581607347995655,787,0.0,,
0.5804105518897245,0.11086281421071392,6.0,0.07627679510428645,0.03170738939493131,788,0.0,,
0.6175532375138482,0.09070373918319581,6.0,0.0646740138380055,0.03034260332346446,789,0.0,,
0.4711663234971073,0.18530060848400656,6.0,0.09715720047212272,0.03161750974081559,790,0.0,,
0.395245109191193,0.2207236539819028,5.802990325417766,0.10641393174483664,0.03776116654388041,791,35.88390501319261,100.0,100.0
0.3542636677355693,0.23368071527751827,5.86010760953113,0.12183845606670111,0.03679871106487007,792,37.54803996925442,100.0,100.0
0.26276652328479005,0.31618084060106044,4.408547387068202,0.12242658026699461,0.03575756946127294,793,79.28476527900797,97.47706422018348,35.16546762589928
0.25434965191646836,0.30423995437224316,4.307296689167471,0.14255199121345435,0.03790324117108366,794,88.8781742205079,100.0,100.0
0.21646816016328393,0.32941697325120006,4.0,0.17125003024406601,0.03644257152436038,795,100.0,91.80090206185567,60.48646907216495
0.16734013409517837,0.33780295656445347,4.0,0.18969737593182354,0.037414537656287813,796,100.0,0.0,0.0
0.17992345105691188,0.31043447790946027,4.0,0.20527721348965125,0.03982747286070779,797,97.60908547519428,0.0,0.0
0.27099387154463683,0.28308821845873916,4.4526248399487836,0.1745571104951248,0.03659241272402044,798,66.32522407170293,0.0,0.0
0.34397655924548176,0.250767461856353,5.1856443719412715,0.14466660041068058,0.035827326777605334,799,44.535073409461646,0.0,0.0
0.28701378548127077,0.31838460588850104,4.598885054419964,0.12982471226511821,0.04285977326649609,800,0.0,,
0.28002609243456533,0.3351355767825774,4.375413086582947,0.11000243351905013,0.038885863116624515,801,0.0,,
0.2440692950484519,0.3037807767786738,4.0,0.13338796367764702,0.041703636719896735,802,8.064516129032258,0.0,0.0
0.2713279082493499,0.2925985146410447,4.0,0.11222724317056772,0.039247194024576965,803,57.96930342384887,0.0,0.0
0.32428254829326714,0.2912370397392475,4.0,0.06772847221898183,0.03368894376542939,804,100.0,0.0,0.0
0.29567010505954305,0.2909926091100661,4.0,0.08869200430204802,0.03670295837135343,805,92.0022688598979,0.0,0.0
0.3262009132818389,0.2833954747827148,4.0,0.08338938826891812,0.037407743696951636,806,89.43839061190276,0.0,0.0
0.25814635638728683,0.29127843930680747,4.0,0.14427395686344713,0.03774201755121382,807,62.29819563152897,28.8627935723115,0.0
0.27725786962428284,0.2811032061389496,4.0,0.1374880667930079,0.039718724336459135,808,34.57166620460217,10.354223433242506,0.0
0.30760413494498506,0.29010157797499236,4.0,0.09329591780302557,0.03629641493491812,809,100.0,0.0,0.0
0.26791068004996654,0.29391496982976895,4.0,0.127483466958941,0.034696477122574766,810,31.758373205741634,0.0,0.0
0.37424526301625377,0.23101158442116612,5.37740646567381,0.11417651849758037,0.04255531138783557,811,33.05484925535779,99.07071622846779,64.57875457875457
0.31020596254809213,0.27172280007943583,4.130054806695304,0.1248103272659942,0.04067503717691263,812,97.89660790993925,100.0,0.0
0.32283111168378953,0.2724143689136889,4.063856558666247,0.12474499263166894,0.03810129739488167,813,99.62252280591382,100.0,0.0
0.24389729739552796,0.3594438210850331,4.0,0.08954275097700373,0.03775715628642119,814,0.0,0.0,0.0
0.2537243607484567,0.3737304033621331,4.0,0.06863104854153654,0.034854646032317985,815,0.0,,
0.26575307562534317,0.3690529371494804,4.0,0.06420103083875911,0.036385001408656074,816,0.0,,
0.24189038726361964,0.36961631295563535,4.0,0.0832204193111463,0.03395315954108921,817,0.0,0.0,
0.2335800428871474,0.37768124799262665,4.0,0.08884552787425291,0.033720262529244364,818,2.3353084698501223,0.0,0.0
0.30170963572287735,0.3088926659100619,4.267761288285444,0.07489460178478848,0.03832587983936214,819,0.0,,
0.48394612540002807,0.15609378677999913,5.973903588256616,0.06753791589415786,0.04067383038616897,820,0.0,,
0.3383211805167446,0.26698543458445756,4.841755319148936,0.08017087070181739,0.038632867340988634,821,27.127659574468083,0.0,0.0
0.31513520637083114,0.27536171298424705,4.6126126126126135,0.09254888878186839,0.040350279385644054,822,100.0,0.0,0.0
0.25941805792599987,0.3288134350729816,4.0,0.0919200278347051,0.03560715708407576,823,92.27871939736347,0.0,0.0
0.17015900023319716,0.271483030132663,1.522904737116085,0.2487175806566888,0.034658212065884715,824,34.461218115564805,0.0,0.0
0.18756688583542136,0.2436183601465838,1.1864739034550353,0.2564846145515231,0.03718380252403934,825,87.674589561382,0.0,0.0
0.31500406850764395,0.3174552197963392,4.998221695317132,0.10199203263299954,0.034360701972354114,826,5.947441217150762,98.79781420765028,
0.27801209199107174,0.32298430631418257,4.713093942691332,0.12360020769022552,0.03522472486760722,827,0.0,,
0.31088630956066465,0.32165448258203927,5.158536585365854,0.10460610206173737,0.03442835622850972,828,0.5716463414634146,0.0,
0.15903297876061476,0.3545345781742068,4.0,0.20732189672945056,0.03585626029109863,829,0.0,0.0,0.0
0.17970280813539596,0.3754302927525164,4.0,0.1607361836504683,0.038102145353051335,830,0.0,,
0.2226777771479587,0.2541665458224924,4.356991774383079,0.20273279702743763,0.03518513520240772,831,0.0,,
0.16667290095768267,0.2662887486635479,2.970981722253627,0.24619571858229727,0.0367874060370926,832,0.0,,
0.25608589280686495,0.3288215892454595,4.201394585726005,0.09741315292795343,0.0329307998409408,833,98.0926989335521,0.0,0.0
0.34508076711114755,0.25262102915890555,5.257628184963825,0.09774112569360978,0.03559147021482561,834,70.14784523435046,0.0,0.0
0.15965097922393437,0.33358329185251306,3.6013986013986026,0.17360456973398927,0.03630400367350212,835,0.0,,
0.2813555498455245,0.29749469892922403,4.815317498788173,0.11576222971647991,0.036210656274151605,836,0.0,,
0.22129278356998128,0.3374247279250995,4.0,0.12293070611277285,0.037258326267955715,837,0.0,,
0.16487846368015682,0.37887891069253077,4.0,0.13249152588159585,0.036030888674288525,838,0.0,,
0.1722099931120342,0.24553977799518584,2.4120171673819737,0.29871617963059915,0.034248516806541215,839,14.592274678111586,0.0,0.0
0.10129750269776541,0.26835881326085237,1.8365080884464442,0.3310727472593748,0.03233806937807716,840,28.67808940365656,0.0,0.0
0.24785673950417103,0.2743260004932131,4.0,0.17750406325972323,0.03598968675780447,841,89.15693904020752,0.0,0.0
0.32953257870154773,0.22184202823896063,4.018264840182648,0.16777371507981245,0.03443044165432738,842,27.853881278538815,0.0,0.0
0.4136828744747197,0.18040679476797275,4.96386355960824,0.14058198128508928,0.03438303487165273,843,52.17831813576495,0.0,0.0
0.1739351190725177,0.4638032869090763,4.0,0.06480092416056718,0.0371863664630988,844,73.37142857142855,0.0,0.0
0.160733975761137,0.3807695959709566,4.03493580173186,0.1280392757551738,0.03907849328875176,845,100.0,3.7809793968348755,0.0
0.17864655151028394,0.4627464886049476,4.0,0.05636959441980658,0.03557079234440196,846,98.99845663809802,0.0,0.0
0.1649667731740907,0.44961172364956314,4.0,0.08173588225202781,0.042245730367271264,847,86.86985172981875,54.44500674763832,0.0
0.17744962844375814,0.4445650467159999,4.05819173188559,0.06625955309189617,0.04387986280302405,848,1.7932266328233335,0.0,0.0
0.13852429692864665,0.43885592966191445,4.036145431373242,0.09824473703512708,0.041120502131632805,849,32.80879385421462,99.32782792394856,0.0
0.07789898300785483,0.4733626439040361,4.0,0.14130957230818003,0.03640916251667567,850,68.02607387598196,0.0,0.0
0.10171836133521656,0.4718597007672064,4.0,0.111077654193999,0.038915886774025264,851,71.18324607329842,0.0,0.0
0.15601604450691772,0.4568465052137231,4.0,0.07082889171126967,0.037274128591590266,852,81.74843889384476,0.0,0.0
0.19174711565308106,0.41243017090635337,4.0,0.08742591367929223,0.03678910701826513,853,40.16727866177069,0.0,0.0
0.15637013135356703,0.4482761084070059,4.0,0.10102011141930436,0.034464624940149256,854,9.351679104477611,73.57774968394438,0.0
0.15566827740254602,0.44655910270213095,4.0,0.10372018193280966,0.04120812277085858,855,0.0,100.0,
0.10892379716620472,0.48529768371845666,4.0,0.10924305889099592,0.03925609133061919,856,4.036212749905697,16.9606512890095,0.0
0.06378263163163886,0.4870550995108493,4.0,0.10916377502643218,0.03605133594394956,857,100.0,0.0,0.0
0.0666462666359311,0.5140424749935215,4.0,0.11577520572954246,0.03376846113269282,858,39.61071789686552,0.0,0.0
0.07037639274643635,0.5087111164516017,4.0,0.11358368769729983,0.033305510113895855,859,66.5017667844523,0.0,0.0
0.47284930372850387,0.16611862014015652,6.0,0.08928383245733736,0.03604365580029311,860,3.6705265457723395,0.0,0.0
0.2877203835729281,0.29885113036868427,5.000513083632636,0.10212367583872475,0.03917917006088444,861,0.0,,
0.41869663185677547,0.22103229987284226,6.0,0.07395881228318611,0.037645226692034295,862,0.0,0.9216589861751152,0.0
0.40057085867022424,0.22138783133947937,6.0,0.08323474616244346,0.03801690570740552,863,33.288770053475936,43.22860238353196,0.0
0.5041651027350845,0.17679302449173462,6.0,0.06259193770209304,0.038285110779073143,864,74.42656624443684,0.0,0.0
0.35554185545759426,0.28682549008099945,6.0,0.07335207118757703,0.03894029098392628,865,71.05422293892363,0.0,0.0
0.2800677294064322,0.3160316146330517,5.714285714285714,0.11616371091026581,0.04355891521518752,866,13.079910075618232,0.0,0.0
0.2494811016927077,0.3658417785296129,4.0,0.10269371024101002,0.035047413512671426,867,52.7418582375479,0.0,0.0
0.08371539960789673,0.3986232151519449,4.0,0.19696643983598575,0.03709191185528376,868,100.0,0.0,0.0
0.07459043685331758,0.4103373216736399,4.0,0.19775513070811793,0.03434585899968798,869,85.89849561911062,0.0,0.0
0.06576403454454376,0.4114281054333137,3.9222889438361004,0.20817031937989736,0.03521640190351778,870,99.11691981631931,0.0,0.0
0.30129432045335053,0.2528402272378373,5.638596491228071,0.12459212851364236,0.03623863709745767,871,42.91228070175439,0.0,0.0
0.3140669699774677,0.21618478769150037,5.924752475247526,0.16100258304031861,0.04251148113099573,872,49.96699669966998,0.0,0.0
0.2629971109468096,0.21120312532220062,5.957099957099956,0.22496496977971636,0.04634335987072323,873,7.893607893607894,0.0,0.0
0.13837757824172406,0.4700323807063561,4.0,0.09909163773283362,0.039031328614642924,874,7.136764287745237,73.09295162167061,0.0
0.34070238909518363,0.1150158004308532,4.2023047375160045,0.2822599780073607,0.03143978864443459,875,0.0,0.0,
0.19758326629750156,0.3292793974183444,4.328868740984958,0.1541379730677831,0.03636341403306986,876,0.0,,
0.17831252859978533,0.33087986292287197,3.586531986531987,0.17125213348471865,0.03868162795734057,877,0.0,,
0.20718684851347768,0.3137521867365001,4.672176602324837,0.1775511909095832,0.03188145047250746,878,13.597099285485763,0.0,0.0
0.24805764606593877,0.29726493944984356,3.879579375848033,0.14436676515064273,0.03403578751833902,879,0.0,,
0.16436792647682394,0.3433066315230138,3.4916683396908246,0.1456682416595275,0.03251759058814006,880,13.330656494679785,0.0,0.0
0.12128050880993196,0.3258629004615055,2.890578635014837,0.19444241622293262,0.03330291061974248,881,99.36943620178043,0.0,0.0
0.1826111733944856,0.3322048413342472,4.0,0.17962259169803618,0.03628699692544515,882,0.0,,
0.10916339407610492,0.30593408549886353,3.5451730620369335,0.2591447407021243,0.03330529308356248,883,55.158686276678075,88.76602564102564,0.0
0.1303013862805482,0.3335793623882469,3.925696594427244,0.22475083033354987,0.035127337453661,884,1.1179910560715514,0.0,0.0
0.09917680406219687,0.38383609875908253,4.0,0.1853960863279787,0.033800301508779725,885,73.43804537521818,0.0,0.0
0.09053808147597027,0.32573623142174596,3.293337543416483,0.2677937446335606,0.034074854182566415,886,15.535206820334704,0.0,0.0
0.1783739261949342,0.32803160739000015,4.0,0.16876185005149794,0.036472000681989775,887,0.0,,
0.18824983356238323,0.3887666951699951,4.0,0.0945089200424848,0.033157723370330155,888,62.8315535652773,0.0,0.0
0.17652973898069413,0.3763421841909183,4.0,0.12052757220618773,0.030291514938826626,889,100.0,0.0,0.0
0.19566838523340666,0.393786925811028,4.0,0.08876885850690323,0.03217310268927716,890,90.88349644724492,0.0,0.0
0.21191219657964103,0.37807902468250126,4.0,0.09252311223005041,0.03407655125390557,891,3.1375243329898086,0.0,0.0
0.22214266440519806,0.31883514482771047,2.951150241408691,0.16933466413747905,0.035779778552972985,892,37.00653223516046,0.0,0.0
0.23244805389984408,0.33539495762785443,3.9991650431394388,0.1216316761815495,0.036746986324007504,893,51.711661564152536,0.0,0.0
0.25240585956531575,0.3493409875203306,4.0,0.10881446343676904,0.03957944137165175,894,85.46697038724375,0.0,0.0
0.24857400394048942,0.3416639388464427,4.0,0.1344230159052781,0.039477191621398816,895,86.28318584070797,0.0,0.0
0.17334130133131964,0.2696537221416501,2.7496860611134366,0.2350975438949068,0.036171701527840626,896,86.32621738523791,37.9997049712347,73.9489600236023
0.27564091916568206,0.2505414166076985,4.756443556443556,0.15717941830966523,0.04165573207390766,897,0.0,,
0.48598410486784044,0.12428715237487566,6.0,0.11399618244474517,0.04184488181727915,898,0.0,,
0.44981172027969535,0.14896706085705833,6.0,0.11418667599967611,0.044850101676840795,899,0.0,,
0.5382474543512906,0.12008909673833797,6.0,0.07584687213810508,0.04041981771183564,900,0.0,,
0.1177660232206512,0.3083366735311673,1.7388809182209473,0.2830098174842425,0.03528981978527575,901,60.06695361071259,0.0,0.0
0.09214666968647746,0.40214901060153,3.179856115107913,0.19659152942577737,0.03783887809159045,902,100.0,0.0,0.0
0.08978397228587606,0.4712412819875912,4.0,0.1304714306920315,0.03977921486158639,903,93.45454545454545,0.0,0.0
0.08993201257977483,0.488830931539306,4.0,0.11531888111809119,0.04235167757310141,904,36.23623623623623,42.50764525993884,0.0
0.09869401729835049,0.4773062714917136,4.0,0.09777262189567461,0.03763103117922783,905,78.5254824344384,0.0,0.0
0.13391418018836482,0.46012709513794237,4.0,0.08921313029482611,0.036409388372838615,906,100.0,0.0,0.0
0.1933318760813835,0.4102314784735129,4.0,0.09933994945122637,0.03957398862910572,907,96.89089881288866,0.0,0.0
0.14035053959518756,0.4342335873274739,4.0,0.11678634134627236,0.03767327494949517,908,0.0,,
0.13158402996505675,0.3823962643277616,3.8617465904091506,0.17589901434630478,0.03848516792532185,909,0.1209854817421909,100.0,0.0
0.09210584763203208,0.3287110335002194,2.5454545454545454,0.2355414937553114,0.03187325149170426,910,61.61616161616161,0.0,0.0
0.10870636088267309,0.3744165480798995,4.0,0.16920791151494632,0.03439308212981511,911,82.54585881045026,0.0,0.0
0.36460671621138935,0.24820062881508148,6.0,0.11116278006094368,0.04037300691748859,912,0.0,,
0.27889593525513146,0.33306316145585735,4.924120795107033,0.09890298156569878,0.03725983006389727,913,80.82951070336391,0.0,0.0
0.12830944761625568,0.48740969217877933,4.0,0.0888952754670548,0.036152090762937614,914,11.683425030038574,60.731472569778624,0.0
0.44442141743362656,0.22994399982261862,6.0,0.06739102224617655,0.03604793963269938,915,2.673434856175973,3.4351145038167936,7.758620689655172
0.29170407772027684,0.3401862905421974,4.22858104696179,0.09029878782421326,0.033906912495542195,916,75.40818044100321,74.03547266410678,0.0
0.14353062945104555,0.36717543288952514,3.967402041488311,0.16178786127441472,0.03417352352428523,917,47.57984853473823,0.0,0.0
0.15923182329606192,0.37223257995550924,4.0,0.16233594456793873,0.03455100008796041,918,1.5692175408426483,0.0,0.0
0.34347991060478833,0.18513332104932256,5.510281797410511,0.13972552427399243,0.03735783355090512,919,19.249809596344253,0.0,0.0
0.3584758031238839,0.16479685021165888,5.477729601892,0.18611802220539464,0.036758366611715915,920,67.32361056365787,0.0,0.0
0.37503904028334895,0.23448128073478433,5.988745603751466,0.12108938764732717,0.038948783966694094,921,4.243845252051583,100.0,0.0
0.41009134981159834,0.22241796610666284,6.0,0.1111547471508142,0.03976968369455624,922,14.664410603496899,100.0,0.0
0.20533782279733445,0.4175117021089439,4.0,0.07218224731696539,0.03913258037927378,923,90.09468317552806,0.0,0.0
0.1848888730320064,0.4254759668250387,4.0,0.09019766833382704,0.04076612799570274,924,13.0466472303207,0.0,0.0
0.17889868959775101,0.43635490276806865,4.0,0.08581942970194988,0.043793172772569264,925,15.824915824915825,0.0,0.0
0.1436571635609359,0.4721775340182901,4.0,0.11033579997469732,0.03978737844525242,926,0.0,,
0.14668877995966462,0.4313746767787451,4.0,0.12853004993072062,0.03676210582966676,927,3.9395401189901915,0.0,0.0
0.1614202291749578,0.4132654146164066,4.0,0.13044402991935442,0.03417101051896071,928,46.81831697888792,0.0,0.0
0.09726486553343613,0.39448232287714263,4.0,0.20701029775661406,0.03824017439520072,929,11.58929176550322,0.0,0.0
0.152265315258625,0.39856653647110885,4.0,0.15013362811313494,0.03783662941515678,930,78.05747849800714,0.0,0.0
0.196144794516878,0.39817042978538864,4.0,0.10666655488025137,0.044065546702660725,931,0.0,,
0.24688566008724175,0.3133746736426906,4.583723902854708,0.1476822417108633,0.03956854732332253,932,93.22539412015337,0.0,0.0
0.2737304013967588,0.32396017241381014,5.13354037267081,0.1050175303316069,0.04507932842824637,933,100.0,0.0,0.0
0.27554884398816476,0.32146680682841194,4.052395562898277,0.11235601146760842,0.04197384483251938,934,84.09251829124382,0.0,0.0
0.3358884111163762,0.2871485794469521,4.0,0.09126483123457158,0.03910819447262188,935,19.904498617743155,0.0,0.0
0.3253902271732906,0.3084427860996776,4.0,0.08232077536775563,0.03785049780764414,936,33.00765777660418,0.0,0.0
0.28621298201171863,0.3360797395208432,4.0,0.07795317244729644,0.04085983330007567,937,37.02118776745642,0.0,0.0
0.39613381160049865,0.17993242626630288,6.0,0.15972556797848173,0.03602933189465252,938,27.100494233937404,0.0,0.0
0.41470492720180113,0.16688846454254055,6.0,0.17415554059739652,0.03382030344422859,939,37.29196630367783,0.0,0.0
0.49507780260346146,0.1905012288234477,6.0,0.05884228082194229,0.03747085909558821,940,0.8392298831660361,0.0,0.0
0.052708102378509224,0.36024751964691715,3.5452946350043972,0.26071313284379954,0.03928718503757905,941,100.0,70.3312811492231,0.0
0.059783245525907774,0.3686461525056723,4.0,0.24115348284560986,0.035590785651685185,942,46.304591265397534,12.4546553808948,0.0
0.1535452071321963,0.40844220382434976,4.0,0.1388668436002802,0.037464516492892,943,48.196591359492686,100.0,0.0
0.17308877106462686,0.3944533011757018,4.0,0.13482761829478548,0.0362205180073737,944,64.55525606469004,91.82021217197098,0.0
0.20646549677740428,0.4027025546517762,4.040132722389004,0.08875968613658737,0.038190401881005566,945,0.0,,
0.3352346060533525,0.23877059542821216,5.993922059349304,0.16023975044556665,0.03089855754595485,946,96.65713264211652,0.0,0.0
0.38767018017323,0.22002454797214113,6.0,0.12195244055466625,0.03193914363594527,947,76.62019793551134,0.0,0.0
0.392010322897716,0.2330321341599562,6.0,0.08192547677867454,0.03703716655991163,948,97.77108433734942,0.0,0.0
0.38840740972960563,0.2224269346701629,6.0,0.10066789931318323,0.03696569783050789,949,54.7178130511464,0.0,0.0
0.425240931633406,0.24371543560105627,4.99210686095932,0.0707168971128745,0.036272518780646086,950,100.0,0.0,0.0
0.3510267037014252,0.29680533197680875,4.320724215971548,0.0711610808568185,0.040779309118957864,951,73.81183317167797,0.0,0.0
0.22505819732889157,0.3553445906895714,4.0,0.12329211620272054,0.04282951190771501,952,68.53164556962025,0.0,0.0
0.29662006253753226,0.3339926758641962,4.0,0.08362405738788532,0.04097559990461237,953,52.918161069448985,0.0,0.0
0.37272039226095877,0.2612380819042571,5.161388550548113,0.0662731594195429,0.036164219296106574,954,0.0,,
0.18694144871044538,0.384373856189174,4.0,0.10813330366281211,0.035492584900732975,955,0.0,,
0.18861306224017418,0.4227655663802188,4.0,0.08287667663807645,0.03618963261633784,956,0.0,,
0.3257751226600715,0.29076177012359616,5.2364116094986795,0.08383662677293219,0.037400940327418565,957,0.0,,
0.26610971562902835,0.35813134560566595,4.0,0.06932254883774175,0.0402111255570669,958,22.5428027901078,0.0,0.0
0.2865612658240415,0.35271448727842647,4.032044862807931,0.0641185454483888,0.03831084372394626,959,0.0,,
0.39484947990320385,0.27841451359286956,5.529532463725634,0.06530659752400007,0.03520021165322561,960,76.27143485270409,28.08931310720981,0.0
0.16772518977757725,0.3470210717953363,3.943949410750216,0.12568727266868385,0.03599989498424562,961,0.0,,
0.13185208218361666,0.33550554464628657,4.0,0.21083425586390997,0.03996987706570093,962,0.0,,
0.3048132227979333,0.28991158853497206,4.679835651074589,0.11194401688783812,0.03888917964144609,963,0.0,,
0.4382966408253362,0.22447510772138712,5.988001654944145,0.0721038112854728,0.03837139559098813,964,0.0,,
0.208123268965526,0.18103451749280414,1.5628227194492252,0.326763357999999,0.03651508011495052,965,14.8881239242685,0.0,0.0
0.3545446181425797,0.28142585425915556,5.111830113014948,0.08040686947164259,0.03464309498794215,966,62.276704338315724,100.0,0.0
